0.3699999, 0, 0, 5.40878, 1.333188, 0, 560.4789, -597.0556, -2.629443, 0.0166641, 0.1456619, 31.93374, 1.845477, 1.61409, 13.67152
 
0.3799999, -0.3371793, 0, 5.523967, 1.333323, 2.0169709414368130394397, 592.4089, -597.1449, -2.629443, 0.0166641, 0.1456619, 32.83121, 1.845477, 1.613856, 13.67792
 
0.3899999, -0.3449402, -0.003371793, 5.639635, 1.333736, 1.9617597830902035047275757272, 625.2734, -597.2343, -2.629443, 0.0166641, 0.1456619, 33.73007, 1.845477, 1.613623, 13.68432
 
0.3999999, -0.3525821, -0.006821195, 5.755225, 1.33387, 1.9091242282162740227326242728, 659.0764, -597.3237, -2.629443, 0.0166641, 0.1456619, 34.63032, 1.845477, 1.613389, 13.69071
 
0.4099999, -0.3600979, -0.01034702, 5.871462, 1.334423, 1.858842559333317911583, 693.8296, -597.4133, -2.629443, 0.0166641, 0.1456619, 35.53216, 1.845477, 1.613156, 13.69711
 
0.4199999, -0.3674726, -0.013948, 5.987917, 1.334976, 1.8107053279112701066293, 729.5349, -597.5029, -2.629443, 0.0166641, 0.1456619, 36.43552, 1.845477, 1.612923, 13.70351
 
0.4299999, -0.3746929, -0.01762272, 6.104861, 1.335809, 1.7645363868599539619994, 766.1933, -597.5927, -2.629443, 0.0166641, 0.1456619, 37.34031, 1.845477, 1.612689, 13.7099
 
0.4399998, -0.3817479, -0.02136965, 6.221869, 1.336503, 1.7201788688702149954146, 803.8078, -597.6825, -2.629443, 0.0166641, 0.1456619, 38.24652, 1.845477, 1.612456, 13.7163
 
0.4499998, -0.3886224, -0.02518713, 6.339073, 1.337196, 1.6774837938160405700739, 842.3795, -597.7724, -2.629443, 0.0166641, 0.1456619, 39.15408, 1.845477, 1.612222, 13.7227
 
0.4599998, -0.3953038, -0.02907335, 6.456467, 1.33789, 1.6363214613524314492329, 881.9102, -597.8624, -2.629443, 0.0166641, 0.1456619, 40.06293, 1.845477, 1.611989, 13.72909
 
0.4699998, -0.4017785, -0.03302639, 6.574046, 1.338584, 1.5965700583175214780880757272, 922.4019, -597.9525, -2.629443, 0.0166641, 0.1456619, 40.97305, 1.845477, 1.611755, 13.73549
 
0.4799998, -0.4080317, -0.03704417, 6.691805, 1.339278, 1.5581200405010335378374, 963.8569, -598.0427, -2.629443, 0.0166641, 0.1456619, 41.8844, 1.845477, 1.611522, 13.74189
 
0.4899998, -0.4140489, -0.04112449, 6.80974, 1.339972, 1.520867998168414919385, 1006.277, -598.1329, -2.629443, 0.0166641, 0.1456619, 42.79695, 1.845477, 1.611289, 13.74828
 
0.4999998, -0.4198161, -0.04526498, 6.92785, 1.340667, 1.4847227905367019496365, 1049.665, -598.2233, -2.629443, 0.0166641, 0.1456619, 43.71067, 1.845477, 1.611055, 13.75468
 
0.5099998, -0.4253163, -0.04946314, 7.046124, 1.341362, 1.4495959058839694737866, 1094.021, -598.3137, -2.629443, 0.0166641, 0.1456619, 44.62552, 1.845477, 1.610822, 13.76108
 
0.5199998, -0.4305342, -0.05371631, 7.164558, 1.342056, 1.4154102250861638916089, 1139.345, -598.4043, -2.629443, 0.0166641, 0.1456619, 45.54144, 1.845477, 1.610588, 13.76747
 
0.5299998, -0.4354548, -0.05802165, 7.283154, 1.342751, 1.3820947634950085938041, 1185.642, -598.495, -2.629443, 0.0166641, 0.1456619, 46.45844, 1.845477, 1.610355, 13.77387
 
0.5399998, -0.4400614, -0.0623762, 7.401904, 1.343447, 1.3495811655232742528988, 1232.912, -598.5857, -2.629443, 0.0166641, 0.1456619, 47.37648, 1.845477, 1.610121, 13.78027
 
0.5499998, -0.4443379, -0.06677681, 7.520808, 1.344142, 1.317808086413190959622, 1281.159, -598.6765, -2.629443, 0.0166641, 0.1456619, 48.29557, 1.845477, 1.609888, 13.78666
 
0.5599998, -0.4482666, -0.07122019, 7.639864, 1.344837, 1.2867159341143536592533, 1330.382, -598.7673, -2.629443, 0.0166641, 0.1456619, 49.21566, 1.845477, 1.609655, 13.79306
 
0.5699998, -0.4518311, -0.07570285, 7.759069, 1.345533, 1.25625300375949914255, 1380.585, -598.8584, -2.629443, 0.0166641, 0.1456619, 50.13675, 1.845477, 1.609421, 13.79946
 
0.5799997, -0.4550136, -0.08022116, 7.878421, 1.346229, 1.22636934318872905482, 1431.77, -598.9495, -2.629443, 0.0166641, 0.1456619, 51.05883, 1.845477, 1.609188, 13.80585
 
0.5899997, -0.4577967, -0.0847713, 7.997915, 1.346925, 1.197020258364239605023, 1483.937, -599.0406, -2.629443, 0.0166641, 0.1456619, 51.98185, 1.845477, 1.608954, 13.81225
 
0.5999997, -0.4601628, -0.08934926, 8.117549, 1.347621, 1.1681636843092742839446, 1537.088, -599.1318, -2.629443, 0.0166641, 0.1456619, 52.90582, 1.845477, 1.608721, 13.81865
 
0.6099997, -0.4620946, -0.09395089, 8.237325, 1.348318, 1.1397619378154887187469, 1591.225, -599.2233, -2.629443, 0.0166641, 0.1456619, 53.83072, 1.845477, 1.608487, 13.82504
 
0.6199997, -0.4635737, -0.09857184, 8.357238, 1.349014, 1.1117764593208561093167, 1646.352, -599.3147, -2.629443, 0.0166641, 0.1456619, 54.75654, 1.845477, 1.608254, 13.83144
 
0.6299997, -0.4645824, -0.1032076, 8.477289, 1.349711, 1.0841757000928090737432, 1702.469, -599.4063, -2.629443, 0.0166641, 0.1456619, 55.68328, 1.845477, 1.608021, 13.83784
 
0.6399997, -0.4651032, -0.1078534, 8.597334, 1.350267, 1.056926358691415375565, 1759.578, -599.4979, -2.629443, 0.0166641, 0.1456619, 56.61092, 1.845477, 1.607787, 13.84423
 
0.6499997, -0.4651155, -0.1125044, 8.717793, 1.351105, 1.0300030208598846237984, 1817.68, -599.5896, -2.629443, 0.0166641, 0.1456619, 57.53944, 1.845477, 1.607554, 13.85063
 
0.6599997, -0.464604, -0.1171556, 8.838241, 1.351802, 1.0033785196340615729091, 1876.778, -599.6813, -2.629443, 0.0166641, 0.1456619, 58.46885, 1.845477, 1.60732, 13.85703
 
0.6699997, -0.4635511, -0.1218016, 8.958824, 1.3525, 0.9770283171108382591887, 1936.875, -599.7733, -2.629443, 0.0166641, 0.1456619, 59.39914, 1.845477, 1.607087, 13.86342
 
0.6799996, -0.4619383, -0.1264371, 9.079535, 1.353198, 0.95093138080183642803, 1997.97, -599.8653, -2.629443, 0.0166641, 0.1456619, 60.33028, 1.845477, 1.606853, 13.86982
 
0.6899996, -0.4597485, -0.1310565, 9.200373, 1.353896, 0.9250675545723602521011, 2060.066, -599.9573, -2.629443, 0.0166641, 0.1456619, 61.26227, 1.845477, 1.60662, 13.87622
 
0.6999996, -0.4569643, -0.135654, 9.321338, 1.354594, 0.8994175586413963313454, 2123.165, -600.0494, -2.629443, 0.0166641, 0.1456619, 62.19512, 1.845477, 1.606387, 13.88261
 
0.7099996, -0.4535697, -0.1402237, 9.442429, 1.355292, 0.8739656186426609748075, 2187.268, -600.1417, -2.629443, 0.0166641, 0.1456619, 63.12879, 1.845477, 1.606153, 13.88901
 
0.7199996, -0.4495477, -0.1447593, 9.56364, 1.35599, 0.8486971871050267660711024273, 2252.376, -600.2341, -2.629443, 0.0166641, 0.1456619, 64.06329, 1.845477, 1.60592, 13.89541
 
0.7299996, -0.4448828, -0.1492548, 9.684978, 1.356689, 0.82359789182809926876024, 2318.494, -600.3265, -2.629443, 0.0166641, 0.1456619, 64.99861, 1.845477, 1.605686, 13.9018
 
0.7399996, -0.4395595, -0.1537036, 9.806432, 1.357388, 0.7986566907554834046208624273, 2385.619, -600.419, -2.629443, 0.0166641, 0.1456619, 65.93474, 1.845477, 1.605453, 13.9082
 
0.7499996, -0.4335636, -0.1580992, 9.928013, 1.358087, 0.7738623665600405991144, 2453.757, -600.5117, -2.629443, 0.0166641, 0.1456619, 66.8717, 1.845477, 1.605219, 13.9146
 
0.7599996, -0.42688, -0.1624349, 10.04971, 1.358786, 0.7492058051634753612850975727, 2522.906, -600.6043, -2.629443, 0.0166641, 0.1456619, 67.80943, 1.845477, 1.604986, 13.92099
 
0.7699996, -0.4194968, -0.1667037, 10.17153, 1.359485, 0.72468008337169826836545, 2593.071, -600.6971, -2.629443, 0.0166641, 0.1456619, 68.74797, 1.845477, 1.604753, 13.92739
 
0.7799996, -0.4114007, -0.1708986, 10.29346, 1.360185, 0.7002777521784051831006775727, 2664.251, -600.7901, -2.629443, 0.0166641, 0.1456619, 69.6873, 1.845477, 1.604519, 13.93379
 
0.7899995, -0.4025799, -0.1750126, 10.41551, 1.360884, 0.6759933781907694381523324273, 2736.45, -600.883, -2.629443, 0.0166641, 0.1456619, 70.62742, 1.845477, 1.604286, 13.94018
 
0.7999995, -0.393024, -0.1790385, 10.53767, 1.361584, 0.65182345599405606629712, 2809.666, -600.9761, -2.629443, 0.0166641, 0.1456619, 71.56829, 1.845477, 1.604052, 13.94658
 
0.8099995, -0.3827238, -0.1829687, 10.65995, 1.362284, 0.6277649183503809538399024273, 2883.903, -601.0692, -2.629443, 0.0166641, 0.1456619, 72.50994, 1.845477, 1.603819, 13.95298
 
0.8199995, -0.3716734, -0.1867959, 10.7822, 1.362842, 0.6038168012706908017168024273, 2959.16, -601.1625, -2.629443, 0.0166641, 0.1456619, 73.45232, 1.845477, 1.603585, 13.95937
 
0.8299995, -0.3598602, -0.1905127, 10.90484, 1.363685, 0.5799784913074070344814275727, 3035.442, -601.2558, -2.629443, 0.0166641, 0.1456619, 74.39549, 1.845477, 1.603352, 13.96577
 
0.8399995, -0.3472823, -0.1941113, 11.02745, 1.364385, 0.5562488492007477547979824273, 3112.747, -601.3492, -2.629443, 0.0166641, 0.1456619, 75.33938, 1.845477, 1.603119, 13.97217
 
0.8499995, -0.3339356, -0.1975841, 11.15017, 1.365086, 0.532630241105649381834, 3191.08, -601.4427, -2.629443, 0.0166641, 0.1456619, 76.28402, 1.845477, 1.602885, 13.97856
 
0.8599995, -0.3198153, -0.2009234, 11.273, 1.365787, 0.50912406918800730464469, 3270.439, -601.5364, -2.629443, 0.0166641, 0.1456619, 77.22939, 1.845477, 1.602652, 13.98496
 
0.8699995, -0.3049212, -0.2041216, 11.39594, 1.366488, 0.4857348028516010259804, 3350.826, -601.6301, -2.629443, 0.0166641, 0.1456619, 78.17548, 1.845477, 1.602418, 13.99136
 
0.8799995, -0.2892543, -0.2071708, 11.51898, 1.367189, 0.46246708677094741040022, 3432.242, -601.7238, -2.629443, 0.0166641, 0.1456619, 79.12228, 1.845477, 1.602185, 13.99775
 
0.8899994, -0.2728163, -0.2100633, 11.64212, 1.367891, 0.4393256532559324415444524273, 3514.686, -601.8177, -2.629443, 0.0166641, 0.1456619, 80.06976, 1.845477, 1.601951, 14.00415
 
0.8999994, -0.2556116, -0.2127915, 11.76537, 1.368593, 0.4163168996884343331080575727, 3598.165, -601.9117, -2.629443, 0.0166641, 0.1456619, 81.01797, 1.845477, 1.601718, 14.01055
 
0.9099994, -0.2376459, -0.2153476, 11.88872, 1.369294, 0.3934477492625486423343175727, 3682.674, -602.0057, -2.629443, 0.0166641, 0.1456619, 81.96686, 1.845477, 1.601484, 14.01694
 
0.9199994, -0.2189276, -0.2177241, 12.01217, 1.369996, 0.3707261767967837047210975727, 3768.219, -602.0999, -2.629443, 0.0166641, 0.1456619, 82.91645, 1.845477, 1.601251, 14.02334
 
0.9299994, -0.1994652, -0.2199133, 12.13572, 1.370698, 0.3481595436620727857346, 3854.797, -602.1941, -2.629443, 0.0166641, 0.1456619, 83.86669, 1.845477, 1.601018, 14.02974
 
0.9399994, -0.1792735, -0.221908, 12.25937, 1.371401, 0.32575941772702217270142, 3942.412, -602.2885, -2.629443, 0.0166641, 0.1456619, 84.81762, 1.845477, 1.600784, 14.03613
 
0.9499994, -0.1583649, -0.2237007, 12.38311, 1.372103, 0.30353421198698404381812, 4031.06, -602.3829, -2.629443, 0.0166641, 0.1456619, 85.76919, 1.845477, 1.600551, 14.04253
 
0.9599994, -0.1367578, -0.2252844, 12.50695, 1.372806, 0.28149566958130292457372, 4120.747, -602.4774, -2.629443, 0.0166641, 0.1456619, 86.72142, 1.845477, 1.600317, 14.04893
 
0.9699994, -0.1144702, -0.226652, 12.63088, 1.373509, 0.2596550078371147604457424273, 4211.472, -602.572, -2.629443, 0.0166641, 0.1456619, 87.67429, 1.845477, 1.600084, 14.05532
 
0.9799994, -0.09152485, -0.2277967, 12.7549, 1.374212, 0.23802493388281211786499, 4303.234, -602.6666, -2.629443, 0.0166641, 0.1456619, 88.62778, 1.845477, 1.59985, 14.06172
 
0.9899994, -0.06794678, -0.2287119, 12.87902, 1.374916, 0.2166189435651078822858124273, 4396.035, -602.7615, -2.629443, 0.0166641, 0.1456619, 89.58189, 1.845477, 1.599617, 14.06812
 
0.9999993, -0.04376147, -0.2293914, 13.00322, 1.375619, 0.19544948110628901560274, 4489.877, -602.8563, -2.629443, 0.0166641, 0.1456619, 90.53664, 1.845477, 1.599383, 14.07451
 
1.009999, -0.01899808, -0.229829, 13.12751, 1.376322, 0.17453039289454049782656, 4584.758, -602.9512, -2.629443, 0.0166641, 0.1456619, 91.49198, 1.845477, 1.59915, 14.08091
 
1.019999, 0.006310151, -0.230019, 13.2519, 1.377026, 0.1538769274839348108401275727, 4680.681, -603.0463, -2.629443, 0.0166641, 0.1456619, 92.44793, 1.845477, 1.598917, 14.08731
 
1.029999, 0.03213013, -0.2299559, 13.37636, 1.37773, 0.13350301889802517738176, 4777.644, -603.1414, -2.629443, 0.0166641, 0.1456619, 93.40446, 1.845477, 1.598683, 14.0937
 
1.039999, 0.05842049, -0.2296346, 13.50077, 1.37829, 0.11342523022140684389358, 4875.648, -603.2366, -2.629443, 0.0166641, 0.1456619, 94.36156, 1.845477, 1.59845, 14.1001
 
1.049999, 0.08514848, -0.2290504, 13.62554, 1.379139, 0.09365907291425964950208, 4974.696, -603.3319, -2.629443, 0.0166641, 0.1456619, 95.31925, 1.845477, 1.598216, 14.1065
 
1.059999, 0.1122634, -0.2281989, 13.75026, 1.379843, 0.074221075007034172619418, 5074.786, -603.4274, -2.629443, 0.0166641, 0.1456619, 96.2775, 1.845477, 1.597983, 14.11289
 
1.069999, 0.1397229, -0.2270762, 13.87505, 1.380548, 0.055127343880413426565608, 5175.918, -603.5228, -2.629443, 0.0166641, 0.1456619, 97.23631, 1.845477, 1.597749, 14.11929
 
1.079999, 0.1674781, -0.225679, 13.99992, 1.381253, 0.0363948106875419939348142427, 5278.092, -603.6184, -2.629443, 0.0166641, 0.1456619, 98.19563, 1.845477, 1.597516, 14.12569
 
1.089999, 0.1954767, -0.2240042, 14.12488, 1.381958, 0.01804123035402558841851, 5381.311, -603.7141, -2.629443, 0.0166641, 0.1456619, 99.15553, 1.845477, 1.597283, 14.13208
 
1.099999, 0.2236668, -0.2220495, 14.2499, 1.382663, 0.000082521765633932960169723, 5485.571, -603.8099, -2.629443, 0.0166641, 0.1456619, 100.1159, 1.845477, 1.597049, 14.13848
 
1.109999, 0.2519903, -0.2198128, 14.375, 1.383368, -0.01746292455899182944804, 5590.875, -603.9057, -2.629443, 0.0166641, 0.1456619, 101.0768, 1.845477, 1.596816, 14.14488
 
1.119999, 0.2803902, -0.2172929, 14.50017, 1.384074, -0.034578874404500227786551, 5697.224, -604.0016, -2.629443, 0.0166641, 0.1456619, 102.0383, 1.845477, 1.596582, 14.15127
 
1.129999, 0.3088024, -0.214489, 14.62542, 1.38478, -0.0512464992331523929917197573, 5804.617, -604.0977, -2.629443, 0.0166641, 0.1456619, 103.0002, 1.845477, 1.596349, 14.15767
 
1.139999, 0.3371648, -0.211401, 14.75073, 1.385486, -0.0674494901029185287409497573, 5913.053, -604.1938, -2.629443, 0.0166641, 0.1456619, 103.9627, 1.845477, 1.596115, 14.16407
 
1.149999, 0.3654163, -0.2080293, 14.87646, 1.386483, -0.0831700482705084494375297573, 6022.583, -604.29, -2.629443, 0.0166641, 0.1456619, 104.926, 1.845477, 1.595882, 14.17046
 
1.159999, 0.3934881, -0.2043752, 15.00254, 1.387698, -0.09839094462252572248443, 6133.214, -604.3864, -2.629443, 0.0166641, 0.1456619, 105.8904, 1.845477, 1.595649, 14.17686
 
1.169999, 0.4213098, -0.2004403, 15.12889, 1.389059, -0.11309615941365540201843, 6244.939, -604.4827, -2.629443, 0.0166641, 0.1456619, 106.8556, 1.845477, 1.595415, 14.18326
 
1.179999, 0.448803, -0.1962272, 15.25521, 1.390276, -0.1272675871768186281672, 6357.764, -604.5792, -2.629443, 0.0166641, 0.1456619, 107.8217, 1.845477, 1.595182, 14.18965
 
1.189999, 0.4758981, -0.1917392, 15.38173, 1.391566, -0.14088954118109995270287, 6471.693, -604.6758, -2.629443, 0.0166641, 0.1456619, 108.7887, 1.845477, 1.594948, 14.19605
 
1.199999, 0.5025215, -0.1869802, 15.50838, 1.392857, -0.15394756159073932558299, 6586.723, -604.7725, -2.629443, 0.0166641, 0.1456619, 109.7567, 1.845477, 1.594715, 14.20245
 
1.209999, 0.5285901, -0.181955, 15.63507, 1.394076, -0.16642377079061523039144, 6702.859, -604.8692, -2.629443, 0.0166641, 0.1456619, 110.7255, 1.845477, 1.594481, 14.20884
 
1.219999, 0.5540318, -0.1766691, 15.76195, 1.395368, -0.1783051987462286198074624273, 6820.101, -604.9661, -2.629443, 0.0166641, 0.1456619, 111.6952, 1.845477, 1.594248, 14.21524
 
1.229999, 0.5787654, -0.1711287, 15.88903, 1.396734, -0.18957659690350263017979, 6938.452, -605.063, -2.629443, 0.0166641, 0.1456619, 112.6659, 1.845477, 1.594015, 14.22163
 
1.239999, 0.6027073, -0.1653411, 16.01601, 1.397882, -0.20022455705109875325738, 7057.914, -605.16, -2.629443, 0.0166641, 0.1456619, 113.6374, 1.845477, 1.593781, 14.22803
 
1.249999, 0.6257811, -0.159314, 16.14332, 1.39925, -0.2102354957069384899194, 7178.487, -605.2571, -2.629443, 0.0166641, 0.1456619, 114.6098, 1.845477, 1.593548, 14.23443
 
1.259999, 0.647904, -0.1530562, 16.27069, 1.400545, -0.21959810790851852831448, 7300.177, -605.3543, -2.629443, 0.0166641, 0.1456619, 115.5831, 1.845477, 1.593314, 14.24082
 
1.269999, 0.6689952, -0.1465772, 16.39809, 1.401769, -0.22830117632870379931878, 7422.981, -605.4517, -2.629443, 0.0166641, 0.1456619, 116.5573, 1.845477, 1.593081, 14.24722
 
1.279999, 0.688974, -0.1398872, 16.52569, 1.403066, -0.23633374654646396199105, 7546.906, -605.549, -2.629443, 0.0166641, 0.1456619, 117.5323, 1.845477, 1.592847, 14.25362
 
1.289999, 0.7077617, -0.1329975, 16.65341, 1.404363, -0.24368749320181595721594, 7671.952, -605.6465, -2.629443, 0.0166641, 0.1456619, 118.5083, 1.845477, 1.592614, 14.26001
 
1.299999, 0.7252769, -0.1259198, 16.78117, 1.405589, -0.2503533022164634176840124273, 7798.121, -605.7441, -2.629443, 0.0166641, 0.1456619, 119.4852, 1.845477, 1.592381, 14.26641
 
1.309999, 0.7414436, -0.1186671, 16.90919, 1.406962, -0.2563243380316799052331975727, 7925.414, -605.8417, -2.629443, 0.0166641, 0.1456619, 120.4629, 1.845477, 1.592147, 14.27281
 
1.319999, 0.7561832, -0.1112526, 17.03719, 1.408188, -0.26159472907779841524108, 8053.835, -605.9395, -2.629443, 0.0166641, 0.1456619, 121.4415, 1.845477, 1.591914, 14.27921
 
1.329999, 0.7694202, -0.1036908, 17.16537, 1.409489, -0.2661584285144058177396775727, 8183.386, -606.0372, -2.629443, 0.0166641, 0.1456619, 122.4211, 1.845477, 1.59168, 14.2856
 
1.339999, 0.7810835, -0.09599661, 17.29367, 1.410791, -0.2700128949158257026916675727, 8314.067, -606.1353, -2.629443, 0.0166641, 0.1456619, 123.4015, 1.845477, 1.591447, 14.292
 
1.349999, 0.7911031, -0.08818577, 17.42201, 1.41202, -0.2731559373978520019088, 8445.887, -606.2333, -2.629443, 0.0166641, 0.1456619, 124.3828, 1.845477, 1.591213, 14.2984
 
1.359999, 0.7994151, -0.08027474, 17.55062, 1.413396, -0.2755875559604838390373924273, 8578.843, -606.3313, -2.629443, 0.0166641, 0.1456619, 125.365, 1.845477, 1.59098, 14.30479
 
1.369999, 0.8059529, -0.07228059, 17.6792, 1.414627, -0.27730775060371946137008, 8712.938, -606.4296, -2.629443, 0.0166641, 0.1456619, 126.3481, 1.845477, 1.590747, 14.31119
 
1.379999, 0.8106554, -0.06422105, 17.80797, 1.415932, -0.27831757295198041069827, 8848.176, -606.5278, -2.629443, 0.0166641, 0.1456619, 127.3321, 1.845477, 1.590513, 14.31758
 
1.389999, 0.8134682, -0.0561145, 17.93678, 1.417163, -0.2786214924090470661259924273, 8984.559, -606.6262, -2.629443, 0.0166641, 0.1456619, 128.317, 1.845477, 1.59028, 14.32398
 
1.399999, 0.8143428, -0.04797982, 18.06586, 1.418544, -0.27822511763848433315412, 9122.086, -606.7247, -2.629443, 0.0166641, 0.1456619, 129.3028, 1.845477, 1.590046, 14.33038
 
1.409999, 0.8132274, -0.03983639, 18.1949, 1.419777, -0.2771337943977567708693475727, 9260.763, -606.8232, -2.629443, 0.0166641, 0.1456619, 130.2895, 1.845477, 1.589813, 14.33677
 
1.419999, 0.8100874, -0.03170411, 18.32421, 1.421158, -0.27535760075421404564499, 9400.593, -606.9219, -2.629443, 0.0166641, 0.1456619, 131.2772, 1.845477, 1.589579, 14.34317
 
1.429999, 0.8048829, -0.02360324, 18.45341, 1.42232, -0.27290538788004604390053, 9541.574, -607.0206, -2.629443, 0.0166641, 0.1456619, 132.2657, 1.845477, 1.589346, 14.34957
 
1.439999, 0.797583, -0.01555441, 18.58296, 1.423703, -0.26978758438407452656572, 9683.714, -607.1194, -2.629443, 0.0166641, 0.1456619, 133.2552, 1.845477, 1.589113, 14.35596
 
1.449999, 0.7881685, -0.00757858, 18.71247, 1.424939, -0.2660190882789016336743424273, 9827.015, -607.2183, -2.629443, 0.0166641, 0.1456619, 134.2455, 1.845477, 1.588879, 14.36236
 
1.459999, 0.7766226, 0.0003031045, 18.84225, 1.426323, -0.2616143594002847862078, 9971.478, -607.3173, -2.629443, 0.0166641, 0.1456619, 135.2368, 1.845477, 1.588646, 14.36876
 
1.469999, 0.7629374, 0.00806933, 18.97199, 1.427562, -0.2565904866450348214491724273, 10117.1, -607.4164, -2.629443, 0.0166641, 0.1456619, 136.2291, 1.845477, 1.588412, 14.37515
 
1.479999, 0.7471083, 0.0156987, 19.10193, 1.428874, -0.2509647341806911749534575727, 10263.9, -607.5156, -2.629443, 0.0166641, 0.1456619, 137.2222, 1.845477, 1.588179, 14.38155
 
1.489999, 0.7291434, 0.02316979, 19.23191, 1.430113, -0.24475752104805966035724, 10411.86, -607.6149, -2.629443, 0.0166641, 0.1456619, 138.2163, 1.845477, 1.587945, 14.38795
 
1.499999, 0.7090561, 0.03046122, 19.36215, 1.431501, -0.23799040554772448321817, 10560.99, -607.7142, -2.629443, 0.0166641, 0.1456619, 139.2113, 1.845477, 1.587712, 14.39434
 
1.509999, 0.6868649, 0.03755178, 19.49236, 1.432742, -0.23068485834490598813478, 10711.3, -607.8137, -2.629443, 0.0166641, 0.1456619, 140.2072, 1.845477, 1.587478, 14.40074
 
1.519999, 0.6626046, 0.04442043, 19.62276, 1.434058, -0.2228672576854452360936, 10862.78, -607.9133, -2.629443, 0.0166641, 0.1456619, 141.204, 1.845477, 1.587245, 14.40714
 
1.529999, 0.6363135, 0.05104648, 19.75321, 1.4353, -0.21456319309686910353339, 11015.44, -608.0129, -2.629443, 0.0166641, 0.1456619, 142.2018, 1.845477, 1.587012, 14.41353
 
1.539999, 0.6080387, 0.05740961, 19.88391, 1.436691, -0.2058001820848066832522524273, 11169.28, -608.1126, -2.629443, 0.0166641, 0.1456619, 143.2005, 1.845477, 1.586778, 14.41993
 
1.549999, 0.5778387, 0.06349, 20.01458, 1.437934, -0.1966073195915119317291, 11324.3, -608.2124, -2.629443, 0.0166641, 0.1456619, 144.2001, 1.845477, 1.586545, 14.42633
 
1.559999, 0.5457792, 0.06926839, 20.14552, 1.439327, -0.18701545326660891811554, 11480.5, -608.3123, -2.629443, 0.0166641, 0.1456619, 145.2006, 1.845477, 1.586311, 14.43272
 
1.569999, 0.5119329, 0.07472618, 20.27641, 1.440572, -0.17705516785361347796586, 11637.89, -608.4124, -2.629443, 0.0166641, 0.1456619, 146.2021, 1.845477, 1.586078, 14.43912
 
1.579999, 0.4763889, 0.07984551, 20.40742, 1.441818, -0.16676072878150851774429, 11796.46, -608.5125, -2.629443, 0.0166641, 0.1456619, 147.2044, 1.845477, 1.585844, 14.44552
 
1.589999, 0.4392352, 0.0846094, 20.53869, 1.443214, -0.1561651745841224220833224273, 11956.22, -608.6125, -2.629443, 0.0166641, 0.1456619, 148.2077, 1.845477, 1.585611, 14.45191
 
1.599999, 0.4005789, 0.08900175, 20.66992, 1.444461, -0.14530434812706383748168, 12117.17, -608.7128, -2.629443, 0.0166641, 0.1456619, 149.2118, 1.845477, 1.585378, 14.45831
 
1.609999, 0.3605301, 0.09300754, 20.80134, 1.445784, -0.13421435518205139674277, 12279.31, -608.8132, -2.629443, 0.0166641, 0.1456619, 150.2169, 1.845477, 1.585144, 14.46471
 
1.619999, 0.3192088, 0.09661284, 20.93287, 1.447106, -0.12293209023911441180304, 12442.64, -608.9137, -2.629443, 0.0166641, 0.1456619, 151.2229, 1.845477, 1.584911, 14.4711
 
1.629999, 0.2767436, 0.09980493, 21.0645, 1.44843, -0.11149514887122901277286, 12607.17, -609.0142, -2.629443, 0.0166641, 0.1456619, 152.2297, 1.845477, 1.584677, 14.4775
 
1.639999, 0.2332729, 0.1025724, 21.19616, 1.449681, -0.09994209064042199976543, 12772.89, -609.1148, -2.629443, 0.0166641, 0.1456619, 153.2375, 1.845477, 1.584444, 14.4839
 
1.649999, 0.1889371, 0.1049051, 21.32808, 1.451081, -0.08831094929651071652877, 12939.81, -609.2156, -2.629443, 0.0166641, 0.1456619, 154.2461, 1.845477, 1.58421, 14.49029
 
1.659999, 0.1438919, 0.1067945, 21.45996, 1.452333, -0.0766415814049720431788922427, 13107.91, -609.3163, -2.629443, 0.0166641, 0.1456619, 155.2556, 1.845477, 1.583977, 14.49669
 
1.669999, 0.09829228, 0.1082334, 21.59193, 1.453585, -0.064972397547706504286091, 13277.22, -609.4172, -2.629443, 0.0166641, 0.1456619, 156.266, 1.845477, 1.583744, 14.50309
 
1.679999, 0.05230507, 0.1092163, 21.72417, 1.454988, -0.0533435697775167414208547573, 13447.73, -609.5182, -2.629443, 0.0166641, 0.1456619, 157.2772, 1.845477, 1.58351, 14.50948
 
1.689999, 0.006104513, 0.1097394, 21.85635, 1.456242, -0.0417947092808487303328482427, 13619.42, -609.6194, -2.629443, 0.0166641, 0.1456619, 158.2893, 1.845477, 1.583277, 14.51588
 
1.699999, -0.04013264, 0.1098004, 21.98878, 1.457646, -0.03036556746073684641747, 13792.33, -609.7205, -2.629443, 0.0166641, 0.1456619, 159.3022, 1.845477, 1.583043, 14.52228
 
1.709999, -0.0862243, 0.1093991, 22.12108, 1.458827, -0.0190945548990823153279602427, 13966.43, -609.8217, -2.629443, 0.0166641, 0.1456619, 160.316, 1.845477, 1.58281, 14.52867
 
1.719999, -0.1319889, 0.1085368, 22.25371, 1.460233, -0.0080200155749057095263222, 14141.73, -609.9231, -2.629443, 0.0166641, 0.1456619, 161.3306, 1.845477, 1.582576, 14.53507
 
1.729999, -0.1772317, 0.107217, 22.38637, 1.461564, 0.0028193559912988229312800243, 14318.24, -610.0246, -2.629443, 0.0166641, 0.1456619, 162.3461, 1.845477, 1.582343, 14.54147
 
1.739999, -0.2217655, 0.1054446, 22.51895, 1.462747, 0.013387599502526622574944, 14495.91, -610.1261, -2.629443, 0.0166641, 0.1456619, 163.3622, 1.845477, 1.58211, 14.54786
 
1.749999, -0.2653943, 0.103227, 22.65153, 1.463856, 0.023647729327964554968519, 14674.77, -610.2277, -2.629443, 0.0166641, 0.1456619, 164.379, 1.845477, 1.581876, 14.55426
 
1.759999, -0.3079283, 0.100573, 22.78426, 1.46504, 0.033565301262478489720077, 14854.81, -610.3294, -2.629443, 0.0166641, 0.1456619, 165.3965, 1.845477, 1.581643, 14.56066
 
1.769999, -0.3491828, 0.09749376, 22.91691, 1.466075, 0.0431087841005746058289557573, 15036.02, -610.4312, -2.629443, 0.0166641, 0.1456619, 166.4147, 1.845477, 1.581409, 14.56705
 
1.779999, -0.3889542, 0.09400193, 23.04979, 1.46726, 0.052242711808725334369869, 15218.41, -610.533, -2.629443, 0.0166641, 0.1456619, 167.4335, 1.845477, 1.581176, 14.57345
 
1.789999, -0.4270553, 0.0901124, 23.18267, 1.468371, 0.0609370429826968930747962427, 15401.98, -610.6351, -2.629443, 0.0166641, 0.1456619, 168.453, 1.845477, 1.580942, 14.57985
 
1.799999, -0.4633067, 0.08584184, 23.31562, 1.469483, 0.0691639796836824258651167573, 15586.73, -610.7371, -2.629443, 0.0166641, 0.1456619, 169.4732, 1.845477, 1.580709, 14.58624
 
1.809999, -0.4975333, 0.08120877, 23.44872, 1.47067, 0.0768974416260935104754802427, 15772.66, -610.8392, -2.629443, 0.0166641, 0.1456619, 170.494, 1.845477, 1.580476, 14.59264
 
1.819999, -0.5295503, 0.07623344, 23.58181, 1.471783, 0.084110358244679354924292, 15959.77, -610.9415, -2.629443, 0.0166641, 0.1456619, 171.5155, 1.845477, 1.580242, 14.59904
 
1.829999, -0.5591964, 0.07093794, 23.71497, 1.472896, 0.09078112742116847741688, 16148.05, -611.0439, -2.629443, 0.0166641, 0.1456619, 172.5376, 1.845477, 1.580009, 14.60543
 
1.839999, -0.5863047, 0.06534597, 23.8482, 1.47401, 0.09688755988032173170728, 16337.53, -611.1462, -2.629443, 0.0166641, 0.1456619, 173.5604, 1.845477, 1.579775, 14.61183
 
1.849999, -0.6107337, 0.05948292, 23.98151, 1.475124, 0.10241323275413043065637, 16528.19, -611.2488, -2.629443, 0.0166641, 0.1456619, 174.5838, 1.845477, 1.579542, 14.61823
 
1.859999, -0.6323392, 0.05337559, 24.11496, 1.476314, 0.10734149532262845603345, 16720.04, -611.3514, -2.629443, 0.0166641, 0.1456619, 175.608, 1.845477, 1.579308, 14.62462
 
1.869999, -0.6509894, 0.04705219, 24.24833, 1.477354, 0.1116588517391064277989, 16913.07, -611.4541, -2.629443, 0.0166641, 0.1456619, 176.6327, 1.845477, 1.579075, 14.63102
 
1.879999, -0.6665767, 0.0405423, 24.38191, 1.478546, 0.11535636319600358774466, 17107.3, -611.5568, -2.629443, 0.0166641, 0.1456619, 177.6582, 1.845477, 1.578841, 14.63742
 
1.889999, -0.6789887, 0.03387653, 24.5155, 1.479662, 0.11842465270891796402502, 17302.71, -611.6598, -2.629443, 0.0166641, 0.1456619, 178.6843, 1.845477, 1.578608, 14.64381
 
1.899999, -0.6881506, 0.02708665, 24.64924, 1.480855, 0.12086135412290700299667, 17499.33, -611.7628, -2.629443, 0.0166641, 0.1456619, 179.7112, 1.845477, 1.578375, 14.65021
 
1.909999, -0.6939842, 0.02020514, 24.78289, 1.481897, 0.12266375074155518010618, 17697.13, -611.8658, -2.629443, 0.0166641, 0.1456619, 180.7386, 1.845477, 1.578141, 14.65661
 
1.919999, -0.6964255, 0.0132653, 24.91676, 1.483091, 0.12383122911728479626084, 17896.13, -611.9689, -2.629443, 0.0166641, 0.1456619, 181.7668, 1.845477, 1.577908, 14.663
 
1.929999, -0.6954371, 0.006301044, 25.05063, 1.48421, 0.12436843392461271601974, 18096.33, -612.0722, -2.629443, 0.0166641, 0.1456619, 182.7957, 1.845477, 1.577674, 14.6694
 
1.939999, -0.6909978, -0.0006533272, 25.18457, 1.48533, 0.12428237599299835758528, 18297.73, -612.1755, -2.629443, 0.0166641, 0.1456619, 183.8252, 1.845477, 1.577441, 14.6758
 
1.949998, -0.6831037, -0.007563305, 25.31858, 1.486449, 0.12358278284831666371329, 18500.33, -612.2789, -2.629443, 0.0166641, 0.1456619, 184.8555, 1.845477, 1.577207, 14.68219
 
1.959998, -0.6717734, -0.01439434, 25.45274, 1.487646, 0.12228315033727701444339, 18704.14, -612.3824, -2.629443, 0.0166641, 0.1456619, 185.8865, 1.845477, 1.576974, 14.68859
 
1.969998, -0.6570418, -0.02111208, 25.5869, 1.488767, 0.12039925282616310073098, 18909.17, -612.486, -2.629443, 0.0166641, 0.1456619, 186.9182, 1.845477, 1.576741, 14.69499
 
1.979998, -0.6389498, -0.02768249, 25.72113, 1.489889, 0.11794712758736334171405, 19115.39, -612.5897, -2.629443, 0.0166641, 0.1456619, 187.9505, 1.845477, 1.576507, 14.70138
 
1.989998, -0.6175884, -0.03407199, 25.85543, 1.491011, 0.11495113725324921564594, 19322.83, -612.6935, -2.629443, 0.0166641, 0.1456619, 188.9837, 1.845477, 1.576274, 14.70778
 
1.999998, -0.5930406, -0.04024787, 25.98981, 1.492134, 0.11143336593661788986421, 19531.48, -612.7974, -2.629443, 0.0166641, 0.1456619, 190.0175, 1.845477, 1.57604, 14.71418
 
2.009999, -0.5654187, -0.04617828, 26.12434, 1.493333, 0.10742010424794218262786, 19741.36, -612.9013, -2.629443, 0.0166641, 0.1456619, 191.0521, 1.845477, 1.575807, 14.72057
 
2.019999, -0.5348608, -0.05183246, 26.25886, 1.494457, 0.10294097294168813584203, 19952.45, -613.0053, -2.629443, 0.0166641, 0.1456619, 192.0874, 1.845477, 1.575573, 14.72697
 
2.029999, -0.5015193, -0.05718107, 26.39346, 1.495582, 0.0980271702089501605074, 20164.75, -613.1094, -2.629443, 0.0166641, 0.1456619, 193.1234, 1.845477, 1.57534, 14.73337
 
2.039999, -0.4655588, -0.06219626, 26.52813, 1.496707, 0.09271103350060982308254, 20378.28, -613.2137, -2.629443, 0.0166641, 0.1456619, 194.1602, 1.845477, 1.575107, 14.73976
 
2.049999, -0.4271718, -0.06685185, 26.66294, 1.497909, 0.0870284757905729056738757573, 20593.03, -613.318, -2.629443, 0.0166641, 0.1456619, 195.1977, 1.845477, 1.574873, 14.74616
 
2.059999, -0.3865678, -0.07112356, 26.79769, 1.498959, 0.081016724583269181842256, 20809, -613.4224, -2.629443, 0.0166641, 0.1456619, 196.236, 1.845477, 1.57464, 14.75256
 
2.069999, -0.3439796, -0.07498924, 26.93265, 1.500162, 0.074716188546995110345659, 21026.2, -613.5269, -2.629443, 0.0166641, 0.1456619, 197.2749, 1.845477, 1.574406, 14.75895
 
2.079998, -0.2996286, -0.07842904, 27.0676, 1.501289, 0.068163998787275222473914, 21244.62, -613.6315, -2.629443, 0.0166641, 0.1456619, 198.3147, 1.845477, 1.574173, 14.76535
 
2.089998, -0.2537809, -0.08142533, 27.20264, 1.502418, 0.0614034296489476894459667573, 21464.27, -613.7362, -2.629443, 0.0166641, 0.1456619, 199.3551, 1.845477, 1.573939, 14.77175
 
2.099998, -0.206696, -0.08396314, 27.33781, 1.503623, 0.0544755908832553500168767573, 21685.15, -613.8409, -2.629443, 0.0166641, 0.1456619, 200.3963, 1.845477, 1.573706, 14.77814
 
2.109998, -0.1586561, -0.0860301, 27.47291, 1.504676, 0.047423826943331057222982, 21907.26, -613.9458, -2.629443, 0.0166641, 0.1456619, 201.4382, 1.845477, 1.573472, 14.78454
 
2.119998, -0.109951, -0.08761667, 27.60823, 1.505882, 0.0402919204591486148321657573, 22130.6, -614.0507, -2.629443, 0.0166641, 0.1456619, 202.481, 1.845477, 1.573239, 14.79094
 
2.129998, -0.0608745, -0.08871618, 27.74355, 1.507012, 0.0331227952340737489654632427, 22355.17, -614.1558, -2.629443, 0.0166641, 0.1456619, 203.5244, 1.845477, 1.573006, 14.79733
 
2.139998, -0.01172809, -0.08932492, 27.87894, 1.508143, 0.0259597606670915773913592427, 22580.98, -614.261, -2.629443, 0.0166641, 0.1456619, 204.5686, 1.845477, 1.572772, 14.80373
 
2.149998, 0.03716613, -0.0894422, 28.01439, 1.509274, 0.0188479664999209286040462427, 22808.02, -614.3661, -2.629443, 0.0166641, 0.1456619, 205.6134, 1.845477, 1.572539, 14.81013
 
2.159998, 0.08551074, -0.08907054, 28.14998, 1.510482, 0.011828189469405056087865, 23036.29, -614.4714, -2.629443, 0.0166641, 0.1456619, 206.659, 1.845477, 1.572305, 14.81652
 
2.169998, 0.1329869, -0.08821543, 28.28558, 1.511615, 0.0049431097525856995116757757, 23265.79, -614.5769, -2.629443, 0.0166641, 0.1456619, 207.7054, 1.845477, 1.572072, 14.82292
 
2.179998, 0.1792893, -0.08688556, 28.42122, 1.512749, -0.001767202254761897733462, 23496.52, -614.6823, -2.629443, 0.0166641, 0.1456619, 208.7524, 1.845477, 1.571838, 14.82932
 
2.189998, 0.2241129, -0.08509266, 28.55694, 1.513882, -0.0082636015863511004050584, 23728.48, -614.7879, -2.629443, 0.0166641, 0.1456619, 209.8002, 1.845477, 1.571605, 14.83571
 
2.199998, 0.267156, -0.08285154, 28.69279, 1.515093, -0.014508105320878136773524, 23961.67, -614.8936, -2.629443, 0.0166641, 0.1456619, 210.8486, 1.845477, 1.571372, 14.84211
 
2.209998, 0.3081281, -0.08017997, 28.82855, 1.516152, -0.020465259693766728989322, 24196.1, -614.9993, -2.629443, 0.0166641, 0.1456619, 211.8978, 1.845477, 1.571138, 14.84851
 
2.219998, 0.3467609, -0.07709869, 28.96461, 1.517441, -0.026102764060989972539445, 24431.76, -615.1052, -2.629443, 0.0166641, 0.1456619, 212.9477, 1.845477, 1.570905, 14.8549
 
2.229998, 0.3827665, -0.07363108, 29.10042, 1.518423, -0.0313870365494371665990287573, 24668.64, -615.2111, -2.629443, 0.0166641, 0.1456619, 213.9982, 1.845477, 1.570671, 14.8613
 
2.239998, 0.4159012, -0.06980341, 29.2366, 1.519713, -0.036290016314197252719072, 24906.76, -615.3172, -2.629443, 0.0166641, 0.1456619, 215.0494, 1.845477, 1.570438, 14.8677
 
2.249998, 0.4459363, -0.0656444, 29.37259, 1.520774, -0.040786911309594100375233, 25146.1, -615.4233, -2.629443, 0.0166641, 0.1456619, 216.1013, 1.845477, 1.570204, 14.87409
 
2.259998, 0.4726574, -0.06118504, 29.50881, 1.521988, -0.044854506926580298680183, 25386.68, -615.5295, -2.629443, 0.0166641, 0.1456619, 217.1539, 1.845477, 1.569971, 14.88049
 
2.269998, 0.495869, -0.05645846, 29.645, 1.523127, -0.048472752192901911575058, 25628.48, -615.6358, -2.629443, 0.0166641, 0.1456619, 218.2071, 1.845477, 1.569738, 14.88689
 
2.279998, 0.5154021, -0.05149977, 29.78124, 1.524266, -0.051625040206276942192923, 25871.52, -615.7421, -2.629443, 0.0166641, 0.1456619, 219.2611, 1.845477, 1.569504, 14.89328
 
2.289998, 0.5311148, -0.04634575, 29.91755, 1.525405, -0.054298427222815939677597, 26115.79, -615.8486, -2.629443, 0.0166641, 0.1456619, 220.3156, 1.845477, 1.569271, 14.89968
 
2.299998, 0.5428967, -0.04103461, 30.05398, 1.526623, -0.0564838780360529911853687573, 26361.28, -615.9553, -2.629443, 0.0166641, 0.1456619, 221.3709, 1.845477, 1.569037, 14.90608
 
2.309998, 0.5506465, -0.03560564, 30.19031, 1.527686, -0.0581737245512670333280997573, 26608.01, -616.0619, -2.629443, 0.0166641, 0.1456619, 222.4268, 1.845477, 1.568804, 14.91247
 
2.319998, 0.5543162, -0.03009917, 30.32685, 1.528904, -0.059366599656713479556322, 26855.96, -616.1686, -2.629443, 0.0166641, 0.1456619, 223.4833, 1.845477, 1.56857, 14.91887
 
2.329998, 0.5538678, -0.02455601, 30.46336, 1.530046, -0.06006230179104519632598, 27105.14, -616.2755, -2.629443, 0.0166641, 0.1456619, 224.5405, 1.845477, 1.568337, 14.92527
 
2.339998, 0.5493199, -0.01901734, 30.6, 1.531266, -0.0602671932819967809264882427, 27355.55, -616.3824, -2.629443, 0.0166641, 0.1456619, 225.5984, 1.845477, 1.568104, 14.93166
 
2.349998, 0.5406978, -0.01352414, 30.73654, 1.532331, -0.059988381357932455654425, 27607.2, -616.4894, -2.629443, 0.0166641, 0.1456619, 226.6569, 1.845477, 1.56787, 14.93806
 
2.359998, 0.5280656, -0.008117159, 30.87328, 1.533552, -0.059237030764766606903217, 27860.07, -616.5965, -2.629443, 0.0166641, 0.1456619, 227.716, 1.845477, 1.567637, 14.94446
 
2.369998, 0.511529, -0.002836503, 31.00999, 1.534697, -0.0580289158687827503575277573, 28114.18, -616.7037, -2.629443, 0.0166641, 0.1456619, 228.7759, 1.845477, 1.567403, 14.95085
 
2.379998, 0.4912183, 0.002278787, 31.14675, 1.535841, -0.056382291117186109067961, 28369.52, -616.811, -2.629443, 0.0166641, 0.1456619, 229.8363, 1.845477, 1.56717, 14.95725
 
2.389998, 0.4673119, 0.007190969, 31.28364, 1.537064, -0.054320379882560742923862, 28626.09, -616.9184, -2.629443, 0.0166641, 0.1456619, 230.8975, 1.845477, 1.566936, 14.96364
 
2.399998, 0.4399942, 0.01186409, 31.42042, 1.538132, -0.051866624625911669174874, 28883.9, -617.0258, -2.629443, 0.0166641, 0.1456619, 231.9592, 1.845477, 1.566703, 14.97004
 
2.409998, 0.4094811, 0.01626403, 31.5574, 1.539356, -0.049047535046132312898822, 29142.93, -617.1334, -2.629443, 0.0166641, 0.1456619, 233.0216, 1.845477, 1.56647, 14.97644
 
2.419998, 0.3760325, 0.02035884, 31.69435, 1.540503, -0.0458939149751600804578692427, 29403.19, -617.241, -2.629443, 0.0166641, 0.1456619, 234.0846, 1.845477, 1.566236, 14.98283
 
2.429998, 0.3399264, 0.02411916, 31.83135, 1.54165, -0.042437970410823911313186, 29664.68, -617.3488, -2.629443, 0.0166641, 0.1456619, 235.1483, 1.845477, 1.566003, 14.98923
 
2.439998, 0.3014699, 0.02751843, 31.96838, 1.542799, -0.0387145364120006401994202427, 29927.4, -617.4566, -2.629443, 0.0166641, 0.1456619, 236.2125, 1.845477, 1.565769, 14.99563
 
2.449998, 0.2609813, 0.03053313, 32.10554, 1.544025, -0.034759061485144099860984, 30191.35, -617.5645, -2.629443, 0.0166641, 0.1456619, 237.2774, 1.845477, 1.565536, 15.00202
 
2.459998, 0.2188142, 0.03314294, 32.24258, 1.545097, -0.030610052611060407680664, 30456.54, -617.6725, -2.629443, 0.0166641, 0.1456619, 238.343, 1.845477, 1.565302, 15.00842
 
2.469998, 0.1753249, 0.03533108, 32.37983, 1.546324, -0.026305841499818845044714, 30722.95, -617.7806, -2.629443, 0.0166641, 0.1456619, 239.4091, 1.845477, 1.565069, 15.01482
 
2.479998, 0.13089, 0.03708433, 32.51711, 1.547553, -0.0218861532638437527071147573, 30990.58, -617.8889, -2.629443, 0.0166641, 0.1456619, 240.4758, 1.845477, 1.564835, 15.02121
 
2.489998, 0.08589083, 0.03839323, 32.65428, 1.548626, -0.0173906166166546673276687573, 31259.45, -617.9971, -2.629443, 0.0166641, 0.1456619, 241.5432, 1.845477, 1.564602, 15.02761
 
2.499998, 0.04071768, 0.03925214, 32.79164, 1.549855, -0.012859315975685812478598, 31529.55, -618.1055, -2.629443, 0.0166641, 0.1456619, 242.6112, 1.845477, 1.564369, 15.03401
 
2.509998, -0.004224076, 0.03965931, 32.92896, 1.551008, -0.008333142003759069554664, 31800.87, -618.214, -2.629443, 0.0166641, 0.1456619, 243.6798, 1.845477, 1.564135, 15.0404
 
2.519998, -0.04853285, 0.03961707, 33.06631, 1.55216, -0.0038521326715635898814029243, 32073.41, -618.3224, -2.629443, 0.0166641, 0.1456619, 244.749, 1.845477, 1.563902, 15.0468
 
2.529998, -0.09182505, 0.03913175, 33.20372, 1.553314, 0.00054600646553737809837555, 32347.19, -618.4312, -2.629443, 0.0166641, 0.1456619, 245.8187, 1.845477, 1.563668, 15.0532
 
2.539998, -0.133707, 0.0382135, 33.34114, 1.554468, 0.0048230764650573268046469, 32622.18, -618.5398, -2.629443, 0.0166641, 0.1456619, 246.8891, 1.845477, 1.563435, 15.05959
 
2.549998, -0.173796, 0.03687643, 33.47869, 1.5557, 0.008942391847319335615977, 32898.41, -618.6487, -2.629443, 0.0166641, 0.1456619, 247.9601, 1.845477, 1.563201, 15.06599
 
2.559998, -0.2117561, 0.03513847, 33.61618, 1.556855, 0.012872303537259384698544, 33175.85, -618.7576, -2.629443, 0.0166641, 0.1456619, 249.0316, 1.845477, 1.562968, 15.07239
 
2.569998, -0.2472201, 0.03302091, 33.75372, 1.558011, 0.016578482132075750397021, 33454.52, -618.8666, -2.629443, 0.0166641, 0.1456619, 250.1038, 1.845477, 1.562735, 15.07878
 
2.579998, -0.2798746, 0.0305487, 33.89128, 1.559167, 0.020032078068542926808532, 33734.42, -618.9756, -2.629443, 0.0166641, 0.1456619, 251.1765, 1.845477, 1.562501, 15.08518
 
2.589998, -0.3094319, 0.02774996, 34.02888, 1.560324, 0.023207011061071878220149, 34015.55, -619.0849, -2.629443, 0.0166641, 0.1456619, 252.2499, 1.845477, 1.562268, 15.09158
 
2.599998, -0.3356284, 0.02465564, 34.16659, 1.561559, 0.0260796984320685742889172427, 34297.89, -619.1942, -2.629443, 0.0166641, 0.1456619, 253.3238, 1.845477, 1.562034, 15.09797
 
2.609998, -0.3582131, 0.02129936, 34.30424, 1.562717, 0.028627968433367342043642, 34581.46, -619.3035, -2.629443, 0.0166641, 0.1456619, 254.3983, 1.845477, 1.561801, 15.10437
 
2.619998, -0.3769968, 0.01771723, 34.44165, 1.563642, 0.0308356523395275735257747573, 34866.13, -619.413, -2.629443, 0.0166641, 0.1456619, 255.4729, 1.845477, 1.561567, 15.11077
 
2.629998, -0.3918132, 0.01394726, 34.57835, 1.56394, 0.032688746018704256146758, 35151.81, -619.5225, -2.629443, 0.0166641, 0.1456619, 256.5474, 1.845477, 1.561334, 15.11716
 
2.639998, -0.4025487, 0.01002913, 34.71491, 1.56416, 0.034177951358326573609554, 35438.52, -619.6321, -2.629443, 0.0166641, 0.1456619, 257.6217, 1.845477, 1.561101, 15.12356
 
2.649998, -0.4091046, 0.006003639, 34.85157, 1.564537, 0.035295363648179119526325, 35726.25, -619.7418, -2.629443, 0.0166641, 0.1456619, 258.6959, 1.845477, 1.560867, 15.12996
 
2.659998, -0.4114425, 0.001912593, 34.98792, 1.564678, 0.036038511570877448980725, 36015, -619.8516, -2.629443, 0.0166641, 0.1456619, 259.77, 1.845477, 1.560634, 15.13635
 
2.669998, -0.4095758, -0.002201832, 35.12437, 1.564975, 0.036409401976354320433191, 36304.77, -619.9615, -2.629443, 0.0166641, 0.1456619, 260.8439, 1.845477, 1.5604, 15.14275
 
2.679998, -0.4035486, -0.00629759, 35.26067, 1.565194, 0.03641258314022153144253, 36595.55, -620.0715, -2.629443, 0.0166641, 0.1456619, 261.9177, 1.845477, 1.560167, 15.14915
 
2.689998, -0.3934236, -0.01033308, 35.397, 1.565491, 0.036054172011182424390336, 36887.35, -620.1816, -2.629443, 0.0166641, 0.1456619, 262.9913, 1.845477, 1.559933, 15.15554
 
2.699998, -0.3793462, -0.01426731, 35.53316, 1.56571, 0.035347235022641989951332, 37180.16, -620.2917, -2.629443, 0.0166641, 0.1456619, 264.0649, 1.845477, 1.5597, 15.16194
 
2.709998, -0.3615003, -0.01806077, 35.66935, 1.566006, 0.0343079321365040994466817573, 37473.99, -620.402, -2.629443, 0.0166641, 0.1456619, 265.1383, 1.845477, 1.559467, 15.16834
 
2.719998, -0.3400833, -0.02167578, 35.8054, 1.566224, 0.032953317195429050559828, 37768.82, -620.5124, -2.629443, 0.0166641, 0.1456619, 266.2116, 1.845477, 1.559233, 15.17473
 
2.729998, -0.3153583, -0.02507661, 35.94138, 1.566441, 0.03130580732661307008684, 38064.66, -620.6229, -2.629443, 0.0166641, 0.1456619, 267.2848, 1.845477, 1.559, 15.18113
 
2.739998, -0.2876108, -0.02823019, 36.07737, 1.566736, 0.029389362039733807369788, 38361.51, -620.7333, -2.629443, 0.0166641, 0.1456619, 268.3578, 1.845477, 1.558766, 15.18753
 
2.749998, -0.257152, -0.0311063, 36.21321, 1.566952, 0.027229833768422867030022, 38659.36, -620.844, -2.629443, 0.0166641, 0.1456619, 269.4307, 1.845477, 1.558533, 15.19392
 
2.759998, -0.2243485, -0.03367782, 36.34906, 1.567247, 0.024857360315818923065109, 38958.2, -620.9547, -2.629443, 0.0166641, 0.1456619, 270.5035, 1.845477, 1.558299, 15.20032
 
2.769998, -0.1895756, -0.03592131, 36.48477, 1.567463, 0.022302438790070444655489, 39258.04, -621.0654, -2.629443, 0.0166641, 0.1456619, 271.5761, 1.845477, 1.558066, 15.20672
 
2.779998, -0.1532131, -0.03781706, 36.62049, 1.567757, 0.019595741570062386436662, 39558.88, -621.1763, -2.629443, 0.0166641, 0.1456619, 272.6487, 1.845477, 1.557833, 15.21311
 
2.789998, -0.1156909, -0.03934919, 36.75606, 1.567973, 0.016771586665998600509376, 39860.7, -621.2874, -2.629443, 0.0166641, 0.1456619, 273.721, 1.845477, 1.557599, 15.21951
 
2.799998, -0.0774546, -0.0405061, 36.89155, 1.568187, 0.013865326185428203159233, 40163.51, -621.3984, -2.629443, 0.0166641, 0.1456619, 274.7932, 1.845477, 1.557366, 15.22591
 
2.809998, -0.03892691, -0.04128065, 37.02714, 1.56856, 0.010910244041209782302127, 40467.3, -621.5095, -2.629443, 0.0166641, 0.1456619, 275.8653, 1.845477, 1.557132, 15.2323
 
2.819998, -0.0005501935, -0.04166992, 37.16242, 1.568695, 0.007940772169525905584595, 40772.09, -621.6208, -2.629443, 0.0166641, 0.1456619, 276.9373, 1.845477, 1.556899, 15.2387
 
2.829998, 0.03724741, -0.04167542, 37.29778, 1.568988, 0.0049902120103088182315738243, 41077.84, -621.7322, -2.629443, 0.0166641, 0.1456619, 278.0091, 1.845477, 1.556665, 15.2451
 
2.839998, 0.07402291, -0.04130295, 37.43299, 1.569201, 0.0020926072750597463160321, 41384.58, -621.8436, -2.629443, 0.0166641, 0.1456619, 279.0808, 1.845477, 1.556432, 15.25149
 
2.849998, 0.1093579, -0.04056272, 37.5682, 1.569493, -0.0007199804614789463954678224, 41692.28, -621.9551, -2.629443, 0.0166641, 0.1456619, 280.1523, 1.845477, 1.556199, 15.25789
 
2.859998, 0.1428448, -0.03946914, 37.70326, 1.569706, -0.0034165813859825043482017243, 42000.95, -622.0667, -2.629443, 0.0166641, 0.1456619, 281.2236, 1.845477, 1.555965, 15.26429
 
2.869998, 0.1741151, -0.03804069, 37.83824, 1.569919, -0.0059692690861944668695452, 42310.59, -622.1784, -2.629443, 0.0166641, 0.1456619, 282.2948, 1.845477, 1.555732, 15.27068
 
2.879998, 0.2027978, -0.03629954, 37.97323, 1.57021, -0.0083500766623182942225612, 42621.2, -622.2902, -2.629443, 0.0166641, 0.1456619, 283.3659, 1.845477, 1.555498, 15.27708
 
2.889998, 0.228593, -0.03427156, 38.10814, 1.570501, -0.010536461668580900841171, 42932.76, -622.4021, -2.629443, 0.0166641, 0.1456619, 284.4367, 1.845477, 1.555265, 15.28348
 
2.899998, 0.2512043, -0.03198563, 38.24281, 1.570633, -0.01250626813118316035124, 43245.26, -622.514, -2.629443, 0.0166641, 0.1456619, 285.5074, 1.845477, 1.555031, 15.28987
 
2.909998, 0.270382, -0.02947359, 38.37764, 1.571003, -0.014240703521759102261235, 43558.72, -622.6261, -2.629443, 0.0166641, 0.1456619, 286.5779, 1.845477, 1.554798, 15.29627
 
2.919998, 0.2859347, -0.02676977, 38.51214, 1.571134, -0.01572537811284327071073, 43873.12, -622.7382, -2.629443, 0.0166641, 0.1456619, 287.6482, 1.845477, 1.554564, 15.30267
 
2.929998, 0.2976947, -0.02391042, 38.64674, 1.571424, -0.016947567248966821662369, 44188.47, -622.8505, -2.629443, 0.0166641, 0.1456619, 288.7183, 1.845477, 1.554331, 15.30906
 
2.939998, 0.3055683, -0.02093347, 38.78123, 1.571713, -0.017899856977976420367114, 44504.75, -622.9628, -2.629443, 0.0166641, 0.1456619, 289.7883, 1.845477, 1.554098, 15.31546
 
2.949998, 0.3094777, -0.01787779, 38.91557, 1.571923, -0.0185759638439689756256957573, 44821.98, -623.0752, -2.629443, 0.0166641, 0.1456619, 290.8581, 1.845477, 1.553864, 15.32186
 
2.959998, 0.3094284, -0.01478301, 39.04984, 1.572133, -0.018975405852419415342804, 45140.14, -623.1877, -2.629443, 0.0166641, 0.1456619, 291.9276, 1.845477, 1.553631, 15.32825
 
2.969998, 0.3054565, -0.01168873, 39.18409, 1.572421, -0.0190998305482503522545297573, 45459.22, -623.3004, -2.629443, 0.0166641, 0.1456619, 292.997, 1.845477, 1.553397, 15.33465
 
2.979998, 0.2976466, -0.008634165, 39.31825, 1.57271, -0.0189542068568415871886652427, 45779.22, -623.413, -2.629443, 0.0166641, 0.1456619, 294.0661, 1.845477, 1.553164, 15.34105
 
2.989998, 0.2861532, -0.005657698, 39.45217, 1.572838, -0.018548183432236118634054, 46100.15, -623.5258, -2.629443, 0.0166641, 0.1456619, 295.1351, 1.845477, 1.55293, 15.34744
 
2.999998, 0.2711723, -0.002796167, 39.58617, 1.573126, -0.017894213260261588714182, 46422, -623.6387, -2.629443, 0.0166641, 0.1456619, 296.2038, 1.845477, 1.552697, 15.35384
 
3.009998, 0.2529392, -8.444319E-05, 39.72007, 1.573414, -0.017007334570108361837829, 46744.75, -623.7516, -2.629443, 0.0166641, 0.1456619, 297.2723, 1.845477, 1.552464, 15.36024
 
3.019998, 0.231716, 0.002444949, 39.8538, 1.573621, -0.0159043032441845351440992427, 47068.41, -623.8647, -2.629443, 0.0166641, 0.1456619, 298.3406, 1.845477, 1.55223, 15.36663
 
3.029998, 0.2078267, 0.004762109, 39.98752, 1.573908, -0.014605915155373844969757, 47392.97, -623.9778, -2.629443, 0.0166641, 0.1456619, 299.4086, 1.845477, 1.551997, 15.37303
 
3.039998, 0.1816156, 0.006840376, 40.12107, 1.574114, -0.013134219362326424467455, 47718.43, -624.0911, -2.629443, 0.0166641, 0.1456619, 300.4764, 1.845477, 1.551763, 15.37943
 
3.049998, 0.1534809, 0.008656533, 40.25452, 1.574321, -0.011514752811348116804067, 48044.79, -624.2044, -2.629443, 0.0166641, 0.1456619, 301.544, 1.845477, 1.55153, 15.38582
 
3.059998, 0.1238075, 0.01019134, 40.38797, 1.574606, -0.009772097223231007051758, 48372.04, -624.3178, -2.629443, 0.0166641, 0.1456619, 302.6114, 1.845477, 1.551296, 15.39222
 
3.069998, 0.09304369, 0.01142942, 40.52123, 1.574813, -0.0079348567821695302398568243, 48700.18, -624.4313, -2.629443, 0.0166641, 0.1456619, 303.6785, 1.845477, 1.551063, 15.39862
 
3.079998, 0.06160752, 0.01235985, 40.65441, 1.575018, -0.0060296402150231994376869, 49029.2, -624.5449, -2.629443, 0.0166641, 0.1456619, 304.7453, 1.845477, 1.55083, 15.40501
 
3.089998, 0.02995069, 0.01297593, 40.78764, 1.575383, -0.0040851445994768044928325, 49359.09, -624.6586, -2.629443, 0.0166641, 0.1456619, 305.8119, 1.845477, 1.550596, 15.41141
 
3.099998, -0.001472019, 0.01327544, 40.92054, 1.575507, -0.0021301783101327684626937, 49689.87, -624.7723, -2.629443, 0.0166641, 0.1456619, 306.8782, 1.845477, 1.550363, 15.41781
 
3.109998, -0.03222254, 0.01326072, 41.0535, 1.575792, -0.00019249993751734353512553, 50021.52, -624.8862, -2.629443, 0.0166641, 0.1456619, 307.9443, 1.845477, 1.550129, 15.4242
 
3.119998, -0.06188032, 0.01293849, 41.18628, 1.575995, 0.0017012978287823281126129243, 50354.04, -625.0001, -2.629443, 0.0166641, 0.1456619, 309.0102, 1.845477, 1.549896, 15.4306
 
3.129997, -0.09001414, 0.01231969, 41.31904, 1.576279, 0.0035239732716418636090281, 50687.41, -625.1141, -2.629443, 0.0166641, 0.1456619, 310.0757, 1.845477, 1.549662, 15.437
 
3.139997, -0.1173901, 0.01141955, 42.04175, 1.576563, 0.005276880562588713661095, 51021.64, -634.4801, -2.629443, 0.0166641, 0.1456619, 311.141, 1.846495, 1.549429, 15.44339
 
3.149997, -0.1428705, 0.01024565, 42.72837, 1.576686, 0.006929415351424400035439, 51356.66, -643.2286, -2.629443, 0.0166641, 0.1456619, 312.2057, 1.847586, 1.549196, 15.44979
 
3.159997, -0.1659636, 0.008816941, 43.33218, 1.576968, 0.00845603580906918798414, 51692.41, -650.6333, -2.629443, 0.0166641, 0.1456619, 313.2699, 1.848671, 1.548962, 15.45619
 
3.169997, -0.18631, 0.007157305, 43.8567, 1.577251, 0.00983541266582720540416, 52028.79, -656.7641, -2.629443, 0.0166641, 0.1456619, 314.3331, 1.84975, 1.548729, 15.46258
 
3.179997, -0.2035897, 0.005294205, 44.30564, 1.577453, 0.01104824767719909662874, 52365.88, -661.6913, -2.629443, 0.0166641, 0.1456619, 315.3956, 1.850824, 1.548495, 15.46898
 
3.189997, -0.2175038, 0.003258308, 44.68294, 1.577655, 0.01207632548761201064316, 52703.44, -665.4871, -2.629443, 0.0166641, 0.1456619, 316.4568, 1.851895, 1.548262, 15.47538
 
3.199997, -0.2278618, 0.00108327, 44.99257, 1.577936, 0.0129075751756245326472, 53041.58, -668.2212, -2.629443, 0.0166641, 0.1456619, 317.5169, 1.852963, 1.548028, 15.48177
 
3.209997, -0.234449, -0.001195348, 45.2384, 1.578137, 0.01352853265755357853492, 53380.11, -669.9661, -2.629443, 0.0166641, 0.1456619, 318.5754, 1.854031, 1.547795, 15.48817
 
3.219997, -0.2371974, -0.003539838, 45.42466, 1.578418, 0.01393404112433118721086, 53719.12, -670.7927, -2.629443, 0.0166641, 0.1456619, 319.6327, 1.855099, 1.547562, 15.49457
 
3.229997, -0.2360311, -0.005911812, 45.55538, 1.578618, 0.01411862537609179636768, 54058.51, -670.7735, -2.629443, 0.0166641, 0.1456619, 320.6883, 1.85617, 1.547328, 15.50096
 
3.239997, -0.2309688, -0.008272123, 45.63477, 1.578818, 0.01408223860743146996064, 54398.29, -669.9792, -2.629443, 0.0166641, 0.1456619, 321.7424, 1.857243, 1.547095, 15.50736
 
3.249997, -0.2220741, -0.01058181, 45.66725, 1.579179, 0.01382749785359279237156, 54738.46, -668.4808, -2.629443, 0.0166641, 0.1456619, 322.795, 1.858322, 1.546861, 15.51376
 
3.259997, -0.2094845, -0.01280255, 45.6566, 1.579298, 0.01336124136830216543447, 55079.02, -666.3482, -2.629443, 0.0166641, 0.1456619, 323.8461, 1.859406, 1.546628, 15.52015
 
3.269997, -0.1934136, -0.0148974, 45.60755, 1.579577, 0.01269467702998935775337, 55419.97, -663.6516, -2.629443, 0.0166641, 0.1456619, 324.8958, 1.860496, 1.546394, 15.52655
 
3.279997, -0.1740961, -0.01683153, 45.52406, 1.579775, 0.01184039572629647636092, 55761.21, -660.4598, -2.629443, 0.0166641, 0.1456619, 325.9437, 1.861594, 1.546161, 15.53295
 
3.289997, -0.1518843, -0.01857249, 45.41068, 1.580054, 0.0108173445007632659997, 56102.85, -656.8421, -2.629443, 0.0166641, 0.1456619, 326.9901, 1.8627, 1.545928, 15.53934
 
3.299997, -0.1270922, -0.02009134, 45.27144, 1.580252, 0.00964264125324163671568, 56444.79, -652.8655, -2.629443, 0.0166641, 0.1456619, 328.0349, 1.863814, 1.545694, 15.54574
 
3.309997, -0.1001891, -0.02136226, 45.11097, 1.580531, 0.008341572707543664167366, 56787, -648.5995, -2.629443, 0.0166641, 0.1456619, 329.078, 1.864935, 1.545461, 15.55214
 
3.319997, -0.07164475, -0.02236415, 44.93341, 1.580728, 0.0069394242804585791817662856, 57129.52, -644.1103, -2.629443, 0.0166641, 0.1456619, 330.1195, 1.866065, 1.545227, 15.55853
 
3.329997, -0.04195849, -0.0230806, 44.74329, 1.580924, 0.005462930024146851311146, 57472.41, -639.4648, -2.629443, 0.0166641, 0.1456619, 331.1595, 1.867201, 1.544994, 15.56493
 
3.339997, -0.01160436, -0.02350018, 44.5449, 1.581202, 0.00393742401525863665770, 57815.59, -634.7274, -2.629443, 0.0166641, 0.1456619, 332.1979, 1.868343, 1.54476, 15.57133
 
3.349997, 0.01879863, -0.02361622, 44.34267, 1.581479, 0.002395238951604701721987, 58159.04, -629.9651, -2.629443, 0.0166641, 0.1456619, 333.2347, 1.869491, 1.544527, 15.57772
 
3.359997, 0.04868492, -0.02342824, 44.1408, 1.581594, 0.0008657095522435560552045820, 58502.65, -625.2424, -2.629443, 0.0166641, 0.1456619, 334.2695, 1.870642, 1.544293, 15.58412
 
3.369997, 0.07744478, -0.02294139, 43.94416, 1.58187, -0.0006201324469473535479535, 58846.52, -620.6249, -2.629443, 0.0166641, 0.1456619, 335.3026, 1.871734, 1.54406, 15.59052
 
3.379997, 0.1045322, -0.02216694, 43.75692, 1.582146, -0.002035650954381108837773, 59190.65, -616.1753, -2.629443, 0.0166641, 0.1456619, 336.3341, 1.872741, 1.543827, 15.59691
 
3.389997, 0.1293927, -0.02112162, 43.58344, 1.582341, -0.003353434515872656558224, 59535, -611.9564, -2.629443, 0.0166641, 0.1456619, 337.3639, 1.873748, 1.543593, 15.60331
 
3.399997, 0.1514947, -0.01982769, 43.4283, 1.582616, -0.00454732928863748793429, 59879.58, -608.0309, -2.629443, 0.0166641, 0.1456619, 338.392, 1.874754, 1.54336, 15.6097
 
3.409997, 0.1703722, -0.01831275, 43.29582, 1.582811, -0.00559471575575560727051, 60224.38, -604.4609, -2.629443, 0.0166641, 0.1456619, 339.4184, 1.875764, 1.543126, 15.6161
 
3.419997, 0.1855898, -0.01660902, 43.19049, 1.583004, -0.006474841792276330349030, 60569.27, -601.3079, -2.629443, 0.0166641, 0.1456619, 340.4428, 1.876777, 1.542893, 15.6225
 
3.429997, 0.1967391, -0.01475313, 43.11691, 1.583279, -0.0071686037050558356008, 60914.34, -598.6331, -2.629443, 0.0166641, 0.1456619, 341.4654, 1.877797, 1.542659, 15.62889
 
3.439997, 0.2036066, -0.01278574, 43.07931, 1.583472, -0.00766624372164859644559, 61259.57, -596.4957, -2.629443, 0.0166641, 0.1456619, 342.4862, 1.878825, 1.542426, 15.63529
 
3.449997, 0.205983, -0.01074967, 43.08233, 1.583745, -0.0079584943302022640478218928, 61604.96, -594.9557, -2.629443, 0.0166641, 0.1456619, 343.5053, 1.879862, 1.542193, 15.64169
 
3.459997, 0.2037712, -0.00868984, 43.13022, 1.583938, -0.0080414613711950806005192777, 61950.47, -594.0715, -2.629443, 0.0166641, 0.1456619, 344.5225, 1.88091, 1.541959, 15.64808
 
3.469997, 0.196969, -0.006652128, 43.22754, 1.58413, -0.0079156516989264812476748823, 62296.11, -593.9016, -2.629443, 0.0166641, 0.1456619, 345.5378, 1.88197, 1.541726, 15.65448
 
3.479997, 0.1856919, -0.004682438, 43.37878, 1.584403, -0.0075868782580568772037205871, 62641.84, -594.5035, -2.629443, 0.0166641, 0.1456619, 346.5512, 1.883043, 1.541492, 15.66088
 
3.489997, 0.170151, -0.002825519, 43.58828, 1.584676, -0.0070651379054677561617758543, 62987.64, -595.9338, -2.629443, 0.0166641, 0.1456619, 347.5627, 1.884127, 1.541259, 15.66727
 
3.499997, 0.1506785, -0.00112401, 43.86034, 1.584785, -0.00636553061819962101345, 63333.52, -598.2493, -2.629443, 0.0166641, 0.1456619, 348.5723, 1.885225, 1.541025, 15.67367
 
3.509997, 0.1276775, 0.0003827748, 44.19972, 1.585138, -0.0055059873673750150841795886, 63679.44, -601.5048, -2.629443, 0.0166641, 0.1456619, 349.5799, 1.886334, 1.540792, 15.68007
 
3.519997, 0.1016716, 0.00165955, 44.61043, 1.585329, -0.00450917698543945814048, 64025.4, -605.7554, -2.629443, 0.0166641, 0.1456619, 350.5856, 1.887454, 1.540558, 15.68647
 
3.529997, 0.07327869, 0.002676266, 45.09695, 1.585519, -0.0034013145373869606095261711, 64371.38, -611.0542, -2.629443, 0.0166641, 0.1456619, 351.5892, 1.888584, 1.540325, 15.69286
 
3.539997, 0.04322968, 0.003409053, 45.66376, 1.585708, -0.0022127576551513826380, 64717.37, -617.4562, -2.629443, 0.0166641, 0.1456619, 352.5908, 1.889722, 1.540092, 15.69926
 
3.549997, 0.01225909, 0.00384135, 46.31519, 1.586061, -0.0009734097934887085135946867, 65063.36, -625.0117, -2.629443, 0.0166641, 0.1456619, 353.5904, 1.890865, 1.539858, 15.70566
 
3.559997, -0.01879571, 0.003963941, 47.05517, 1.586168, 0.0002832859638261667202429834, 65409.33, -633.7725, -2.629443, 0.0166641, 0.1456619, 354.588, 1.891966, 1.539625, 15.71205
 
3.569997, -0.04909119, 0.003775984, 47.88861, 1.586438, 0.00152518792328733422599, 65755.29, -643.7926, -2.629443, 0.0166641, 0.1456619, 355.5836, 1.89291, 1.539391, 15.71845
 
3.579997, -0.07772285, 0.003285072, 48.81966, 1.586626, 0.0027176749094835646596, 66101.22, -655.1238, -2.629443, 0.0166641, 0.1456619, 356.5771, 1.893853, 1.539158, 15.72484
 
3.589997, -0.1039179, 0.002507843, 49.85249, 1.586896, 0.0038313140838022761417356428, 66447.13, -667.8123, -2.629443, 0.0166641, 0.1456619, 357.5686, 1.894798, 1.538924, 15.73124
 
3.599997, -0.1269115, 0.001468664, 50.99112, 1.587083, 0.0048372317869455573035222603, 66792.88, -681.9068, -2.629443, 0.0166641, 0.1456619, 358.5578, 1.895746, 1.538691, 15.73764
 
3.609997, -0.1460126, 0.0001995489, 52.24036, 1.587352, 0.00570953242218961161040, 67138.6, -697.461, -2.629443, 0.0166641, 0.1456619, 359.545, 1.896701, 1.538458, 15.74403
 
3.619997, -0.1605689, -0.001260577, 53.60339, 1.587457, 0.006423825343722365475, 67484.19, -714.5118, -2.629443, 0.0166641, 0.1456619, 360.53, 1.897665, 1.538224, 15.75043
 
3.629997, -0.1699687, -0.002866266, 54.34747, 1.587807, 0.0069580249057453041602339815, 67830.09, -723, -2.629443, 0.0166641, 0.1456619, 361.5139, 1.898321, 1.537991, 15.75683
 
3.639997, -0.1740267, -0.004565953, 54.58523, 1.587993, 0.0072965583458309142298291220, 68176.44, -724.5316, -2.629443, 0.0166641, 0.1456619, 362.4973, 1.898746, 1.537757, 15.76322
 
3.649997, -0.1729694, -0.00630622, 54.82003, 1.588178, 0.0074423952027981425355640954, 68523.34, -726.0181, -2.629443, 0.0166641, 0.1456619, 363.4802, 1.899168, 1.537524, 15.76962
 
3.659997, -0.1668139, -0.008035915, 55.05207, 1.588446, 0.0073931278927161116670090113, 68870.72, -727.4622, -2.629443, 0.0166641, 0.1456619, 364.4626, 1.899589, 1.53729, 15.77602
 
3.669997, -0.1558935, -0.009704053, 55.28148, 1.588631, 0.0071582744108503194047293101, 69218.55, -728.8682, -2.629443, 0.0166641, 0.1456619, 365.4444, 1.900009, 1.537057, 15.78241
 
3.679997, -0.1405931, -0.01126299, 55.50862, 1.588898, 0.0067494114200174887832088790, 69566.86, -730.2386, -2.629443, 0.0166641, 0.1456619, 366.4257, 1.900429, 1.536824, 15.78881
 
3.689997, -0.121371, -0.01266892, 55.73352, 1.589082, 0.0061810018126485110949058980, 69915.65, -731.5766, -2.629443, 0.0166641, 0.1456619, 367.4064, 1.900849, 1.53659, 15.79521
 
3.699997, -0.09890316, -0.01388263, 55.95637, 1.589266, 0.0054757524880454155929724430, 70264.91, -732.8839, -2.629443, 0.0166641, 0.1456619, 368.3866, 1.901268, 1.536357, 15.8016
 
3.709997, -0.07389534, -0.01487166, 56.17745, 1.589532, 0.0046577163138691013024384104, 70614.66, -734.1631, -2.629443, 0.0166641, 0.1456619, 369.3663, 1.901684, 1.536123, 15.808
 
3.719997, -0.04713679, -0.01561061, 56.39682, 1.589797, 0.0037542587003313201345563389, 70964.91, -735.4165, -2.629443, 0.0166641, 0.1456619, 370.3456, 1.902096, 1.53589, 15.8144
 
3.729997, -0.01950514, -0.01608198, 56.61445, 1.58998, 0.0027962443111444125550357798, 71315.63, -736.645, -2.629443, 0.0166641, 0.1456619, 371.3244, 1.902502, 1.535656, 15.82079
 
3.739997, 0.008170847, -0.01627703, 56.83057, 1.590163, 0.0018131126469702110540057967, 71666.84, -737.8507, -2.629443, 0.0166641, 0.1456619, 372.3027, 1.902901, 1.535423, 15.82719
 
3.749997, 0.0350382, -0.01619532, 57.04527, 1.590344, 0.0008354804514455199830740553, 72018.53, -739.0348, -2.629443, 0.0166641, 0.1456619, 373.2805, 1.903289, 1.53519, 15.83359
 
3.759997, 0.06024156, -0.01584494, 57.25873, 1.590692, -0.0001056229861968456526468827, 72370.58, -740.1985, -2.629443, 0.0166641, 0.1456619, 374.2577, 1.903648, 1.534956, 15.83998
 
3.769997, 0.08294761, -0.01524253, 57.47071, 1.59079, -0.0009800477623516272136463187, 72723.1, -741.3435, -2.629443, 0.0166641, 0.1456619, 375.2343, 1.903861, 1.534723, 15.84638
 
3.779997, 0.102537, -0.01441305, 57.68159, 1.591054, -0.0017644879462286365631657404, 73076.09, -742.4697, -2.629443, 0.0166641, 0.1456619, 376.2104, 1.904075, 1.534489, 15.85278
 
3.789997, 0.1184033, -0.01338768, 57.89135, 1.591318, -0.0024354552375013665960937514, 73429.52, -743.5791, -2.629443, 0.0166641, 0.1456619, 377.186, 1.904292, 1.534256, 15.85917
 
3.799997, 0.1301058, -0.01220365, 58.09988, 1.591415, -0.0029749259840358130008895314, 73783.41, -744.6726, -2.629443, 0.0166641, 0.1456619, 378.1611, 1.904513, 1.534022, 15.86557
 
3.809997, 0.1373676, -0.01090259, 58.30762, 1.59176, -0.0033703392933518568031021991, 74137.72, -745.7507, -2.629443, 0.0166641, 0.1456619, 379.1357, 1.904742, 1.533789, 15.87197
 
3.819997, 0.1400359, -0.009528913, 58.51419, 1.59194, -0.0036133050153287417197101706, 74492.45, -746.8139, -2.629443, 0.0166641, 0.1456619, 380.1097, 1.904977, 1.533556, 15.87836
 
3.829997, 0.1380827, -0.008128554, 58.71981, 1.592119, -0.0036996385885823688377540253, 74847.59, -747.8634, -2.629443, 0.0166641, 0.1456619, 381.0832, 1.905221, 1.533322, 15.88476
 
3.839997, 0.1316261, -0.006747727, 58.92457, 1.592298, -0.0036301645291197928628769246, 75203.23, -748.8996, -2.629443, 0.0166641, 0.1456619, 382.0563, 1.905472, 1.533089, 15.89116
 
3.849997, 0.1210719, -0.005431465, 59.12859, 1.59256, -0.0034155424928645441714350099, 75559.27, -749.9238, -2.629443, 0.0166641, 0.1456619, 383.0288, 1.905731, 1.532855, 15.89755
 
3.859997, 0.1067552, -0.004220746, 59.33175, 1.592821, -0.0030642975455504766218404945, 75915.67, -750.9359, -2.629443, 0.0166641, 0.1456619, 384.0006, 1.905998, 1.532622, 15.90395
 
3.869997, 0.089198, -0.003153194, 59.53404, 1.592999, -0.0025913910080642920417424007, 76272.55, -751.936, -2.629443, 0.0166641, 0.1456619, 384.9721, 1.906269, 1.532388, 15.91035
 
3.879997, 0.06913108, -0.002261214, 59.73555, 1.593176, -0.0020190338590311924036781489, 76629.79, -752.9252, -2.629443, 0.0166641, 0.1456619, 385.9429, 1.906545, 1.532155, 15.91674
 
3.889997, 0.04725947, -0.001569903, 59.93645, 1.593436, -0.0013689472031911618197865228, 76987.48, -753.9041, -2.629443, 0.0166641, 0.1456619, 386.9133, 1.906823, 1.531922, 15.92314
 
3.899997, 0.02438591, -0.001097309, 60.13657, 1.593613, -0.0006664371294985609669008236, 77345.51, -754.8729, -2.629443, 0.0166641, 0.1456619, 387.8829, 1.907102, 1.531688, 15.92954
 
3.909997, 0.001278728, -0.0008534496, 60.33601, 1.593789, 0.0000639250295875867860692422, 77703.98, -755.8321, -2.629443, 0.0166641, 0.1456619, 388.8522, 1.907368, 1.531455, 15.93593
 
3.919997, -0.02118717, -0.0008406623, 60.53494, 1.594132, 0.0007939887385676838527620054, 78062.77, -756.7819, -2.629443, 0.0166641, 0.1456619, 389.8208, 1.90752, 1.531221, 15.94233
 
3.929997, -0.04233072, -0.001052534, 60.73302, 1.594225, 0.0015013310615110611031737936, 78422.01, -757.7228, -2.629443, 0.0166641, 0.1456619, 390.7889, 1.907669, 1.530988, 15.94873
 
3.939997, -0.06133052, -0.001475841, 60.93063, 1.594483, 0.0021584113991614575205111790, 78781.56, -758.6551, -2.629443, 0.0166641, 0.1456619, 391.7563, 1.907821, 1.530754, 15.95512
 
3.949997, -0.07760882, -0.002089146, 61.12759, 1.594658, 0.0027450256344616233075250342, 79141.55, -759.5792, -2.629443, 0.0166641, 0.1456619, 392.7234, 1.907975, 1.530521, 15.96152
 
3.959997, -0.09058929, -0.002865235, 61.32401, 1.594916, 0.0032406969234083487455357016, 79501.87, -760.4949, -2.629443, 0.0166641, 0.1456619, 393.6897, 1.908134, 1.530288, 15.96792
 
3.969997, -0.09998662, -0.003771127, 61.51986, 1.595091, 0.0036338554602017804986103619, 79862.51, -761.4039, -2.629443, 0.0166641, 0.1456619, 394.6554, 1.908299, 1.530054, 15.97431
 
3.979997, -0.1054862, -0.004770994, 61.71521, 1.595347, 0.0039118771739002580497883883, 80223.59, -762.3046, -2.629443, 0.0166641, 0.1456619, 395.6207, 1.90847, 1.529821, 15.98071
 
3.989997, -0.106906, -0.005825856, 61.90657, 1.595521, 0.0040664056818985828939123349, 80585.14, -763.1548, -2.629443, 0.0166641, 0.1456619, 396.5857, 1.908619, 1.529587, 15.98711
 
3.999997, -0.1042666, -0.006894916, 62.0969, 1.595695, 0.0040948357594037942794629057, 80947.02, -763.9918, -2.629443, 0.0166641, 0.1456619, 397.5501, 1.908772, 1.529354, 15.9935
 
4.009997, -0.09787874, -0.007937582, 62.28687, 1.595951, 0.0040037953605415561833722211, 81309.38, -764.8223, -2.629443, 0.0166641, 0.1456619, 398.5142, 1.908933, 1.52912, 15.9999
 
4.019997, -0.08794324, -0.00891637, 62.47641, 1.596207, 0.0037967673655817572058425302, 81672.07, -765.6474, -2.629443, 0.0166641, 0.1456619, 399.4778, 1.909101, 1.528887, 16.0063
 
4.029997, -0.07498414, -0.009795802, 62.66544, 1.596379, 0.0034873319241728338173916386, 82035.23, -766.4663, -2.629443, 0.0166641, 0.1456619, 400.4411, 1.909276, 1.528653, 16.01269
 
4.039998, -0.05949438, -0.01054564, 62.85402, 1.596551, 0.0030884475073378844709489447, 82398.76, -767.2794, -2.629443, 0.0166641, 0.1456619, 401.4038, 1.909457, 1.52842, 16.01909
 
4.049998, -0.04212231, -0.01114059, 63.04237, 1.59689, 0.0026181122566252977074181436, 82762.64, -768.0872, -2.629443, 0.0166641, 0.1456619, 402.366, 1.909641, 1.528187, 16.02549
 
4.059998, -0.0236491, -0.01156181, 63.23008, 1.596977, 0.0020987165607219664963695528, 83127, -768.8896, -2.629443, 0.0166641, 0.1456619, 403.3281, 1.909828, 1.527953, 16.03188
 
4.069998, -0.004668289, -0.0117983, 63.41757, 1.597232, 0.0015474724041127654430280503, 83491.71, -769.687, -2.629443, 0.0166641, 0.1456619, 404.2896, 1.910016, 1.52772, 16.03828
 
4.079998, 0.0140068, -0.01184498, 63.60463, 1.597485, 0.0009885101557103695730857247, 83856.77, -770.4791, -2.629443, 0.0166641, 0.1456619, 405.2505, 1.910202, 1.527486, 16.04468
 
4.089999, 0.0316626, -0.01170492, 63.7913, 1.597656, 0.0004434496211102979925987911, 84222.32, -771.2665, -2.629443, 0.0166641, 0.1456619, 406.2113, 1.910386, 1.527253, 16.05107
 
4.099999, 0.04767912, -0.01138829, 63.97761, 1.597825, -0.0000684586004084872777072341, 84588.2, -772.0496, -2.629443, 0.0166641, 0.1456619, 407.1716, 1.910554, 1.527019, 16.05747
 
4.109999, 0.06139658, -0.0109115, 64.1636, 1.598078, -0.0005265484140256986340993253, 84954.43, -772.8277, -2.629443, 0.0166641, 0.1456619, 408.1314, 1.910653, 1.526786, 16.06387
 
4.119999, 0.07237243, -0.01029753, 64.34917, 1.598248, -0.0009160595895857291147960649, 85320.98, -773.6017, -2.629443, 0.0166641, 0.1456619, 409.0906, 1.910756, 1.526552, 16.07026
 
4.13, 0.08015457, -0.009573807, 64.53442, 1.598416, -0.0012215989730186894200768077, 85687.98, -774.3713, -2.629443, 0.0166641, 0.1456619, 410.0496, 1.910865, 1.526319, 16.07666
 
4.14, 0.08464551, -0.008772261, 64.71941, 1.598668, -0.0014378490511024653589838495, 86055.3, -775.1368, -2.629443, 0.0166641, 0.1456619, 411.008, 1.91098, 1.526086, 16.08306
 
4.15, 0.08564664, -0.007925807, 64.90405, 1.59892, -0.0015565209575369837432769537, 86423.03, -775.898, -2.629443, 0.0166641, 0.1456619, 411.9662, 1.911101, 1.525852, 16.08945
 
4.16, 0.08329878, -0.00706934, 65.08829, 1.599088, -0.0015790264769949226749485392, 86791.07, -776.6553, -2.629443, 0.0166641, 0.1456619, 412.9237, 1.911229, 1.525619, 16.09585
 
4.170001, 0.07764602, -0.006236352, 65.27213, 1.59917, -0.0015041062160526581466949938, 87159.49, -777.4088, -2.629443, 0.0166641, 0.1456619, 413.881, 1.911364, 1.525385, 16.10225
 
4.180001, 0.06916981, -0.005459892, 65.45565, 1.599253, -0.0013430622815648683181707052, 87528.2, -778.1586, -2.629443, 0.0166641, 0.1456619, 414.8376, 1.911505, 1.525152, 16.10865
 
4.190001, 0.05812991, -0.004768194, 65.63881, 1.599335, -0.0011012063421616933842151482, 87897.16, -778.9047, -2.629443, 0.0166641, 0.1456619, 415.7935, 1.911651, 1.524918, 16.11504
 
4.200001, 0.04506338, -0.004186895, 65.82164, 1.599332, -0.0007918781921534298023191974, 88266.5, -779.6476, -2.629443, 0.0166641, 0.1456619, 416.7492, 1.911802, 1.524685, 16.12144
 
4.210001, 0.03057674, -0.003736261, 66.00415, 1.599413, -0.0004307224970243348271457201, 88636.08, -780.3863, -2.629443, 0.0166641, 0.1456619, 417.7041, 1.911956, 1.524451, 16.12784
 
4.220002, 0.01531362, -0.003430493, 66.18633, 1.599494, -0.0000348007045989637458693423, 89005.89, -781.1217, -2.629443, 0.0166641, 0.1456619, 418.6584, 1.912111, 1.524218, 16.13423
 
4.230002, -0.0001623808, -0.003277357, 66.36819, 1.599489, 0.0003807180867790452336550388, 89376.07, -781.8541, -2.629443, 0.0166641, 0.1456619, 419.6123, 1.912206, 1.523985, 16.14063
 
4.240002, -0.01505069, -0.003278981, 66.54976, 1.599569, 0.0007937591636483211162803302, 89746.47, -782.5829, -2.629443, 0.0166641, 0.1456619, 420.5655, 1.912294, 1.523751, 16.14703
 
4.250002, -0.02885186, -0.003429488, 66.73101, 1.599648, 0.0011899833255926809185422894, 90117.09, -783.3084, -2.629443, 0.0166641, 0.1456619, 421.518, 1.912382, 1.523518, 16.15342
 
4.260003, -0.04098023, -0.003718006, 66.91203, 1.599726, 0.0015523550565644702635799975, 90488.06, -784.0313, -2.629443, 0.0166641, 0.1456619, 422.4702, 1.912473, 1.523284, 16.15982
 
4.270003, -0.0509104, -0.004127809, 67.09262, 1.59972, 0.0018651177998868894744512644, 90859.26, -784.7507, -2.629443, 0.0166641, 0.1456619, 423.4217, 1.912567, 1.523051, 16.16622
 
4.280003, -0.05831343, -0.004636913, 67.27288, 1.599713, 0.0021175485361818120129744851, 91230.68, -785.467, -2.629443, 0.0166641, 0.1456619, 424.3725, 1.912665, 1.522817, 16.17261
 
4.290003, -0.0630202, -0.005220047, 67.45304, 1.59979, 0.0023030621803809171228622033, 91602.45, -786.1812, -2.629443, 0.0166641, 0.1456619, 425.323, 1.912767, 1.522584, 16.17901
 
4.300004, -0.0647343, -0.005850249, 67.63287, 1.599867, 0.0024115475515675440665234715, 91974.44, -786.8922, -2.629443, 0.0166641, 0.1456619, 426.2729, 1.912875, 1.522351, 16.18541
 
4.310004, -0.06353273, -0.006497591, 67.8124, 1.599943, 0.0024427679062789919537540386, 92346.66, -787.6003, -2.629443, 0.0166641, 0.1456619, 427.2221, 1.912988, 1.522117, 16.1918
 
4.320004, -0.05953037, -0.007132919, 67.99155, 1.599934, 0.0023975745479881651671896577, 92719.12, -788.3057, -2.629443, 0.0166641, 0.1456619, 428.1708, 1.913106, 1.521884, 16.1982
 
4.330004, -0.05303901, -0.007728222, 68.17053, 1.600009, 0.0022821704364971756651755046, 93091.81, -789.0085, -2.629443, 0.0166641, 0.1456619, 429.1189, 1.91323, 1.52165, 16.2046
 
4.340004, -0.04430691, -0.008258612, 68.34914, 1.599999, 0.0021012826718350509304111213, 93464.73, -789.7089, -2.629443, 0.0166641, 0.1456619, 430.0664, 1.913358, 1.521417, 16.21099
 
4.350005, -0.03388256, -0.008701681, 68.52766, 1.600159, 0.0018677620741376941314965916, 93837.89, -790.4068, -2.629443, 0.0166641, 0.1456619, 431.0133, 1.913489, 1.521183, 16.21739
 
4.360005, -0.02218434, -0.009040507, 68.70563, 1.600062, 0.0015913811361474305072615933, 94211.29, -791.1019, -2.629443, 0.0166641, 0.1456619, 431.9597, 1.913623, 1.52095, 16.22379
 
4.370005, -0.009762798, -0.00926235, 68.88353, 1.600136, 0.0012856710356283447362215510, 94584.93, -791.7948, -2.629443, 0.0166641, 0.1456619, 432.9055, 1.913759, 1.520717, 16.23018
 
4.380005, 0.002728591, -0.009359978, 69.06124, 1.600294, 0.0009671885500474548525386200, 94958.79, -792.4854, -2.629443, 0.0166641, 0.1456619, 433.8508, 1.913894, 1.520483, 16.23658
 
4.390006, 0.0147978, -0.009332692, 69.23843, 1.600196, 0.0006487181502951645275429676, 95332.88, -793.1736, -2.629443, 0.0166641, 0.1456619, 434.7955, 1.91403, 1.52025, 16.24298
 
4.400006, 0.02590789, -0.009184714, 69.41563, 1.600353, 0.0003445287824998412284855645, 95707.21, -793.8595, -2.629443, 0.0166641, 0.1456619, 435.7397, 1.914163, 1.520016, 16.24937
 
4.410006, 0.0355424, -0.008925635, 69.59232, 1.600254, 0.0000686869048299929922526343, 96081.75, -794.5433, -2.629443, 0.0166641, 0.1456619, 436.6833, 1.914293, 1.519783, 16.25577
 
4.420006, 0.04330726, -0.008570211, 69.769, 1.60041, -0.0001675469373049628963638320, 96456.51, -795.2249, -2.629443, 0.0166641, 0.1456619, 437.6264, 1.914394, 1.519549, 16.26217
 
4.430007, 0.04886904, -0.008137139, 69.9372, 1.600395, -0.0003543872720811917677101765, 96831.47, -795.8104, -2.629443, 0.0166641, 0.1456619, 438.5689, 1.914426, 1.519316, 16.26857
 
4.440007, 0.05199692, -0.007648448, 70.06055, 1.600466, -0.0004850527396263833293039110, 97206.63, -795.8748, -2.629443, 0.0166641, 0.1456619, 439.5108, 1.914127, 1.519082, 16.27496
 
4.450007, 0.05266426, -0.007128479, 70.1836, 1.600535, -0.0005560463216348381056949965, 97581.98, -795.9387, -2.629443, 0.0166641, 0.1456619, 440.4521, 1.913834, 1.518849, 16.28136
 
4.460007, 0.05087412, -0.006601837, 70.30629, 1.600519, -0.0005653624672297716475154673, 97957.5, -796.0026, -2.629443, 0.0166641, 0.1456619, 441.3929, 1.913546, 1.518616, 16.28776
 
4.470007, 0.04678611, -0.006093096, 70.42876, 1.600587, -0.0005149552958170785006976500, 98333.21, -796.0659, -2.629443, 0.0166641, 0.1456619, 442.333, 1.913264, 1.518382, 16.29415
 
4.480008, 0.04075443, -0.005625234, 70.55077, 1.60057, -0.0004118058184932387216237703, 98709.07, -796.1279, -2.629443, 0.0166641, 0.1456619, 443.2725, 1.912987, 1.518149, 16.30055
 
4.490008, 0.03302835, -0.00521769, 70.67276, 1.600723, -0.0002605433745470338199860275, 99085.23, -796.1903, -2.629443, 0.0166641, 0.1456619, 444.2116, 1.912715, 1.517915, 16.30695
 
4.500008, 0.02412164, -0.004887407, 70.79423, 1.600705, -0.0000726037708952809807365790, 99461.52, -796.2519, -2.629443, 0.0166641, 0.1456619, 445.1501, 1.912446, 1.517682, 16.31334
 
4.510008, 0.01440122, -0.00464619, 70.91537, 1.600686, 0.0001438478126039393479507368, 99837.97, -796.3127, -2.629443, 0.0166641, 0.1456619, 446.088, 1.912157, 1.517448, 16.31974
 
4.520009, 0.00438716, -0.004502178, 71.03632, 1.600752, 0.0003765938635116511691693072, 100214.5, -796.3735, -2.629443, 0.0166641, 0.1456619, 447.0252, 1.911857, 1.517215, 16.32614
 
4.530009, -0.005458061, -0.004458306, 71.15694, 1.600818, 0.0006144181232367449520989628, 100591.3, -796.4338, -2.629443, 0.0166641, 0.1456619, 447.9617, 1.911557, 1.516981, 16.33253
 
4.540009, -0.01467537, -0.004512887, 71.27721, 1.600797, 0.0008458305625502986958822093, 100968.2, -796.4936, -2.629443, 0.0166641, 0.1456619, 448.8979, 1.911258, 1.516748, 16.33893
 
4.550009, -0.02274421, -0.004659641, 71.39734, 1.600948, 0.0010574861817443165162408185, 101345.3, -796.5529, -2.629443, 0.0166641, 0.1456619, 449.8334, 1.910961, 1.516515, 16.34533
 
4.560009, -0.02942978, -0.004887083, 71.51691, 1.60084, 0.0012426319164402388600042384, 101722.6, -796.6118, -2.629443, 0.0166641, 0.1456619, 450.7683, 1.910668, 1.516281, 16.35172
 
4.57001, -0.03443567, -0.005181381, 71.63642, 1.60099, 0.0013928454572825038951071643, 102099.9, -796.6703, -2.629443, 0.0166641, 0.1456619, 451.7025, 1.910377, 1.516048, 16.35812
 
4.58001, -0.03753988, -0.005525737, 71.75544, 1.600968, 0.0015012899979846907651135011, 102477.4, -796.7283, -2.629443, 0.0166641, 0.1456619, 452.6362, 1.910091, 1.515814, 16.36452
 
4.59001, -0.0386789, -0.005901136, 71.87415, 1.600945, 0.0015648180221119998348142818, 102855, -796.7858, -2.629443, 0.0166641, 0.1456619, 453.5692, 1.909809, 1.515581, 16.37091
 
4.60001, -0.03786714, -0.006287925, 71.99279, 1.601093, 0.0015821209494866853003416467, 103232.8, -796.8432, -2.629443, 0.0166641, 0.1456619, 454.5018, 1.909531, 1.515347, 16.37731
 
4.610011, -0.03513286, -0.006666597, 72.11097, 1.601069, 0.0015522538157633364128618331, 103610.8, -796.9002, -2.629443, 0.0166641, 0.1456619, 455.4339, 1.909258, 1.515114, 16.38371
 
4.620011, -0.03070032, -0.007017925, 72.22884, 1.601044, 0.0014790096365779294357607650, 103988.9, -796.9568, -2.629443, 0.0166641, 0.1456619, 456.3654, 1.908988, 1.514881, 16.3901
 
4.630011, -0.02484989, -0.007324928, 72.34658, 1.601191, 0.0013677047099270593834867090, 104367.2, -797.0131, -2.629443, 0.0166641, 0.1456619, 457.2963, 1.908723, 1.514647, 16.3965
 
4.640011, -0.01793828, -0.007573427, 72.46376, 1.601079, 0.0012256944908109494310981670, 104745.6, -797.0689, -2.629443, 0.0166641, 0.1456619, 458.2266, 1.90846, 1.514414, 16.4029
 
4.650012, -0.01031946, -0.00775281, 72.58087, 1.601225, 0.0010605548943159891020454985, 105124.1, -797.124, -2.629443, 0.0166641, 0.1456619, 459.1563, 1.9082, 1.51418, 16.40929
 
4.660012, -0.002413462, -0.007856004, 72.69751, 1.601198, 0.0008816853906533998243331365, 105502.7, -797.1788, -2.629443, 0.0166641, 0.1456619, 460.0854, 1.907942, 1.513947, 16.41569
 
4.670012, 0.005383885, -0.007880138, 72.81394, 1.601258, 0.0006982432408010080016224671, 105881.3, -797.2338, -2.629443, 0.0166641, 0.1456619, 461.0138, 1.907685, 1.513713, 16.42209
 
4.680012, 0.01262887, -0.007826299, 72.92997, 1.60123, 0.0005208030380791426047693723, 106260, -797.288, -2.629443, 0.0166641, 0.1456619, 461.9415, 1.907428, 1.51348, 16.42848
 
4.690012, 0.01900491, -0.007700011, 73.04585, 1.601374, 0.0003572913345633055292593125, 106638.9, -797.3419, -2.629443, 0.0166641, 0.1456619, 462.8686, 1.90717, 1.513247, 16.43488
 
4.700013, 0.02428939, -0.007509962, 73.16119, 1.601259, 0.0002136621784449039463571575, 107017.8, -797.3954, -2.629443, 0.0166641, 0.1456619, 463.7952, 1.906911, 1.513013, 16.44128
 
4.710013, 0.02821036, -0.007267068, 73.27647, 1.601402, 0.0000971913745408191909633507, 107396.8, -797.4486, -2.629443, 0.0166641, 0.1456619, 464.7212, 1.906651, 1.51278, 16.44768
 
4.720013, 0.03063016, -0.006984964, 73.3912, 1.601286, 0.0000122204596691367389046224, 107776, -797.5015, -2.629443, 0.0166641, 0.1456619, 465.6466, 1.906389, 1.512546, 16.45407
 
4.730013, 0.03145513, -0.006678662, 73.50598, 1.601515, -0.0000378219692977886892001048, 108155.2, -797.5541, -2.629443, 0.0166641, 0.1456619, 466.5714, 1.906119, 1.512313, 16.46047
 
4.740014, 0.03071329, -0.006364111, 73.62009, 1.601397, -0.0000522688527486374108689652, 108534.5, -797.6061, -2.629443, 0.0166641, 0.1456619, 467.4956, 1.90585, 1.512079, 16.46687
 
4.750014, 0.02851969, -0.006056978, 73.73409, 1.601453, -0.0000324741817252041566330221, 108913.9, -797.6581, -2.629443, 0.0166641, 0.1456619, 468.4192, 1.905585, 1.511846, 16.47326
 
4.760014, 0.0249667, -0.005771781, 73.84776, 1.601507, 0.0000206267742285879783245036, 109293.4, -797.7095, -2.629443, 0.0166641, 0.1456619, 469.3421, 1.905319, 1.511612, 16.47966
 
4.770014, 0.02034107, -0.005522114, 73.96106, 1.601474, 0.0001015713293833947404757991, 109672.9, -797.7608, -2.629443, 0.0166641, 0.1456619, 470.2645, 1.905047, 1.511379, 16.48606
 
4.780015, 0.01487022, -0.005318703, 74.07414, 1.601528, 0.0002060330092105430806701583, 110052.4, -797.8118, -2.629443, 0.0166641, 0.1456619, 471.1862, 1.904774, 1.511146, 16.49245
 
4.790015, 0.008863297, -0.005170001, 74.18684, 1.601494, 0.0003276432080518193525009573, 110432.2, -797.8622, -2.629443, 0.0166641, 0.1456619, 472.1075, 1.904499, 1.510912, 16.49885
 
4.800015, 0.00273023, -0.005081368, 74.29942, 1.601633, 0.0004575102984388699308865698, 110812, -797.9125, -2.629443, 0.0166641, 0.1456619, 473.0283, 1.904225, 1.510679, 16.50525
 
4.810015, -0.003276858, -0.005054065, 74.41151, 1.601599, 0.0005900000540195225216499769, 111191.8, -797.9624, -2.629443, 0.0166641, 0.1456619, 473.9484, 1.903951, 1.510445, 16.51164
 
4.820015, -0.008870904, -0.005086834, 74.5234, 1.601651, 0.0007185019680081538275354674, 111571.7, -798.0121, -2.629443, 0.0166641, 0.1456619, 474.8678, 1.903677, 1.510212, 16.51804
 
4.830016, -0.01378492, -0.005175543, 74.63478, 1.601528, 0.0008366374714841834889421461, 111951.6, -798.0614, -2.629443, 0.0166641, 0.1456619, 475.7866, 1.903405, 1.509978, 16.52444
 
4.840016, -0.01773224, -0.005313392, 74.74612, 1.601666, 0.0009373911332413552129193100, 112331.5, -798.1104, -2.629443, 0.0166641, 0.1456619, 476.7048, 1.903135, 1.509745, 16.53083
 
4.850016, -0.02059624, -0.005490715, 74.85706, 1.601716, 0.0010173369811158425023221179, 112711.5, -798.159, -2.629443, 0.0166641, 0.1456619, 477.6223, 1.902867, 1.509511, 16.53723
 
4.860016, -0.02223529, -0.005696677, 74.96761, 1.601679, 0.0010724095352876991778644606, 113091.5, -798.2075, -2.629443, 0.0166641, 0.1456619, 478.5392, 1.902602, 1.509278, 16.54363
 
4.870017, -0.02258394, -0.00591903, 75.07794, 1.601728, 0.0011001403878305046421118450, 113471.5, -798.2557, -2.629443, 0.0166641, 0.1456619, 479.4555, 1.902339, 1.509045, 16.55002
 
4.880017, -0.0216884, -0.006144869, 75.18793, 1.601689, 0.0011004940572877289327797222, 113851.5, -798.304, -2.629443, 0.0166641, 0.1456619, 480.3712, 1.902079, 1.508811, 16.55642
 
4.890017, -0.01959496, -0.006361753, 75.29761, 1.601738, 0.0010734814821684744086460883, 114231.6, -798.3512, -2.629443, 0.0166641, 0.1456619, 481.2863, 1.901822, 1.508578, 16.56282
 
4.900017, -0.01652232, -0.006557703, 75.40701, 1.601786, 0.0010229589020458198382239079, 114611.7, -798.3984, -2.629443, 0.0166641, 0.1456619, 482.2008, 1.901567, 1.508344, 16.56921
 
4.910017, -0.01267025, -0.006722926, 75.51611, 1.601833, 0.0009525351081553151863767582, 114991.8, -798.4454, -2.629443, 0.0166641, 0.1456619, 483.1147, 1.901314, 1.508111, 16.57561
 
4.920018, -0.008233882, -0.006849628, 75.62486, 1.601792, 0.0008658728389274344026068403, 115372, -798.4924, -2.629443, 0.0166641, 0.1456619, 484.028, 1.901063, 1.507877, 16.58201
 
4.930018, -0.003452499, -0.006931967, 75.73325, 1.601752, 0.0007677513103817897791232182, 115752.2, -798.5385, -2.629443, 0.0166641, 0.1456619, 484.9407, 1.900813, 1.507644, 16.5884
 
4.940018, 0.001422693, -0.006966492, 75.84146, 1.601797, 0.0006633913977137750316914183, 116132.4, -798.5848, -2.629443, 0.0166641, 0.1456619, 485.8528, 1.900564, 1.507411, 16.5948
 
4.950018, 0.006098161, -0.006952265, 75.94933, 1.601842, 0.0005591222851943516890896709, 116512.6, -798.6304, -2.629443, 0.0166641, 0.1456619, 486.7644, 1.900316, 1.507177, 16.6012
 
4.960019, 0.0103213, -0.006891283, 76.05695, 1.601887, 0.0004606048868674707277955289, 116892.8, -798.6764, -2.629443, 0.0166641, 0.1456619, 487.6753, 1.900068, 1.506944, 16.6076
 
4.970019, 0.01391779, -0.00678807, 76.16422, 1.601932, 0.0003719941934366503120465588, 117273, -798.7216, -2.629443, 0.0166641, 0.1456619, 488.5857, 1.899819, 1.50671, 16.61399
 
4.980019, 0.01669269, -0.006648893, 76.27113, 1.601888, 0.0002980171817038283794418393, 117653.3, -798.7668, -2.629443, 0.0166641, 0.1456619, 489.4954, 1.89957, 1.506477, 16.62039
 
4.990019, 0.01849826, -0.006481966, 76.37767, 1.601844, 0.0002425287163928257570803348, 118033.5, -798.8112, -2.629443, 0.0166641, 0.1456619, 490.4046, 1.899319, 1.506243, 16.62679
 
5.00002, 0.01928371, -0.006296983, 76.48405, 1.601887, 0.0002074114929646564872926675, 118413.7, -798.856, -2.629443, 0.0166641, 0.1456619, 491.3132, 1.899068, 1.50601, 16.63318
 
5.01002, 0.01902502, -0.006104146, 76.5901, 1.601929, 0.0001940076320145975418913352, 118793.8, -798.9005, -2.629443, 0.0166641, 0.1456619, 492.2208, 1.898815, 1.505776, 16.63958
 
5.02002, 0.01772876, -0.005913896, 76.69577, 1.601971, 0.0002030207835308502661833002, 119173.8, -798.9442, -2.629443, 0.0166641, 0.1456619, 493.1279, 1.898561, 1.505543, 16.64598
 
5.03002, 0.01557241, -0.005736608, 76.80112, 1.601924, 0.0002315098271078533348026742, 119553.8, -798.9883, -2.629443, 0.0166641, 0.1456619, 494.0343, 1.898306, 1.50531, 16.65237
 
5.04002, 0.01268201, -0.005580884, 76.90612, 1.601878, 0.0002774887906104772174645448, 119933.8, -799.0319, -2.629443, 0.0166641, 0.1456619, 494.9401, 1.89805, 1.505076, 16.65877
 
5.050021, 0.009234154, -0.005454064, 77.01099, 1.602006, 0.0003378051927583933159822857, 120313.7, -799.0753, -2.629443, 0.0166641, 0.1456619, 495.8453, 1.897793, 1.504843, 16.66517
 
5.060021, 0.005491809, -0.005361722, 77.11536, 1.601958, 0.0004073454322944772081316845, 120693.6, -799.1182, -2.629443, 0.0166641, 0.1456619, 496.7498, 1.897536, 1.504609, 16.67156
 
5.070021, 0.001554602, -0.005306804, 77.21954, 1.601997, 0.0004842378655603130175636613, 121073.5, -799.1612, -2.629443, 0.0166641, 0.1456619, 497.6537, 1.897278, 1.504376, 16.67796
 
5.080021, -0.002227377, -0.005291258, 77.3233, 1.601948, 0.0005612758291326252465963899, 121453.4, -799.2034, -2.629443, 0.0166641, 0.1456619, 498.5573, 1.897021, 1.504142, 16.68436
 
5.090022, -0.005619546, -0.005313532, 77.42688, 1.601987, 0.0006334111933598014674662017, 121833.3, -799.2458, -2.629443, 0.0166641, 0.1456619, 499.4603, 1.896765, 1.503909, 16.69075
 
5.100022, -0.008547252, -0.005369727, 77.53017, 1.602025, 0.0006987570584919241706366559, 122213.1, -799.2881, -2.629443, 0.0166641, 0.1456619, 500.3626, 1.89651, 1.503676, 16.69715
 
5.110022, -0.01084403, -0.0054552, 77.63313, 1.602062, 0.0007534615692873843397410966, 122592.9, -799.33, -2.629443, 0.0166641, 0.1456619, 501.2643, 1.896256, 1.503442, 16.70355
 
5.120022, -0.01242567, -0.005563641, 77.73569, 1.602011, 0.0007952598523243750813805058, 122972.6, -799.3719, -2.629443, 0.0166641, 0.1456619, 502.1654, 1.896004, 1.503209, 16.70994
 
5.130023, -0.01316992, -0.005687897, 77.83789, 1.601959, 0.0008210388392033781968114607, 123352.3, -799.4127, -2.629443, 0.0166641, 0.1456619, 503.0658, 1.895753, 1.502975, 16.71634
 
5.140023, -0.01309616, -0.005819596, 77.94, 1.602083, 0.0008305264693038553982617760, 123731.7, -799.4543, -2.629443, 0.0166641, 0.1456619, 503.9654, 1.895504, 1.502742, 16.72274
 
5.150023, -0.01231978, -0.005950558, 78.04149, 1.601942, 0.0008254404871701170010671327, 124111.1, -799.4952, -2.629443, 0.0166641, 0.1456619, 504.8643, 1.895256, 1.502508, 16.72913
 
5.160023, -0.01089079, -0.006073756, 78.14292, 1.602066, 0.0008062525427427458096541010, 124490.4, -799.5358, -2.629443, 0.0166641, 0.1456619, 505.7626, 1.89501, 1.502275, 16.73553
 
5.170023, -0.008825684, -0.006182664, 78.24387, 1.602012, 0.0007727816935604632609026689, 124869.6, -799.5762, -2.629443, 0.0166641, 0.1456619, 506.6603, 1.894766, 1.502041, 16.74193
 
5.180024, -0.006292664, -0.00627092, 78.3446, 1.602046, 0.0007279682662335825725451296, 125248.8, -799.6163, -2.629443, 0.0166641, 0.1456619, 507.5574, 1.894523, 1.501808, 16.74832
 
5.190024, -0.003426193, -0.006333847, 78.44505, 1.602079, 0.0006741883026828868691818601, 125627.8, -799.6566, -2.629443, 0.0166641, 0.1456619, 508.4539, 1.894281, 1.501575, 16.75472
 
5.200024, -0.0003882455, -0.006368109, 78.54508, 1.602024, 0.0006144809557657383508230704, 126006.9, -799.6964, -2.629443, 0.0166641, 0.1456619, 509.3499, 1.894039, 1.501341, 16.76112
 
5.210024, 0.002543705, -0.006371992, 78.64487, 1.602056, 0.0005543484756109376060924050, 126385.8, -799.7357, -2.629443, 0.0166641, 0.1456619, 510.2452, 1.893799, 1.501108, 16.76752
 
5.220025, 0.005311737, -0.006346554, 78.74438, 1.602088, 0.0004950581977621340625647689, 126764.6, -799.775, -2.629443, 0.0166641, 0.1456619, 511.1399, 1.893558, 1.500874, 16.77391
 
5.230025, 0.007718329, -0.006293437, 78.84338, 1.601943, 0.0004407338526257085942755489, 127143.4, -799.814, -2.629443, 0.0166641, 0.1456619, 512.034, 1.893318, 1.500641, 16.78031
 
5.240025, 0.009714347, -0.006216254, 78.94237, 1.602063, 0.0003926639133641481597787049, 127522.1, -799.8531, -2.629443, 0.0166641, 0.1456619, 512.9276, 1.893077, 1.500407, 16.78671
 
5.250025, 0.01104479, -0.00611911, 79.04089, 1.602093, 0.0003562963028986415530048078, 127900.5, -799.8918, -2.629443, 0.0166641, 0.1456619, 513.8202, 1.892836, 1.500174, 16.7931
 
5.260026, 0.01171316, -0.006008662, 79.13903, 1.602034, 0.0003320933381941317994646621, 128278.8, -799.9302, -2.629443, 0.0166641, 0.1456619, 514.7122, 1.892594, 1.499941, 16.7995
 
5.270026, 0.01171475, -0.005891531, 79.23696, 1.602064, 0.0003206776199934091415154117, 128657, -799.9688, -2.629443, 0.0166641, 0.1456619, 515.6036, 1.892352, 1.499707, 16.80589
 
5.280026, 0.01108687, -0.005774383, 79.33445, 1.602004, 0.0003218326091257352320538366, 129035.1, -800.0067, -2.629443, 0.0166641, 0.1456619, 516.4944, 1.892109, 1.499474, 16.81229
 
5.290026, 0.009922716, -0.005663515, 79.43171, 1.602032, 0.0003342039000301785292895961, 129413.1, -800.0443, -2.629443, 0.0166641, 0.1456619, 517.3845, 1.891865, 1.49924, 16.81869
 
5.300026, 0.008262895, -0.005564287, 79.52863, 1.601972, 0.0003574054395648426370434070, 129791, -800.0824, -2.629443, 0.0166641, 0.1456619, 518.2741, 1.891621, 1.499007, 16.82509
 
5.310027, 0.006195863, -0.005481659, 79.62536, 1.602088, 0.0003900758931066473050149012, 130168.7, -800.1196, -2.629443, 0.0166641, 0.1456619, 519.163, 1.891376, 1.498773, 16.83148
 
5.320027, 0.00392303, -0.0054197, 79.72159, 1.602026, 0.0004285559529075474003720548, 130546.3, -800.1567, -2.629443, 0.0166641, 0.1456619, 520.0513, 1.891131, 1.49854, 16.83788
 
5.330027, 0.0015695, -0.00538047, 79.81765, 1.602053, 0.0004705402945982769588103192, 130923.8, -800.194, -2.629443, 0.0166641, 0.1456619, 520.939, 1.890887, 1.498306, 16.84428
 
5.340027, -0.0007054273, -0.005364775, 79.91328, 1.601989, 0.0005129572066111555119038383, 131301.1, -800.2309, -2.629443, 0.0166641, 0.1456619, 521.826, 1.890643, 1.498073, 16.85067
 
5.350028, -0.002887527, -0.005371829, 80.00854, 1.601926, 0.0005554585563304854861673496, 131678.3, -800.267, -2.629443, 0.0166641, 0.1456619, 522.7125, 1.890399, 1.49784, 16.85707
 
5.360028, -0.004724585, -0.005400704, 80.10371, 1.60204, 0.0005930390630372294167514595, 132055.4, -800.3035, -2.629443, 0.0166641, 0.1456619, 523.5983, 1.890155, 1.497606, 16.86347
 
5.370028, -0.006172834, -0.00544795, 80.1984, 1.601975, 0.0006245671713148460564034767, 132432.3, -800.3399, -2.629443, 0.0166641, 0.1456619, 524.4835, 1.889913, 1.497373, 16.86986
 
5.380028, -0.007121522, -0.005509679, 80.2929, 1.601999, 0.0006475804653883734574699817, 132809, -800.3762, -2.629443, 0.0166641, 0.1456619, 525.368, 1.889672, 1.497139, 16.87626
 
5.390028, -0.007611398, -0.005580894, 80.38685, 1.601934, 0.0006624730328655082099535088, 133185.5, -800.4116, -2.629443, 0.0166641, 0.1456619, 526.2516, 1.889431, 1.496906, 16.88266
 
5.400029, -0.007677777, -0.005657008, 80.48071, 1.602046, 0.0006695670786353079929260818, 133561.8, -800.4472, -2.629443, 0.0166641, 0.1456619, 527.1347, 1.889192, 1.496672, 16.88905
 
5.410029, -0.007193747, -0.005733786, 80.57402, 1.60189, 0.0006660799603089654947877558, 133937.9, -800.4828, -2.629443, 0.0166641, 0.1456619, 528.0171, 1.888954, 1.496439, 16.89545
 
5.420029, -0.00624278, -0.005805724, 80.66726, 1.602001, 0.0006531926192710041391647225, 134313.9, -800.518, -2.629443, 0.0166641, 0.1456619, 528.8989, 1.888716, 1.496206, 16.90185
 
5.430029, -0.004874129, -0.005868152, 80.76, 1.601933, 0.0006314859058125282829891352, 134689.7, -800.553, -2.629443, 0.0166641, 0.1456619, 529.78, 1.88848, 1.495972, 16.90824
 
5.44003, -0.003255223, -0.005916893, 80.85251, 1.601954, 0.0006038469532182957074375529, 135065.3, -800.5878, -2.629443, 0.0166641, 0.1456619, 530.6606, 1.888245, 1.495739, 16.91464
 
5.45003, -0.00142715, -0.005949445, 80.94465, 1.601885, 0.0005708702081022409185218466, 135440.8, -800.6226, -2.629443, 0.0166641, 0.1456619, 531.5406, 1.88801, 1.495505, 16.92104
 
5.46003, 0.0005014951, -0.005963717, 81.03648, 1.601905, 0.0005344705540702516025448155, 135816, -800.6568, -2.629443, 0.0166641, 0.1456619, 532.4197, 1.887776, 1.495272, 16.92743
 
5.47003, 0.002250205, -0.005958701, 81.12804, 1.601925, 0.0004999089930570599033552030, 136191, -800.6913, -2.629443, 0.0166641, 0.1456619, 533.2982, 1.887543, 1.495038, 16.93383
 
5.480031, 0.003862036, -0.005936199, 81.2192, 1.601899, 0.0004665149250320688221641013, 136565.8, -800.7253, -2.629443, 0.0166641, 0.1456619, 534.176, 1.887309, 1.494805, 16.94023
 
5.490031, 0.00522137, -0.005897579, 81.31001, 1.601828, 0.0004365883170184705260443320, 136940.4, -800.7591, -2.629443, 0.0166641, 0.1456619, 535.0533, 1.887075, 1.494571, 16.94662
 
5.500031, 0.006318244, -0.005845365, 81.40068, 1.601891, 0.0004105193800467373798342706, 137314.9, -800.7931, -2.629443, 0.0166641, 0.1456619, 535.9299, 1.886842, 1.494338, 16.95302
 
5.510031, 0.007042301, -0.005782183, 81.49091, 1.601863, 0.0003905924796721780655928921, 137689.2, -800.8265, -2.629443, 0.0166641, 0.1456619, 536.8059, 1.886608, 1.494105, 16.95942
 
5.520031, 0.007337368, -0.00571176, 81.5808, 1.60179, 0.0003781547646505113825496736, 138063.2, -800.8599, -2.629443, 0.0166641, 0.1456619, 537.6813, 1.886374, 1.493871, 16.96581
 
5.530032, 0.007222107, -0.005638386, 81.67045, 1.601852, 0.0003731907181233412737274983, 138437, -800.8931, -2.629443, 0.0166641, 0.1456619, 538.5558, 1.88614, 1.493638, 16.97221
 
5.540032, 0.006637675, -0.005566165, 81.75961, 1.601733, 0.0003771160781844823222667220, 138810.5, -800.9261, -2.629443, 0.0166641, 0.1456619, 539.4297, 1.885905, 1.493404, 16.97861
 
5.550032, 0.00572002, -0.005499788, 81.84866, 1.601838, 0.0003877575373657644989963358, 139183.8, -800.9589, -2.629443, 0.0166641, 0.1456619, 540.303, 1.88567, 1.493171, 16.98501
 
5.560032, 0.004584275, -0.005442588, 81.93723, 1.601764, 0.0004032227864336457039002591, 139556.9, -800.9915, -2.629443, 0.0166641, 0.1456619, 541.1757, 1.885435, 1.492937, 16.9914
 
5.570033, 0.003270223, -0.005396745, 82.02555, 1.601778, 0.0004229395752064378914489289, 139929.8, -801.0238, -2.629443, 0.0166641, 0.1456619, 542.0477, 1.8852, 1.492704, 16.9978
 
5.580033, 0.001795502, -0.005364043, 82.1135, 1.601702, 0.0004467126767071867217326638, 140302.5, -801.0562, -2.629443, 0.0166641, 0.1456619, 542.9191, 1.884965, 1.492471, 17.0042
 
5.590033, 0.0003506109, -0.005346088, 82.2012, 1.601715, 0.0004711395628182107386041226, 140674.9, -801.0883, -2.629443, 0.0166641, 0.1456619, 543.7899, 1.88473, 1.492237, 17.01059
 
5.600033, -0.001015081, -0.005342582, 82.28851, 1.601638, 0.0004952800913475369280274330, 141047.1, -801.1204, -2.629443, 0.0166641, 0.1456619, 544.6601, 1.884495, 1.492004, 17.01699
 
5.610034, -0.00218021, -0.005352733, 82.37563, 1.60174, 0.0005168366100344198268403551, 141419, -801.152, -2.629443, 0.0166641, 0.1456619, 545.5293, 1.884261, 1.49177, 17.02339
 
5.620034, -0.003220344, -0.005374535, 82.4622, 1.601617, 0.0005370358911581329182359411, 141790.6, -801.1837, -2.629443, 0.0166641, 0.1456619, 546.3979, 1.884028, 1.491537, 17.02978
 
5.630034, -0.004002809, -0.005406738, 82.54863, 1.601674, 0.0005533498918317200809410267, 142162, -801.215, -2.629443, 0.0166641, 0.1456619, 547.2659, 1.883795, 1.491303, 17.03618
 
5.640034, -0.004425106, -0.005446767, 82.63462, 1.601594, 0.0005637015420653241060339079, 142533.1, -801.2464, -2.629443, 0.0166641, 0.1456619, 548.1333, 1.883562, 1.49107, 17.04258
 
5.650034, -0.004481912, -0.005491017, 82.72037, 1.601605, 0.0005677182409556820517923788, 142904, -801.2774, -2.629443, 0.0166641, 0.1456619, 549.0001, 1.883331, 1.490836, 17.04897
 
5.660035, -0.004262469, -0.005535836, 82.80573, 1.601569, 0.0005667432198743652608947108, 143274.7, -801.308, -2.629443, 0.0166641, 0.1456619, 549.8662, 1.8831, 1.490603, 17.05537
 
5.670035, -0.003674339, -0.005578461, 82.89051, 1.601353, 0.0005588875797121461662251975, 143644.6, -801.3391, -2.629443, 0.0166641, 0.1456619, 550.7308, 1.88287, 1.49037, 17.06177
 
5.680035, -0.002916708, -0.005615205, 82.97293, 1.599419, 0.0005474724072838059247961547, 144013.1, -801.3698, -2.629443, 0.0166641, 0.1456619, 551.5926, 1.882641, 1.490136, 17.06816
 
5.690035, -0.001957817, -0.005644372, 83.05434, 1.597076, 0.0005318041320939354957513908, 144380.4, -801.4004, -2.629443, 0.0166641, 0.1456619, 552.4518, 1.882413, 1.489903, 17.07456
 
5.700036, -0.0008453174, -0.00566395, 83.13516, 1.59473, 0.0005125947802388085780795407, 144746.3, -801.4313, -2.629443, 0.0166641, 0.1456619, 553.3083, 1.882186, 1.489669, 17.08096
 
5.710036, 0.0002639165, -0.005672403, 83.21544, 1.592381, 0.0004925542254570713807258618, 145110.9, -801.4626, -2.629443, 0.0166641, 0.1456619, 554.1622, 1.88196, 1.489436, 17.08735
 
5.720036, 0.001466566, -0.005669764, 83.29515, 1.590075, 0.0004699525716492130544077312, 145474.1, -801.4941, -2.629443, 0.0166641, 0.1456619, 555.0134, 1.881734, 1.489202, 17.09375
 
5.730036, 0.002503052, -0.005655098, 83.37422, 1.587722, 0.0004493745039899575719068882, 145836.1, -801.5253, -2.629443, 0.0166641, 0.1456619, 555.862, 1.88151, 1.488969, 17.10015
 
5.740036, 0.003392356, -0.005630068, 83.45261, 1.585274, 0.0004306106489825856568350922, 146196.6, -801.557, -2.629443, 0.0166641, 0.1456619, 556.7078, 1.881286, 1.488736, 17.10654
 
5.750037, 0.004115378, -0.005596144, 83.53059, 1.583006, 0.0004141186357517868248957736, 146555.7, -801.5889, -2.629443, 0.0166641, 0.1456619, 557.5508, 1.881063, 1.488502, 17.11294
 
5.760037, 0.004543265, -0.00555499, 83.60786, 1.580644, 0.0004023195896129995824678275, 146913.4, -801.6204, -2.629443, 0.0166641, 0.1456619, 558.3914, 1.88084, 1.488269, 17.11934
 
5.770037, 0.004730579, -0.005509558, 83.68458, 1.578235, 0.0003944710331412528248231371, 147269.8, -801.6531, -2.629443, 0.0166641, 0.1456619, 559.2291, 1.880617, 1.488035, 17.12573
 
5.780037, 0.004601588, -0.005462252, 83.76078, 1.575913, 0.0003920998058699987157805597, 147624.8, -801.6854, -2.629443, 0.0166641, 0.1456619, 560.0642, 1.880395, 1.487802, 17.13213
 
5.790038, 0.004255196, -0.005416236, 83.83633, 1.573544, 0.0003936942244495858342123051, 147978.4, -801.7178, -2.629443, 0.0166641, 0.1456619, 560.8965, 1.880174, 1.487568, 17.13853
 
5.800038, 0.003709575, -0.005373684, 83.9112, 1.57108, 0.0003990973815343443509406784, 148330.5, -801.7507, -2.629443, 0.0166641, 0.1456619, 561.7261, 1.879953, 1.487335, 17.14493
 
5.810038, 0.002917325, -0.005336588, 83.98568, 1.568841, 0.0004092955543475953229688950, 148681.3, -801.7831, -2.629443, 0.0166641, 0.1456619, 562.5531, 1.879732, 1.487101, 17.15132
 
5.820038, 0.002009725, -0.005307415, 84.0594, 1.566373, 0.0004221617891300786811833940, 149030.6, -801.8163, -2.629443, 0.0166641, 0.1456619, 563.3773, 1.879511, 1.486868, 17.15772
 
5.830039, 0.001030251, -0.005287318, 84.13263, 1.563993, 0.0004370182291459173296403158, 149378.5, -801.8495, -2.629443, 0.0166641, 0.1456619, 564.199, 1.879292, 1.486635, 17.16412
 
5.840039, 0.0001438162, -0.005277015, 84.20522, 1.56161, 0.0004510258282579118426294040, 149725, -801.8826, -2.629443, 0.0166641, 0.1456619, 565.0178, 1.879073, 1.486401, 17.17051
 
5.850039, -0.0006657133, -0.005275577, 84.27732, 1.55927, 0.0004643940303218599834438893, 150069.9, -801.9164, -2.629443, 0.0166641, 0.1456619, 565.8338, 1.878855, 1.486168, 17.17691
 
5.860039, -0.001414111, -0.005282234, 84.34881, 1.556881, 0.0004773368685559382161843750, 150413.6, -801.9503, -2.629443, 0.0166641, 0.1456619, 566.6473, 1.878638, 1.485934, 17.18331
 
5.870039, -0.001941032, -0.005296376, 84.41972, 1.55449, 0.0004870120061424463751349862, 150755.7, -801.9846, -2.629443, 0.0166641, 0.1456619, 567.458, 1.878422, 1.485701, 17.1897
 
5.88004, -0.002344634, -0.005315786, 84.48988, 1.552006, 0.0004949572552921728810017230, 151096.3, -802.0184, -2.629443, 0.0166641, 0.1456619, 568.2659, 1.878206, 1.485467, 17.1961
 
5.89004, -0.002574403, -0.005339232, 84.55975, 1.549746, 0.0005002025062039793793659765, 151435.5, -802.0529, -2.629443, 0.0166641, 0.1456619, 569.0712, 1.877992, 1.485234, 17.2025
 
5.90004, -0.002522658, -0.005364976, 84.62884, 1.547302, 0.0005007483020824788525758602, 151773.2, -802.0875, -2.629443, 0.0166641, 0.1456619, 569.8737, 1.877779, 1.485, 17.20889
 
5.91004, -0.002309622, -0.005390203, 84.69737, 1.544855, 0.0004984626393051317647698583, 152109.4, -802.1226, -2.629443, 0.0166641, 0.1456619, 570.6734, 1.877567, 1.484767, 17.21529
 
5.920041, -0.001952415, -0.005413299, 84.76534, 1.54245, 0.0004935189397761849128972043, 152444.2, -802.1572, -2.629443, 0.0166641, 0.1456619, 571.4706, 1.877356, 1.484534, 17.22169
 
5.930041, -0.001382047, -0.005432824, 84.83279, 1.540089, 0.0004846219004358368658726192, 152777.4, -802.1926, -2.629443, 0.0166641, 0.1456619, 572.265, 1.877146, 1.4843, 17.22808
 
5.940041, -0.0007418907, -0.005446644, 84.8996, 1.53768, 0.0004740770081957204428550128, 153109.1, -802.2279, -2.629443, 0.0166641, 0.1456619, 573.0565, 1.876936, 1.484067, 17.23448
 
5.950041, -5.497056E-05, -0.005454063, 84.96589, 1.535267, 0.0004622290546471280284535403, 153439.4, -802.2637, -2.629443, 0.0166641, 0.1456619, 573.8455, 1.876728, 1.483833, 17.24088
 
5.960042, 0.0007521171, -0.005454612, 85.03152, 1.532807, 0.0004477869552660301601694350, 153768.2, -802.2994, -2.629443, 0.0166641, 0.1456619, 574.6317, 1.87652, 1.4836, 17.24727
 
5.970042, 0.001422545, -0.005447091, 85.09666, 1.530435, 0.0004350550681402027139967360, 154095.4, -802.3356, -2.629443, 0.0166641, 0.1456619, 575.4151, 1.876314, 1.483366, 17.25367
 
5.980042, 0.00197185, -0.005432866, 85.15916, 1.526503, 0.0004238665553637916404468706, 154419.2, -802.3719, -2.629443, 0.0166641, 0.1456619, 576.1922, 1.876108, 1.483133, 17.26007
 
5.990042, 0.002406826, -0.005413147, 85.21716, 1.519222, 0.0004141883389211161119232694, 154739.2, -802.4088, -2.629443, 0.0166641, 0.1456619, 576.9624, 1.875903, 1.4829, 17.26646
 
6.000042, 0.00271288, -0.005389079, 85.27399, 1.511888, 0.0004063728830036887232278045, 155055.3, -802.4466, -2.629443, 0.0166641, 0.1456619, 577.7256, 1.8757, 1.482666, 17.27286
 
6.010043, 0.002893723, -0.00536195, 85.32977, 1.504501, 0.0004004557333155433808584490, 155367.8, -802.4861, -2.629443, 0.0166641, 0.1456619, 578.482, 1.875498, 1.482433, 17.27926
 
6.020043, 0.002964505, -0.005333013, 85.38452, 1.49729, 0.0003962747761864858532022505, 155676.2, -802.5261, -2.629443, 0.0166641, 0.1456619, 579.2311, 1.875299, 1.482199, 17.28565
 
6.030043, 0.002774285, -0.005303368, 85.43813, 1.490027, 0.0003964670334866281649804635, 155980.8, -802.5669, -2.629443, 0.0166641, 0.1456619, 579.9732, 1.875101, 1.481966, 17.29205
 
6.040043, 0.002497543, -0.005275625, 85.49036, 1.482527, 0.0003982792230677298275584201, 156281.6, -802.6083, -2.629443, 0.0166641, 0.1456619, 580.7084, 1.874904, 1.481732, 17.29845
 
6.050044, 0.002137625, -0.00525065, 85.54179, 1.475249, 0.0004017218592951477251701685, 156578.6, -802.6514, -2.629443, 0.0166641, 0.1456619, 581.4367, 1.874709, 1.481499, 17.30484
 
6.060044, 0.001716976, -0.005229274, 85.59197, 1.467872, 0.0004064775737742561637237456, 156871.5, -802.6952, -2.629443, 0.0166641, 0.1456619, 582.1578, 1.874516, 1.481266, 17.31124
 
6.070044, 0.001119448, -0.005212104, 85.64114, 1.46058, 0.0004145443425526133551936645, 157160.6, -802.7398, -2.629443, 0.0166641, 0.1456619, 582.8719, 1.874324, 1.481032, 17.31764
 
6.080044, 0.0005465914, -0.005200909, 85.68907, 1.453143, 0.0004226695369996367434933017, 157445.9, -802.7853, -2.629443, 0.0166641, 0.1456619, 583.579, 1.874135, 1.480799, 17.32404
 
6.090044, -3.419972E-06, -0.005195444, 85.73608, 1.445883, 0.0004308657997458850322378950, 157727.1, -802.832, -2.629443, 0.0166641, 0.1456619, 584.279, 1.873947, 1.480565, 17.33043
 
6.100045, -0.0005118249, -0.005195478, 85.78172, 1.43834, 0.0004387984901682088422003007, 158004.4, -802.8797, -2.629443, 0.0166641, 0.1456619, 584.972, 1.87376, 1.480332, 17.33683
 
6.110045, -0.0009257639, -0.005200596, 85.82651, 1.43102, 0.0004455538538906757922944861, 158277.7, -802.9286, -2.629443, 0.0166641, 0.1456619, 585.6577, 1.873576, 1.480098, 17.34323
 
6.120045, -0.001259011, -0.005209853, 85.87016, 1.423692, 0.0004512887491853345463646564, 158547.1, -802.9781, -2.629443, 0.0166641, 0.1456619, 586.3365, 1.873394, 1.479865, 17.34962
 
6.130045, -0.001429438, -0.005222443, 85.91267, 1.416266, 0.0004545722421215965207838705, 158812.6, -803.0287, -2.629443, 0.0166641, 0.1456619, 587.0084, 1.873213, 1.479631, 17.35602
 
6.140046, -0.001435933, -0.005236738, 85.95399, 1.408786, 0.0004552626733915026614627465, 159074.1, -803.0803, -2.629443, 0.0166641, 0.1456619, 587.673, 1.873035, 1.479398, 17.36242
 
6.150046, -0.001395658, -0.005251097, 85.99449, 1.401483, 0.0004551848654584825548914562, 159331.6, -803.1332, -2.629443, 0.0166641, 0.1456619, 588.3307, 1.872858, 1.479165, 17.36881
 
6.160046, -0.001203937, -0.005265054, 86.0335, 1.39385, 0.0004525633665888680360956331, 159585.1, -803.1867, -2.629443, 0.0166641, 0.1456619, 588.9811, 1.872684, 1.478931, 17.37521
 
6.170046, -0.0009469466, -0.005277093, 86.07188, 1.386626, 0.0004487162525049296163881867, 159834.6, -803.2415, -2.629443, 0.0166641, 0.1456619, 589.6247, 1.872511, 1.478698, 17.38161
 
6.180047, -0.0005916007, -0.005286563, 86.10888, 1.379071, 0.0004430435350337661963697778, 160080.1, -803.2977, -2.629443, 0.0166641, 0.1456619, 590.261, 1.872341, 1.478464, 17.388
 
6.190047, -0.0001703302, -0.005292479, 86.14485, 1.371648, 0.0004360097451691559603562947, 160321.6, -803.354, -2.629443, 0.0166641, 0.1456619, 590.8903, 1.872172, 1.478231, 17.3944
 
6.200047, 0.0002701776, -0.005294182, 86.1799, 1.36431, 0.0004283363529274115677757789, 160559.1, -803.4118, -2.629443, 0.0166641, 0.1456619, 591.5124, 1.872005, 1.477997, 17.4008
 
6.210047, 0.0006495912, -0.005291481, 86.21361, 1.356688, 0.0004213322046450717265191851, 160792.6, -803.4709, -2.629443, 0.0166641, 0.1456619, 592.1276, 1.87184, 1.477764, 17.40719
 
6.220047, 0.001067975, -0.005284985, 86.2464, 1.349243, 0.0004133986811390158399214938, 161022, -803.5308, -2.629443, 0.0166641, 0.1456619, 592.7355, 1.871677, 1.47753, 17.41359
 
6.230048, 0.001395817, -0.005274305, 86.27827, 1.34193, 0.0004066370324457462865091196, 161247.4, -803.5917, -2.629443, 0.0166641, 0.1456619, 593.3365, 1.871515, 1.477297, 17.41999
 
6.240048, 0.00164169, -0.005260346, 86.30882, 1.334332, 0.0004009730809077489238272253, 161468.8, -803.654, -2.629443, 0.0166641, 0.1456619, 593.9302, 1.871355, 1.477064, 17.42638
 
6.250048, 0.001802535, -0.00524393, 86.33842, 1.326865, 0.0003965214065801153001843036, 161686.1, -803.7169, -2.629443, 0.0166641, 0.1456619, 594.5171, 1.871197, 1.47683, 17.43278
 
6.260048, 0.001848357, -0.005225904, 86.36683, 1.319253, 0.0003938371775517150702692818, 161899.4, -803.7813, -2.629443, 0.0166641, 0.1456619, 595.0966, 1.871041, 1.476597, 17.43918
 
6.270049, 0.001805077, -0.005207421, 86.39442, 1.311912, 0.0003925849583663538525390198, 162108.6, -803.8462, -2.629443, 0.0166641, 0.1456619, 595.6693, 1.870886, 1.476363, 17.44557
 
6.280049, 0.001683877, -0.00518937, 86.42072, 1.304285, 0.0003926465001348415215350346, 162313.8, -803.9127, -2.629443, 0.0166641, 0.1456619, 596.2346, 1.870733, 1.47613, 17.45197
 
6.290049, 0.001449362, -0.005172531, 86.44624, 1.296883, 0.0003946613245691670797483095, 162515, -803.9803, -2.629443, 0.0166641, 0.1456619, 596.7931, 1.870581, 1.475896, 17.45837
 
6.300049, 0.001163466, -0.005158037, 86.47051, 1.289334, 0.0003977026976565714395687794, 162712, -804.0488, -2.629443, 0.0166641, 0.1456619, 597.3442, 1.870431, 1.475663, 17.46476
 
6.31005, 0.0007785368, -0.005146403, 86.49364, 1.281733, 0.0004025858106406484279302158, 162904.8, -804.1182, -2.629443, 0.0166641, 0.1456619, 597.8882, 1.870283, 1.47543, 17.47116
 
6.32005, 0.0003283388, -0.005138617, 86.5159, 1.274263, 0.0004088360639333509545531857, 163093.7, -804.189, -2.629443, 0.0166641, 0.1456619, 598.4252, 1.870137, 1.475196, 17.47756
 
6.33005, -1.624627E-05, -0.005135334, 86.53703, 1.266693, 0.0004137217297276979641388359, 163278.4, -804.2609, -2.629443, 0.0166641, 0.1456619, 598.955, 1.869992, 1.474963, 17.48396
 
6.34005, -0.000330581, -0.005135497, 86.55676, 1.258976, 0.0004183870043653138578255975, 163458.3, -804.3338, -2.629443, 0.0166641, 0.1456619, 599.4762, 1.869849, 1.474729, 17.49035
 
6.35005, -0.000626503, -0.005138802, 86.56915, 1.245942, 0.0004229805448181557702142391, 163630.3, -804.4079, -2.629443, 0.0166641, 0.1456619, 599.9832, 1.869709, 1.474496, 17.49675
 
6.360051, -0.0008476613, -0.005145067, 86.57703, 1.230287, 0.0004265856779024308260387159, 163794.2, -804.4846, -2.629443, 0.0166641, 0.1456619, 600.4761, 1.869571, 1.474262, 17.50315
 
6.370051, -0.00098218, -0.005153544, 86.58303, 1.214617, 0.0004289648310107411994108452, 163950.3, -804.5638, -2.629443, 0.0166641, 0.1456619, 600.9547, 1.869438, 1.474029, 17.50954
 
6.380051, -0.0009845585, -0.005163366, 86.5872, 1.199025, 0.0004293158515932778808919801, 164098.3, -804.6452, -2.629443, 0.0166641, 0.1456619, 601.4191, 1.869309, 1.473796, 17.51594
 
6.390051, -0.0008645615, -0.005173211, 86.58944, 1.183466, 0.0004276953014261764767182927, 164238.4, -804.7285, -2.629443, 0.0166641, 0.1456619, 601.8693, 1.869183, 1.473562, 17.52234
 
6.400052, -0.0007605823, -0.005181856, 86.58959, 1.167613, 0.0004262464739675065456796147, 164370.5, -804.815, -2.629443, 0.0166641, 0.1456619, 602.3054, 1.86906, 1.473329, 17.52873
 
6.410052, -0.0005643374, -0.005189462, 86.5882, 1.152118, 0.0004232344647827222810153193, 164494.7, -804.9036, -2.629443, 0.0166641, 0.1456619, 602.7272, 1.868942, 1.473095, 17.53513
 
6.420052, -0.0002627872, -0.005195105, 86.58459, 1.136283, 0.0004183753497564377282069262, 164610.9, -804.9943, -2.629443, 0.0166641, 0.1456619, 603.1348, 1.868826, 1.472862, 17.54153
 
6.430052, 4.686521E-05, -0.005197733, 86.57938, 1.120713, 0.0004131594841930793887685536, 164719.2, -805.0876, -2.629443, 0.0166641, 0.1456619, 603.5283, 1.868715, 1.472628, 17.54792
 
6.440053, 0.0003507058, -0.005197265, 86.57203, 1.104848, 0.0004078032793472571388475861, 164819.5, -805.1835, -2.629443, 0.0166641, 0.1456619, 603.9075, 1.868607, 1.472395, 17.55432
 
6.450053, 0.0006365947, -0.005193758, 86.563, 1.089156, 0.0004025088460448562075482766, 164911.8, -805.2817, -2.629443, 0.0166641, 0.1456619, 604.2725, 1.868503, 1.472161, 17.56072
 
6.460053, 0.0008332394, -0.005187392, 86.55209, 1.073496, 0.0003984388134341968748362750, 164996.2, -805.3822, -2.629443, 0.0166641, 0.1456619, 604.6233, 1.868402, 1.471928, 17.56711
 
6.470053, 0.001022185, -0.005179059, 86.53919, 1.057681, 0.0003943471302817082158707054, 165072.6, -805.4848, -2.629443, 0.0166641, 0.1456619, 604.9599, 1.868304, 1.471695, 17.57351
 
6.480053, 0.001121601, -0.005168837, 86.52445, 1.041805, 0.0003915582044681117932190918, 165141.1, -805.5905, -2.629443, 0.0166641, 0.1456619, 605.2823, 1.86821, 1.471461, 17.57991
 
6.490054, 0.001172707, -0.005157622, 86.50804, 1.026102, 0.0003894786239161504934440854, 165201.7, -805.6987, -2.629443, 0.0166641, 0.1456619, 605.5905, 1.86812, 1.471228, 17.5863
 
6.500054, 0.001115059, -0.005145894, 86.48964, 1.010244, 0.0003891172479784745549284437, 165254.3, -805.8091, -2.629443, 0.0166641, 0.1456619, 605.8845, 1.868033, 1.470994, 17.5927
 
6.510054, 0.001011796, -0.005134744, 86.46948, 0.994465, 0.0003895440496130098375570449, 165299, -805.922, -2.629443, 0.0166641, 0.1456619, 606.1643, 1.867949, 1.470761, 17.5991
 
6.520054, 0.00085338, -0.005124626, 86.44737, 0.9785779, 0.0003909459616276287503471030, 165335.8, -806.0371, -2.629443, 0.0166641, 0.1456619, 606.4299, 1.867869, 1.470527, 17.60549
 
6.530055, 0.0007008092, -0.005116092, 86.42347, 0.962676, 0.0003923865469400125551568240, 165364.6, -806.1551, -2.629443, 0.0166641, 0.1456619, 606.6813, 1.867793, 1.470294, 17.61189
 
6.540055, 0.0004688672, -0.005109084, 86.39787, 0.9469007, 0.0003952313796208756658797187, 165385.5, -806.2755, -2.629443, 0.0166641, 0.1456619, 606.9185, 1.86772, 1.47006, 17.61829
 
6.550055, 0.0002007635, -0.005104395, 86.37039, 0.9310637, 0.0003988470447674975172879417, 165398.6, -806.3983, -2.629443, 0.0166641, 0.1456619, 607.1414, 1.86765, 1.469827, 17.62468
 
6.560055, -4.349852E-05, -0.005102388, 86.34098, 0.9151184, 0.0004022970761910861761958502, 165403.7, -806.5236, -2.629443, 0.0166641, 0.1456619, 607.3502, 1.867584, 1.469594, 17.63108
 
6.570055, -0.0003193717, -0.005102823, 86.30974, 0.8991116, 0.0004064539854867885601397744, 165401, -806.6511, -2.629443, 0.0166641, 0.1456619, 607.5447, 1.867521, 1.46936, 17.63748
 
6.580056, -0.0005558008, -0.005106016, 86.27691, 0.8832783, 0.0004102020072343541062590473, 165390.3, -806.7819, -2.629443, 0.0166641, 0.1456619, 607.725, 1.867462, 1.469127, 17.64388
 
6.590056, -0.0006965839, -0.005111574, 86.24213, 0.8672892, 0.0004126052087563104161275037, 165371.9, -806.9149, -2.629443, 0.0166641, 0.1456619, 607.8912, 1.867406, 1.468893, 17.65027
 
6.600056, -0.0008303964, -0.00511854, 86.20571, 0.8514271, 0.0004150146068745961677011592, 165345.7, -807.0504, -2.629443, 0.0166641, 0.1456619, 608.0434, 1.867355, 1.46866, 17.65667
 
6.610056, -0.0008022953, -0.005126844, 86.16729, 0.8353618, 0.0004149327082430568170490032, 165311.7, -807.1883, -2.629443, 0.0166641, 0.1456619, 608.1815, 1.867306, 1.468426, 17.66306
 
6.620057, -0.0007994868, -0.005134867, 86.12717, 0.8193291, 0.0004152425186144440781923170, 165269.9, -807.3288, -2.629443, 0.0166641, 0.1456619, 608.3052, 1.867261, 1.468193, 17.66946
 
6.630057, -0.0007233985, -0.005142862, 86.08542, 0.8034232, 0.0004143794303131981390401339, 165220.3, -807.472, -2.629443, 0.0166641, 0.1456619, 608.4149, 1.86722, 1.46796, 17.67586
 
6.640057, -0.0006101002, -0.005150096, 86.04174, 0.7873614, 0.0004128639737112308546067161, 165162.8, -807.6179, -2.629443, 0.0166641, 0.1456619, 608.5103, 1.867183, 1.467726, 17.68225
 
6.650057, -0.0005135692, -0.005156197, 85.99639, 0.7713793, 0.0004115359418413938326510706, 165097.7, -807.7662, -2.629443, 0.0166641, 0.1456619, 608.5917, 1.867149, 1.467493, 17.68865
 
6.660058, -0.0002687512, -0.005161333, 85.94933, 0.7553829, 0.0004077524116505326328307197, 165024.9, -807.9173, -2.629443, 0.0166641, 0.1456619, 608.6591, 1.867119, 1.467259, 17.69505
 
6.670058, -8.195471E-05, -0.00516402, 85.90022, 0.7391828, 0.0004047152853757942641753507, 164944.3, -808.0703, -2.629443, 0.0166641, 0.1456619, 608.7121, 1.867092, 1.467026, 17.70145
 
6.680058, 7.633553E-05, -0.00516484, 85.8497, 0.7231572, 0.0004019970960361877626229418, 164856.2, -808.2267, -2.629443, 0.0166641, 0.1456619, 608.7513, 1.867068, 1.466792, 17.70784
 
6.690058, 0.0002730138, -0.005164077, 85.79736, 0.7071643, 0.0003985423545295132999568782, 164760.3, -808.3849, -2.629443, 0.0166641, 0.1456619, 608.7762, 1.867048, 1.466559, 17.71424
 
6.700058, 0.0003960189, -0.005161346, 85.74321, 0.6909675, 0.0003961252860687899022878810, 164656.9, -808.5466, -2.629443, 0.0166641, 0.1456619, 608.7873, 1.867032, 1.466326, 17.72064
 
6.710059, 0.00057333, -0.005157386, 85.68741, 0.6749454, 0.0003927429301054988235993230, 164545.8, -808.7099, -2.629443, 0.0166641, 0.1456619, 608.7841, 1.867019, 1.466092, 17.72703
 
6.720059, 0.0006135783, -0.005151653, 85.62975, 0.6586723, 0.0003914366626951465577644076, 164427.2, -808.8768, -2.629443, 0.0166641, 0.1456619, 608.7671, 1.86701, 1.465859, 17.73343
 
6.730059, 0.0006785324, -0.005145518, 85.57063, 0.6426684, 0.0003897083794979516720689860, 164300.9, -809.0461, -2.629443, 0.0166641, 0.1456619, 608.7358, 1.867004, 1.465625, 17.73983
 
6.740059, 0.0006163593, -0.005138732, 85.50959, 0.6264606, 0.0003899880680127413759821675, 164167.2, -809.2176, -2.629443, 0.0166641, 0.1456619, 608.6907, 1.867001, 1.465392, 17.74622
 
6.75006, 0.0005880501, -0.005132569, 85.44681, 0.6102383, 0.0003897772973773092975651238, 164025.8, -809.3918, -2.629443, 0.0166641, 0.1456619, 608.6313, 1.867002, 1.465158, 17.75262
 
6.76006, 0.000403836, -0.005126689, 85.38252, 0.5941434, 0.0003921186070852623329504401, 163877, -809.5689, -2.629443, 0.0166641, 0.1456619, 608.558, 1.867006, 1.464925, 17.75902
 
6.77006, 0.000244735, -0.00512265, 85.31631, 0.5778442, 0.0003942070894269000857126883, 163720.8, -809.7482, -2.629443, 0.0166641, 0.1456619, 608.4708, 1.867014, 1.464691, 17.76541
 
6.78006, 0.0001180184, -0.005120203, 85.2485, 0.5615777, 0.0003959058149428787347773468, 163557.3, -809.9306, -2.629443, 0.0166641, 0.1456619, 608.3698, 1.867025, 1.464458, 17.77181
 
6.790061, -4.135485E-05, -0.005119023, 85.17915, 0.5454392, 0.0003982436940470274621676243, 163386.1, -810.1158, -2.629443, 0.0166641, 0.1456619, 608.2545, 1.86704, 1.464225, 17.77821
 
6.800061, -0.0002794311, -0.005119436, 85.10806, 0.5292386, 0.0004019930505662609837505705, 163207.7, -810.3034, -2.629443, 0.0166641, 0.1456619, 608.1252, 1.867058, 1.463991, 17.7846
 
6.810061, -0.0004095202, -0.005122231, 85.03517, 0.5129282, 0.0004041868903536715931663849, 163021.9, -810.4937, -2.629443, 0.0166641, 0.1456619, 607.9821, 1.86708, 1.463758, 17.791
 
6.820061, -0.0005280895, -0.005126326, 84.96052, 0.4965081, 0.0004063053707496118050057916, 162828.6, -810.6866, -2.629443, 0.0166641, 0.1456619, 607.8248, 1.867105, 1.463524, 17.7974
 
6.830061, -0.0006958985, -0.005131607, 84.8839, 0.4798353, 0.0004093266264590061896533953, 162627.8, -810.8824, -2.629443, 0.0166641, 0.1456619, 607.6529, 1.867134, 1.463291, 17.80379
 
6.840062, -0.0007216404, -0.005138566, 84.80464, 0.462338, 0.0004101735590420037718822422, 162419.1, -811.0806, -2.629443, 0.0166641, 0.1456619, 607.4662, 1.867166, 1.463057, 17.81019
 
6.850062, -0.0007724582, -0.005145782, 84.724, 0.4452061, 0.0004114599095862534898087519, 162202.7, -811.2819, -2.629443, 0.0166641, 0.1456619, 607.2646, 1.867202, 1.462824, 17.81659
 
6.860062, -0.0008088211, -0.005153507, 84.64133, 0.4277729, 0.0004125579076477367935417843, 161978.7, -811.486, -2.629443, 0.0166641, 0.1456619, 607.0482, 1.867242, 1.46259, 17.82298
 
6.870062, -0.0007748901, -0.005161595, 84.55711, 0.4104671, 0.0004125450610314932367090631, 161747.1, -811.6932, -2.629443, 0.0166641, 0.1456619, 606.8173, 1.867286, 1.462357, 17.82938
 
6.880063, -0.0006983975, -0.005169344, 84.47108, 0.3931457, 0.0004118165616591351358246659, 161507.8, -811.9026, -2.629443, 0.0166641, 0.1456619, 606.5714, 1.867333, 1.462124, 17.83578
 
6.890063, -0.000602662, -0.005176328, 84.38325, 0.3756658, 0.0004107176346235779528268442, 161261.1, -812.1158, -2.629443, 0.0166641, 0.1456619, 606.311, 1.867385, 1.46189, 17.84217
 
6.900063, -0.0004724133, -0.005182354, 84.29381, 0.3583133, 0.0004089835852913386262831219, 161006.8, -812.3315, -2.629443, 0.0166641, 0.1456619, 606.0359, 1.86744, 1.461657, 17.84857
 
6.910063, -0.0003591534, -0.005187078, 84.20258, 0.3409453, 0.0004074297948422288678923728, 160745.1, -812.5496, -2.629443, 0.0166641, 0.1456619, 605.7461, 1.867498, 1.461423, 17.85497
 
6.920063, -0.0002290575, -0.00519067, 84.10966, 0.3235619, 0.0004055145913934744416596576, 160475.8, -812.7711, -2.629443, 0.0166641, 0.1456619, 605.4415, 1.86756, 1.46119, 17.86137
 
6.930064, -8.093139E-05, -0.005192961, 84.01492, 0.3060194, 0.0004032033433781939717419769, 160199.2, -812.9955, -2.629443, 0.0166641, 0.1456619, 605.1224, 1.867626, 1.460956, 17.86776
 
6.940064, 4.887541E-05, -0.00519377, 83.91862, 0.2886047, 0.0004010811247855237544679563, 159915.3, -813.2225, -2.629443, 0.0166641, 0.1456619, 604.7887, 1.867696, 1.460723, 17.87416
 
6.950064, 0.0001587419, -0.005193281, 83.8206, 0.2711744, 0.0003991887982341383763305323, 159624.1, -813.4526, -2.629443, 0.0166641, 0.1456619, 604.4405, 1.867769, 1.46049, 17.88056
 
6.960064, 0.000247183, -0.005191694, 83.72083, 0.2536328, 0.0003975674912931688852316437, 159325.7, -813.6854, -2.629443, 0.0166641, 0.1456619, 604.0777, 1.867846, 1.460256, 17.88695
 
6.970065, 0.0002548847, -0.005189222, 83.61938, 0.2361236, 0.0003972177802687269886990275, 159020, -813.9211, -2.629443, 0.0166641, 0.1456619, 603.7004, 1.867927, 1.460023, 17.89335
 
6.980065, 0.000230622, -0.005186673, 83.51632, 0.2186466, 0.0003973994518000432205523554, 158707.1, -814.1599, -2.629443, 0.0166641, 0.1456619, 603.3085, 1.868011, 1.459789, 17.89975
 
6.990065, 0.0001948959, -0.005184366, 83.4116, 0.201154, 0.0003977989267785041060453539, 158387.1, -814.4015, -2.629443, 0.0166641, 0.1456619, 602.9022, 1.868099, 1.459556, 17.90614
 
7.000065, 0.0001350794, -0.005182418, 83.30499, 0.183502, 0.0003986357112633966381453338, 158059.9, -814.6457, -2.629443, 0.0166641, 0.1456619, 602.4812, 1.86819, 1.459322, 17.91254
 
7.010066, 4.995924E-05, -0.005181067, 83.19692, 0.1659782, 0.0003999517444115631355877051, 157725.6, -814.8934, -2.629443, 0.0166641, 0.1456619, 602.0457, 1.868285, 1.459089, 17.91894
 
7.020066, -9.088947E-05, -0.005180567, 83.08714, 0.1484387, 0.0004022764931353703435352741, 157384.3, -815.1435, -2.629443, 0.0166641, 0.1456619, 601.5957, 1.868384, 1.458856, 17.92533
 
7.030066, -0.000247444, -0.005181476, 82.97564, 0.1307877, 0.0004049876728446352773110028, 157036.2, -815.3967, -2.629443, 0.0166641, 0.1456619, 601.1315, 1.868486, 1.458622, 17.93173
 
7.040066, -0.0003766627, -0.005183951, 82.86251, 0.113169, 0.0004073798016949768641642092, 156681, -815.6528, -2.629443, 0.0166641, 0.1456619, 600.6526, 1.868592, 1.458389, 17.93813
 
7.050066, -0.0005366169, -0.005187717, 82.74781, 0.09558271, 0.0004104038718676788542171414, 156318.9, -815.912, -2.629443, 0.0166641, 0.1456619, 600.1593, 1.868702, 1.458155, 17.94452
 
7.060067, -0.0007583612, -0.005193084, 82.63145, 0.07798082, 0.0004146085631951307716459126, 155950, -816.1741, -2.629443, 0.0166641, 0.1456619, 599.6517, 1.868815, 1.457922, 17.95092
 
7.070067, -0.0008670698, -0.005200667, 82.5204, 0.0658465, 0.0004171227378665732406460470, 155579.8, -816.439, -2.629443, 0.0166641, 0.1456619, 599.1404, 1.868932, 1.457688, 17.95732
 
7.080067, -0.0009862956, -0.005209338, 82.41702, 0.06154489, 0.0004199452415756934945633050, 155209.1, -816.7047, -2.629443, 0.0166641, 0.1456619, 598.6268, 1.86905, 1.457455, 17.96371
 
7.090067, -0.001038563, -0.005219201, 82.31366, 0.05743202, 0.0004217393317355728549177317, 154837.8, -816.9716, -2.629443, 0.0166641, 0.1456619, 598.1107, 1.869168, 1.457221, 17.97011
 
7.100068, -0.001036824, -0.005229587, 82.21, 0.05331549, 0.0004226649249586657566327531, 154465.8, -817.2385, -2.629443, 0.0166641, 0.1456619, 597.592, 1.869287, 1.456988, 17.97651
 
7.110068, -0.0009833432, -0.005239955, 82.10616, 0.04914712, 0.0004227132165945800083140413, 154093.3, -817.5068, -2.629443, 0.0166641, 0.1456619, 597.0707, 1.869408, 1.456755, 17.9829
 
7.120068, -0.0008918862, -0.005249789, 82.00198, 0.04487865, 0.0004220728719425094462985949, 153720.1, -817.7758, -2.629443, 0.0166641, 0.1456619, 596.547, 1.869529, 1.456521, 17.9893
 
7.130068, -0.0007734709, -0.005258707, 81.89774, 0.04075105, 0.0004208996861126561929536379, 153346.3, -818.0455, -2.629443, 0.0166641, 0.1456619, 596.0208, 1.86965, 1.456288, 17.9957
 
7.140069, -0.0007073415, -0.005266442, 81.79319, 0.03657154, 0.0004205218070819881932881405, 152971.9, -818.3154, -2.629443, 0.0166641, 0.1456619, 595.4919, 1.869772, 1.456054, 18.00209
 
7.150069, -0.0005863903, -0.005273515, 81.68844, 0.03234006, 0.0004191527476637264528559192, 152596.9, -818.5869, -2.629443, 0.0166641, 0.1456619, 594.9606, 1.869895, 1.455821, 18.00849
 
7.160069, -0.0004503502, -0.005279379, 81.58346, 0.02815312, 0.0004174257941584286782894791, 152221.3, -818.8585, -2.629443, 0.0166641, 0.1456619, 594.4268, 1.870019, 1.455587, 18.01489
 
7.170069, -0.0003601619, -0.005283883, 81.47829, 0.02396247, 0.0004163739307599725576738302, 151845.1, -819.1308, -2.629443, 0.0166641, 0.1456619, 593.8903, 1.870143, 1.455354, 18.02129
 
7.180069, -0.0003025426, -0.005287484, 81.37289, 0.01971977, 0.0004158081051012962507629706, 151468.5, -819.4041, -2.629443, 0.0166641, 0.1456619, 593.3517, 1.870268, 1.45512, 18.02768
 
7.19007, -0.0001448467, -0.00529051, 81.26752, 0.01566673, 0.0004134716127299954622667671, 151091.3, -819.6782, -2.629443, 0.0166641, 0.1456619, 592.8105, 1.870394, 1.454887, 18.03408
 
7.20007, -3.441447E-05, -0.005291958, 81.16148, 0.01122311, 0.0004118183820884417430151242, 150713.5, -819.9527, -2.629443, 0.0166641, 0.1456619, 592.2668, 1.87052, 1.454654, 18.04048
 
7.21007, 1.168585E-05, -0.005292302, 81.05565, 0.00716273, 0.0004111893512745091398953639, 150335.1, -820.2284, -2.629443, 0.0166641, 0.1456619, 591.7206, 1.870647, 1.45442, 18.04687
 
7.22007, 2.561066E-05, -0.005292186, 80.94949, 0.003001928, 0.0004110807163761851288731438, 149956.2, -820.5044, -2.629443, 0.0166641, 0.1456619, 591.1718, 1.870775, 1.454187, 18.05327
 
7.230071, -2.017532E-05, -0.005291929, 80.81807, 0, 0.0004119998010005407570700019, 149532.9, -820.6354, -2.629443, 0.0166641, 0.1456619, 590.534, 1.870903, 1.454142, 8.815194
 
7.240071, -0.001018864, -0.005292131, 80.68815, 0, 0.0004208666801366839996944902, 149111.1, -820.748, -2.629443, 0.0166641, 0.1456619, 589.8975, 1.871053, 1.454142, 8.815194
 
7.250071, -0.002003923, -0.00530232, 80.55857, 0, 0.0004304377482677999559887458, 148691.1, -820.8603, -2.629443, 0.0166641, 0.1456619, 589.2624, 1.871203, 1.454142, 8.815194
 
7.260071, -0.002498788, -0.005322359, 80.42928, 0, 0.0004366283543843885852840645, 148272.5, -820.9727, -2.629443, 0.0166641, 0.1456619, 588.6287, 1.871352, 1.454142, 8.815194
 
7.270072, -0.002761348, -0.005347347, 80.30024, 0, 0.0004412372954606326819763529, 147855.4, -821.0845, -2.629443, 0.0166641, 0.1456619, 587.9962, 1.871502, 1.454142, 8.815194
 
7.280072, -0.00277524, -0.005374961, 80.17152, 0, 0.0004439288241665262070980461, 147439.8, -821.1963, -2.629443, 0.0166641, 0.1456619, 587.3649, 1.871652, 1.454142, 8.815194
 
7.290072, -0.002605298, -0.005402713, 80.0431, 0, 0.0004450520902930444224962011, 147025.8, -821.3081, -2.629443, 0.0166641, 0.1456619, 586.735, 1.871801, 1.454142, 8.815194
 
7.300072, -0.002168385, -0.005428766, 79.91492, 0, 0.0004437327325172013390294444, 146613.4, -821.4187, -2.629443, 0.0166641, 0.1456619, 586.1066, 1.87195, 1.454142, 8.815194
 
7.310072, -0.001477712, -0.00545045, 79.7871, 0, 0.0004398594315908715651811813, 146202.4, -821.53, -2.629443, 0.0166641, 0.1456619, 585.4794, 1.8721, 1.454142, 8.815194
 
7.320073, -0.0006298937, -0.005465227, 79.65955, 0, 0.0004340542850803259738685375, 145793, -821.6407, -2.629443, 0.0166641, 0.1456619, 584.8535, 1.872249, 1.454142, 8.815194
 
7.330073, 0.0001303023, -0.005471526, 79.53226, 0, 0.0004283121000049589815347846, 145385, -821.7512, -2.629443, 0.0166641, 0.1456619, 584.2289, 1.872398, 1.454142, 8.815194
 
7.340073, 0.0007810577, -0.005470223, 79.40527, 0, 0.0004228956668004010280483150, 144978.5, -821.8615, -2.629443, 0.0166641, 0.1456619, 583.6055, 1.872546, 1.454142, 8.815194
 
7.350073, 0.001194045, -0.005462413, 79.27855, 0, 0.0004190183752649017816688074, 144573.5, -821.9716, -2.629443, 0.0166641, 0.1456619, 582.9834, 1.872694, 1.454142, 8.815194
 
7.360074, 0.001360239, -0.005450472, 79.15211, 0, 0.0004169602172577712092677463, 144170, -822.0812, -2.629443, 0.0166641, 0.1456619, 582.3625, 1.872842, 1.454142, 8.815194
 
7.370074, 0.001263092, -0.00543687, 79.02596, 0, 0.0004170763492612995796479200, 143767.9, -822.1909, -2.629443, 0.0166641, 0.1456619, 581.743, 1.87299, 1.454142, 8.815194
 
7.380074, 0.000970501, -0.005424239, 78.90015, 0, 0.0004189924209475373489800152, 143367.3, -822.3007, -2.629443, 0.0166641, 0.1456619, 581.1246, 1.873137, 1.454142, 8.815194
 
7.390074, 0.0004781899, -0.005414534, 78.77454, 0, 0.0004229132676992778051623651, 142968.2, -822.4094, -2.629443, 0.0166641, 0.1456619, 580.5079, 1.873283, 1.454142, 8.815194
 
7.400074, -4.164053E-05, -0.005409752, 78.64923, 0, 0.0004274863678114731651555983, 142570.6, -822.5181, -2.629443, 0.0166641, 0.1456619, 579.8923, 1.87343, 1.454142, 8.815194
 
7.410075, -0.0005692968, -0.005410168, 78.52425, 0, 0.0004325612507092128501195369, 142174.5, -822.6267, -2.629443, 0.0166641, 0.1456619, 579.2781, 1.873576, 1.454142, 8.815194
 
7.420075, -0.001046235, -0.005415861, 78.39954, 0, 0.0004376256970709797882297406, 141779.8, -822.7353, -2.629443, 0.0166641, 0.1456619, 578.665, 1.873721, 1.454142, 8.815194
 
7.430075, -0.001425299, -0.005426324, 78.27512, 0, 0.0004422164729876203413578103, 141386.5, -822.8434, -2.629443, 0.0166641, 0.1456619, 578.0533, 1.873867, 1.454142, 8.815194
 
7.440075, -0.001698552, -0.005440577, 78.15096, 0, 0.0004461799641676029713338508, 140994.7, -822.9515, -2.629443, 0.0166641, 0.1456619, 577.4427, 1.874012, 1.454142, 8.815194
 
7.450076, -0.001816545, -0.005457562, 78.02706, 0, 0.0004489831369514062573102493, 140604.2, -823.0591, -2.629443, 0.0166641, 0.1456619, 576.8335, 1.874157, 1.454142, 8.815194
 
7.460076, -0.001685632, -0.005475728, 77.9034, 0, 0.0004496523025727775079549770, 140215, -823.1666, -2.629443, 0.0166641, 0.1456619, 576.2252, 1.874302, 1.454142, 8.815194
 
7.470076, -0.001683708, -0.005492584, 77.78004, 0, 0.0004513755175980648688354497, 139827.3, -823.274, -2.629443, 0.0166641, 0.1456619, 575.6182, 1.874447, 1.454142, 8.815194
 
7.480076, -0.001531373, -0.005509421, 77.65694, 0, 0.0004517422283575738582086975, 139441, -823.381, -2.629443, 0.0166641, 0.1456619, 575.0125, 1.874592, 1.454142, 8.815194
 
7.490077, -0.001198386, -0.005524735, 77.53415, 0, 0.0004503491646131551127954429, 139056, -823.4879, -2.629443, 0.0166641, 0.1456619, 574.4079, 1.874737, 1.454142, 8.815194
 
7.500077, -0.0008212699, -0.005536719, 77.41164, 0, 0.0004482783534378656742908342, 138672.5, -823.5945, -2.629443, 0.0166641, 0.1456619, 573.8046, 1.874881, 1.454142, 8.815194
 
7.510077, -0.0003871573, -0.005544932, 77.28936, 0, 0.0004453742747854085175633793, 138290.4, -823.701, -2.629443, 0.0166641, 0.1456619, 573.2026, 1.875025, 1.454142, 8.815194
 
7.520077, -9.677226E-06, -0.005548803, 77.16737, 0, 0.0004426216540017103270495897, 137909.6, -823.8071, -2.629443, 0.0166641, 0.1456619, 572.6019, 1.875169, 1.454142, 8.815194
 
7.530077, 0.0002622789, -0.0055489, 77.04566, 0, 0.0004405155635091063656219751, 137530.3, -823.913, -2.629443, 0.0166641, 0.1456619, 572.0024, 1.875313, 1.454142, 8.815194
 
7.540078, 0.0004953234, -0.005546277, 76.92423, 0, 0.0004385364954223444760809318, 137152.3, -824.0186, -2.629443, 0.0166641, 0.1456619, 571.4041, 1.875456, 1.454142, 8.815194
 
7.550078, 0.0006348849, -0.005541324, 76.80302, 0, 0.0004372187198584510321615438, 136775.5, -824.1243, -2.629443, 0.0166641, 0.1456619, 570.8068, 1.875599, 1.454142, 8.815194
 
7.560078, 0.0005810105, -0.005534975, 76.68211, 0, 0.0004375617285733602561935348, 136400.2, -824.2296, -2.629443, 0.0166641, 0.1456619, 570.2108, 1.875742, 1.454142, 8.815194
 
7.570078, 0.0003197176, -0.005529165, 76.56145, 0, 0.0004398620128806997555244799, 136026.2, -824.3347, -2.629443, 0.0166641, 0.1456619, 569.616, 1.875885, 1.454142, 8.815194
 
7.580079, 8.804016E-05, -0.005525968, 76.44109, 0, 0.0004421091516336539247022920, 135653.5, -824.4395, -2.629443, 0.0166641, 0.1456619, 569.0225, 1.876027, 1.454142, 8.815194
 
7.590079, -0.0001559397, -0.005525087, 76.32092, 0, 0.0004446660681363444570875621, 135282.1, -824.544, -2.629443, 0.0166641, 0.1456619, 568.4299, 1.876168, 1.454142, 8.815194
 
7.600079, -0.0005378769, -0.005526647, 76.20109, 0, 0.0004487110388466826025617077, 134912, -824.6488, -2.629443, 0.0166641, 0.1456619, 567.8386, 1.87631, 1.454142, 8.815194
 
7.610079, -0.0009533602, -0.005532026, 76.08146, 0, 0.0004533925422260615159528960, 134543.3, -824.7527, -2.629443, 0.0166641, 0.1456619, 567.2485, 1.876451, 1.454142, 8.815194
 
7.62008, -0.001342904, -0.005541559, 75.96215, 0, 0.0004581854552758413743835703, 134175.9, -824.8569, -2.629443, 0.0166641, 0.1456619, 566.6597, 1.876593, 1.454142, 8.815194
 
7.63008, -0.001569792, -0.005554989, 75.84306, 0, 0.0004617891990728854466031745, 133809.8, -824.9606, -2.629443, 0.0166641, 0.1456619, 566.0718, 1.876733, 1.454142, 8.815194
 
7.64008, -0.001653578, -0.005570686, 75.72427, 0, 0.0004642455759035969451726893, 133444.9, -825.0645, -2.629443, 0.0166641, 0.1456619, 565.4852, 1.876874, 1.454142, 8.815194
 
7.65008, -0.001600355, -0.005587222, 75.60569, 0, 0.0004654873839491658958173582, 133081.4, -825.1677, -2.629443, 0.0166641, 0.1456619, 564.8998, 1.877015, 1.454142, 8.815194
 
7.66008, -0.001443018, -0.005603225, 75.48737, 0, 0.0004657054711783440283220157, 132719.1, -825.2708, -2.629443, 0.0166641, 0.1456619, 564.3155, 1.877155, 1.454142, 8.815194
 
7.670081, -0.001177746, -0.005617656, 75.36931, 0, 0.0004647715579698504724135861, 132358.1, -825.3736, -2.629443, 0.0166641, 0.1456619, 563.7323, 1.877296, 1.454142, 8.815194
 
7.680081, -0.0007882948, -0.005629433, 75.25157, 0, 0.0004624377138400576270554159, 131998.5, -825.4766, -2.629443, 0.0166641, 0.1456619, 563.1504, 1.877436, 1.454142, 8.815194
 
7.690081, -0.0003248434, -0.005637316, 75.134, 0, 0.0004590707066507656201865525, 131640, -825.5789, -2.629443, 0.0166641, 0.1456619, 562.5695, 1.877576, 1.454142, 8.815194
 
7.700081, -5.854122E-05, -0.005640565, 75.01675, 0, 0.0004571840009066666272047513, 131282.8, -825.6815, -2.629443, 0.0166641, 0.1456619, 561.9897, 1.877716, 1.454142, 8.815194
 
7.710082, 0.0001009251, -0.00564115, 74.89973, 0, 0.0004560885527436269978210352, 130926.9, -825.7835, -2.629443, 0.0166641, 0.1456619, 561.4113, 1.877855, 1.454142, 8.815194
 
7.720082, 0.0002743645, -0.005640141, 74.78294, 0, 0.0004547233238985805101728014, 130572.2, -825.8854, -2.629443, 0.0166641, 0.1456619, 560.8338, 1.877995, 1.454142, 8.815194
 
7.730082, 0.0002941468, -0.005637398, 74.66645, 0, 0.0004546816973026299861600288, 130218.8, -825.9871, -2.629443, 0.0166641, 0.1456619, 560.2576, 1.878134, 1.454142, 8.815194
 
7.740082, 0.0003039438, -0.005634456, 74.55015, 0, 0.0004547187721438533948079448, 129866.5, -826.0885, -2.629443, 0.0166641, 0.1456619, 559.6823, 1.878272, 1.454142, 8.815194
 
7.750082, 0.0001774667, -0.005631417, 74.43414, 0, 0.0004560586705601977172822048, 129515.5, -826.1899, -2.629443, 0.0166641, 0.1456619, 559.1082, 1.878411, 1.454142, 8.815194
 
7.760083, -0.000121215, -0.005629642, 74.31837, 0, 0.0004591691489467702585737536, 129165.8, -826.2908, -2.629443, 0.0166641, 0.1456619, 558.5352, 1.878549, 1.454142, 8.815194
 
7.770083, -0.0004730542, -0.005630854, 74.20288, 0, 0.0004630507173373153731987991, 128817.2, -826.3921, -2.629443, 0.0166641, 0.1456619, 557.9633, 1.878687, 1.454142, 8.815194
 
7.780083, -0.0006647132, -0.005635585, 74.0876, 0, 0.0004656815729549868113753907, 128469.9, -826.4926, -2.629443, 0.0166641, 0.1456619, 557.3927, 1.878824, 1.454142, 8.815194
 
7.790083, -0.000866532, -0.005642232, 73.9726, 0, 0.0004685775065474667478030820, 128123.8, -826.5932, -2.629443, 0.0166641, 0.1456619, 556.8231, 1.878962, 1.454142, 8.815194
 
7.800084, -0.001011581, -0.005650898, 73.85782, 0, 0.0004710950561704179522174056, 127779, -826.6934, -2.629443, 0.0166641, 0.1456619, 556.2547, 1.879099, 1.454142, 8.815194
 
7.810084, -0.001131606, -0.005661014, 73.74332, 0, 0.0004734948591340342952967567, 127435.3, -826.7935, -2.629443, 0.0166641, 0.1456619, 555.6873, 1.879236, 1.454142, 8.815194
 
7.820084, -0.001240535, -0.00567233, 73.62907, 0, 0.0004758911393073470390842081, 127092.8, -826.8936, -2.629443, 0.0166641, 0.1456619, 555.121, 1.879373, 1.454142, 8.815194
 
7.830084, -0.001174097, -0.005684735, 73.51499, 0, 0.0004766623573341327188967953, 126751.4, -826.993, -2.629443, 0.0166641, 0.1456619, 554.5558, 1.87951, 1.454142, 8.815194
 
7.840085, -0.001110502, -0.005696476, 73.40123, 0, 0.0004774059163211781547354350, 126411.4, -827.0926, -2.629443, 0.0166641, 0.1456619, 553.9918, 1.879646, 1.454142, 8.815194
 
7.850085, -0.0008867051, -0.005707581, 73.28771, 0, 0.0004765165305943491922641209, 126072.4, -827.192, -2.629443, 0.0166641, 0.1456619, 553.4288, 1.879783, 1.454142, 8.815194
 
7.860085, -0.0007359131, -0.005716448, 73.17439, 0, 0.0004761563829721081644841715, 125734.6, -827.291, -2.629443, 0.0166641, 0.1456619, 552.8666, 1.879919, 1.454142, 8.815194
 
7.870085, -0.0005974763, -0.005723807, 73.06133, 0, 0.0004757886429681434104560099, 125398, -827.39, -2.629443, 0.0166641, 0.1456619, 552.3058, 1.880055, 1.454142, 8.815194
 
7.880085, -0.0004368816, -0.005729782, 72.94852, 0, 0.0004750822435675215906016100, 125062.5, -827.4888, -2.629443, 0.0166641, 0.1456619, 551.7459, 1.880191, 1.454142, 8.815194
 
7.890086, -0.0002710978, -0.005734151, 72.83596, 0, 0.0004741851461797612110791864, 124728.2, -827.5874, -2.629443, 0.0166641, 0.1456619, 551.1873, 1.880327, 1.454142, 8.815194
 
7.900086, -0.000125551, -0.005736862, 72.72359, 0, 0.0004733462139596338641162151, 124395.1, -827.6856, -2.629443, 0.0166641, 0.1456619, 550.6296, 1.880462, 1.454142, 8.815194
 
7.910086, -8.333303E-05, -0.005738118, 72.61149, 0, 0.0004734146076490616420274148, 124063, -827.7839, -2.629443, 0.0166641, 0.1456619, 550.0728, 1.880598, 1.454142, 8.815194
 
7.920086, -0.0001577139, -0.005738951, 72.49966, 0, 0.0004746146469439322763807791, 123732.2, -827.882, -2.629443, 0.0166641, 0.1456619, 549.5173, 1.880733, 1.454142, 8.815194
 
7.930087, -0.000176662, -0.005740528, 72.38802, 0, 0.0004753231019053778265224625, 123402.4, -827.9797, -2.629443, 0.0166641, 0.1456619, 548.9628, 1.880867, 1.454142, 8.815194
 
7.940087, -0.0002061297, -0.005742295, 72.27663, 0, 0.0004761540077951697028862608, 123073.8, -828.077, -2.629443, 0.0166641, 0.1456619, 548.4094, 1.881002, 1.454142, 8.815194
 
7.950087, -0.0001835506, -0.005744357, 72.16552, 0, 0.0004764859329520889202108901, 122746.4, -828.1748, -2.629443, 0.0166641, 0.1456619, 547.8571, 1.881136, 1.454142, 8.815194
 
7.960087, -0.0002741988, -0.005746192, 72.05459, 0, 0.0004779438479745717534008058, 122420, -828.2717, -2.629443, 0.0166641, 0.1456619, 547.3057, 1.88127, 1.454142, 8.815194
 
7.970088, -0.0004659186, -0.005748934, 71.9439, 0, 0.0004805065047490366858296549, 122094.7, -828.3688, -2.629443, 0.0166641, 0.1456619, 546.7552, 1.881404, 1.454142, 8.815194
 
7.980088, -0.0007677763, -0.005753594, 71.83342, 0, 0.0004843570093804304167481595, 121770.5, -828.4654, -2.629443, 0.0166641, 0.1456619, 546.206, 1.881538, 1.454142, 8.815194
 
7.990088, -0.0008611922, -0.005761271, 71.72325, 0, 0.0004863489264376725568536632, 121447.5, -828.5624, -2.629443, 0.0166641, 0.1456619, 545.6577, 1.881671, 1.454142, 8.815194
 
8.000088, -0.0008728962, -0.005769883, 71.61326, 0, 0.0004875897097590844309864943, 121125.5, -828.659, -2.629443, 0.0166641, 0.1456619, 545.1104, 1.881805, 1.454142, 8.815194
 
8.010088, -0.001011108, -0.005778612, 71.50352, 0, 0.0004901366408102482527410183, 120804.7, -828.7552, -2.629443, 0.0166641, 0.1456619, 544.5643, 1.881938, 1.454142, 8.815194
 
8.020088, -0.000952823, -0.005788723, 71.39403, 0, 0.0004907903033760385961326957, 120485, -828.8514, -2.629443, 0.0166641, 0.1456619, 544.0192, 1.882071, 1.454142, 8.815194
 
8.030088, -0.0008969563, -0.005798251, 71.28477, 0, 0.0004914190542789403926774994, 120166.4, -828.9475, -2.629443, 0.0166641, 0.1456619, 543.475, 1.882204, 1.454142, 8.815194
 
8.040089, -0.0008255648, -0.005807221, 71.17565, 0, 0.0004918396638576466387608428, 119848.7, -829.0428, -2.629443, 0.0166641, 0.1456619, 542.9318, 1.882336, 1.454142, 8.815194
 
8.050089, -0.0008129901, -0.005815477, 71.0668, 0, 0.0004928069313891662297015699, 119532.1, -829.1384, -2.629443, 0.0166641, 0.1456619, 542.3895, 1.882468, 1.454142, 8.815194
 
8.060089, -0.0007967893, -0.005823607, 70.95818, 0, 0.0004937263355914611717291541, 119216.7, -829.2336, -2.629443, 0.0166641, 0.1456619, 541.8484, 1.882601, 1.454142, 8.815194
 
8.070089, -0.0005467102, -0.005831575, 70.84985, 0, 0.0004922046709892912806258139, 118902.3, -829.329, -2.629443, 0.0166641, 0.1456619, 541.3083, 1.882733, 1.454142, 8.815194
 
8.08009, -0.0004780089, -0.005837042, 70.74168, 0, 0.0004923507682086669455633445, 118589, -829.424, -2.629443, 0.0166641, 0.1456619, 540.7692, 1.882865, 1.454142, 8.815194
 
8.09009, -0.0003237933, -0.005841822, 70.63377, 0, 0.0004915447423792702517817938, 118276.7, -829.519, -2.629443, 0.0166641, 0.1456619, 540.231, 1.882997, 1.454142, 8.815194
 
8.10009, -0.0002847972, -0.00584506, 70.52611, 0, 0.0004918073619043370943450111, 117965.5, -829.6138, -2.629443, 0.0166641, 0.1456619, 539.694, 1.883128, 1.454142, 8.815194
 
8.11009, -0.0001787736, -0.005847908, 70.41862, 0, 0.0004913336432530428433947233, 117655.4, -829.708, -2.629443, 0.0166641, 0.1456619, 539.158, 1.88326, 1.454142, 8.815194
 
8.12009, -7.837933E-05, -0.005849695, 70.31135, 0, 0.0004908256064812799254140112, 117346.3, -829.8019, -2.629443, 0.0166641, 0.1456619, 538.6229, 1.883391, 1.454142, 8.815194
 
8.130091, -5.449067E-05, -0.005850479, 70.20436, 0, 0.0004910341720619205788685629, 117038.2, -829.8963, -2.629443, 0.0166641, 0.1456619, 538.0887, 1.883522, 1.454142, 8.815194
 
8.140091, -0.000135652, -0.005851024, 70.09755, 0, 0.0004923300558405086738994428, 116731.2, -829.9902, -2.629443, 0.0166641, 0.1456619, 537.5556, 1.883652, 1.454142, 8.815194
 
8.150091, -0.0002622561, -0.00585238, 69.99097, 0, 0.0004941790208240588945037493, 116425.1, -830.084, -2.629443, 0.0166641, 0.1456619, 537.0233, 1.883783, 1.454142, 8.815194
 
8.160091, -0.0004631912, -0.005855003, 69.8846, 0, 0.0004969287170473287182474657, 116120.1, -830.1775, -2.629443, 0.0166641, 0.1456619, 536.4921, 1.883913, 1.454142, 8.815194
 
8.170092, -0.0006969278, -0.005859635, 69.7785, 0, 0.0005002059073294433019890275, 115816.2, -830.2709, -2.629443, 0.0166641, 0.1456619, 535.962, 1.884043, 1.454142, 8.815194
 
8.180092, -0.0007146043, -0.005866604, 69.67262, 0, 0.0005013914810675987817292742, 115513.3, -830.3645, -2.629443, 0.0166641, 0.1456619, 535.4329, 1.884173, 1.454142, 8.815194
 
8.190092, -0.0008144508, -0.00587375, 69.56692, 0, 0.0005034707406095701419917735, 115211.4, -830.4573, -2.629443, 0.0166641, 0.1456619, 534.9047, 1.884303, 1.454142, 8.815194
 
8.200092, -0.0008495724, -0.005881894, 69.46145, 0, 0.0005049474394689946600896269, 114910.5, -830.5502, -2.629443, 0.0166641, 0.1456619, 534.3775, 1.884432, 1.454142, 8.815194
 
8.210093, -0.0008230966, -0.00589039, 69.35619, 0, 0.0005057963236971074844936956, 114610.6, -830.6429, -2.629443, 0.0166641, 0.1456619, 533.8512, 1.884562, 1.454142, 8.815194
 
8.220093, -0.0008663442, -0.005898621, 69.25117, 0, 0.0005073724697520891020420714, 114311.7, -830.7355, -2.629443, 0.0166641, 0.1456619, 533.3259, 1.884691, 1.454142, 8.815194
 
8.230093, -0.0008451447, -0.005907285, 69.14633, 0, 0.0005082936157181722415156049, 114013.8, -830.8277, -2.629443, 0.0166641, 0.1456619, 532.8015, 1.88482, 1.454142, 8.815194
 
8.240093, -0.0007714236, -0.005915736, 69.04173, 0, 0.0005086299408735843850403136, 113716.8, -830.9198, -2.629443, 0.0166641, 0.1456619, 532.2781, 1.884949, 1.454142, 8.815194
 
8.250093, -0.0006624406, -0.00592345, 68.93736, 0, 0.0005085199915896865665521437, 113420.9, -831.012, -2.629443, 0.0166641, 0.1456619, 531.7556, 1.885078, 1.454142, 8.815194
 
8.260094, -0.0005919683, -0.005930074, 68.83316, 0, 0.0005087312074723741468450434, 113125.9, -831.1036, -2.629443, 0.0166641, 0.1456619, 531.234, 1.885206, 1.454142, 8.815194
 
8.270094, -0.0004859086, -0.005935994, 68.72921, 0, 0.0005084929492018047908273470, 112831.9, -831.1952, -2.629443, 0.0166641, 0.1456619, 530.7134, 1.885335, 1.454142, 8.815194
 
8.280094, -0.0004371674, -0.005940853, 68.62547, 0, 0.0005087850799305538815222225, 112538.9, -831.2869, -2.629443, 0.0166641, 0.1456619, 530.1937, 1.885463, 1.454142, 8.815194
 
8.290094, -0.0003705131, -0.005945225, 68.52193, 0, 0.0005088382622433223408176390, 112246.8, -831.3781, -2.629443, 0.0166641, 0.1456619, 529.675, 1.885591, 1.454142, 8.815194
 
8.300095, -0.0003379598, -0.00594893, 68.4186, 0, 0.0005092058355567903097777528, 111955.7, -831.4693, -2.629443, 0.0166641, 0.1456619, 529.1572, 1.885719, 1.454142, 8.815194
 
8.310095, -0.0003364605, -0.00595231, 68.31548, 0, 0.0005098850352296707763821578, 111665.6, -831.5602, -2.629443, 0.0166641, 0.1456619, 528.6404, 1.885847, 1.454142, 8.815194
 
8.320095, -0.0004516262, -0.005955674, 68.2126, 0, 0.0005118467197487189554516916, 111376.4, -831.6511, -2.629443, 0.0166641, 0.1456619, 528.1245, 1.885975, 1.454142, 8.815194
 
8.330095, -0.000446932, -0.005960191, 68.10992, 0, 0.0005125915172551616285029374, 111088.3, -831.7418, -2.629443, 0.0166641, 0.1456619, 527.6095, 1.886102, 1.454142, 8.815194
 
8.340096, -0.0004702222, -0.00596466, 68.00745, 0, 0.0005136420677190231239685574, 110801, -831.8323, -2.629443, 0.0166641, 0.1456619, 527.0955, 1.886229, 1.454142, 8.815194
 
8.350096, -0.0004176922, -0.005969362, 67.90522, 0, 0.0005138743329028458349382582, 110514.7, -831.9228, -2.629443, 0.0166641, 0.1456619, 526.5824, 1.886356, 1.454142, 8.815194
 
8.360096, -0.0004845278, -0.005973539, 67.80315, 0, 0.0005153850015244794089882527, 110229.3, -832.0129, -2.629443, 0.0166641, 0.1456619, 526.0703, 1.886483, 1.454142, 8.815194
 
8.370096, -0.0005556934, -0.005978385, 67.7013, 0, 0.0005170049759282056104174821, 109944.9, -832.1029, -2.629443, 0.0166641, 0.1456619, 525.5588, 1.88661, 1.454142, 8.815194
 
8.380096, -0.0006828497, -0.005983941, 67.59962, 0, 0.0005193148086743119329953918, 109661.3, -832.1927, -2.629443, 0.0166641, 0.1456619, 525.0482, 1.886736, 1.454142, 8.815194
 
8.390097, -0.0008628356, -0.00599077, 67.49821, 0, 0.0005223313346952992473205594, 109378.6, -832.2826, -2.629443, 0.0166641, 0.1456619, 524.5386, 1.886862, 1.454142, 8.815194
 
8.400097, -0.0009694616, -0.005999398, 67.39693, 0, 0.0005246899782962755606801790, 109096.9, -832.3718, -2.629443, 0.0166641, 0.1456619, 524.03, 1.886988, 1.454142, 8.815194
 
8.410097, -0.0009937863, -0.006009093, 67.29594, 0, 0.0005262227456529276266062457, 108816.2, -832.4614, -2.629443, 0.0166641, 0.1456619, 523.5223, 1.887114, 1.454142, 8.815194
 
8.420097, -0.0009908396, -0.00601903, 67.19511, 0, 0.0005274721394898603942592580, 108536.3, -832.5505, -2.629443, 0.0166641, 0.1456619, 523.0154, 1.88724, 1.454142, 8.815194
 
8.430098, -0.0009142081, -0.006028939, 67.09449, 0, 0.0005278889623919874665100336, 108257.5, -832.6395, -2.629443, 0.0166641, 0.1456619, 522.5096, 1.887366, 1.454142, 8.815194
 
8.440098, -0.0008185292, -0.00603808, 66.99413, 0, 0.0005280220798829287975228504, 107979.5, -832.7285, -2.629443, 0.0166641, 0.1456619, 522.0047, 1.887492, 1.454142, 8.815194
 
8.450098, -0.0006203778, -0.006046266, 66.89392, 0, 0.0005269079163801387966676660, 107702.4, -832.8173, -2.629443, 0.0166641, 0.1456619, 521.5008, 1.887617, 1.454142, 8.815194
 
8.460098, -0.0004819261, -0.00605247, 66.79392, 0, 0.0005262927182548293847577005, 107426.2, -832.9058, -2.629443, 0.0166641, 0.1456619, 520.9974, 1.887743, 1.454142, 8.815194
 
8.470098, -0.0004151606, -0.006057289, 66.6941, 0, 0.0005263677548573518657588056, 107150.9, -832.9942, -2.629443, 0.0166641, 0.1456619, 520.4951, 1.887868, 1.454142, 8.815194
 
8.480099, -0.0003973999, -0.006061441, 66.5945, 0, 0.0005269418849753183560156712, 106876.5, -833.0825, -2.629443, 0.0166641, 0.1456619, 519.9937, 1.887993, 1.454142, 8.815194
 
8.490099, -0.0003073609, -0.006065415, 66.49509, 0, 0.0005266732935952065480449399, 106603, -833.1703, -2.629443, 0.0166641, 0.1456619, 519.4932, 1.888117, 1.454142, 8.815194
 
8.500099, -0.0002123562, -0.006068489, 66.3959, 0, 0.0005262661399448240895306761, 106330.4, -833.2581, -2.629443, 0.0166641, 0.1456619, 518.9936, 1.888242, 1.454142, 8.815194
 
8.510099, -0.0002036371, -0.006070612, 66.29688, 0, 0.0005267641927461635891796994, 106058.6, -833.3458, -2.629443, 0.0166641, 0.1456619, 518.4947, 1.888366, 1.454142, 8.815194
 
8.5201, -0.0002856573, -0.006072648, 66.1981, 0, 0.0005282988463983997612805786, 105787.7, -833.4338, -2.629443, 0.0166641, 0.1456619, 517.9967, 1.888491, 1.454142, 8.815194
 
8.5301, -0.0003233499, -0.006075505, 66.09947, 0, 0.0005293976046606777319523185, 105517.7, -833.5211, -2.629443, 0.0166641, 0.1456619, 517.4997, 1.888615, 1.454142, 8.815194
 
8.5401, -0.0003452587, -0.006078738, 66.00111, 0, 0.0005303488426392457257559384, 105248.6, -833.6085, -2.629443, 0.0166641, 0.1456619, 517.0036, 1.888739, 1.454142, 8.815194
 
8.5501, -0.000407217, -0.006082191, 65.90285, 0, 0.0005317852001195134052386443, 104980.3, -833.6954, -2.629443, 0.0166641, 0.1456619, 516.5081, 1.888863, 1.454142, 8.815194
 
8.560101, -0.000658422, -0.006086263, 65.80486, 0, 0.0005354779091488416315452427, 104712.8, -833.7825, -2.629443, 0.0166641, 0.1456619, 516.0136, 1.888986, 1.454142, 8.815194
 
8.570101, -0.000813926, -0.006092847, 65.70706, 0, 0.0005382878538327847987455193, 104446.4, -833.8693, -2.629443, 0.0166641, 0.1456619, 515.5201, 1.889109, 1.454142, 8.815194
 
8.580101, -0.0009627129, -0.006100987, 65.60945, 0, 0.0005411635219832712657808185, 104180.7, -833.9559, -2.629443, 0.0166641, 0.1456619, 515.0274, 1.889233, 1.454142, 8.815194
 
8.590101, -0.0009590195, -0.006110614, 65.51199, 0, 0.0005423943823141536689770403, 103915.8, -834.0422, -2.629443, 0.0166641, 0.1456619, 514.5354, 1.889356, 1.454142, 8.815194
 
8.600101, -0.001050345, -0.006120204, 65.41483, 0, 0.0005447370131480973637068088, 103651.9, -834.1292, -2.629443, 0.0166641, 0.1456619, 514.0444, 1.889479, 1.454142, 8.815194
 
8.610102, -0.001025159, -0.006130707, 65.31777, 0, 0.0005457960900288207298865238, 103388.7, -834.2153, -2.629443, 0.0166641, 0.1456619, 513.5543, 1.889602, 1.454142, 8.815194
 
8.620102, -0.0008757976, -0.006140959, 65.22095, 0, 0.0005453708193303701863230608, 103126.5, -834.3011, -2.629443, 0.0166641, 0.1456619, 513.0651, 1.889725, 1.454142, 8.815194
 
8.630102, -0.0006474093, -0.006149717, 65.12432, 0, 0.0005438767458418908134038018, 102865.1, -834.3873, -2.629443, 0.0166641, 0.1456619, 512.5765, 1.889847, 1.454142, 8.815194
 
8.640102, -0.0006278845, -0.006156191, 65.02785, 0, 0.0005446428325359648379294556, 102604.5, -834.4728, -2.629443, 0.0166641, 0.1456619, 512.0889, 1.88997, 1.454142, 8.815194
 
8.650103, -0.0004484868, -0.00616247, 64.93163, 0, 0.0005434959811418605069239650, 102344.7, -834.5588, -2.629443, 0.0166641, 0.1456619, 511.6023, 1.890092, 1.454142, 8.815194
 
8.660103, -0.0003244653, -0.006166955, 64.83554, 0, 0.0005428421200583034743940097, 102085.8, -834.644, -2.629443, 0.0166641, 0.1456619, 511.1162, 1.890214, 1.454142, 8.815194
 
8.670103, -0.0003480611, -0.0061702, 64.73967, 0, 0.0005438317057060649274500875, 101827.7, -834.7293, -2.629443, 0.0166641, 0.1456619, 510.6312, 1.890337, 1.454142, 8.815194
 
8.680103, -0.0002606131, -0.006173681, 64.64402, 0, 0.0005435184163850813796523723, 101570.4, -834.8146, -2.629443, 0.0166641, 0.1456619, 510.147, 1.890458, 1.454142, 8.815194
 
8.690104, -0.0002184475, -0.006176287, 64.54849, 0, 0.0005436660900211154693105177, 101313.9, -834.8995, -2.629443, 0.0166641, 0.1456619, 509.6635, 1.89058, 1.454142, 8.815194
 
8.700104, -0.0003000906, -0.006178471, 64.45319, 0, 0.0005452595050561788946686824, 101058.3, -834.9843, -2.629443, 0.0166641, 0.1456619, 509.1809, 1.890702, 1.454142, 8.815194
 
8.710104, -0.0004136075, -0.006181472, 64.35812, 0, 0.0005473123249494522983555868, 100803.5, -835.069, -2.629443, 0.0166641, 0.1456619, 508.6993, 1.890823, 1.454142, 8.815194
 
8.720104, -0.000359836, -0.006185608, 64.2632, 0, 0.0005474564804866568876263609, 100549.5, -835.1537, -2.629443, 0.0166641, 0.1456619, 508.2183, 1.890944, 1.454142, 8.815194
 
8.730104, -0.0004649893, -0.006189206, 64.16845, 0, 0.0005494694197414827341042935, 100296.3, -835.2381, -2.629443, 0.0166641, 0.1456619, 507.7383, 1.891065, 1.454142, 8.815194
 
8.740105, -0.0005642394, -0.006193856, 64.07385, 0, 0.0005515102468498770069538015, 100043.8, -835.322, -2.629443, 0.0166641, 0.1456619, 507.2588, 1.891186, 1.454142, 8.815194
 
8.750105, -0.0006662473, -0.006199499, 63.97954, 0, 0.0005536777197539280321188868, 99792.2, -835.4066, -2.629443, 0.0166641, 0.1456619, 506.7803, 1.891307, 1.454142, 8.815194
 
8.760105, -0.0007951309, -0.006206161, 63.88533, 0, 0.0005562676983024662158637716, 99541.42, -835.4901, -2.629443, 0.0166641, 0.1456619, 506.3028, 1.891427, 1.454142, 8.815194
 
8.770105, -0.0007746919, -0.006214113, 63.79137, 0, 0.0005571608236457417298794880, 99291.39, -835.5742, -2.629443, 0.0166641, 0.1456619, 505.8259, 1.891548, 1.454142, 8.815194
 
8.780106, -0.0007635442, -0.006221859, 63.69757, 0, 0.0005581492279761424337560285, 99042.18, -835.6579, -2.629443, 0.0166641, 0.1456619, 505.3499, 1.891668, 1.454142, 8.815194
 
8.790106, -0.0007894629, -0.006229495, 63.60391, 0, 0.0005595817894794572513136482, 98793.66, -835.7413, -2.629443, 0.0166641, 0.1456619, 504.8746, 1.891789, 1.454142, 8.815194
 
8.800106, -0.0008397512, -0.00623739, 63.51051, 0, 0.0005613386575038734725615108, 98546.04, -835.8249, -2.629443, 0.0166641, 0.1456619, 504.4002, 1.891909, 1.454142, 8.815194
 
8.810106, -0.0007751157, -0.006245787, 63.41723, 0, 0.0005617317071634503352319532, 98299.09, -835.9082, -2.629443, 0.0166641, 0.1456619, 503.9265, 1.892029, 1.454142, 8.815194
 
8.820107, -0.0008534146, -0.006253538, 63.32415, 0, 0.0005638257845894316735400233, 98053, -835.9909, -2.629443, 0.0166641, 0.1456619, 503.4536, 1.892148, 1.454142, 8.815194
 
8.830107, -0.0007846299, -0.006262072, 63.23128, 0, 0.0005641786505228177521577682, 97807.63, -836.0742, -2.629443, 0.0166641, 0.1456619, 502.9814, 1.892268, 1.454142, 8.815194
 
8.840107, -0.0007610598, -0.006269919, 63.13857, 0, 0.0005650274561584509919560040, 97563.04, -836.1572, -2.629443, 0.0166641, 0.1456619, 502.5102, 1.892388, 1.454142, 8.815194
 
8.850107, -0.0006931402, -0.00627753, 63.04605, 0, 0.0005653051634670649004539736, 97319.3, -836.2397, -2.629443, 0.0166641, 0.1456619, 502.0399, 1.892507, 1.454142, 8.815194
 
8.860107, -0.0005216026, -0.006284461, 62.9537, 0, 0.0005642324430208125679265381, 97076.24, -836.3223, -2.629443, 0.0166641, 0.1456619, 501.5702, 1.892627, 1.454142, 8.815194
 
8.870108, -0.000480923, -0.006289677, 62.86156, 0, 0.0005646283487110355021697648, 96834.03, -836.4047, -2.629443, 0.0166641, 0.1456619, 501.1015, 1.892746, 1.454142, 8.815194
 
8.880108, -0.0003184907, -0.006294486, 62.76959, 0, 0.0005634668222389623419525925, 96592.54, -836.4869, -2.629443, 0.0166641, 0.1456619, 500.6334, 1.892865, 1.454142, 8.815194
 
8.890108, -0.0003340682, -0.006297671, 62.67779, 0, 0.0005643799085942277121241593, 96351.8, -836.5692, -2.629443, 0.0166641, 0.1456619, 500.1662, 1.892984, 1.454142, 8.815194
 
8.900108, -0.0003339257, -0.006301012, 62.58617, 0, 0.0005651108533224814125459810, 96111.81, -836.651, -2.629443, 0.0166641, 0.1456619, 499.6997, 1.893103, 1.454142, 8.815194
 
8.910109, -0.000340839, -0.006304351, 62.49477, 0, 0.0005659310573764671180778517, 95872.61, -836.7331, -2.629443, 0.0166641, 0.1456619, 499.2341, 1.893221, 1.454142, 8.815194
 
8.920109, -0.000297755, -0.006307759, 62.40349, 0, 0.0005661283584870091674726568, 95634.09, -836.8147, -2.629443, 0.0166641, 0.1456619, 498.7691, 1.89334, 1.454142, 8.815194
 
8.930109, -0.0003901711, -0.006310737, 62.31242, 0, 0.0005679960481019008184553909, 95396.4, -836.8962, -2.629443, 0.0166641, 0.1456619, 498.3051, 1.893458, 1.454142, 8.815194
 
8.940109, -0.0003536142, -0.006314639, 62.22149, 0, 0.0005683201796893440597644925, 95159.37, -836.9775, -2.629443, 0.0166641, 0.1456619, 497.8417, 1.893576, 1.454142, 8.815194
 
8.950109, -0.0004170506, -0.006318175, 62.13073, 0, 0.0005698780410347512694542704, 94923.05, -837.0585, -2.629443, 0.0166641, 0.1456619, 497.379, 1.893694, 1.454142, 8.815194
 
8.96011, -0.0006072919, -0.006322345, 62.04022, 0, 0.0005731082747703659443825069, 94687.54, -837.14, -2.629443, 0.0166641, 0.1456619, 496.9171, 1.893812, 1.454142, 8.815194
 
8.97011, -0.0006432037, -0.006328418, 61.9498, 0, 0.0005745547182922200397077033, 94452.66, -837.2209, -2.629443, 0.0166641, 0.1456619, 496.456, 1.89393, 1.454142, 8.815194
 
8.98011, -0.0007730355, -0.00633485, 61.85964, 0, 0.0005772346314139012111137183, 94218.64, -837.3019, -2.629443, 0.0166641, 0.1456619, 495.9957, 1.894048, 1.454142, 8.815194
 
8.99011, -0.0007897681, -0.006342581, 61.7696, 0, 0.0005785927523811664379261820, 93985.27, -837.3826, -2.629443, 0.0166641, 0.1456619, 495.5361, 1.894165, 1.454142, 8.815194
 
9.000111, -0.0008988989, -0.006350478, 61.67976, 0, 0.0005811524786703310527316150, 93752.67, -837.4633, -2.629443, 0.0166641, 0.1456619, 495.0774, 1.894282, 1.454142, 8.815194
 
9.010111, -0.0008806141, -0.006359467, 61.59008, 0, 0.0005821800878759798025353275, 93520.77, -837.5438, -2.629443, 0.0166641, 0.1456619, 494.6194, 1.8944, 1.454142, 8.815194
 
9.020111, -0.0008516561, -0.006368273, 61.50058, 0, 0.0005830543079064098049420934, 93289.63, -837.6238, -2.629443, 0.0166641, 0.1456619, 494.1623, 1.894517, 1.454142, 8.815194
 
9.030111, -0.0007214399, -0.00637679, 61.41126, 0, 0.0005825951820906528927683297, 93059.19, -837.704, -2.629443, 0.0166641, 0.1456619, 493.7058, 1.894634, 1.454142, 8.815194
 
9.040112, -0.0006774072, -0.006384004, 61.32208, 0, 0.0005831275966186712815118548, 92829.39, -837.784, -2.629443, 0.0166641, 0.1456619, 493.25, 1.894751, 1.454142, 8.815194
 
9.050112, -0.0006792878, -0.006390778, 61.23311, 0, 0.0005842140189733067410545949, 92600.36, -837.8642, -2.629443, 0.0166641, 0.1456619, 492.7951, 1.894868, 1.454142, 8.815194
 
9.060112, -0.0006456351, -0.006397571, 61.14429, 0, 0.0005848416265616098226204021, 92372.01, -837.944, -2.629443, 0.0166641, 0.1456619, 492.3408, 1.894984, 1.454142, 8.815194
 
9.070112, -0.000604638, -0.006404028, 61.05565, 0, 0.0005853424929075398754401301, 92144.35, -838.0237, -2.629443, 0.0166641, 0.1456619, 491.8872, 1.895101, 1.454142, 8.815194
 
9.080112, -0.0006947487, -0.006410074, 60.96719, 0, 0.0005875156347093940362640242, 91917.43, -838.1033, -2.629443, 0.0166641, 0.1456619, 491.4345, 1.895217, 1.454142, 8.815194
 
9.090113, -0.0005939153, -0.006417022, 60.87887, 0, 0.0005872790529254852068355037, 91691.2, -838.1823, -2.629443, 0.0166641, 0.1456619, 490.9824, 1.895334, 1.454142, 8.815194
 
9.100113, -0.0005062778, -0.006422961, 60.79075, 0, 0.0005871196991618991847009678, 91465.61, -838.262, -2.629443, 0.0166641, 0.1456619, 490.531, 1.89545, 1.454142, 8.815194
 
9.110113, -0.0005523045, -0.006428024, 60.70275, 0, 0.0005886322956755699169193487, 91240.77, -838.3406, -2.629443, 0.0166641, 0.1456619, 490.0805, 1.895566, 1.454142, 8.815194
 
9.120113, -0.0005430355, -0.006433547, 60.61498, 0, 0.0005894625173664534256470167, 91016.59, -838.42, -2.629443, 0.0166641, 0.1456619, 489.6306, 1.895682, 1.454142, 8.815194
 
9.130114, -0.0005583318, -0.006438978, 60.52734, 0, 0.0005906082623831296826280031, 90793.16, -838.4986, -2.629443, 0.0166641, 0.1456619, 489.1817, 1.895798, 1.454142, 8.815194
 
9.140114, -0.0004888597, -0.006444561, 60.43993, 0, 0.0005906489828708337528856673, 90570.41, -838.5777, -2.629443, 0.0166641, 0.1456619, 488.7334, 1.895914, 1.454142, 8.815194
 
9.150114, -0.0004323055, -0.006449449, 60.35262, 0, 0.0005907947428689968580641131, 90348.28, -838.6561, -2.629443, 0.0166641, 0.1456619, 488.2858, 1.896029, 1.454142, 8.815194
 
9.160114, -0.0004899387, -0.006453773, 60.26549, 0, 0.0005924028891037881356536971, 90126.82, -838.7346, -2.629443, 0.0166641, 0.1456619, 487.8387, 1.896145, 1.454142, 8.815194
 
9.170115, -0.0005020472, -0.006458672, 60.17853, 0, 0.0005934616336704908483009826, 89906.1, -838.8127, -2.629443, 0.0166641, 0.1456619, 487.3926, 1.89626, 1.454142, 8.815194
 
9.180115, -0.000476234, -0.006463692, 60.09174, 0, 0.0005940270226528277433087487, 89686, -838.8912, -2.629443, 0.0166641, 0.1456619, 486.9472, 1.896375, 1.454142, 8.815194
 
9.190115, -0.0005771651, -0.006468454, 60.00511, 0, 0.0005962625016047951011808147, 89466.56, -838.9693, -2.629443, 0.0166641, 0.1456619, 486.5024, 1.89649, 1.454142, 8.815194
 
9.200115, -0.0006786942, -0.006474226, 59.91864, 0, 0.0005986043044406435772037732, 89247.86, -839.0471, -2.629443, 0.0166641, 0.1456619, 486.0585, 1.896605, 1.454142, 8.815194
 
9.210115, -0.0007199312, -0.006481013, 59.83236, 0, 0.0006002360843348957289238192, 89029.81, -839.1249, -2.629443, 0.0166641, 0.1456619, 485.6152, 1.89672, 1.454142, 8.815194
 
9.220116, -0.0007346666, -0.006488212, 59.74623, 0, 0.0006015522990086718337477100, 88812.38, -839.2028, -2.629443, 0.0166641, 0.1456619, 485.1726, 1.896834, 1.454142, 8.815194
 
9.230116, -0.0007069095, -0.006495559, 59.66029, 0, 0.0006023104212829844457393640, 88595.71, -839.2803, -2.629443, 0.0166641, 0.1456619, 484.7309, 1.896949, 1.454142, 8.815194
 
9.240116, -0.0006455712, -0.006502628, 59.57449, 0, 0.0006025893417764454038883727, 88379.66, -839.3577, -2.629443, 0.0166641, 0.1456619, 484.2899, 1.897064, 1.454142, 8.815194
 
9.250116, -0.000611481, -0.006509084, 59.48885, 0, 0.0006031785812891939399307907, 88164.21, -839.435, -2.629443, 0.0166641, 0.1456619, 483.8494, 1.897178, 1.454142, 8.815194
 
9.260117, -0.000622917, -0.006515199, 59.40337, 0, 0.0006043536264145474802293626, 87949.41, -839.5123, -2.629443, 0.0166641, 0.1456619, 483.4096, 1.897292, 1.454142, 8.815194
 
9.270117, -0.0006385309, -0.006521428, 59.31808, 0, 0.0006055970889742159147759920, 87735.38, -839.5891, -2.629443, 0.0166641, 0.1456619, 482.9708, 1.897406, 1.454142, 8.815194
 
9.280117, -0.0006349045, -0.006527813, 59.23292, 0, 0.0006065947664059127346675994, 87521.91, -839.666, -2.629443, 0.0166641, 0.1456619, 482.5326, 1.89752, 1.454142, 8.815194
 
9.290117, -0.0005721035, -0.006534162, 59.14792, 0, 0.0006067813469842226027653152, 87309.09, -839.7427, -2.629443, 0.0166641, 0.1456619, 482.095, 1.897634, 1.454142, 8.815194
 
9.300117, -0.0006534776, -0.006539883, 59.06309, 0, 0.0006088817612399174099917581, 87096.91, -839.8193, -2.629443, 0.0166641, 0.1456619, 481.658, 1.897748, 1.454142, 8.815194
 
9.310118, -0.0006722654, -0.006546418, 58.97842, 0, 0.0006102037435138772790795241, 86885.33, -839.896, -2.629443, 0.0166641, 0.1456619, 481.2217, 1.897862, 1.454142, 8.815194
 
9.320118, -0.0007780173, -0.00655314, 58.89391, 0, 0.0006127408938630252784129740, 86674.45, -839.9724, -2.629443, 0.0166641, 0.1456619, 480.7863, 1.897975, 1.454142, 8.815194
 
9.330118, -0.0007102684, -0.006560921, 58.8096, 0, 0.0006129914950252972645893694, 86464.22, -840.0491, -2.629443, 0.0166641, 0.1456619, 480.3515, 1.898089, 1.454142, 8.815194
 
9.340118, -0.0006081371, -0.006568023, 58.72539, 0, 0.0006127016714180283099738873, 86254.59, -840.1249, -2.629443, 0.0166641, 0.1456619, 479.9174, 1.898202, 1.454142, 8.815194
 
9.350119, -0.0006159433, -0.006574105, 58.64135, 0, 0.0006138349143486521863193406, 86045.57, -840.2009, -2.629443, 0.0166641, 0.1456619, 479.4839, 1.898315, 1.454142, 8.815194
 
9.360119, -0.0005995114, -0.006580264, 58.55747, 0, 0.0006146403281635783057464672, 85837.16, -840.2768, -2.629443, 0.0166641, 0.1456619, 479.0511, 1.898428, 1.454142, 8.815194
 
9.370119, -0.0006713469, -0.006586259, 58.47378, 0, 0.0006166575184502539650481288, 85629.45, -840.3528, -2.629443, 0.0166641, 0.1456619, 478.6191, 1.898541, 1.454142, 8.815194
 
9.380119, -0.000557367, -0.006592973, 58.39022, 0, 0.0006161573244976004849596354, 85422.37, -840.4283, -2.629443, 0.0166641, 0.1456619, 478.1878, 1.898654, 1.454142, 8.815194
 
9.39012, -0.0005249606, -0.006598546, 58.30683, 0, 0.0006166850060375949421286658, 85215.88, -840.504, -2.629443, 0.0166641, 0.1456619, 477.7571, 1.898767, 1.454142, 8.815194
 
9.40012, -0.0004990259, -0.006603796, 58.22356, 0, 0.0006172722878738417842425077, 85009.97, -840.5793, -2.629443, 0.0166641, 0.1456619, 477.3271, 1.89888, 1.454142, 8.815194
 
9.41012, -0.000532975, -0.006608786, 58.14049, 0, 0.0006186746160763914705103103, 84804.69, -840.6548, -2.629443, 0.0166641, 0.1456619, 476.8977, 1.898993, 1.454142, 8.815194
 
9.42012, -0.000553538, -0.006614116, 58.05753, 0, 0.0006199232966844771264086507, 84599.99, -840.7297, -2.629443, 0.0166641, 0.1456619, 476.4689, 1.899105, 1.454142, 8.815194
 
9.43012, -0.0006457115, -0.006619651, 57.97477, 0, 0.0006222008679244512115585492, 84396.02, -840.8047, -2.629443, 0.0166641, 0.1456619, 476.0411, 1.899217, 1.454142, 8.815194
 
9.440121, -0.0005337544, -0.006626108, 57.8922, 0, 0.0006216898332308807845334472, 84192.62, -840.8803, -2.629443, 0.0166641, 0.1456619, 475.6139, 1.89933, 1.454142, 8.815194
 
9.450121, -0.0005018807, -0.006631446, 57.80971, 0, 0.0006222014541139766251916790, 83989.8, -840.9548, -2.629443, 0.0166641, 0.1456619, 475.1873, 1.899442, 1.454142, 8.815194
 
9.460121, -0.0005746744, -0.006636465, 57.72739, 0, 0.0006241662321116574114600408, 83787.62, -841.0292, -2.629443, 0.0166641, 0.1456619, 474.7614, 1.899554, 1.454142, 8.815194
 
9.470121, -0.0005997853, -0.006642211, 57.64523, 0, 0.0006255264670304737188265763, 83585.99, -841.1039, -2.629443, 0.0166641, 0.1456619, 474.336, 1.899666, 1.454142, 8.815194
 
9.480122, -0.0006788718, -0.006648209, 57.56321, 0, 0.0006276807988193152199094885, 83384.98, -841.178, -2.629443, 0.0166641, 0.1456619, 473.9113, 1.899777, 1.454142, 8.815194
 
9.490122, -0.0007109498, -0.006654998, 57.48137, 0, 0.0006292443626183672959879466, 83184.51, -841.2529, -2.629443, 0.0166641, 0.1456619, 473.4873, 1.899889, 1.454142, 8.815194
 
9.500122, -0.0007470922, -0.006662108, 57.3997, 0, 0.0006308980005967048070136709, 82984.79, -841.327, -2.629443, 0.0166641, 0.1456619, 473.0641, 1.900001, 1.454142, 8.815194
 
9.510122, -0.0006967132, -0.006669579, 57.31817, 0, 0.0006313490751913498171725783, 82785.6, -841.4012, -2.629443, 0.0166641, 0.1456619, 472.6417, 1.900112, 1.454142, 8.815194
 
9.520123, -0.0006081203, -0.006676546, 57.23679, 0, 0.0006312023817393477914484658, 82587.02, -841.4752, -2.629443, 0.0166641, 0.1456619, 472.2198, 1.900224, 1.454142, 8.815194
 
9.530123, -0.0005962423, -0.006682627, 57.15554, 0, 0.0006320726217709137434898831, 82389, -841.549, -2.629443, 0.0166641, 0.1456619, 471.7986, 1.900335, 1.454142, 8.815194
 
9.540123, -0.000573577, -0.006688589, 57.07448, 0, 0.0006327764113633032249305297, 82191.59, -841.6228, -2.629443, 0.0166641, 0.1456619, 471.378, 1.900446, 1.454142, 8.815194
 
9.550123, -0.0006077653, -0.006694325, 56.99353, 0, 0.0006342802684512787457790199, 81994.73, -841.6962, -2.629443, 0.0166641, 0.1456619, 470.958, 1.900557, 1.454142, 8.815194
 
9.560123, -0.0006155022, -0.006700403, 56.91275, 0, 0.0006354360924203676307326893, 81798.48, -841.7696, -2.629443, 0.0166641, 0.1456619, 470.5386, 1.900668, 1.454142, 8.815194
 
9.570124, -0.0006602624, -0.006706558, 56.83211, 0, 0.0006371377688810925297006138, 81602.77, -841.8431, -2.629443, 0.0166641, 0.1456619, 470.1199, 1.900779, 1.454142, 8.815194
 
9.580124, -0.0006628886, -0.00671316, 56.7516, 0, 0.0006382722395338512472198269, 81407.63, -841.9163, -2.629443, 0.0166641, 0.1456619, 469.7019, 1.90089, 1.454142, 8.815194
 
9.590124, -0.0007174434, -0.006719789, 56.67127, 0, 0.0006401675267717571571729461, 81213.09, -841.9895, -2.629443, 0.0166641, 0.1456619, 469.2844, 1.901, 1.454142, 8.815194
 
9.600124, -0.000729248, -0.006726963, 56.59106, 0, 0.0006414935700120832341444086, 81019.08, -842.0627, -2.629443, 0.0166641, 0.1456619, 468.8676, 1.901111, 1.454142, 8.815194
 
9.610125, -0.0007161018, -0.006734256, 56.51101, 0, 0.0006424675282099139977261832, 80825.66, -842.1355, -2.629443, 0.0166641, 0.1456619, 468.4514, 1.901222, 1.454142, 8.815194
 
9.620125, -0.0007405872, -0.006741417, 56.43112, 0, 0.0006439812266258711128138419, 80632.82, -842.2084, -2.629443, 0.0166641, 0.1456619, 468.0359, 1.901332, 1.454142, 8.815194
 
9.630125, -0.0007392502, -0.006748823, 56.35137, 0, 0.0006451409701368195465668546, 80440.55, -842.281, -2.629443, 0.0166641, 0.1456619, 467.6209, 1.901443, 1.454142, 8.815194
 
9.640125, -0.0008440345, -0.006756215, 56.81314, 0, 0.0006477497666737594229823490, 81020.37, -842.3538, -2.629443, 0.0166641, 0.1456619, 467.2038, 1.901553, 1.454142, 8.815194
 
9.650126, -0.0008359281, -0.006764655, 56.73962, 0, 0.0006489151754742308251438838, 80836.39, -842.4267, -2.629443, 0.0166641, 0.1456619, 466.7872, 1.901664, 1.454142, 8.815194
 
9.660126, -0.0007622355, -0.006773015, 56.66628, 0, 0.0006491125295984563648299329, 80652.97, -842.4998, -2.629443, 0.0166641, 0.1456619, 466.3713, 1.901775, 1.454142, 8.815194
 
9.670126, -0.000730367, -0.006780637, 56.59301, 0, 0.0006498518125908038223987614, 80469.98, -842.5724, -2.629443, 0.0166641, 0.1456619, 465.9557, 1.901885, 1.454142, 8.815194
 
9.680126, -0.0007715118, -0.006787941, 56.51989, 0, 0.0006516344578865232264165092, 80287.53, -842.645, -2.629443, 0.0166641, 0.1456619, 465.5408, 1.901996, 1.454142, 8.815194
 
9.690126, -0.0007539281, -0.006795656, 56.44692, 0, 0.0006525937850466860721149431, 80105.59, -842.7178, -2.629443, 0.0166641, 0.1456619, 465.1265, 1.902107, 1.454142, 8.815194
 
9.700127, -0.0007915288, -0.006803195, 56.37409, 0, 0.0006543517243624045860398700, 79924.21, -842.7902, -2.629443, 0.0166641, 0.1456619, 464.7128, 1.902217, 1.454142, 8.815194
 
9.710127, -0.0007582984, -0.00681111, 56.30139, 0, 0.0006550999161248122292800050, 79743.34, -842.8626, -2.629443, 0.0166641, 0.1456619, 464.2997, 1.902328, 1.454142, 8.815194
 
9.720127, -0.0006738777, -0.006818693, 56.22881, 0, 0.0006550566471171948465235874, 79563.02, -842.9344, -2.629443, 0.0166641, 0.1456619, 463.8873, 1.902438, 1.454142, 8.815194
 
9.730127, -0.0006608412, -0.006825432, 56.15643, 0, 0.0006559910010182243577725116, 79383.21, -843.0071, -2.629443, 0.0166641, 0.1456619, 463.4755, 1.902548, 1.454142, 8.815194
 
9.740128, -0.0005779869, -0.00683204, 56.08414, 0, 0.0006558727281574901544413703, 79203.92, -843.0791, -2.629443, 0.0166641, 0.1456619, 463.0643, 1.902659, 1.454142, 8.815194
 
9.750128, -0.0005240628, -0.00683782, 56.012, 0, 0.0006561039628363335567275004, 79025.17, -843.151, -2.629443, 0.0166641, 0.1456619, 462.6538, 1.902769, 1.454142, 8.815194
 
9.760128, -0.0004351063, -0.00684306, 55.93999, 0, 0.0006557579231042840556269558, 78846.95, -843.2227, -2.629443, 0.0166641, 0.1456619, 462.2439, 1.902879, 1.454142, 8.815194
 
9.770128, -0.0004195186, -0.006847411, 55.8681, 0, 0.0006564225444788313212492566, 78669.15, -843.2944, -2.629443, 0.0166641, 0.1456619, 461.8343, 1.902989, 1.454142, 8.815194
 
9.780128, -0.0004283699, -0.006851607, 55.79633, 0, 0.0006574387763826490440006145, 78491.84, -843.3661, -2.629443, 0.0166641, 0.1456619, 461.4253, 1.903099, 1.454142, 8.815194
 
9.790129, -0.0005038927, -0.00685589, 55.72471, 0, 0.0006594676363458870733409745, 78315.08, -843.4377, -2.629443, 0.0166641, 0.1456619, 461.017, 1.903209, 1.454142, 8.815194
 
9.800129, -0.0005652325, -0.006860929, 55.65323, 0, 0.0006613594773390026906161391, 78138.84, -843.509, -2.629443, 0.0166641, 0.1456619, 460.6093, 1.903319, 1.454142, 8.815194
 
9.810129, -0.0005986415, -0.006866581, 55.58188, 0, 0.0006628928481429400510621054, 77963.09, -843.5804, -2.629443, 0.0166641, 0.1456619, 460.2021, 1.903428, 1.454142, 8.815194
 
9.820129, -0.0006229006, -0.006872568, 55.51067, 0, 0.0006643223203996394908888856, 77787.88, -843.6516, -2.629443, 0.0166641, 0.1456619, 459.7957, 1.903538, 1.454142, 8.815194
 
9.83013, -0.0006043958, -0.006878797, 55.43961, 0, 0.0006651287455804005960438511, 77613.19, -843.7226, -2.629443, 0.0166641, 0.1456619, 459.3899, 1.903647, 1.454142, 8.815194
 
9.84013, -0.0005945083, -0.006884841, 55.36864, 0, 0.0006660487158559800255502341, 77438.88, -843.7937, -2.629443, 0.0166641, 0.1456619, 458.9843, 1.903757, 1.454142, 8.815194
 
9.85013, -0.0006989008, -0.006890786, 55.29782, 0, 0.0006686993541642552963031725, 77265.11, -843.8647, -2.629443, 0.0166641, 0.1456619, 458.5795, 1.903866, 1.454142, 8.815194
 
9.86013, -0.0007719435, -0.006897775, 55.22709, 0, 0.0006709785936679978035048299, 77091.86, -843.9348, -2.629443, 0.0166641, 0.1456619, 458.1752, 1.903975, 1.454142, 8.815194
 
9.870131, -0.0008162458, -0.006905494, 55.15656, 0, 0.0006728941839961886161930366, 76919.09, -844.006, -2.629443, 0.0166641, 0.1456619, 457.7716, 1.904084, 1.454142, 8.815194
 
9.880131, -0.0007752721, -0.006913657, 55.08613, 0, 0.0006735495082711020382444133, 76746.84, -844.0764, -2.629443, 0.0166641, 0.1456619, 457.3686, 1.904193, 1.454142, 8.815194
 
9.890131, -0.0007851083, -0.00692141, 55.01584, 0, 0.0006749444219449472980540145, 76575.09, -844.1468, -2.629443, 0.0166641, 0.1456619, 456.9662, 1.904302, 1.454142, 8.815194
 
9.900131, -0.0006973208, -0.006929261, 54.94563, 0, 0.0006748494431132245541237146, 76403.73, -844.217, -2.629443, 0.0166641, 0.1456619, 456.5642, 1.904411, 1.454142, 8.815194
 
9.910131, -0.0007282358, -0.006936234, 54.87561, 0, 0.0006764949584921702172957722, 76232.89, -844.2877, -2.629443, 0.0166641, 0.1456619, 456.1628, 1.90452, 1.454142, 8.815194
 
9.920132, -0.0007466697, -0.006943516, 54.80566, 0, 0.0006779806192732718077487228, 76062.55, -844.3572, -2.629443, 0.0166641, 0.1456619, 455.762, 1.904629, 1.454142, 8.815194
 
9.930132, -0.0006963302, -0.006950983, 54.7359, 0, 0.0006784221792159597346017990, 75892.71, -844.4277, -2.629443, 0.0166641, 0.1456619, 455.3618, 1.904738, 1.454142, 8.815194
 
9.940132, -0.0006675703, -0.006957947, 54.66626, 0, 0.0006791475757516403511284150, 75723.38, -844.4974, -2.629443, 0.0166641, 0.1456619, 454.9623, 1.904846, 1.454142, 8.815194
 
9.950132, -0.0005730122, -0.006964623, 54.59671, 0, 0.0006788232688315537991653081, 75554.45, -844.5673, -2.629443, 0.0166641, 0.1456619, 454.563, 1.904955, 1.454142, 8.815194
 
9.960133, -0.0006705816, -0.006970352, 54.52731, 0, 0.0006813929241721476942705045, 75385.99, -844.6372, -2.629443, 0.0166641, 0.1456619, 454.1645, 1.905064, 1.454142, 8.815194
 
9.970133, -0.0006799492, -0.006977058, 54.45802, 0, 0.0006826880694720682751514710, 75218.04, -844.7067, -2.629443, 0.0166641, 0.1456619, 453.7665, 1.905172, 1.454142, 8.815194
 
9.980133, -0.0006332292, -0.006983858, 54.38887, 0, 0.0006831176458290474462556637, 75050.59, -844.7761, -2.629443, 0.0166641, 0.1456619, 453.3692, 1.90528, 1.454142, 8.815194
 
9.990133, -0.0006097478, -0.00699019, 54.31984, 0, 0.0006838639881532861801649443, 74883.53, -844.8455, -2.629443, 0.0166641, 0.1456619, 452.9722, 1.905389, 1.454142, 8.815194
 
10.00013, -0.0006249695, -0.006996287, 54.25095, 0, 0.0006851945927248220472539989, 74716.95, -844.9153, -2.629443, 0.0166641, 0.1456619, 452.5758, 1.905497, 1.454142, 8.815194
 
10.01013, -0.000705118, -0.007002537, 54.18213, 0, 0.0006875619328085838984352667, 74550.89, -844.9836, -2.629443, 0.0166641, 0.1456619, 452.1801, 1.905605, 1.454142, 8.815194
 
10.02013, -0.0006645047, -0.007009588, 54.11352, 0, 0.0006881110757644792384614810, 74385.3, -845.053, -2.629443, 0.0166641, 0.1456619, 451.7849, 1.905713, 1.454142, 8.815194
 
10.03013, -0.000648721, -0.007016233, 54.04498, 0, 0.0006890115498923727765964312, 74220.1, -845.1221, -2.629443, 0.0166641, 0.1456619, 451.3901, 1.905821, 1.454142, 8.815194
 
10.04013, -0.0006853731, -0.00702272, 53.97655, 0, 0.0006907255238244485608508559, 74055.38, -845.1907, -2.629443, 0.0166641, 0.1456619, 450.9959, 1.905929, 1.454142, 8.815194
 
10.05013, -0.0007679124, -0.007029574, 53.90828, 0, 0.0006932056682401370563374878, 73891.16, -845.2595, -2.629443, 0.0166641, 0.1456619, 450.6024, 1.906036, 1.454142, 8.815194
 
10.06013, -0.0007467795, -0.007037253, 53.84015, 0, 0.0006941260598350005125869263, 73727.42, -845.3284, -2.629443, 0.0166641, 0.1456619, 450.2095, 1.906144, 1.454142, 8.815194
 
10.07014, -0.0006455542, -0.007044721, 53.77214, 0, 0.0006937515109324025076549466, 73564.15, -845.3971, -2.629443, 0.0166641, 0.1456619, 449.8172, 1.906252, 1.454142, 8.815194
 
10.08014, -0.0005983899, -0.007051176, 53.70421, 0, 0.0006941356432779041794916138, 73401.29, -845.4651, -2.629443, 0.0166641, 0.1456619, 449.4252, 1.90636, 1.454142, 8.815194
 
10.09014, -0.0006222414, -0.00705716, 53.63643, 0, 0.0006956059174709347165302317, 73238.87, -845.5338, -2.629443, 0.0166641, 0.1456619, 449.0338, 1.906467, 1.454142, 8.815194
 
10.10014, -0.000618002, -0.007063383, 53.56879, 0, 0.0006966519853773986024070872, 73076.95, -845.6022, -2.629443, 0.0166641, 0.1456619, 448.6431, 1.906575, 1.454142, 8.815194
 
10.11014, -0.0005300964, -0.007069563, 53.50123, 0, 0.0006963538597899424372994235, 72915.43, -845.67, -2.629443, 0.0166641, 0.1456619, 448.2527, 1.906682, 1.454142, 8.815194
 
10.12014, -0.0006036373, -0.007074864, 53.43382, 0, 0.0006985589672412041453999975, 72754.35, -845.7384, -2.629443, 0.0166641, 0.1456619, 447.8629, 1.90679, 1.454142, 8.815194
 
10.13014, -0.0006173251, -0.0070809, 53.36654, 0, 0.0006998776446835765110877034, 72593.77, -845.8063, -2.629443, 0.0166641, 0.1456619, 447.4738, 1.906897, 1.454142, 8.815194
 
10.14014, -0.0006342009, -0.007087073, 53.29934, 0, 0.0007012632242481418806759187, 72433.57, -845.8739, -2.629443, 0.0166641, 0.1456619, 447.085, 1.907004, 1.454142, 8.815194
 
10.15014, -0.0007007896, -0.007093415, 53.23228, 0, 0.0007034706780746769683333828, 72273.82, -845.9419, -2.629443, 0.0166641, 0.1456619, 446.6968, 1.907112, 1.454142, 8.815194
 
10.16014, -0.0007696722, -0.007100423, 53.16539, 0, 0.0007057853027671428798797639, 72114.57, -846.0099, -2.629443, 0.0166641, 0.1456619, 446.3092, 1.907219, 1.454142, 8.815194
 
10.17014, -0.000733853, -0.00710812, 53.09857, 0, 0.0007064741270943195822483186, 71955.76, -846.0773, -2.629443, 0.0166641, 0.1456619, 445.9222, 1.907326, 1.454142, 8.815194
 
10.18014, -0.0006360906, -0.007115458, 53.03187, 0, 0.0007061196401968921026732745, 71797.34, -846.1448, -2.629443, 0.0166641, 0.1456619, 445.5356, 1.907433, 1.454142, 8.815194
 
10.19014, -0.0007077385, -0.007121819, 52.96531, 0, 0.0007084239476851540287762251, 71639.4, -846.212, -2.629443, 0.0166641, 0.1456619, 445.1496, 1.90754, 1.454142, 8.815194
 
10.20014, -0.0006940791, -0.007128897, 52.89887, 0, 0.0007094118008201165682930015, 71481.9, -846.2795, -2.629443, 0.0166641, 0.1456619, 444.7643, 1.907647, 1.454142, 8.815194
 
10.21014, -0.0006819626, -0.007135837, 52.83252, 0, 0.0007104117621134577283849378, 71324.79, -846.3466, -2.629443, 0.0166641, 0.1456619, 444.3792, 1.907753, 1.454142, 8.815194
 
10.22014, -0.00072617, -0.007142657, 52.76629, 0, 0.0007123231162083097440420628, 71168.14, -846.4133, -2.629443, 0.0166641, 0.1456619, 443.9948, 1.90786, 1.454142, 8.815194
 
10.23014, -0.0007681333, -0.007149918, 52.70022, 0, 0.0007142446712219853525714142, 71011.95, -846.4805, -2.629443, 0.0166641, 0.1456619, 443.611, 1.907967, 1.454142, 8.815194
 
10.24014, -0.0006959699, -0.0071576, 52.63425, 0, 0.0007143344707630868911919422, 70856.11, -846.5477, -2.629443, 0.0166641, 0.1456619, 443.2275, 1.908073, 1.454142, 8.815194
 
10.25014, -0.0006952269, -0.00716456, 52.56838, 0, 0.0007155267086987634816502960, 70700.75, -846.6143, -2.629443, 0.0166641, 0.1456619, 442.8447, 1.90818, 1.454142, 8.815194
 
10.26014, -0.0006973468, -0.007171512, 52.50265, 0, 0.0007167660159935118389769865, 70545.85, -846.681, -2.629443, 0.0166641, 0.1456619, 442.4624, 1.908287, 1.454142, 8.815194
 
10.27014, -0.0006609008, -0.007178485, 52.43701, 0, 0.0007173715699011602807264313, 70391.3, -846.7475, -2.629443, 0.0166641, 0.1456619, 442.0805, 1.908393, 1.454142, 8.815194
 
10.28014, -0.0007036975, -0.007185095, 52.37152, 0, 0.0007192527668379849121597862, 70237.24, -846.8141, -2.629443, 0.0166641, 0.1456619, 441.6993, 1.908499, 1.454142, 8.815194
 
10.29014, -0.0006774432, -0.007192132, 52.30612, 0, 0.0007200331051488743025922664, 70083.6, -846.8801, -2.629443, 0.0166641, 0.1456619, 441.3186, 1.908606, 1.454142, 8.815194
 
10.30014, -0.000600431, -0.007198906, 52.24086, 0, 0.0007199425186905713957987408, 69930.34, -846.9467, -2.629443, 0.0166641, 0.1456619, 440.9383, 1.908712, 1.454142, 8.815194
 
10.31014, -0.0006606701, -0.00720491, 52.17571, 0, 0.0007220607248578019261764922, 69777.53, -847.013, -2.629443, 0.0166641, 0.1456619, 440.5586, 1.908818, 1.454142, 8.815194
 
10.32014, -0.0006369416, -0.007211517, 52.11063, 0, 0.0007228405445941094743095033, 69625.07, -847.0789, -2.629443, 0.0166641, 0.1456619, 440.1792, 1.908924, 1.454142, 8.815194
 
10.33014, -0.0007494043, -0.007217886, 52.04572, 0, 0.0007258760978808183686987297, 69473.09, -847.145, -2.629443, 0.0166641, 0.1456619, 439.8005, 1.90903, 1.454142, 8.815194
 
10.34014, -0.0007582749, -0.00722538, 51.98093, 0, 0.0007272934354133545828862264, 69321.55, -847.2109, -2.629443, 0.0166641, 0.1456619, 439.4224, 1.909136, 1.454142, 8.815194
 
10.35014, -0.0007683731, -0.007232963, 51.9162, 0, 0.0007287422890145540402105189, 69170.35, -847.2765, -2.629443, 0.0166641, 0.1456619, 439.0446, 1.909242, 1.454142, 8.815194
 
10.36014, -0.0008301365, -0.007240647, 51.85163, 0, 0.0007310728902796936519088095, 69019.6, -847.3423, -2.629443, 0.0166641, 0.1456619, 438.6674, 1.909348, 1.454142, 8.815194
 
10.37014, -0.0008081482, -0.007248948, 51.78713, 0, 0.0007320567833750234233874101, 68869.2, -847.408, -2.629443, 0.0166641, 0.1456619, 438.2905, 1.909454, 1.454142, 8.815194
 
10.38014, -0.0008768926, -0.00725703, 51.72277, 0, 0.0007345531049239991254806664, 68719.27, -847.4734, -2.629443, 0.0166641, 0.1456619, 437.9143, 1.90956, 1.454142, 8.815194
 
10.39014, -0.0008893634, -0.007265799, 51.65854, 0, 0.0007361694804218112382757308, 68569.77, -847.5388, -2.629443, 0.0166641, 0.1456619, 437.5387, 1.909665, 1.454142, 8.815194
 
10.40014, -0.0007769627, -0.007274692, 51.59442, 0, 0.0007356820040227864748760009, 68420.62, -847.6043, -2.629443, 0.0166641, 0.1456619, 437.1634, 1.909771, 1.454142, 8.815194
 
10.41014, -0.0007261694, -0.007282462, 51.53038, 0, 0.0007361238243676481539254918, 68271.9, -847.6693, -2.629443, 0.0166641, 0.1456619, 436.7887, 1.909877, 1.454142, 8.815194
 
10.42014, -0.0006770588, -0.007289723, 51.46649, 0, 0.0007365414883165134618817831, 68123.63, -847.7344, -2.629443, 0.0166641, 0.1456619, 436.4147, 1.909983, 1.454142, 8.815194
 
10.43014, -0.0005209149, -0.007296494, 51.40271, 0, 0.0007350813693184948974980646, 67975.71, -847.7995, -2.629443, 0.0166641, 0.1456619, 436.041, 1.910088, 1.454142, 8.815194
 
10.44014, -0.0005370272, -0.007301704, 51.33905, 0, 0.0007364024100136092192006866, 67828.23, -847.8645, -2.629443, 0.0166641, 0.1456619, 435.6679, 1.910194, 1.454142, 8.815194
 
10.45014, -0.0004561072, -0.007307074, 51.27545, 0, 0.0007360790807293407134772329, 67681.1, -847.9291, -2.629443, 0.0166641, 0.1456619, 435.2951, 1.910299, 1.454142, 8.815194
 
10.46014, -0.0004958108, -0.007311635, 51.21201, 0, 0.0007377412628804595638156355, 67534.41, -847.994, -2.629443, 0.0166641, 0.1456619, 434.923, 1.910405, 1.454142, 8.815194
 
10.47014, -0.0004700065, -0.007316593, 51.14864, 0, 0.0007383196016624868279910989, 67388.04, -848.0586, -2.629443, 0.0166641, 0.1456619, 434.5512, 1.91051, 1.454142, 8.815194
 
10.48014, -0.0005198293, -0.007321293, 51.08542, 0, 0.0007401748903813421880298318, 67242.13, -848.1231, -2.629443, 0.0166641, 0.1456619, 434.18, 1.910615, 1.454142, 8.815194
 
10.49014, -0.0005808143, -0.007326491, 51.02231, 0, 0.0007422762744815126526332947, 67096.64, -848.1876, -2.629443, 0.0166641, 0.1456619, 433.8094, 1.910721, 1.454142, 8.815194
 
10.50014, -0.0005284932, -0.007332299, 50.95929, 0, 0.0007424835780972748273763329, 66951.5, -848.2519, -2.629443, 0.0166641, 0.1456619, 433.4391, 1.910826, 1.454142, 8.815194
 
10.51015, -0.0006103789, -0.007337584, 50.89639, 0, 0.0007449622699656920357348087, 66806.79, -848.3159, -2.629443, 0.0166641, 0.1456619, 433.0695, 1.910931, 1.454142, 8.815194
 
10.52015, -0.0006078986, -0.007343688, 50.8336, 0, 0.0007460646193550137164698814, 66662.43, -848.3802, -2.629443, 0.0166641, 0.1456619, 432.7002, 1.911036, 1.454142, 8.815194
 
10.53015, -0.0007499558, -0.007349767, 50.77092, 0, 0.0007496799948508651922331126, 66518.48, -848.4442, -2.629443, 0.0166641, 0.1456619, 432.3315, 1.911141, 1.454142, 8.815194
 
10.54015, -0.0007878306, -0.007357267, 50.70833, 0, 0.0007516324550145382148871865, 66374.88, -848.5081, -2.629443, 0.0166641, 0.1456619, 431.9632, 1.911246, 1.454142, 8.815194
 
10.55015, -0.0008611181, -0.007365145, 50.6459, 0, 0.0007542450008316168862234439, 66231.7, -848.5723, -2.629443, 0.0166641, 0.1456619, 431.5955, 1.911351, 1.454142, 8.815194
 
10.56015, -0.0009024066, -0.007373756, 50.58352, 0, 0.0007563771518954868376717727, 66088.86, -848.6359, -2.629443, 0.0166641, 0.1456619, 431.2281, 1.911455, 1.454142, 8.815194
 
10.57015, -0.0009924603, -0.00738278, 50.52126, 0, 0.0007594099942353345645726977, 65946.46, -848.6992, -2.629443, 0.0166641, 0.1456619, 430.8613, 1.91156, 1.454142, 8.815194
 
10.58015, -0.0009681688, -0.007392705, 50.45912, 0, 0.0007605321905952813868364168, 65804.37, -848.7631, -2.629443, 0.0166641, 0.1456619, 430.4948, 1.911665, 1.454142, 8.815194
 
10.59015, -0.000969318, -0.007402387, 50.39709, 0, 0.0007620774972865796289904782, 65662.71, -848.8266, -2.629443, 0.0166641, 0.1456619, 430.129, 1.91177, 1.454142, 8.815194
 
10.60015, -0.0009535294, -0.00741208, 50.33519, 0, 0.0007633262658422207209002262, 65521.47, -848.89, -2.629443, 0.0166641, 0.1456619, 429.7637, 1.911874, 1.454142, 8.815194
 
10.61015, -0.0008461287, -0.007421615, 50.27337, 0, 0.0007629406423216994043437352, 65380.57, -848.9532, -2.629443, 0.0166641, 0.1456619, 429.3989, 1.911979, 1.454142, 8.815194
 
10.62015, -0.0008096935, -0.007430076, 50.21168, 0, 0.0007636975324494124985444652, 65240.08, -849.0167, -2.629443, 0.0166641, 0.1456619, 429.0346, 1.912084, 1.454142, 8.815194
 
10.63015, -0.0006559961, -0.007438173, 50.15007, 0, 0.0007623359705022413072429020, 65099.94, -849.0795, -2.629443, 0.0166641, 0.1456619, 428.6706, 1.912189, 1.454142, 8.815194
 
10.64015, -0.0006238709, -0.007444733, 50.08856, 0, 0.0007629708029520020192241801, 64960.18, -849.1422, -2.629443, 0.0166641, 0.1456619, 428.3073, 1.912293, 1.454142, 8.815194
 
10.65015, -0.0005149411, -0.007450972, 50.02719, 0, 0.0007622044230113370548722914, 64820.78, -849.2054, -2.629443, 0.0166641, 0.1456619, 427.9443, 1.912398, 1.454142, 8.815194
 
10.66015, -0.0005407002, -0.007456121, 49.96592, 0, 0.0007637249064395582347082225, 64681.79, -849.2681, -2.629443, 0.0166641, 0.1456619, 427.5819, 1.912502, 1.454142, 8.815194
 
10.67015, -0.0004458536, -0.007461528, 49.90474, 0, 0.0007631176013692711158573399, 64543.12, -849.3308, -2.629443, 0.0166641, 0.1456619, 427.2198, 1.912607, 1.454142, 8.815194
 
10.68015, -0.0004683044, -0.007465987, 49.84368, 0, 0.0007645097977507487376734777, 64404.88, -849.3933, -2.629443, 0.0166641, 0.1456619, 426.8584, 1.912711, 1.454142, 8.815194
 
10.69015, -0.000487845, -0.00747067, 49.78271, 0, 0.0007658748047340037021967173, 64266.94, -849.4559, -2.629443, 0.0166641, 0.1456619, 426.4973, 1.912815, 1.454142, 8.815194
 
10.70015, -0.000516429, -0.007475548, 49.72187, 0, 0.0007674243502351259647437721, 64129.43, -849.5183, -2.629443, 0.0166641, 0.1456619, 426.1368, 1.91292, 1.454142, 8.815194
 
10.71015, -0.0005253901, -0.007480712, 49.66113, 0, 0.0007686523467162701045909712, 63992.24, -849.5809, -2.629443, 0.0166641, 0.1456619, 425.7766, 1.913024, 1.454142, 8.815194
 
10.72015, -0.0005843015, -0.007485966, 49.60048, 0, 0.0007707921248195710594468936, 63855.46, -849.6429, -2.629443, 0.0166641, 0.1456619, 425.4171, 1.913128, 1.454142, 8.815194
 
10.73015, -0.0005974738, -0.007491809, 49.5399, 0, 0.0007721698277735775672710027, 63718.99, -849.7045, -2.629443, 0.0166641, 0.1456619, 425.0579, 1.913232, 1.454142, 8.815194
 
10.74015, -0.0006441113, -0.007497784, 49.47948, 0, 0.0007741689393894022340228411, 63582.93, -849.7668, -2.629443, 0.0166641, 0.1456619, 424.6992, 1.913336, 1.454142, 8.815194
 
10.75015, -0.0006455971, -0.007504225, 49.41913, 0, 0.0007754003417497125182382970, 63447.18, -849.8287, -2.629443, 0.0166641, 0.1456619, 424.341, 1.91344, 1.454142, 8.815194
 
10.76015, -0.0006971994, -0.007510681, 49.35889, 0, 0.0007775459598453795138893985, 63311.77, -849.8906, -2.629443, 0.0166641, 0.1456619, 423.983, 1.913544, 1.454142, 8.815194
 
10.77015, -0.0008852718, -0.007517653, 49.29876, 0, 0.0007822358301484114448091023, 63176.76, -849.9524, -2.629443, 0.0166641, 0.1456619, 423.6257, 1.913648, 1.454142, 8.815194
 
10.78015, -0.0009146776, -0.007526506, 49.23873, 0, 0.0007842347469981594126928411, 63042.07, -850.0142, -2.629443, 0.0166641, 0.1456619, 423.2687, 1.913752, 1.454142, 8.815194
 
10.79015, -0.001008555, -0.007535653, 49.17878, 0, 0.0007874462817446812713254154, 62907.77, -850.0754, -2.629443, 0.0166641, 0.1456619, 422.9123, 1.913855, 1.454142, 8.815194
 
10.80015, -0.000946856, -0.007545738, 49.11896, 0, 0.0007879102059156561633039042, 62773.78, -850.1371, -2.629443, 0.0166641, 0.1456619, 422.5562, 1.91396, 1.454142, 8.815194
 
10.81015, -0.001030159, -0.007555207, 49.05925, 0, 0.0007909707568041982061226001, 62640.2, -850.1986, -2.629443, 0.0166641, 0.1456619, 422.2008, 1.914063, 1.454142, 8.815194
 
10.82015, -0.001014575, -0.007565509, 48.99963, 0, 0.0007923049835467415701553546, 62506.95, -850.2599, -2.629443, 0.0166641, 0.1456619, 421.8456, 1.914167, 1.454142, 8.815194
 
10.83015, -0.001010026, -0.007575655, 48.94011, 0, 0.0007938266719849189438932112, 62374.07, -850.3212, -2.629443, 0.0166641, 0.1456619, 421.4911, 1.914271, 1.454142, 8.815194
 
10.84015, -0.0009278344, -0.007585755, 48.88067, 0, 0.0007939112605729185817923925, 62241.52, -850.3819, -2.629443, 0.0166641, 0.1456619, 421.137, 1.914374, 1.454142, 8.815194
 
10.85015, -0.0008390338, -0.007595033, 48.81523, 0, 0.0007937890005712421901043171, 62109.36, -850.3359, -2.629443, 0.0166641, 0.1456619, 420.7834, 1.914419, 1.454142, 8.815194
 
10.86015, -0.0007444486, -0.007603424, 48.74131, 0, 0.0007934691249971969548506586, 61977.51, -850.1402, -2.629443, 0.0166641, 0.1456619, 420.4301, 1.914381, 1.454142, 8.815194
 
10.87015, -0.0006654476, -0.007610868, 48.66748, 0, 0.0007933357447872425227213355, 61845.96, -849.9439, -2.629443, 0.0166641, 0.1456619, 420.0772, 1.914342, 1.454142, 8.815194
 
10.88015, -0.000627652, -0.007617522, 48.59381, 0, 0.0007938824735630578223779448, 61714.83, -849.7474, -2.629443, 0.0166641, 0.1456619, 419.7249, 1.914303, 1.454142, 8.815194
 
10.89015, -0.0005464635, -0.007623799, 48.52028, 0, 0.0007935789888093409627102337, 61583.99, -849.5512, -2.629443, 0.0166641, 0.1456619, 419.373, 1.914265, 1.454142, 8.815194
 
10.90015, -0.0005195639, -0.007629264, 48.4469, 0, 0.0007942016166634385444768501, 61453.55, -849.3546, -2.629443, 0.0166641, 0.1456619, 419.0216, 1.914226, 1.454142, 8.815194
 
10.91015, -0.0004512863, -0.00763446, 48.37365, 0, 0.0007940195014853864802287391, 61323.42, -849.1581, -2.629443, 0.0166641, 0.1456619, 418.6706, 1.914187, 1.454142, 8.815194
 
10.92015, -0.0004363011, -0.007638972, 48.30052, 0, 0.0007947641845447187368485580, 61193.57, -848.9619, -2.629443, 0.0166641, 0.1456619, 418.3199, 1.914149, 1.454142, 8.815194
 
10.93015, -0.000529119, -0.007643335, 48.22752, 0, 0.0007975226681601862283608224, 61064.13, -848.7648, -2.629443, 0.0166641, 0.1456619, 417.9698, 1.91411, 1.454142, 8.815194
 
10.94016, -0.0005603712, -0.007648626, 48.15466, 0, 0.0007992233109553805418585510, 60935, -848.5676, -2.629443, 0.0166641, 0.1456619, 417.62, 1.914071, 1.454142, 8.815194
 
10.95016, -0.0006127884, -0.00765423, 48.08196, 0, 0.0008013599750489737931037206, 60806.25, -848.3708, -2.629443, 0.0166641, 0.1456619, 417.2709, 1.914032, 1.454142, 8.815194
 
10.96016, -0.0006423212, -0.007660358, 48.00938, 0, 0.0008031225667947138102987365, 60677.79, -848.1738, -2.629443, 0.0166641, 0.1456619, 416.9221, 1.913993, 1.454142, 8.815194
 
10.97016, -0.0006670135, -0.007666782, 47.93696, 0, 0.0008048263142793623023522321, 60549.73, -847.9767, -2.629443, 0.0166641, 0.1456619, 416.5739, 1.913954, 1.454142, 8.815194
 
10.98016, -0.0006599841, -0.007673452, 47.86466, 0, 0.0008059548094242640449441686, 60421.97, -847.7795, -2.629443, 0.0166641, 0.1456619, 416.226, 1.913915, 1.454142, 8.815194
 
10.99016, -0.0006890491, -0.007680051, 47.79248, 0, 0.0008077656055483444063982570, 60294.49, -847.5825, -2.629443, 0.0166641, 0.1456619, 415.8784, 1.913876, 1.454142, 8.815194
 
11.00016, -0.0007624287, -0.007686942, 47.72044, 0, 0.0008104570142249207280048049, 60167.41, -847.3847, -2.629443, 0.0166641, 0.1456619, 415.5315, 1.913837, 1.454142, 8.815194
 
11.01016, -0.0007753535, -0.007694566, 47.64851, 0, 0.0008120730667267655669777506, 60040.63, -847.187, -2.629443, 0.0166641, 0.1456619, 415.1849, 1.913798, 1.454142, 8.815194
 
11.02016, -0.0007972912, -0.00770232, 47.57677, 0, 0.0008138777285238226965063739, 59914.22, -846.9896, -2.629443, 0.0166641, 0.1456619, 414.8389, 1.913759, 1.454142, 8.815194
 
11.03016, -0.0008261044, -0.007710293, 47.50514, 0, 0.0008158409648090701388776286, 59788.13, -846.7918, -2.629443, 0.0166641, 0.1456619, 414.4932, 1.913719, 1.454142, 8.815194
 
11.04016, -0.0008345299, -0.007718554, 47.43362, 0, 0.0008174440421188652255096283, 59662.31, -846.5941, -2.629443, 0.0166641, 0.1456619, 414.1478, 1.91368, 1.454142, 8.815194
 
11.05016, -0.0008521992, -0.007726899, 47.36226, 0, 0.0008192366571469912031508811, 59536.89, -846.3961, -2.629443, 0.0166641, 0.1456619, 413.8031, 1.913641, 1.454142, 8.815194
 
11.06016, -0.0007928362, -0.007735421, 47.29101, 0, 0.0008195573332676988835881633, 59411.75, -846.1981, -2.629443, 0.0166641, 0.1456619, 413.4587, 1.913602, 1.454142, 8.815194
 
11.07016, -0.0008019953, -0.007743349, 47.21988, 0, 0.0008211435462929703708564736, 59286.91, -845.9999, -2.629443, 0.0166641, 0.1456619, 413.1146, 1.913563, 1.454142, 8.815194
 
11.08016, -0.0008203485, -0.007751369, 47.14891, 0, 0.0008229201011401660592220208, 59162.44, -845.8015, -2.629443, 0.0166641, 0.1456619, 412.7711, 1.913524, 1.454142, 8.815194
 
11.09016, -0.0007491516, -0.007759573, 47.07804, 0, 0.0008229715087028422348359698, 59038.27, -845.603, -2.629443, 0.0166641, 0.1456619, 412.428, 1.913484, 1.454142, 8.815194
 
11.10016, -0.0007748805, -0.007767064, 47.00731, 0, 0.0008248386964100594619501969, 58914.46, -845.4042, -2.629443, 0.0166641, 0.1456619, 412.0854, 1.913445, 1.454142, 8.815194
 
11.11016, -0.0006699123, -0.007774813, 46.93671, 0, 0.0008241753312738706532034375, 58790.94, -845.2056, -2.629443, 0.0166641, 0.1456619, 411.7432, 1.913406, 1.454142, 8.815194
 
11.12016, -0.000691412, -0.007781512, 46.86624, 0, 0.0008258781718996336221445047, 58667.72, -845.0069, -2.629443, 0.0166641, 0.1456619, 411.4013, 1.913366, 1.454142, 8.815194
 
11.13016, -0.0007186495, -0.007788426, 46.79589, 0, 0.0008277187537857335975647129, 58544.86, -844.8078, -2.629443, 0.0166641, 0.1456619, 411.0601, 1.913327, 1.454142, 8.815194
 
11.14016, -0.0006409495, -0.007795613, 46.72568, 0, 0.0008275217251276739651980992, 58422.31, -844.6085, -2.629443, 0.0166641, 0.1456619, 410.7191, 1.913288, 1.454142, 8.815194
 
11.15016, -0.000674819, -0.007802022, 46.65559, 0, 0.0008294434286321543341932744, 58300.02, -844.4096, -2.629443, 0.0166641, 0.1456619, 410.3785, 1.913248, 1.454142, 8.815194
 
11.16016, -0.0006884457, -0.007808771, 46.58565, 0, 0.0008310031211474255993887253, 58178.13, -844.2103, -2.629443, 0.0166641, 0.1456619, 410.0385, 1.913209, 1.454142, 8.815194
 
11.17016, -0.0006954607, -0.007815655, 46.5158, 0, 0.0008324480805264059533014236, 58056.51, -844.0106, -2.629443, 0.0166641, 0.1456619, 409.6988, 1.913169, 1.454142, 8.815194
 
11.18016, -0.0007089074, -0.00782261, 46.44606, 0, 0.0008340298837030951169917259, 57935.18, -843.8107, -2.629443, 0.0166641, 0.1456619, 409.3594, 1.913129, 1.454142, 8.815194
 
11.19016, -0.0007338555, -0.007829699, 46.3765, 0, 0.0008358576733658560655238921, 57814.21, -843.611, -2.629443, 0.0166641, 0.1456619, 409.0207, 1.91309, 1.454142, 8.815194
 
11.20016, -0.0006859194, -0.007837038, 46.30706, 0, 0.0008362583922560811910609022, 57693.52, -843.4116, -2.629443, 0.0166641, 0.1456619, 408.6823, 1.91305, 1.454142, 8.815194
 
11.21016, -0.0006850272, -0.007843897, 46.23769, 0, 0.0008375473926261243484958681, 57573.12, -843.2112, -2.629443, 0.0166641, 0.1456619, 408.3441, 1.91301, 1.454142, 8.815194
 
11.22016, -0.0007773565, -0.007850747, 46.16847, 0, 0.0008407072305262577834042337, 57453.07, -843.0107, -2.629443, 0.0166641, 0.1456619, 408.0067, 1.91297, 1.454142, 8.815194
 
11.23016, -0.0007372486, -0.00785852, 46.09939, 0, 0.0008413099807574087698002814, 57333.31, -842.8107, -2.629443, 0.0166641, 0.1456619, 407.6695, 1.912931, 1.454142, 8.815194
 
11.24016, -0.0007115139, -0.007865893, 46.03045, 0, 0.0008421580890886743705934559, 57213.84, -842.6105, -2.629443, 0.0166641, 0.1456619, 407.3326, 1.912891, 1.454142, 8.815194
 
11.25016, -0.0007468112, -0.007873008, 45.96157, 0, 0.0008442100687034649961622843, 57094.72, -842.4094, -2.629443, 0.0166641, 0.1456619, 406.9964, 1.912851, 1.454142, 8.815194
 
11.26016, -0.0007084731, -0.007880476, 45.89287, 0, 0.0008448127779529673803213119, 56975.89, -842.2086, -2.629443, 0.0166641, 0.1456619, 406.6605, 1.912811, 1.454142, 8.815194
 
11.27016, -0.000734145, -0.007887561, 45.82427, 0, 0.0008466721534282444793656813, 56857.32, -842.0081, -2.629443, 0.0166641, 0.1456619, 406.3249, 1.912771, 1.454142, 8.815194
 
11.28016, -0.0007677951, -0.007894902, 45.7558, 0, 0.0008487234048550748077202098, 56739.13, -841.8068, -2.629443, 0.0166641, 0.1456619, 405.99, 1.912731, 1.454142, 8.815194
 
11.29016, -0.0006883472, -0.00790258, 45.68745, 0, 0.0008485098552226946500539211, 56621.21, -841.6054, -2.629443, 0.0166641, 0.1456619, 405.6553, 1.912691, 1.454142, 8.815194
 
11.30016, -0.0007268312, -0.007909464, 45.61921, 0, 0.0008506149654713861481957237, 56503.57, -841.4039, -2.629443, 0.0166641, 0.1456619, 405.321, 1.912651, 1.454142, 8.815194
 
11.31016, -0.0007574897, -0.007916732, 45.55108, 0, 0.0008526053815700932206665325, 56386.2, -841.2026, -2.629443, 0.0166641, 0.1456619, 404.987, 1.912611, 1.454142, 8.815194
 
11.32016, -0.0008503774, -0.007924306, 45.48309, 0, 0.0008559075589543005392177814, 56269.19, -841.0007, -2.629443, 0.0166641, 0.1456619, 404.6536, 1.91257, 1.454142, 8.815194
 
11.33016, -0.0008397446, -0.00793281, 45.41519, 0, 0.0008571899852451554072025643, 56152.44, -840.7985, -2.629443, 0.0166641, 0.1456619, 404.3205, 1.91253, 1.454142, 8.815194
 
11.34016, -0.0008267157, -0.007941208, 45.34745, 0, 0.0008584123463346832175014858, 56036, -840.5967, -2.629443, 0.0166641, 0.1456619, 403.9878, 1.91249, 1.454142, 8.815194
 
11.35016, -0.0008578086, -0.007949475, 45.2798, 0, 0.0008605311668506858103051140, 55919.88, -840.3941, -2.629443, 0.0166641, 0.1456619, 403.6557, 1.91245, 1.454142, 8.815194
 
11.36016, -0.0008309477, -0.007958054, 45.21227, 0, 0.0008614884750335818954754126, 55804.03, -840.1914, -2.629443, 0.0166641, 0.1456619, 403.3239, 1.912409, 1.454142, 8.815194
 
11.37016, -0.0008148003, -0.007966363, 45.14489, 0, 0.0008626383775618730204235753, 55688.47, -839.9893, -2.629443, 0.0166641, 0.1456619, 402.9924, 1.912369, 1.454142, 8.815194
 
11.38017, -0.0007939097, -0.007974511, 45.07759, 0, 0.0008636724414847067143338984, 55573.16, -839.7866, -2.629443, 0.0166641, 0.1456619, 402.6612, 1.912328, 1.454142, 8.815194
 
11.39017, -0.000864108, -0.007982451, 45.01042, 0, 0.0008665802658601855577222094, 55458.23, -839.5834, -2.629443, 0.0166641, 0.1456619, 402.3307, 1.912288, 1.454142, 8.815194
 
11.40017, -0.0007938196, -0.007991091, 44.94336, 0, 0.0008666380414150751931160976, 55343.55, -839.3801, -2.629443, 0.0166641, 0.1456619, 402.0004, 1.912247, 1.454142, 8.815194
 
11.41017, -0.0007486956, -0.00799903, 44.87642, 0, 0.0008671428563705375393529738, 55229.13, -839.1769, -2.629443, 0.0166641, 0.1456619, 401.6705, 1.912207, 1.454142, 8.815194
 
11.42017, -0.0007899583, -0.008006517, 44.80956, 0, 0.0008694071857208057476444881, 55114.99, -838.9731, -2.629443, 0.0166641, 0.1456619, 401.3409, 1.912166, 1.454142, 8.815194
 
11.43017, -0.0008530876, -0.008014416, 44.74286, 0, 0.0008721788752318049975832239, 55001.2, -838.7692, -2.629443, 0.0166641, 0.1456619, 401.012, 1.912125, 1.454142, 8.815194
 
11.44017, -0.0007889378, -0.008022947, 44.67629, 0, 0.0008723462192352103127938402, 54887.68, -838.5657, -2.629443, 0.0166641, 0.1456619, 400.6833, 1.912084, 1.454142, 8.815194
 
11.45017, -0.0008022478, -0.008030836, 44.60978, 0, 0.0008740746990491387798560147, 54774.42, -838.3612, -2.629443, 0.0166641, 0.1456619, 400.355, 1.912043, 1.454142, 8.815194
 
11.46017, -0.0008240536, -0.008038859, 44.54339, 0, 0.0008759990414235814776755552, 54661.43, -838.1567, -2.629443, 0.0166641, 0.1456619, 400.027, 1.912002, 1.454142, 8.815194
 
11.47017, -0.0008392074, -0.008047099, 44.47715, 0, 0.0008778086930808319405215208, 54548.77, -837.9523, -2.629443, 0.0166641, 0.1456619, 399.6996, 1.911962, 1.454142, 8.815194
 
11.48017, -0.000797364, -0.008055491, 44.411, 0, 0.0008784274303189808949662378, 54436.38, -837.7475, -2.629443, 0.0166641, 0.1456619, 399.3725, 1.91192, 1.454142, 8.815194
 
11.49017, -0.0007789085, -0.008063465, 44.34496, 0, 0.0008794960853953054202768073, 54324.25, -837.5425, -2.629443, 0.0166641, 0.1456619, 399.0458, 1.91188, 1.454142, 8.815194
 
11.50017, -0.0007586322, -0.008071254, 44.27906, 0, 0.0008805061472801613881881831, 54212.41, -837.3376, -2.629443, 0.0166641, 0.1456619, 398.7193, 1.911839, 1.454142, 8.815194
 
11.51017, -0.0008125374, -0.008078841, 44.21325, 0, 0.0008830785176198383137874771, 54100.88, -837.1321, -2.629443, 0.0166641, 0.1456619, 398.3935, 1.911797, 1.454142, 8.815194
 
11.52017, -0.0007409651, -0.008086966, 44.14755, 0, 0.0008830277294670969984965554, 53989.61, -836.9265, -2.629443, 0.0166641, 0.1456619, 398.068, 1.911756, 1.454142, 8.815194
 
11.53017, -0.0006704028, -0.008094376, 44.08198, 0, 0.0008829164684639149659261238, 53878.63, -836.7208, -2.629443, 0.0166641, 0.1456619, 397.7428, 1.911715, 1.454142, 8.815194
 
11.54017, -0.0006880412, -0.00810108, 44.0165, 0, 0.0008846212567711715204668109, 53767.88, -836.515, -2.629443, 0.0166641, 0.1456619, 397.418, 1.911673, 1.454142, 8.815194
 
11.55017, -0.0006874428, -0.00810796, 43.95114, 0, 0.0008859536696745657915235076, 53657.48, -836.3085, -2.629443, 0.0166641, 0.1456619, 397.0938, 1.911632, 1.454142, 8.815194
 
11.56017, -0.0006425925, -0.008114834, 43.88588, 0, 0.0008863306376969663353523601, 53547.33, -836.1019, -2.629443, 0.0166641, 0.1456619, 396.7698, 1.911591, 1.454142, 8.815194
 
11.57017, -0.0006090878, -0.00812126, 43.82074, 0, 0.0008869023202633945031951151, 53437.46, -835.8952, -2.629443, 0.0166641, 0.1456619, 396.4462, 1.911549, 1.454142, 8.815194
 
11.58017, -0.0005864218, -0.008127351, 43.7557, 0, 0.0008876704789844740099988081, 53327.84, -835.6882, -2.629443, 0.0166641, 0.1456619, 396.1229, 1.911507, 1.454142, 8.815194
 
11.59017, -0.000624894, -0.008133216, 43.69075, 0, 0.0008897426109768478171294527, 53218.45, -835.4811, -2.629443, 0.0166641, 0.1456619, 395.8, 1.911466, 1.454142, 8.815194
 
11.60017, -0.0006676856, -0.008139465, 43.62593, 0, 0.0008919541961474203581834424, 53109.42, -835.2735, -2.629443, 0.0166641, 0.1456619, 395.4776, 1.911424, 1.454142, 8.815194
 
11.61017, -0.0006520834, -0.008146142, 43.56123, 0, 0.0008929421198799877161168695, 53000.64, -835.0659, -2.629443, 0.0166641, 0.1456619, 395.1556, 1.911382, 1.454142, 8.815194
 
11.62017, -0.0006462304, -0.008152663, 43.49663, 0, 0.0008941262309410007512303936, 52892.13, -834.8581, -2.629443, 0.0166641, 0.1456619, 394.8339, 1.91134, 1.454142, 8.815194
 
11.63017, -0.0007117653, -0.008159125, 43.43214, 0, 0.0008968691712456171331654295, 52783.86, -834.6502, -2.629443, 0.0166641, 0.1456619, 394.5125, 1.911298, 1.454142, 8.815194
 
11.64017, -0.0007683518, -0.008166243, 43.36776, 0, 0.0008994932251172615853214844, 52675.93, -834.4417, -2.629443, 0.0166641, 0.1456619, 394.1917, 1.911256, 1.454142, 8.815194
 
11.65017, -0.0007918981, -0.008173927, 43.30348, 0, 0.0009014576690746781124914147, 52568.22, -834.2332, -2.629443, 0.0166641, 0.1456619, 393.8713, 1.911214, 1.454142, 8.815194
 
11.66017, -0.0007825936, -0.008181846, 43.23933, 0, 0.0009027258478617191809569628, 52460.81, -834.0244, -2.629443, 0.0166641, 0.1456619, 393.5511, 1.911172, 1.454142, 8.815194
 
11.67017, -0.0007969406, -0.008189672, 43.17526, 0, 0.0009045077662410920082971780, 52353.63, -833.8155, -2.629443, 0.0166641, 0.1456619, 393.2313, 1.911129, 1.454142, 8.815194
 
11.68017, -0.0008808078, -0.008197641, 43.11126, 0, 0.0009078479853041073071622160, 52246.7, -833.6057, -2.629443, 0.0166641, 0.1456619, 392.9118, 1.911087, 1.454142, 8.815194
 
11.69017, -0.0009547694, -0.008206449, 43.0474, 0, 0.0009110688777409881819778753, 52140.02, -833.3962, -2.629443, 0.0166641, 0.1456619, 392.5927, 1.911044, 1.454142, 8.815194
 
11.70017, -0.001033773, -0.008215997, 42.98365, 0, 0.0009144896934342291900212923, 52033.66, -833.1863, -2.629443, 0.0166641, 0.1456619, 392.2741, 1.911002, 1.454142, 8.815194
 
11.71017, -0.001003245, -0.008226335, 42.92, 0, 0.0009155619936865728254972391, 51927.56, -832.9762, -2.629443, 0.0166641, 0.1456619, 391.9559, 1.910959, 1.454142, 8.815194
 
11.72017, -0.001018045, -0.008236367, 42.85644, 0, 0.0009176136202653611716601460, 51821.7, -832.7657, -2.629443, 0.0166641, 0.1456619, 391.6379, 1.910916, 1.454142, 8.815194
 
11.73017, -0.001020492, -0.008246548, 42.79298, 0, 0.0009194070812173753138109906, 51716.09, -832.5549, -2.629443, 0.0166641, 0.1456619, 391.3203, 1.910874, 1.454142, 8.815194
 
11.74017, -0.001017381, -0.008256752, 42.72964, 0, 0.0009210805342274459025997926, 51610.75, -832.3441, -2.629443, 0.0166641, 0.1456619, 391.0031, 1.910831, 1.454142, 8.815194
 
11.75017, -0.001011766, -0.008266926, 42.66637, 0, 0.0009226954674762212922789383, 51505.63, -832.1326, -2.629443, 0.0166641, 0.1456619, 390.6861, 1.910788, 1.454142, 8.815194
 
11.76017, -0.00102681, -0.008277044, 42.60324, 0, 0.0009247704049512490214542151, 51400.84, -831.9211, -2.629443, 0.0166641, 0.1456619, 390.3697, 1.910745, 1.454142, 8.815194
 
11.77017, -0.0009108731, -0.008287312, 42.5402, 0, 0.0009239057337877283292047437, 51296.3, -831.7092, -2.629443, 0.0166641, 0.1456619, 390.0537, 1.910702, 1.454142, 8.815194
 
11.78017, -0.0008097305, -0.00829642, 42.47727, 0, 0.0009232398521917370141119173, 51192.01, -831.4971, -2.629443, 0.0166641, 0.1456619, 389.738, 1.910659, 1.454142, 8.815194
 
11.79017, -0.0007966263, -0.008304517, 42.4144, 0, 0.0009244524734184904124681027, 51087.95, -831.2845, -2.629443, 0.0166641, 0.1456619, 389.4226, 1.910616, 1.454142, 8.815194
 
11.80017, -0.0007304947, -0.008312483, 42.35168, 0, 0.0009244454312107989376702722, 50984.15, -831.0721, -2.629443, 0.0166641, 0.1456619, 389.1075, 1.910573, 1.454142, 8.815194
 
11.81017, -0.0007135283, -0.008319789, 42.28902, 0, 0.0009254806169320151051205015, 50880.58, -830.8592, -2.629443, 0.0166641, 0.1456619, 388.7928, 1.91053, 1.454142, 8.815194
 
11.82018, -0.0007174755, -0.008326923, 42.22649, 0, 0.0009269739281399256620506320, 50777.34, -830.6456, -2.629443, 0.0166641, 0.1456619, 388.4786, 1.910486, 1.454142, 8.815194
 
11.83018, -0.0006314965, -0.008334098, 42.16404, 0, 0.0009264155325666244458581676, 50674.33, -830.4319, -2.629443, 0.0166641, 0.1456619, 388.1648, 1.910442, 1.454142, 8.815194
 
11.84018, -0.0005896958, -0.008340414, 42.1017, 0, 0.0009267684655028756772208529, 50571.56, -830.2181, -2.629443, 0.0166641, 0.1456619, 387.8513, 1.910399, 1.454142, 8.815194
 
11.85018, -0.0005727534, -0.008346311, 42.03947, 0, 0.0009276439521546403849517550, 50469.05, -830.004, -2.629443, 0.0166641, 0.1456619, 387.5381, 1.910355, 1.454142, 8.815194
 
11.86018, -0.000612931, -0.008352038, 41.97731, 0, 0.0009298155378197621816912953, 50366.76, -829.7895, -2.629443, 0.0166641, 0.1456619, 387.2253, 1.910311, 1.454142, 8.815194
 
11.87018, -0.0006119055, -0.008358167, 41.91524, 0, 0.0009310843969784839147882623, 50264.72, -829.5742, -2.629443, 0.0166641, 0.1456619, 386.9127, 1.910267, 1.454142, 8.815194
 
11.88018, -0.0006781624, -0.008364286, 41.85326, 0, 0.0009339095990993103090715273, 50162.91, -829.359, -2.629443, 0.0166641, 0.1456619, 386.6005, 1.910223, 1.454142, 8.815194
 
11.89018, -0.00074977, -0.008371068, 41.79142, 0, 0.0009369379481488986883761016, 50061.44, -829.1434, -2.629443, 0.0166641, 0.1456619, 386.2888, 1.910179, 1.454142, 8.815194
 
11.90018, -0.0007008695, -0.008378566, 41.72966, 0, 0.0009372549447150926268735193, 49960.18, -828.9276, -2.629443, 0.0166641, 0.1456619, 385.9776, 1.910135, 1.454142, 8.815194
 
11.91018, -0.0007239187, -0.008385575, 41.668, 0, 0.0009391883172427227740234418, 49859.18, -828.7111, -2.629443, 0.0166641, 0.1456619, 385.6666, 1.91009, 1.454142, 8.815194
 
11.92018, -0.0007068478, -0.008392815, 41.60645, 0, 0.0009402151514717182043749902, 49758.39, -828.4952, -2.629443, 0.0166641, 0.1456619, 385.3559, 1.910046, 1.454142, 8.815194
 
11.93018, -0.000757092, -0.008399883, 41.54497, 0, 0.0009427957316605338230597073, 49657.86, -828.2782, -2.629443, 0.0166641, 0.1456619, 385.0456, 1.910002, 1.454142, 8.815194
 
11.94018, -0.0008021794, -0.008407454, 41.48356, 0, 0.0009453168867124664441390932, 49557.56, -828.0605, -2.629443, 0.0166641, 0.1456619, 384.7356, 1.909957, 1.454142, 8.815194
 
11.95018, -0.000839698, -0.008415475, 41.42227, 0, 0.0009477158836619007058435511, 49457.48, -827.8432, -2.629443, 0.0166641, 0.1456619, 384.4258, 1.909912, 1.454142, 8.815194
 
11.96018, -0.0009218385, -0.008423872, 41.36107, 0, 0.0009512102956341923020122829, 49357.66, -827.6254, -2.629443, 0.0166641, 0.1456619, 384.1165, 1.909867, 1.454142, 8.815194
 
11.97018, -0.0009945646, -0.008433091, 41.29997, 0, 0.0009545827657537106621396827, 49258.13, -827.4069, -2.629443, 0.0166641, 0.1456619, 383.8077, 1.909822, 1.454142, 8.815194
 
11.98018, -0.000961746, -0.008443036, 41.23899, 0, 0.0009555508310430392489046494, 49158.85, -827.1885, -2.629443, 0.0166641, 0.1456619, 383.4992, 1.909777, 1.454142, 8.815194
 
11.99018, -0.0009141728, -0.008452654, 41.17806, 0, 0.0009561315607487862690720822, 49059.78, -826.9693, -2.629443, 0.0166641, 0.1456619, 383.1911, 1.909732, 1.454142, 8.815194
 
12.00018, -0.0009149935, -0.008461796, 41.11724, 0, 0.0009578041991276140550814199, 48960.96, -826.7498, -2.629443, 0.0166641, 0.1456619, 382.8833, 1.909687, 1.454142, 8.815194
 
12.01018, -0.0009104591, -0.008470946, 41.05651, 0, 0.0009593524280139157917431973, 48862.36, -826.5301, -2.629443, 0.0166641, 0.1456619, 382.5758, 1.909641, 1.454142, 8.815194
 
12.02018, -0.0009146514, -0.008480051, 40.99588, 0, 0.0009611036437908341187083514, 48764.01, -826.3101, -2.629443, 0.0166641, 0.1456619, 382.2686, 1.909596, 1.454142, 8.815194
 
12.03018, -0.0009161288, -0.008489197, 40.9353, 0, 0.0009627966933011829564696006, 48665.87, -826.0893, -2.629443, 0.0166641, 0.1456619, 381.9617, 1.90955, 1.454142, 8.815194
 
12.04018, -0.000879359, -0.008498359, 40.87486, 0, 0.0009635779567698361823420410, 48567.98, -825.8687, -2.629443, 0.0166641, 0.1456619, 381.6552, 1.909504, 1.454142, 8.815194
 
12.05018, -0.0009229319, -0.008507152, 40.81448, 0, 0.0009662413091379444002975584, 48470.37, -825.647, -2.629443, 0.0166641, 0.1456619, 381.3492, 1.909458, 1.454142, 8.815194
 
12.06018, -0.000816909, -0.008516381, 40.75424, 0, 0.0009653647796029813011321117, 48373.01, -825.4257, -2.629443, 0.0166641, 0.1456619, 381.0436, 1.909413, 1.454142, 8.815194
 
12.07018, -0.0007136173, -0.00852455, 40.69404, 0, 0.0009644267590285771985252527, 48275.86, -825.2034, -2.629443, 0.0166641, 0.1456619, 380.7383, 1.909367, 1.454142, 8.815194
 
12.08018, -0.0006797401, -0.008531686, 40.63395, 0, 0.0009650389238000063694843036, 48178.96, -824.9808, -2.629443, 0.0166641, 0.1456619, 380.4333, 1.909321, 1.454142, 8.815194
 
12.09018, -0.000642305, -0.008538484, 40.57394, 0, 0.0009655253125971462552665339, 48082.27, -824.7578, -2.629443, 0.0166641, 0.1456619, 380.1287, 1.909274, 1.454142, 8.815194
 
12.10018, -0.0006151274, -0.008544907, 40.51403, 0, 0.0009662155542144967797980717, 47985.82, -824.5347, -2.629443, 0.0166641, 0.1456619, 379.8243, 1.909228, 1.454142, 8.815194
 
12.11018, -0.000623279, -0.008551058, 40.45419, 0, 0.0009677310504838976150627609, 47889.59, -824.3109, -2.629443, 0.0166641, 0.1456619, 379.5203, 1.909181, 1.454142, 8.815194
 
12.12018, -0.0006122607, -0.008557291, 40.39444, 0, 0.0009687913907204478507913188, 47793.59, -824.0865, -2.629443, 0.0166641, 0.1456619, 379.2166, 1.909135, 1.454142, 8.815194
 
12.13018, -0.0006464167, -0.008563413, 40.33476, 0, 0.0009709405390455976951531753, 47697.8, -823.8619, -2.629443, 0.0166641, 0.1456619, 378.9132, 1.909088, 1.454142, 8.815194
 
12.14018, -0.0006764309, -0.008569878, 40.27517, 0, 0.0009730304149185011402773954, 47602.25, -823.6368, -2.629443, 0.0166641, 0.1456619, 378.6101, 1.909041, 1.454142, 8.815194
 
12.15018, -0.0007655731, -0.008576642, 40.21568, 0, 0.0009766059316853139534111709, 47506.93, -823.4115, -2.629443, 0.0166641, 0.1456619, 378.3073, 1.908994, 1.454142, 8.815194
 
12.16018, -0.0008047277, -0.008584297, 40.15625, 0, 0.0009790636022847837614948243, 47411.89, -823.1848, -2.629443, 0.0166641, 0.1456619, 378.0052, 1.908946, 1.454142, 8.815194
 
12.17018, -0.0008078701, -0.008592345, 40.09695, 0, 0.0009806858551556327821510695, 47317, -822.959, -2.629443, 0.0166641, 0.1456619, 377.7031, 1.908899, 1.454142, 8.815194
 
12.18018, -0.0009267962, -0.008600423, 40.03771, 0, 0.0009851647393308035436444540, 47222.43, -822.7319, -2.629443, 0.0166641, 0.1456619, 377.4016, 1.908851, 1.454142, 8.815194
 
12.19018, -0.0008841869, -0.008609691, 39.97858, 0, 0.0009858023571614353161589130, 47128.05, -822.5048, -2.629443, 0.0166641, 0.1456619, 377.1004, 1.908803, 1.454142, 8.815194
 
12.20018, -0.0008518709, -0.008618533, 39.91952, 0, 0.0009866431150349144689499116, 47033.91, -822.277, -2.629443, 0.0166641, 0.1456619, 376.7995, 1.908756, 1.454142, 8.815194
 
12.21018, -0.0008828947, -0.008627051, 39.85998, 0, 0.0009890175989673423089558087, 46939.99, -822.0372, -2.629443, 0.0166641, 0.1456619, 376.4989, 1.908701, 1.454142, 8.815194
 
12.22018, -0.0008775144, -0.00863588, 39.80017, 0, 0.0009905265274059900320331860, 46846.3, -821.7895, -2.629443, 0.0166641, 0.1456619, 376.1987, 1.908642, 1.454142, 8.815194
 
12.23018, -0.000880543, -0.008644655, 39.74049, 0, 0.0009922402103535111441395666, 46752.82, -821.5424, -2.629443, 0.0166641, 0.1456619, 375.8988, 1.908583, 1.454142, 8.815194
 
12.24018, -0.0008462974, -0.008653461, 39.68085, 0, 0.0009930282923935861395733628, 46659.55, -821.2941, -2.629443, 0.0166641, 0.1456619, 375.5992, 1.908524, 1.454142, 8.815194
 
12.25019, -0.0008782921, -0.008661924, 39.62129, 0, 0.0009954318480945056537453244, 46566.51, -821.045, -2.629443, 0.0166641, 0.1456619, 375.2999, 1.908464, 1.454142, 8.815194
 
12.26019, -0.0009141731, -0.008670707, 39.56184, 0, 0.0009979736406545848725912443, 46473.69, -820.7961, -2.629443, 0.0166641, 0.1456619, 375.0009, 1.908405, 1.454142, 8.815194
 
12.27019, -0.0009326142, -0.008679849, 39.50245, 0, 0.0010001221592214845857675721, 46381.09, -820.5463, -2.629443, 0.0166641, 0.1456619, 374.7023, 1.908345, 1.454142, 8.815194
 
12.28019, -0.0009716339, -0.008689175, 39.44318, 0, 0.0010028123071467485535070047, 46288.77, -820.296, -2.629443, 0.0166641, 0.1456619, 374.4042, 1.908285, 1.454142, 8.815194
 
12.29019, -0.000918956, -0.008698892, 39.38399, 0, 0.0010032393500311474931259043, 46196.68, -820.0453, -2.629443, 0.0166641, 0.1456619, 374.1065, 1.908225, 1.454142, 8.815194
 
12.30019, -0.0008663228, -0.008708081, 39.32489, 0, 0.0010036034425713882067146682, 46104.8, -819.7943, -2.629443, 0.0166641, 0.1456619, 373.8091, 1.908165, 1.454142, 8.815194
 
12.31019, -0.0008242578, -0.008716744, 39.26588, 0, 0.0010041715161699446959400527, 46013.14, -819.5427, -2.629443, 0.0166641, 0.1456619, 373.512, 1.908105, 1.454142, 8.815194
 
12.32019, -0.0007923144, -0.008724987, 39.20691, 0, 0.0010049451593987728956986431, 45921.7, -819.2899, -2.629443, 0.0166641, 0.1456619, 373.2152, 1.908045, 1.454142, 8.815194
 
12.33019, -0.0008226269, -0.008732909, 39.14804, 0, 0.0010072644670841533060608958, 45830.47, -819.0371, -2.629443, 0.0166641, 0.1456619, 372.9188, 1.907984, 1.454142, 8.815194
 
12.34019, -0.0008148954, -0.008741136, 39.08926, 0, 0.0010086525958409134098269131, 45739.46, -818.7839, -2.629443, 0.0166641, 0.1456619, 372.6227, 1.907923, 1.454142, 8.815194
 
12.35019, -0.0008365221, -0.008749285, 39.03051, 0, 0.0010107818609104262053390205, 45648.65, -818.5295, -2.629443, 0.0166641, 0.1456619, 372.3269, 1.907862, 1.454142, 8.815194
 
12.36019, -0.0008861637, -0.00875765, 38.9719, 0, 0.0010136551005299348537621738, 45558.14, -818.2748, -2.629443, 0.0166641, 0.1456619, 372.0317, 1.9078, 1.454142, 8.815194
 
12.37019, -0.0008232119, -0.008766511, 38.91339, 0, 0.0010137031848906869161164337, 45467.84, -818.0201, -2.629443, 0.0166641, 0.1456619, 371.7368, 1.907739, 1.454142, 8.815194
 
12.38019, -0.0007843048, -0.008774743, 38.85493, 0, 0.0010142920763232489350839710, 45377.75, -817.7643, -2.629443, 0.0166641, 0.1456619, 371.4423, 1.907677, 1.454142, 8.815194
 
12.39019, -0.0007524017, -0.008782586, 38.79659, 0, 0.0010150142552432257984724538, 45287.88, -817.5085, -2.629443, 0.0166641, 0.1456619, 371.148, 1.907616, 1.454142, 8.815194
 
12.40019, -0.0007402818, -0.00879011, 38.73829, 0, 0.0010162083684345550721671477, 45198.22, -817.2516, -2.629443, 0.0166641, 0.1456619, 370.8541, 1.907554, 1.454142, 8.815194
 
12.41019, -0.0007262698, -0.008797513, 38.68004, 0, 0.0010173392979574492620746639, 45108.76, -816.9938, -2.629443, 0.0166641, 0.1456619, 370.5605, 1.907491, 1.454142, 8.815194
 
12.42019, -0.0007489853, -0.008804776, 38.6219, 0, 0.0010194057022102511239790805, 45019.52, -816.7361, -2.629443, 0.0166641, 0.1456619, 370.2672, 1.907429, 1.454142, 8.815194
 
12.43019, -0.0008018142, -0.008812265, 38.56382, 0, 0.0010222841691474179104761679, 44930.5, -816.4772, -2.629443, 0.0166641, 0.1456619, 369.9743, 1.907366, 1.454142, 8.815194
 
12.44019, -0.0008470285, -0.008820283, 38.50581, 0, 0.0010250307673890473523118323, 44841.67, -816.2177, -2.629443, 0.0166641, 0.1456619, 369.6816, 1.907303, 1.454142, 8.815194
 
12.45019, -0.0009079776, -0.008828754, 38.44787, 0, 0.0010282453002969595194680672, 44753.05, -815.9576, -2.629443, 0.0166641, 0.1456619, 369.3893, 1.90724, 1.454142, 8.815194
 
12.46019, -0.0009738883, -0.008837833, 38.39006, 0, 0.0010316661718951960455363087, 44664.74, -815.6971, -2.629443, 0.0166641, 0.1456619, 369.0976, 1.907176, 1.454142, 8.815194
 
12.47019, -0.0009176123, -0.008847572, 38.33231, 0, 0.0010319689265581934775174920, 44576.61, -815.4358, -2.629443, 0.0166641, 0.1456619, 368.8062, 1.907112, 1.454142, 8.815194
 
12.48019, -0.0008641687, -0.008856748, 38.27462, 0, 0.0010322766705762639417990797, 44488.7, -815.1738, -2.629443, 0.0166641, 0.1456619, 368.5151, 1.907049, 1.454142, 8.815194
 
12.49019, -0.0008484997, -0.00886539, 38.21702, 0, 0.0010335129900593422098643740, 44400.98, -814.9114, -2.629443, 0.0166641, 0.1456619, 368.2244, 1.906985, 1.454142, 8.815194
 
12.50019, -0.000828367, -0.008873875, 38.15948, 0, 0.0010346125063094505463457987, 44313.48, -814.648, -2.629443, 0.0166641, 0.1456619, 367.9339, 1.90692, 1.454142, 8.815194
 
12.51019, -0.0008195628, -0.008882159, 38.10203, 0, 0.0010359876325207489311405945, 44226.2, -814.3843, -2.629443, 0.0166641, 0.1456619, 367.6438, 1.906856, 1.454142, 8.815194
 
12.52019, -0.0008488413, -0.008890355, 38.04463, 0, 0.0010383608813660972285403768, 44139.11, -814.1196, -2.629443, 0.0166641, 0.1456619, 367.354, 1.906791, 1.454142, 8.815194
 
12.53019, -0.0008614105, -0.008898843, 37.98729, 0, 0.0010403281094653737044669261, 44052.23, -813.8539, -2.629443, 0.0166641, 0.1456619, 367.0645, 1.906726, 1.454142, 8.815194
 
12.54019, -0.0008810445, -0.008907457, 37.93004, 0, 0.0010425006226650160702232548, 43965.54, -813.5883, -2.629443, 0.0166641, 0.1456619, 366.7754, 1.906661, 1.454142, 8.815194
 
12.55019, -0.0008669106, -0.008916267, 37.87284, 0, 0.0010437984121581199286980487, 43879.07, -813.3211, -2.629443, 0.0166641, 0.1456619, 366.4865, 1.906595, 1.454142, 8.815194
 
12.56019, -0.0009210825, -0.008924936, 37.81572, 0, 0.0010469036102065759677534269, 43792.81, -813.0535, -2.629443, 0.0166641, 0.1456619, 366.198, 1.906529, 1.454142, 8.815194
 
12.57019, -0.0009575062, -0.008934147, 37.75867, 0, 0.0010496020557163853312793353, 43706.81, -812.7847, -2.629443, 0.0166641, 0.1456619, 365.9101, 1.906463, 1.454142, 8.815194
 
12.58019, -0.0008573387, -0.008943722, 37.70176, 0, 0.0010486848028274353119430783, 43621.02, -812.5167, -2.629443, 0.0166641, 0.1456619, 365.6225, 1.906397, 1.454142, 8.815194
 
12.59019, -0.0007793991, -0.008952295, 37.64487, 0, 0.0010482395866980142960577335, 43535.43, -812.2471, -2.629443, 0.0166641, 0.1456619, 365.3352, 1.906331, 1.454142, 8.815194
 
12.60019, -0.0007519253, -0.00896009, 37.58805, 0, 0.0010490560363101192335493593, 43450.04, -811.9767, -2.629443, 0.0166641, 0.1456619, 365.0482, 1.906264, 1.454142, 8.815194
 
12.61019, -0.0006903851, -0.008967609, 37.5313, 0, 0.0010489191204437721128784378, 43364.86, -811.7054, -2.629443, 0.0166641, 0.1456619, 364.7616, 1.906197, 1.454142, 8.815194
 
12.62019, -0.0006519051, -0.008974513, 37.4746, 0, 0.0010493286349719550612424849, 43279.88, -811.433, -2.629443, 0.0166641, 0.1456619, 364.4752, 1.906129, 1.454142, 8.815194
 
12.63019, -0.0006190185, -0.008981032, 37.41798, 0, 0.0010498419901332260243395720, 43195.09, -811.1602, -2.629443, 0.0166641, 0.1456619, 364.1892, 1.906062, 1.454142, 8.815194
 
12.64019, -0.0006050671, -0.008987223, 37.3614, 0, 0.0010508285159513359870465868, 43110.5, -810.8862, -2.629443, 0.0166641, 0.1456619, 363.9035, 1.905994, 1.454142, 8.815194
 
12.65019, -0.0006380157, -0.008993274, 37.30491, 0, 0.0010530745833355617185637369, 43026.13, -810.6119, -2.629443, 0.0166641, 0.1456619, 363.6181, 1.905926, 1.454142, 8.815194
 
12.66019, -0.0006542744, -0.008999654, 37.24847, 0, 0.0010549078914578270189299247, 42941.94, -810.3365, -2.629443, 0.0166641, 0.1456619, 363.3331, 1.905857, 1.454142, 8.815194
 
12.67019, -0.0007184788, -0.009006197, 37.19212, 0, 0.0010580727518585256962544689, 42857.96, -810.0607, -2.629443, 0.0166641, 0.1456619, 363.0483, 1.905788, 1.454142, 8.815194
 
12.68019, -0.0007645777, -0.009013382, 37.13578, 0, 0.0010608234862905566963535177, 42774.18, -809.783, -2.629443, 0.0166641, 0.1456619, 362.7639, 1.905719, 1.454142, 8.815194
 
12.6902, -0.0008345147, -0.009021028, 37.07953, 0, 0.0010642882274641941329907271, 42690.58, -809.5052, -2.629443, 0.0166641, 0.1456619, 362.4798, 1.905649, 1.454142, 8.815194
 
12.7002, -0.0008986844, -0.009029374, 37.02334, 0, 0.0010676836753203899757049197, 42607.19, -809.2263, -2.629443, 0.0166641, 0.1456619, 362.196, 1.905579, 1.454142, 8.815194
 
12.7102, -0.0009474776, -0.009038361, 36.96719, 0, 0.0010707375686422231411322657, 42524, -808.9461, -2.629443, 0.0166641, 0.1456619, 361.9125, 1.905509, 1.454142, 8.815194
 
12.7202, -0.0009690987, -0.009047835, 36.91112, 0, 0.0010731042461792384454496168, 42441, -808.6655, -2.629443, 0.0166641, 0.1456619, 361.6294, 1.905438, 1.454142, 8.815194
 
12.7302, -0.001054703, -0.009057526, 36.8551, 0, 0.0010772703428616482827297029, 42358.2, -808.3839, -2.629443, 0.0166641, 0.1456619, 361.3465, 1.905367, 1.454142, 8.815194
 
12.7402, -0.001114205, -0.009068074, 36.79915, 0, 0.0010808224801334885739529546, 42275.61, -808.1012, -2.629443, 0.0166641, 0.1456619, 361.064, 1.905296, 1.454142, 8.815194
 
12.7502, -0.001168439, -0.009079216, 36.74324, 0, 0.0010843052026906719354241027, 42193.19, -807.8177, -2.629443, 0.0166641, 0.1456619, 360.7818, 1.905224, 1.454142, 8.815194
 
12.7602, -0.001198094, -0.0090909, 36.68739, 0, 0.0010871737183574364056305526, 42110.98, -807.533, -2.629443, 0.0166641, 0.1456619, 360.4999, 1.905152, 1.454142, 8.815194
 
12.7702, -0.001211408, -0.009102881, 36.63158, 0, 0.0010896247908980491361250161, 42028.96, -807.2471, -2.629443, 0.0166641, 0.1456619, 360.2184, 1.90508, 1.454142, 8.815194
 
12.7802, -0.001253542, -0.009114995, 36.57584, 0, 0.0010929010092044689063375667, 41947.13, -806.9607, -2.629443, 0.0166641, 0.1456619, 359.9371, 1.905007, 1.454142, 8.815194
 
12.7902, -0.001249639, -0.00912753, 36.52016, 0, 0.0010949416028568663108438146, 41865.5, -806.673, -2.629443, 0.0166641, 0.1456619, 359.6562, 1.904934, 1.454142, 8.815194
 
12.8002, -0.00124343, -0.009140027, 36.46455, 0, 0.0010969137809233984854352473, 41784.07, -806.3846, -2.629443, 0.0166641, 0.1456619, 359.3755, 1.904861, 1.454142, 8.815194
 
12.8102, -0.001212916, -0.009152461, 36.40897, 0, 0.0010981949622303242486495227, 41702.81, -806.0951, -2.629443, 0.0166641, 0.1456619, 359.0952, 1.904788, 1.454142, 8.815194
 
12.8202, -0.001193664, -0.00916459, 36.35344, 0, 0.0010997563509245004640350773, 41621.77, -805.8043, -2.629443, 0.0166641, 0.1456619, 358.8152, 1.904714, 1.454142, 8.815194
 
12.8302, -0.001141179, -0.009176527, 36.29799, 0, 0.0011003534245698780298738744, 41540.96, -805.5125, -2.629443, 0.0166641, 0.1456619, 358.5359, 1.904639, 1.454142, 8.815194
 
12.8402, -0.0009898928, -0.009187939, 36.24261, 0, 0.0010980853642016298915640213, 41460.37, -805.2198, -2.629443, 0.0166641, 0.1456619, 358.2568, 1.904565, 1.454142, 8.815194
 
12.8502, -0.0008235519, -0.009197838, 36.18727, 0, 0.0010951973579142262539056839, 41379.88, -804.9266, -2.629443, 0.0166641, 0.1456619, 357.9778, 1.90449, 1.454142, 8.815194
 
12.8602, -0.0007701905, -0.009206073, 36.13192, 0, 0.0010953105397759445957750955, 41299.59, -804.6309, -2.629443, 0.0166641, 0.1456619, 357.6991, 1.904415, 1.454142, 8.815194
 
12.8702, -0.0006853705, -0.009213775, 36.07667, 0, 0.0010944578118259805252558544, 41219.55, -804.3346, -2.629443, 0.0166641, 0.1456619, 357.4209, 1.904339, 1.454142, 8.815194
 
12.8802, -0.0005499038, -0.009220629, 36.0215, 0, 0.0010920499587715980397640124, 41139.71, -804.0378, -2.629443, 0.0166641, 0.1456619, 357.1431, 1.904263, 1.454142, 8.815194
 
12.8902, -0.0003988177, -0.009226128, 35.96636, 0, 0.0010890202298563490908300525, 41060.06, -803.7395, -2.629443, 0.0166641, 0.1456619, 356.8657, 1.904186, 1.454142, 8.815194
 
12.9002, -0.000307382, -0.009230116, 35.91124, 0, 0.0010875082102736688825825147, 40980.54, -803.4398, -2.629443, 0.0166641, 0.1456619, 356.5882, 1.904109, 1.454142, 8.815194
 
12.9102, -0.0003610814, -0.00923319, 35.85615, 0, 0.0010900510530395424692258264, 40901.2, -803.1389, -2.629443, 0.0166641, 0.1456619, 356.3111, 1.904032, 1.454142, 8.815194
 
12.9202, -0.0003908611, -0.0092368, 35.80113, 0, 0.0010919742114794112881827602, 40822.05, -802.8371, -2.629443, 0.0166641, 0.1456619, 356.0343, 1.903954, 1.454142, 8.815194
 
12.9302, -0.0004312404, -0.009240709, 35.7461, 0, 0.0010942417148812392236931228, 40743.07, -802.533, -2.629443, 0.0166641, 0.1456619, 355.7578, 1.903875, 1.454142, 8.815194
 
12.9402, -0.0005128119, -0.009245021, 35.69114, 0, 0.0010977532933155104231041486, 40664.29, -802.2282, -2.629443, 0.0166641, 0.1456619, 355.4816, 1.903795, 1.454142, 8.815194
 
12.9502, -0.0005692607, -0.009250149, 35.63624, 0, 0.0011006419576904129736670996, 40585.7, -801.9224, -2.629443, 0.0166641, 0.1456619, 355.2057, 1.903716, 1.454142, 8.815194
 
12.9602, -0.0006754004, -0.009255841, 35.58137, 0, 0.0011050477509121105987074596, 40507.29, -801.6152, -2.629443, 0.0166641, 0.1456619, 354.9301, 1.903635, 1.454142, 8.815194
 
12.9702, -0.0007554116, -0.009262595, 35.52654, 0, 0.0011088305144072431188640210, 40429.07, -801.3066, -2.629443, 0.0166641, 0.1456619, 354.6549, 1.903555, 1.454142, 8.815194
 
12.9802, -0.0008622578, -0.009270149, 35.47173, 0, 0.0011134997556192776074904871, 40351.04, -800.9963, -2.629443, 0.0166641, 0.1456619, 354.38, 1.903473, 1.454142, 8.815194
 
12.9902, -0.0009550593, -0.009278771, 35.41699, 0, 0.0011178976587235761944555606, 40273.19, -800.6851, -2.629443, 0.0166641, 0.1456619, 354.1054, 1.903392, 1.454142, 8.815194
 
13.0002, -0.001029095, -0.009288322, 35.36227, 0, 0.0011218677249341240982088776, 40195.52, -800.3724, -2.629443, 0.0166641, 0.1456619, 353.8311, 1.903309, 1.454142, 8.815194
 
13.0102, -0.001066484, -0.009298613, 35.30758, 0, 0.0011248573440173242695556519, 40118.03, -800.058, -2.629443, 0.0166641, 0.1456619, 353.5571, 1.903226, 1.454142, 8.815194
 
13.0202, -0.001137503, -0.009309278, 35.25293, 0, 0.0011288865604218501093819503, 40040.74, -799.7422, -2.629443, 0.0166641, 0.1456619, 353.2834, 1.903143, 1.454142, 8.815194
 
13.0302, -0.001212152, -0.009320653, 35.19834, 0, 0.0011331164739065029903967934, 39963.62, -799.4258, -2.629443, 0.0166641, 0.1456619, 353.0101, 1.903059, 1.454142, 8.815194
 
13.0402, -0.001240896, -0.009332774, 35.14376, 0, 0.0011360880911168600376979563, 39886.7, -799.107, -2.629443, 0.0166641, 0.1456619, 352.7371, 1.902975, 1.454142, 8.815194
 
13.0502, -0.001275092, -0.009345183, 35.08921, 0, 0.0011392581339864792782094192, 39809.95, -798.7869, -2.629443, 0.0166641, 0.1456619, 352.4644, 1.90289, 1.454142, 8.815194
 
13.0602, -0.001277234, -0.009357934, 35.0347, 0, 0.0011415235622136362060654324, 39733.38, -798.4653, -2.629443, 0.0166641, 0.1456619, 352.192, 1.902805, 1.454142, 8.815194
 
13.0702, -0.001214065, -0.009370706, 34.9802, 0, 0.0011418496067787248734085055, 39656.99, -798.1417, -2.629443, 0.0166641, 0.1456619, 351.9199, 1.902719, 1.454142, 8.815194
 
13.0802, -0.001148405, -0.009382847, 34.92577, 0, 0.0011420211074109704052878812, 39580.79, -797.8174, -2.629443, 0.0166641, 0.1456619, 351.6481, 1.902632, 1.454142, 8.815194
 
13.0902, -0.001076452, -0.009394331, 34.87132, 0, 0.0011419176286496775047174307, 39504.77, -797.4905, -2.629443, 0.0166641, 0.1456619, 351.3767, 1.902545, 1.454142, 8.815194
 
13.1002, -0.0009931676, -0.009405095, 34.81695, 0, 0.0011413833050685468491283676, 39428.91, -797.1632, -2.629443, 0.0166641, 0.1456619, 351.1056, 1.902458, 1.454142, 8.815194
 
13.1102, -0.0009361361, -0.009415027, 34.76257, 0, 0.0011415270574784647969057199, 39353.26, -796.8332, -2.629443, 0.0166641, 0.1456619, 350.8347, 1.90237, 1.454142, 8.815194
 
13.1202, -0.0008671007, -0.009424388, 34.70823, 0, 0.0011412363762617988825800928, 39277.77, -796.502, -2.629443, 0.0166641, 0.1456619, 350.5642, 1.902281, 1.454142, 8.815194
 
13.13021, -0.0008011485, -0.009433059, 34.65391, 0, 0.0011409479825943860977168548, 39202.48, -796.1688, -2.629443, 0.0166641, 0.1456619, 350.294, 1.902191, 1.454142, 8.815194
 
13.14021, -0.0006869385, -0.00944107, 34.59962, 0, 0.0011391172329211268807216093, 39127.35, -795.8343, -2.629443, 0.0166641, 0.1456619, 350.0242, 1.902102, 1.454142, 8.815194
 
13.15021, -0.0006484058, -0.00944794, 34.54532, 0, 0.0011394254089098290628507823, 39052.4, -795.4971, -2.629443, 0.0166641, 0.1456619, 349.7546, 1.90201, 1.454142, 8.815194
 
13.16021, -0.0005697289, -0.009454424, 34.49107, 0, 0.0011384661412149100184379186, 38977.64, -795.1587, -2.629443, 0.0166641, 0.1456619, 349.4854, 1.901919, 1.454142, 8.815194
 
13.17021, -0.0005047513, -0.00946012, 34.43682, 0, 0.0011378189739313873189058500, 38903.04, -794.8183, -2.629443, 0.0166641, 0.1456619, 349.2165, 1.901827, 1.454142, 8.815194
 
13.18021, -0.0004516705, -0.009465168, 34.38258, 0, 0.0011374496211914142406431636, 38828.56, -794.4764, -2.629443, 0.0166641, 0.1456619, 348.9476, 1.901734, 1.454142, 8.815194
 
13.19021, -0.0005168312, -0.009469685, 34.32833, 0, 0.0011406170719462966642389624, 38754.27, -794.1318, -2.629443, 0.0166641, 0.1456619, 348.679, 1.90164, 1.454142, 8.815194
 
13.20021, -0.0005467474, -0.009474853, 34.27408, 0, 0.0011427930724081610156020621, 38680.14, -793.7852, -2.629443, 0.0166641, 0.1456619, 348.4107, 1.901545, 1.454142, 8.815194
 
13.21021, -0.0006244287, -0.009480321, 34.21985, 0, 0.0011464705219096344794962452, 38606.18, -793.4366, -2.629443, 0.0166641, 0.1456619, 348.1428, 1.901449, 1.454142, 8.815194
 
13.22021, -0.0006690397, -0.009486565, 34.16565, 0, 0.0011492355955108305581187336, 38532.41, -793.0864, -2.629443, 0.0166641, 0.1456619, 347.8751, 1.901353, 1.454142, 8.815194
 
13.23021, -0.000751467, -0.009493256, 34.11145, 0, 0.0011532237868140596258313680, 38458.81, -792.7339, -2.629443, 0.0166641, 0.1456619, 347.6078, 1.901256, 1.454142, 8.815194
 
13.24021, -0.000818717, -0.009500771, 34.05723, 0, 0.0011568508143704760198348604, 38385.39, -792.3785, -2.629443, 0.0166641, 0.1456619, 347.3408, 1.901158, 1.454142, 8.815194
 
13.25021, -0.0008839687, -0.009508958, 34.00304, 0, 0.0011605056949658330453837213, 38312.15, -792.0217, -2.629443, 0.0166641, 0.1456619, 347.0741, 1.901059, 1.454142, 8.815194
 
13.26021, -0.0009643188, -0.009517798, 33.94885, 0, 0.0011647151238635253968052356, 38239.08, -791.6624, -2.629443, 0.0166641, 0.1456619, 346.8077, 1.900959, 1.454142, 8.815194
 
13.27021, -0.001000061, -0.009527441, 33.89466, 0, 0.0011676474841709487393173903, 38166.18, -791.3009, -2.629443, 0.0166641, 0.1456619, 346.5417, 1.900859, 1.454142, 8.815194
 
13.28021, -0.001013696, -0.009537442, 33.84047, 0, 0.0011699377327828878331134319, 38093.45, -790.9374, -2.629443, 0.0166641, 0.1456619, 346.2759, 1.900757, 1.454142, 8.815194
 
13.29021, -0.001063096, -0.009547578, 33.78629, 0, 0.0011733621760506741107047590, 38020.89, -790.5712, -2.629443, 0.0166641, 0.1456619, 346.0105, 1.900655, 1.454142, 8.815194
 
13.30021, -0.001092472, -0.009558209, 33.73211, 0, 0.0011762273249406505175337664, 37948.52, -790.2028, -2.629443, 0.0166641, 0.1456619, 345.7454, 1.900552, 1.454142, 8.815194
 
13.31021, -0.001088504, -0.009569134, 33.6779, 0, 0.0011780880256421260288599404, 37876.3, -789.832, -2.629443, 0.0166641, 0.1456619, 345.4806, 1.900448, 1.454142, 8.815194
 
13.32021, -0.001055241, -0.009580019, 33.6237, 0, 0.0011790250053217849175696077, 37804.21, -789.4589, -2.629443, 0.0166641, 0.1456619, 345.2158, 1.900343, 1.454142, 8.815194
 
13.33021, -0.00112163, -0.009590572, 33.56942, 0, 0.0011830510566955396457777252, 37732.29, -789.0819, -2.629443, 0.0166641, 0.1456619, 344.9513, 1.900236, 1.454142, 8.815194
 
13.34021, -0.001164869, -0.009601788, 33.51514, 0, 0.0011864350290323392301937295, 37660.52, -788.7031, -2.629443, 0.0166641, 0.1456619, 344.6872, 1.900129, 1.454142, 8.815194
 
13.35021, -0.001177106, -0.009613437, 33.46087, 0, 0.0011888997674586339530996162, 37588.94, -788.3215, -2.629443, 0.0166641, 0.1456619, 344.4233, 1.900021, 1.454142, 8.815194
 
13.36021, -0.001168537, -0.009625208, 33.40657, 0, 0.0011907212219053327427694451, 37517.52, -787.9369, -2.629443, 0.0166641, 0.1456619, 344.1598, 1.899911, 1.454142, 8.815194
 
13.37021, -0.001128602, -0.009636893, 33.35225, 0, 0.0011915377205017848753548737, 37446.28, -787.5497, -2.629443, 0.0166641, 0.1456619, 343.8966, 1.899801, 1.454142, 8.815194
 
13.38021, -0.001087674, -0.009648179, 33.2979, 0, 0.0011922694092995490037195534, 37375.2, -787.1595, -2.629443, 0.0166641, 0.1456619, 343.6337, 1.89969, 1.454142, 8.815194
 
13.39021, -0.001028236, -0.009659056, 33.24357, 0, 0.0011923571534578806436713085, 37304.3, -786.767, -2.629443, 0.0166641, 0.1456619, 343.3711, 1.899577, 1.454142, 8.815194
 
13.40021, -0.0009686077, -0.009669338, 33.18915, 0, 0.0011923586511430240662540923, 37233.55, -786.3706, -2.629443, 0.0166641, 0.1456619, 343.1089, 1.899463, 1.454142, 8.815194
 
13.41021, -0.0008887071, -0.009679024, 33.13475, 0, 0.0011916310414503739207863689, 37162.99, -785.9718, -2.629443, 0.0166641, 0.1456619, 342.8469, 1.899349, 1.454142, 8.815194
 
13.42021, -0.0008262006, -0.009687911, 33.08028, 0, 0.0011913558012259738922462266, 37092.52, -785.5698, -2.629443, 0.0166641, 0.1456619, 342.585, 1.899233, 1.454142, 8.815194
 
13.43021, -0.0008342987, -0.009696173, 33.02575, 0, 0.0011932628188672075816034289, 37022.22, -785.1639, -2.629443, 0.0166641, 0.1456619, 342.3233, 1.899115, 1.454142, 8.815194
 
13.44021, -0.0008133384, -0.009704515, 32.9712, 0, 0.0011942454640351363576835575, 36952.1, -784.7551, -2.629443, 0.0166641, 0.1456619, 342.062, 1.898996, 1.454142, 8.815194
 
13.45021, -0.0008306705, -0.009712649, 32.91659, 0, 0.0011964345856332881800179208, 36882.14, -784.3425, -2.629443, 0.0166641, 0.1456619, 341.8011, 1.898876, 1.454142, 8.815194
 
13.46021, -0.0008272914, -0.009720955, 32.86194, 0, 0.0011979764638268760566844925, 36812.34, -783.9266, -2.629443, 0.0166641, 0.1456619, 341.5404, 1.898754, 1.454142, 8.815194
 
13.47021, -0.0008041058, -0.009729228, 32.80724, 0, 0.0011988716442461693012230728, 36742.71, -783.5073, -2.629443, 0.0166641, 0.1456619, 341.28, 1.898631, 1.454142, 8.815194
 
13.48021, -0.0008684388, -0.009737269, 32.67062, 0, 0.00119979617538028766756, 36673.26, -781.1265, -2.629443, 0.0166641, 0.1456619, 341.02, 1.898449, 1.454142, 8.815194
 
13.49021, -0.001064615, -0.009745954, 32.41737, 0, 0.00120111198332580389568, 36604.03, -775.9468, -2.629443, 0.0166641, 0.1456619, 340.7606, 1.89818, 1.454142, 8.815194
 
13.50021, -0.001224167, -0.0097566, 32.17019, 0, 0.0012016613754567362802, 36535.04, -770.8983, -2.629443, 0.0166641, 0.1456619, 340.5018, 1.897913, 1.454142, 8.815194
 
13.51021, -0.001340736, -0.009768841, 31.92837, 0, 0.00120115995638343337017, 36466.29, -765.9651, -2.629443, 0.0166641, 0.1456619, 340.2437, 1.897646, 1.454142, 8.815194
 
13.52021, -0.001438965, -0.009782248, 31.69214, 0, 0.0012003619737786937983, 36397.76, -761.1528, -2.629443, 0.0166641, 0.1456619, 339.9862, 1.89738, 1.454142, 8.815194
 
13.53021, -0.001496733, -0.009796638, 31.46135, 0, 0.00119850853198358657648, 36329.41, -756.4589, -2.629443, 0.0166641, 0.1456619, 339.7291, 1.897115, 1.454142, 8.815194
 
13.54021, -0.001602113, -0.009811605, 31.2357, 0, 0.00119843727976909669544, 36261.28, -751.8764, -2.629443, 0.0166641, 0.1456619, 339.4725, 1.896849, 1.454142, 8.815194
 
13.55021, -0.001628254, -0.009827627, 31.01536, 0, 0.00119602659672318693150, 36193.38, -747.4092, -2.629443, 0.0166641, 0.1456619, 339.2166, 1.896585, 1.454142, 8.815194
 
13.56021, -0.001617226, -0.009843909, 30.80024, 0, 0.0011925568933238828820, 36125.71, -743.0561, -2.629443, 0.0166641, 0.1456619, 338.9614, 1.896322, 1.454142, 8.815194
 
13.57022, -0.001568196, -0.009860082, 30.59001, 0, 0.001187940689647132589, 36058.27, -738.809, -2.629443, 0.0166641, 0.1456619, 338.7067, 1.896059, 1.454142, 8.815194
 
13.58022, -0.001446543, -0.009875763, 30.38508, 0, 0.00118098578890896226944, 35991.07, -734.6783, -2.629443, 0.0166641, 0.1456619, 338.4527, 1.895797, 1.454142, 8.815194
 
13.59022, -0.001327412, -0.009890229, 30.18484, 0, 0.0011740840972211568525, 35924.04, -730.6506, -2.629443, 0.0166641, 0.1456619, 338.1991, 1.895536, 1.454142, 8.815194
 
13.60022, -0.001262126, -0.009903503, 29.98925, 0, 0.00116895658696337617768, 35857.21, -726.7248, -2.629443, 0.0166641, 0.1456619, 337.946, 1.895275, 1.454142, 8.815194
 
13.61022, -0.001155183, -0.009916124, 29.79848, 0, 0.00116248223268526090971, 35790.64, -722.9048, -2.629443, 0.0166641, 0.1456619, 337.6936, 1.895014, 1.454142, 8.815194
 
13.62022, -0.001024856, -0.009927676, 29.61242, 0, 0.0011552186120250762252, 35724.28, -719.1889, -2.629443, 0.0166641, 0.1456619, 337.4419, 1.894755, 1.454142, 8.815194
 
13.63022, -0.0008611511, -0.009937924, 29.43099, 0, 0.001146795915919039914, 35658.13, -715.5756, -2.629443, 0.0166641, 0.1456619, 337.1907, 1.894496, 1.454142, 8.815194
 
13.64022, -0.0006596225, -0.009946536, 29.2541, 0, 0.00113701931390945079804, 35592.16, -712.063, -2.629443, 0.0166641, 0.1456619, 336.9399, 1.894238, 1.454142, 8.815194
 
13.65022, -0.0005250173, -0.009953133, 29.08129, 0, 0.00112937108726801458695, 35526.42, -708.6402, -2.629443, 0.0166641, 0.1456619, 336.6898, 1.89398, 1.454142, 8.815194
 
13.66022, -0.0003944025, -0.009958383, 28.91308, 0, 0.00112182567560421975120, 35460.9, -705.3199, -2.629443, 0.0166641, 0.1456619, 336.4402, 1.893723, 1.454142, 8.815194
 
13.67022, -0.0002330372, -0.009962327, 28.74899, 0, 0.00111319682033840737520, 35395.54, -702.0917, -2.629443, 0.0166641, 0.1456619, 336.191, 1.893466, 1.454142, 8.815194
 
13.68022, -0.0001650724, -0.009964657, 28.58899, 0, 0.00110767430622734142540, 35330.4, -698.9541, -2.629443, 0.0166641, 0.1456619, 335.9424, 1.893209, 1.454142, 8.815194
 
13.69022, -9.818808E-05, -0.009966307, 28.43332, 0, 0.00110223971894238365439, 35265.49, -695.914, -2.629443, 0.0166641, 0.1456619, 335.6945, 1.892954, 1.454142, 8.815194
 
13.70022, -3.508902E-05, -0.009967289, 28.28142, 0, 0.00109697008734940627029, 35200.79, -692.9576, -2.629443, 0.0166641, 0.1456619, 335.4472, 1.892698, 1.454142, 8.815194
 
13.71022, 3.556128E-05, -0.00996764, 28.13372, 0, 0.00109149783837236435136, 35136.26, -690.0961, -2.629443, 0.0166641, 0.1456619, 335.2002, 1.892444, 1.454142, 8.815194
 
13.72022, 2.315788E-05, -0.009967284, 27.98981, 0, 0.00108891893920036747152, 35071.95, -687.3196, -2.629443, 0.0166641, 0.1456619, 334.9539, 1.89219, 1.454142, 8.815194
 
13.73022, 2.112143E-05, -0.009967052, 27.8498, 0, 0.0010861261050471783952, 35007.85, -684.6309, -2.629443, 0.0166641, 0.1456619, 334.7082, 1.891936, 1.454142, 8.815194
 
13.74022, 2.907813E-05, -0.009966841, 27.71343, 0, 0.00108310903328711837880, 34943.92, -682.0246, -2.629443, 0.0166641, 0.1456619, 334.4628, 1.891683, 1.454142, 8.815194
 
13.75022, -6.679751E-05, -0.00996655, 27.58082, 0, 0.0010838089906709028072, 34880.21, -679.5034, -2.629443, 0.0166641, 0.1456619, 334.218, 1.89143, 1.454142, 8.815194
 
13.76022, -0.000149125, -0.009967218, 27.45176, 0, 0.00108427445448505979652, 34816.71, -677.0623, -2.629443, 0.0166641, 0.1456619, 333.9739, 1.891177, 1.454142, 8.815194
 
13.77022, -0.0002047664, -0.009968709, 27.3263, 0, 0.00108403296151436362828, 34753.37, -674.7034, -2.629443, 0.0166641, 0.1456619, 333.7301, 1.890926, 1.454142, 8.815194
 
13.78022, -0.0003400471, -0.009970757, 27.20425, 0, 0.0010867568935222258623, 34690.25, -672.4221, -2.629443, 0.0166641, 0.1456619, 333.487, 1.890674, 1.454142, 8.815194
 
13.79022, -0.0004109789, -0.009974157, 27.0857, 0, 0.00108751075368710708986, 34627.34, -670.2202, -2.629443, 0.0166641, 0.1456619, 333.2444, 1.890423, 1.454142, 8.815194
 
13.80022, -0.0004793667, -0.009978267, 26.97056, 0, 0.00108837858166267387872, 34564.58, -668.0967, -2.629443, 0.0166641, 0.1456619, 333.0022, 1.890173, 1.454142, 8.815194
 
13.81022, -0.000618313, -0.009983061, 26.85855, 0, 0.00109191925733156079525, 34502.05, -666.0443, -2.629443, 0.0166641, 0.1456619, 332.7607, 1.889923, 1.454142, 8.815194
 
13.82022, -0.0007009602, -0.009989244, 26.74994, 0, 0.00109375917608678895616, 34439.73, -664.0703, -2.629443, 0.0166641, 0.1456619, 332.5197, 1.889674, 1.454142, 8.815194
 
13.83022, -0.0007804825, -0.009996254, 26.64444, 0, 0.00109569680179787216770, 34377.57, -662.1678, -2.629443, 0.0166641, 0.1456619, 332.2791, 1.889426, 1.454142, 8.815194
 
13.84022, -0.0008810156, -0.01000406, 26.54201, 0, 0.00109858178395735412775, 34315.61, -660.3361, -2.629443, 0.0166641, 0.1456619, 332.0391, 1.889177, 1.454142, 8.815194
 
13.85022, -0.0009322236, -0.01001287, 26.44278, 0, 0.00109994636428244846073, 34253.81, -658.5784, -2.629443, 0.0166641, 0.1456619, 331.7995, 1.88893, 1.454142, 8.815194
 
13.86022, -0.001048112, -0.01002219, 26.34641, 0, 0.00110377552581598064865, 34192.22, -656.8865, -2.629443, 0.0166641, 0.1456619, 331.5604, 1.888682, 1.454142, 8.815194
 
13.87022, -0.001114356, -0.01003267, 26.25303, 0, 0.0011060776664828632426, 34130.85, -655.264, -2.629443, 0.0166641, 0.1456619, 331.322, 1.888436, 1.454142, 8.815194
 
13.88022, -0.001119739, -0.01004382, 26.16249, 0, 0.00110638264487727863812, 34069.63, -653.7074, -2.629443, 0.0166641, 0.1456619, 331.084, 1.88819, 1.454142, 8.815194
 
13.89022, -0.001171531, -0.01005501, 26.07483, 0, 0.00110845827017015740980, 34008.61, -652.218, -2.629443, 0.0166641, 0.1456619, 330.8465, 1.887944, 1.454142, 8.815194
 
13.90022, -0.001170915, -0.01006673, 25.98998, 0, 0.00110881257589424188075, 33947.76, -650.7942, -2.629443, 0.0166641, 0.1456619, 330.6094, 1.8877, 1.454142, 8.815194
 
13.91022, -0.001206555, -0.01007844, 25.90773, 0, 0.00111056464141881989939, 33887.11, -649.4309, -2.629443, 0.0166641, 0.1456619, 330.373, 1.887455, 1.454142, 8.815194
 
13.92022, -0.001182853, -0.0100905, 25.82828, 0, 0.00111031518104632026231, 33826.67, -648.133, -2.629443, 0.0166641, 0.1456619, 330.1371, 1.887211, 1.454142, 8.815194
 
13.93022, -0.001101955, -0.01010233, 25.75138, 0, 0.00110805946765387155098, 33766.37, -646.8956, -2.629443, 0.0166641, 0.1456619, 329.9016, 1.886968, 1.454142, 8.815194
 
13.94022, -0.001069777, -0.01011335, 25.67702, 0, 0.00110756442120092135586, 33706.23, -645.7176, -2.629443, 0.0166641, 0.1456619, 329.6664, 1.886726, 1.454142, 8.815194
 
13.95022, -0.001059234, -0.01012405, 25.60513, 0, 0.00110790722623660292513, 33646.3, -644.5979, -2.629443, 0.0166641, 0.1456619, 329.4318, 1.886483, 1.454142, 8.815194
 
13.96022, -0.000991417, -0.01013464, 25.53575, 0, 0.00110624031899849868895, 33586.57, -643.5372, -2.629443, 0.0166641, 0.1456619, 329.1979, 1.886241, 1.454142, 8.815194
 
13.97022, -0.0008810158, -0.01014456, 25.46881, 0, 0.00110302475605028478618, 33527, -642.5343, -2.629443, 0.0166641, 0.1456619, 328.9643, 1.886001, 1.454142, 8.815194
 
13.98022, -0.000830728, -0.01015337, 25.40419, 0, 0.00110196265232083961664, 33467.63, -641.5865, -2.629443, 0.0166641, 0.1456619, 328.7313, 1.88576, 1.454142, 8.815194
 
13.99022, -0.0007297438, -0.01016167, 25.34187, 0, 0.00109906545018237341240, 33408.41, -640.693, -2.629443, 0.0166641, 0.1456619, 328.4986, 1.88552, 1.454142, 8.815194
 
14.00023, -0.0006748687, -0.01016897, 25.28184, 0, 0.00109782725747407074984, 33349.39, -639.8542, -2.629443, 0.0166641, 0.1456619, 328.2666, 1.88528, 1.454142, 8.815194
 
14.01023, -0.0005979386, -0.01017572, 25.22398, 0, 0.00109579317896088404964, 33290.51, -639.0676, -2.629443, 0.0166641, 0.1456619, 328.0349, 1.885041, 1.454142, 8.815194
 
14.02023, -0.0005410283, -0.0101817, 25.16829, 0, 0.0010944875251070293404, 33231.85, -638.3323, -2.629443, 0.0166641, 0.1456619, 327.8038, 1.884802, 1.454142, 8.815194
 
14.03023, -0.0004621157, -0.01018711, 25.11477, 0, 0.00109238120576728802472, 33173.33, -637.6495, -2.629443, 0.0166641, 0.1456619, 327.5731, 1.884565, 1.454142, 8.815194
 
14.04023, -0.0004254582, -0.01019173, 25.06328, 0, 0.00109182714395517493792, 33115.01, -637.0151, -2.629443, 0.0166641, 0.1456619, 327.343, 1.884327, 1.454142, 8.815194
 
14.05023, -0.0003685542, -0.01019598, 25.01383, 0, 0.00109055517219137325634, 33056.84, -636.4299, -2.629443, 0.0166641, 0.1456619, 327.1132, 1.88409, 1.454142, 8.815194
 
14.06023, -0.0003683292, -0.01019967, 24.96633, 0, 0.0010914050950351622505, 32998.88, -635.8915, -2.629443, 0.0166641, 0.1456619, 326.8841, 1.883852, 1.454142, 8.815194
 
14.07023, -0.0003040579, -0.01020335, 24.92081, 0, 0.00108993904506785968642, 32941.05, -635.4012, -2.629443, 0.0166641, 0.1456619, 326.6552, 1.883616, 1.454142, 8.815194
 
14.08023, -0.0002939031, -0.01020639, 24.87716, 0, 0.00109049880383148196623, 32883.36, -634.9564, -2.629443, 0.0166641, 0.1456619, 326.4267, 1.883381, 1.454142, 8.815194
 
14.09023, -0.0003431758, -0.01020933, 24.83535, 0, 0.00109335244118803012232, 32825.88, -634.556, -2.629443, 0.0166641, 0.1456619, 326.1989, 1.883144, 1.454142, 8.815194
 
14.10023, -0.0003295716, -0.01021276, 24.79537, 0, 0.00109397342827876635145, 32768.54, -634.2004, -2.629443, 0.0166641, 0.1456619, 325.9713, 1.88291, 1.454142, 8.815194
 
14.11023, -0.0003653693, -0.01021606, 24.75716, 0, 0.00109651375769830302450, 32711.41, -633.8873, -2.629443, 0.0166641, 0.1456619, 325.7444, 1.882675, 1.454142, 8.815194
 
14.12023, -0.0003782987, -0.01021971, 24.72067, 0, 0.0010983056392854834255, 32654.41, -633.6168, -2.629443, 0.0166641, 0.1456619, 325.5178, 1.882441, 1.454142, 8.815194
 
14.13023, -0.0004637025, -0.0102235, 24.68589, 0, 0.00110292992813617241695, 32597.61, -633.3879, -2.629443, 0.0166641, 0.1456619, 325.2918, 1.882207, 1.454142, 8.815194
 
14.14023, -0.000465917, -0.01022813, 24.65275, 0, 0.00110456843040400549716, 32540.96, -633.1993, -2.629443, 0.0166641, 0.1456619, 325.0662, 1.881974, 1.454142, 8.815194
 
14.15023, -0.0005210983, -0.01023279, 24.6212, 0, 0.00110829606736697609566, 32484.45, -633.0501, -2.629443, 0.0166641, 0.1456619, 324.8409, 1.881741, 1.454142, 8.815194
 
14.16023, -0.0006100955, -0.010238, 24.59123, 0, 0.00111344807903807512619, 32428.13, -632.9395, -2.629443, 0.0166641, 0.1456619, 324.6161, 1.881509, 1.454142, 8.815194
 
14.17023, -0.0006478456, -0.01024411, 24.56279, 0, 0.00111681779887607460228, 32371.95, -632.8667, -2.629443, 0.0166641, 0.1456619, 324.3918, 1.881277, 1.454142, 8.815194
 
14.18023, -0.0007102031, -0.01025058, 24.53585, 0, 0.00112124041677844916104, 32315.97, -632.8309, -2.629443, 0.0166641, 0.1456619, 324.1681, 1.881045, 1.454142, 8.815194
 
14.19023, -0.0007414041, -0.01025769, 24.51036, 0, 0.00112460882234211465442, 32260.14, -632.8314, -2.629443, 0.0166641, 0.1456619, 323.9446, 1.880814, 1.454142, 8.815194
 
14.20023, -0.0007876103, -0.0102651, 24.48629, 0, 0.00112865693850992853117, 32204.44, -632.8672, -2.629443, 0.0166641, 0.1456619, 323.7216, 1.880584, 1.454142, 8.815194
 
14.21023, -0.0008914031, -0.01027298, 24.46361, 0, 0.00113504781753145008009, 32148.93, -632.9375, -2.629443, 0.0166641, 0.1456619, 323.4991, 1.880354, 1.454142, 8.815194
 
14.22023, -0.0009244553, -0.01028189, 24.44227, 0, 0.00113889090501636202902, 32093.55, -633.0413, -2.629443, 0.0166641, 0.1456619, 323.277, 1.880124, 1.454142, 8.815194
 
14.23023, -0.0009770024, -0.01029113, 24.42226, 0, 0.00114359251359004217256, 32038.39, -633.178, -2.629443, 0.0166641, 0.1456619, 323.0555, 1.879895, 1.454142, 8.815194
 
14.24023, -0.0009536665, -0.0103009, 24.4035, 0, 0.00114546794310342812187, 31983.35, -633.3467, -2.629443, 0.0166641, 0.1456619, 322.8343, 1.879667, 1.454142, 8.815194
 
14.25023, -0.0009655782, -0.01031044, 24.386, 0, 0.00114874827107964009856, 31928.45, -633.5469, -2.629443, 0.0166641, 0.1456619, 322.6134, 1.879438, 1.454142, 8.815194
 
14.26023, -0.001009438, -0.0103201, 24.36971, 0, 0.00115334803117551892714, 31873.75, -633.7774, -2.629443, 0.0166641, 0.1456619, 322.3932, 1.87921, 1.454142, 8.815194
 
14.27023, -0.0009921291, -0.01033019, 24.35459, 0, 0.00115566510716323672872, 31819.18, -634.0377, -2.629443, 0.0166641, 0.1456619, 322.1733, 1.878983, 1.454142, 8.815194
 
14.28023, -0.000988526, -0.01034011, 24.34061, 0, 0.00115855458377734107171, 31764.75, -634.3269, -2.629443, 0.0166641, 0.1456619, 321.9537, 1.878756, 1.454142, 8.815194
 
14.29023, -0.0009912399, -0.01035, 24.32775, 0, 0.00116174143858305522015, 31710.5, -634.6444, -2.629443, 0.0166641, 0.1456619, 321.7347, 1.87853, 1.454142, 8.815194
 
14.30023, -0.0009344674, -0.01035991, 24.31595, 0, 0.00116264101104423532610, 31656.4, -634.989, -2.629443, 0.0166641, 0.1456619, 321.5161, 1.878304, 1.454142, 8.815194
 
14.31023, -0.0009228155, -0.01036925, 24.30522, 0, 0.00116530493722957697803, 31602.44, -635.3607, -2.629443, 0.0166641, 0.1456619, 321.2979, 1.878079, 1.454142, 8.815194
 
14.32023, -0.0009151706, -0.01037848, 24.29549, 0, 0.00116816403221333810792, 31548.64, -635.7582, -2.629443, 0.0166641, 0.1456619, 321.08, 1.877854, 1.454142, 8.815194
 
14.33023, -0.0008789937, -0.01038763, 24.28675, 0, 0.0011699304988167236376, 31494.99, -636.181, -2.629443, 0.0166641, 0.1456619, 320.8627, 1.877629, 1.454142, 8.815194
 
14.34023, -0.000840607, -0.01039642, 24.27896, 0, 0.001171614755612234532816, 31441.48, -636.6285, -2.629443, 0.0166641, 0.1456619, 320.6457, 1.877405, 1.454142, 8.815194
 
14.35023, -0.0008254067, -0.01040483, 24.27209, 0, 0.00117422001101387038624, 31388.14, -637.0996, -2.629443, 0.0166641, 0.1456619, 320.4291, 1.877181, 1.454142, 8.815194
 
14.36023, -0.0008118872, -0.01041309, 24.26612, 0, 0.001176920271737748998026, 31334.93, -637.5938, -2.629443, 0.0166641, 0.1456619, 320.213, 1.876958, 1.454142, 8.815194
 
14.37023, -0.0007587396, -0.0104212, 24.26101, 0, 0.001178064565133274001088, 31281.88, -638.1106, -2.629443, 0.0166641, 0.1456619, 319.9973, 1.876735, 1.454142, 8.815194
 
14.38023, -0.0007153238, -0.01042879, 24.25674, 0, 0.001179575268905136321400, 31228.98, -638.6491, -2.629443, 0.0166641, 0.1456619, 319.7819, 1.876513, 1.454142, 8.815194
 
14.39023, -0.0006835259, -0.01043595, 24.25328, 0, 0.00118154169007640621030, 31176.21, -639.2087, -2.629443, 0.0166641, 0.1456619, 319.567, 1.876291, 1.454142, 8.815194
 
14.40023, -0.0006447576, -0.01044278, 24.2506, 0, 0.001183227880558583410086, 31123.61, -639.7886, -2.629443, 0.0166641, 0.1456619, 319.3525, 1.876069, 1.454142, 8.815194
 
14.41023, -0.0006330831, -0.01044923, 24.24867, 0, 0.001186001002557663322688, 31071.14, -640.3885, -2.629443, 0.0166641, 0.1456619, 319.1384, 1.875848, 1.454142, 8.815194
 
14.42023, -0.0005979697, -0.01045556, 24.24747, 0, 0.001187849200077774099514, 31018.82, -641.0071, -2.629443, 0.0166641, 0.1456619, 318.9247, 1.875627, 1.454142, 8.815194
 
14.43023, -0.000594189, -0.01046154, 24.24697, 0, 0.001190962430131190246502, 30966.64, -641.6445, -2.629443, 0.0166641, 0.1456619, 318.7114, 1.875407, 1.454142, 8.815194
 
14.44024, -0.0005667541, -0.01046748, 24.24714, 0, 0.001193147459993239054353, 30914.62, -642.2994, -2.629443, 0.0166641, 0.1456619, 318.4985, 1.875187, 1.454142, 8.815194
 
14.45024, -0.0005656534, -0.01047315, 24.24795, 0, 0.00119640577706787994698, 30862.74, -642.9714, -2.629443, 0.0166641, 0.1456619, 318.286, 1.874967, 1.454142, 8.815194
 
14.46024, -0.0005654871, -0.0104788, 24.24939, 0, 0.00119973857868192431712, 30811, -643.6602, -2.629443, 0.0166641, 0.1456619, 318.0739, 1.874748, 1.454142, 8.815194
 
14.47024, -0.0005682772, -0.01048446, 24.25142, 0, 0.001203225112305131580934, 30759.4, -644.3647, -2.629443, 0.0166641, 0.1456619, 317.8622, 1.874529, 1.454142, 8.815194
 
14.48024, -0.0005539967, -0.01049014, 24.254, 0, 0.001206050114961331251690, 30707.93, -645.0843, -2.629443, 0.0166641, 0.1456619, 317.6508, 1.874311, 1.454142, 8.815194
 
14.49024, -0.0005741099, -0.01049568, 24.25716, 0, 0.001210302313018965543336, 30656.62, -645.819, -2.629443, 0.0166641, 0.1456619, 317.4399, 1.874093, 1.454142, 8.815194
 
14.50024, -0.0005633064, -0.01050142, 24.26082, 0, 0.001213340349196127243208, 30605.44, -646.5675, -2.629443, 0.0166641, 0.1456619, 317.2294, 1.873875, 1.454142, 8.815194
 
14.51024, -0.0005887156, -0.01050706, 24.26499, 0, 0.00121789001802278654779, 30554.41, -647.3296, -2.629443, 0.0166641, 0.1456619, 317.0192, 1.873658, 1.454142, 8.815194
 
14.52024, -0.0005941984, -0.01051294, 24.26962, 0, 0.001221677864630344615318, 30503.52, -648.1043, -2.629443, 0.0166641, 0.1456619, 316.8095, 1.873441, 1.454142, 8.815194
 
14.53024, -0.0006218976, -0.01051888, 24.2747, 0, 0.0012264227956148795991, 30452.76, -648.8914, -2.629443, 0.0166641, 0.1456619, 316.6001, 1.873225, 1.454142, 8.815194
 
14.54024, -0.0006361706, -0.0105251, 24.28022, 0, 0.001230675853688203249338, 30402.14, -649.6902, -2.629443, 0.0166641, 0.1456619, 316.3911, 1.873009, 1.454142, 8.815194
 
14.55024, -0.0006677535, -0.01053147, 24.28612, 0, 0.00123569619785324654448, 30351.65, -650.4999, -2.629443, 0.0166641, 0.1456619, 316.1825, 1.872793, 1.454142, 8.815194
 
14.56024, -0.0006946048, -0.01053814, 24.29243, 0, 0.00124058793077128911176, 30301.31, -651.3206, -2.629443, 0.0166641, 0.1456619, 315.9743, 1.872578, 1.454142, 8.815194
 
14.57024, -0.0007273937, -0.01054509, 24.29908, 0, 0.001245789333221431711168, 30251.11, -652.1511, -2.629443, 0.0166641, 0.1456619, 315.7664, 1.872363, 1.454142, 8.815194
 
14.58024, -0.000759637, -0.01055236, 24.30607, 0, 0.00125103710307353575616, 30201.03, -652.991, -2.629443, 0.0166641, 0.1456619, 315.559, 1.872149, 1.454142, 8.815194
 
14.59024, -0.000771785, -0.01055996, 24.31339, 0, 0.001255508456084447596176, 30151.1, -653.84, -2.629443, 0.0166641, 0.1456619, 315.3519, 1.871935, 1.454142, 8.815194
 
14.60024, -0.0008010388, -0.01056768, 24.321, 0, 0.001260740250259120477971, 30101.3, -654.6972, -2.629443, 0.0166641, 0.1456619, 315.1452, 1.871721, 1.454142, 8.815194
 
14.61024, -0.00083184, -0.01057569, 24.32888, 0, 0.00126609918897747968901, 30051.63, -655.5624, -2.629443, 0.0166641, 0.1456619, 314.9388, 1.871508, 1.454142, 8.815194
 
14.62024, -0.0008406056, -0.01058401, 24.33701, 0, 0.001270590132144994142075, 30002.1, -656.4344, -2.629443, 0.0166641, 0.1456619, 314.7329, 1.871295, 1.454142, 8.815194
 
14.63024, -0.0008812535, -0.01059241, 24.34538, 0, 0.001276465653570057349000, 29952.69, -657.3137, -2.629443, 0.0166641, 0.1456619, 314.5273, 1.871083, 1.454142, 8.815194
 
14.64024, -0.0008995644, -0.01060122, 24.35396, 0, 0.001281467756909764181464, 29903.43, -658.199, -2.629443, 0.0166641, 0.1456619, 314.3221, 1.87087, 1.454142, 8.815194
 
14.65024, -0.0009091192, -0.01061022, 24.36273, 0, 0.001286142398581938019148, 29854.29, -659.09, -2.629443, 0.0166641, 0.1456619, 314.1172, 1.870659, 1.454142, 8.815194
 
14.66024, -0.0009310164, -0.01061931, 24.37168, 0, 0.001291374689085912574088, 29805.29, -659.9861, -2.629443, 0.0166641, 0.1456619, 313.9128, 1.870448, 1.454142, 8.815194
 
14.67024, -0.0009269025, -0.01062862, 24.38078, 0, 0.001295543572694864320566, 29756.42, -660.8868, -2.629443, 0.0166641, 0.1456619, 313.7087, 1.870237, 1.454142, 8.815194
 
14.68024, -0.0009381413, -0.01063789, 24.39001, 0, 0.001300382345795576530351, 29707.67, -661.7919, -2.629443, 0.0166641, 0.1456619, 313.5049, 1.870026, 1.454142, 8.815194
 
14.69024, -0.0009324601, -0.01064727, 24.39937, 0, 0.001304526245401200297736, 29659.06, -662.7007, -2.629443, 0.0166641, 0.1456619, 313.3015, 1.869816, 1.454142, 8.815194
 
14.70024, -0.0009124099, -0.0106566, 24.40883, 0, 0.001308062592340310053532, 29610.57, -663.613, -2.629443, 0.0166641, 0.1456619, 313.0985, 1.869606, 1.454142, 8.815194
 
14.71024, -0.0009053509, -0.01066572, 24.41837, 0, 0.001312143965471194886932, 29562.22, -664.5276, -2.629443, 0.0166641, 0.1456619, 312.8959, 1.869397, 1.454142, 8.815194
 
14.72024, -0.0008925932, -0.01067477, 24.42796, 0, 0.001315983301221457227744, 29513.99, -665.4446, -2.629443, 0.0166641, 0.1456619, 312.6935, 1.869188, 1.454142, 8.815194
 
14.73024, -0.0008594563, -0.0106837, 24.43761, 0, 0.001318937752269580996566, 29465.88, -666.3636, -2.629443, 0.0166641, 0.1456619, 312.4916, 1.868979, 1.454142, 8.815194
 
14.74024, -0.0008380676, -0.01069229, 24.44728, 0, 0.001322365932020419196034, 29417.91, -667.2837, -2.629443, 0.0166641, 0.1456619, 312.29, 1.868771, 1.454142, 8.815194
 
14.75024, -0.0008379405, -0.01070068, 24.45697, 0, 0.001326701049427230383502, 29370.06, -668.2048, -2.629443, 0.0166641, 0.1456619, 312.0887, 1.868563, 1.454142, 8.815194
 
14.76024, -0.0008129078, -0.01070905, 24.46666, 0, 0.001329960260856871285092, 29322.34, -669.1263, -2.629443, 0.0166641, 0.1456619, 311.8879, 1.868356, 1.454142, 8.815194
 
14.77024, -0.0007827593, -0.01071718, 24.47631, 0, 0.001332970003255367153781, 29274.74, -670.0476, -2.629443, 0.0166641, 0.1456619, 311.6873, 1.868149, 1.454142, 8.815194
 
14.78024, -0.0007696897, -0.01072501, 24.48593, 0, 0.001336693628749652999712, 29227.27, -670.9684, -2.629443, 0.0166641, 0.1456619, 311.4872, 1.867942, 1.454142, 8.815194
 
14.79024, -0.0007426734, -0.01073271, 24.49548, 0, 0.00133979321067329697564, 29179.93, -671.888, -2.629443, 0.0166641, 0.1456619, 311.2874, 1.867735, 1.454142, 8.815194
 
14.80024, -0.0007291565, -0.01074013, 24.50498, 0, 0.001343454177882689398667, 29132.7, -672.8066, -2.629443, 0.0166641, 0.1456619, 311.0879, 1.867529, 1.454142, 8.815194
 
14.81024, -0.0007277454, -0.01074743, 24.51439, 0, 0.001347635552981735473325, 29085.61, -673.7235, -2.629443, 0.0166641, 0.1456619, 310.8888, 1.867324, 1.454142, 8.815194
 
14.82024, -0.0007204831, -0.0107547, 24.52369, 0, 0.001351559116397311687392, 29038.63, -674.6375, -2.629443, 0.0166641, 0.1456619, 310.69, 1.867118, 1.454142, 8.815194
 
14.83024, -0.0007188113, -0.01076191, 24.53287, 0, 0.001355723407159331596984, 28991.78, -675.5492, -2.629443, 0.0166641, 0.1456619, 310.4915, 1.866913, 1.454142, 8.815194
 
14.84024, -0.0007215627, -0.0107691, 24.54192, 0, 0.001360083166787704183462, 28945.04, -676.4577, -2.629443, 0.0166641, 0.1456619, 310.2934, 1.866709, 1.454142, 8.815194
 
14.85024, -0.0007079601, -0.01077631, 24.55084, 0, 0.001363723263188467906179, 28898.44, -677.3628, -2.629443, 0.0166641, 0.1456619, 310.0957, 1.866504, 1.454142, 8.815194
 
14.86024, -0.0007103233, -0.01078339, 24.55958, 0, 0.001368055089375997468494, 28851.95, -678.2639, -2.629443, 0.0166641, 0.1456619, 309.8983, 1.8663, 1.454142, 8.815194
 
14.87024, -0.0006963875, -0.0107905, 24.56816, 0, 0.001371662953639102253608, 28805.58, -679.1606, -2.629443, 0.0166641, 0.1456619, 309.7012, 1.866097, 1.454142, 8.815194
 
14.88025, -0.0007126807, -0.01079746, 24.57652, 0, 0.001376598723844327511913, 28759.32, -680.0523, -2.629443, 0.0166641, 0.1456619, 309.5045, 1.865894, 1.454142, 8.815194
 
14.89025, -0.0007182372, -0.01080459, 24.58472, 0, 0.00138107819771033512050, 28713.2, -680.9395, -2.629443, 0.0166641, 0.1456619, 309.3081, 1.865691, 1.454142, 8.815194
 
14.90025, -0.0007116294, -0.01081177, 24.59266, 0, 0.001385015937355472944830, 28667.18, -681.8206, -2.629443, 0.0166641, 0.1456619, 309.112, 1.865488, 1.454142, 8.815194
 
14.91025, -0.0007286113, -0.01081888, 24.6004, 0, 0.001390001567151907425618, 28621.29, -682.6961, -2.629443, 0.0166641, 0.1456619, 308.9163, 1.865286, 1.454142, 8.815194
 
14.92025, -0.0007349373, -0.01082617, 24.60788, 0, 0.001394527231654321165128, 28575.51, -683.5651, -2.629443, 0.0166641, 0.1456619, 308.7209, 1.865084, 1.454142, 8.815194
 
14.93025, -0.0007601856, -0.01083352, 24.61511, 0, 0.001399910521743061580868, 28529.85, -684.4273, -2.629443, 0.0166641, 0.1456619, 308.5258, 1.864883, 1.454142, 8.815194
 
14.94025, -0.0007725482, -0.01084112, 24.62207, 0, 0.001404742843931659741677, 28484.31, -685.2828, -2.629443, 0.0166641, 0.1456619, 308.3311, 1.864682, 1.454142, 8.815194
 
14.95025, -0.0007844968, -0.01084885, 24.62874, 0, 0.001409567617503807613864, 28438.88, -686.1304, -2.629443, 0.0166641, 0.1456619, 308.1367, 1.864481, 1.454142, 8.815194
 
14.96025, -0.0008089553, -0.01085669, 24.63512, 0, 0.001414970089971164984820, 28393.57, -686.9703, -2.629443, 0.0166641, 0.1456619, 307.9426, 1.86428, 1.454142, 8.815194
 
14.97025, -0.0008265941, -0.01086478, 24.64119, 0, 0.001420089082457476760802, 28348.39, -687.8018, -2.629443, 0.0166641, 0.1456619, 307.7488, 1.86408, 1.454142, 8.815194
 
14.98025, -0.0008197626, -0.01087304, 24.64693, 0, 0.001424110686856173168797, 28303.3, -688.6251, -2.629443, 0.0166641, 0.1456619, 307.5555, 1.863881, 1.454142, 8.815194
 
14.99025, -0.000845507, -0.01088124, 24.65235, 0, 0.001429601078891893632768, 28258.34, -689.4392, -2.629443, 0.0166641, 0.1456619, 307.3623, 1.863681, 1.454142, 8.815194
 
15.00025, -0.000852877, -0.0108897, 24.65743, 0, 0.001434278350735518582528, 28213.49, -690.2441, -2.629443, 0.0166641, 0.1456619, 307.1696, 1.863482, 1.454142, 8.815194
 
15.01025, -0.0008458507, -0.01089823, 24.66214, 0, 0.001438293108747484867024, 28168.76, -691.0392, -2.629443, 0.0166641, 0.1456619, 306.9771, 1.863283, 1.454142, 8.815194
 
15.02025, -0.0008370137, -0.01090669, 24.66649, 0, 0.001442204036397501079824, 28124.14, -691.8244, -2.629443, 0.0166641, 0.1456619, 306.785, 1.863085, 1.454142, 8.815194
 
15.03025, -0.0008508523, -0.01091505, 24.67047, 0, 0.001447134467518737395176, 28079.63, -692.5994, -2.629443, 0.0166641, 0.1456619, 306.5932, 1.862887, 1.454142, 8.815194
 
15.04025, -0.0008581858, -0.01092356, 24.67405, 0, 0.001451770639932338951304, 28035.24, -693.3634, -2.629443, 0.0166641, 0.1456619, 306.4017, 1.862689, 1.454142, 8.815194
 
15.05025, -0.0008573628, -0.01093215, 24.67722, 0, 0.001456025958726567554032, 27990.96, -694.1165, -2.629443, 0.0166641, 0.1456619, 306.2106, 1.862492, 1.454142, 8.815194
 
15.06025, -0.0008612177, -0.01094072, 24.67999, 0, 0.001460482662449943447315, 27946.78, -694.8582, -2.629443, 0.0166641, 0.1456619, 306.0197, 1.862295, 1.454142, 8.815194
 
15.07025, -0.0008668239, -0.01094933, 24.68235, 0, 0.001465012421513104675536, 27902.72, -695.5886, -2.629443, 0.0166641, 0.1456619, 305.8292, 1.862098, 1.454142, 8.815194
 
15.08025, -0.0008661994, -0.010958, 24.68426, 0, 0.001469242964662802595432, 27858.76, -696.3068, -2.629443, 0.0166641, 0.1456619, 305.6389, 1.861901, 1.454142, 8.815194
 
15.09025, -0.0008577175, -0.01096666, 24.68573, 0, 0.001473087467466554897872, 27814.92, -697.0126, -2.629443, 0.0166641, 0.1456619, 305.449, 1.861705, 1.454142, 8.815194
 
15.10025, -0.000871331, -0.01097524, 24.68675, 0, 0.001477935537883625538208, 27771.19, -697.7056, -2.629443, 0.0166641, 0.1456619, 305.2594, 1.861509, 1.454142, 8.815194
 
15.11025, -0.0008650987, -0.01098395, 24.68731, 0, 0.001481854798015563500694, 27727.57, -698.3857, -2.629443, 0.0166641, 0.1456619, 305.0702, 1.861314, 1.454142, 8.815194
 
15.12025, -0.0008529528, -0.0109926, 24.6874, 0, 0.001485468890325578168499, 27684.05, -699.0527, -2.629443, 0.0166641, 0.1456619, 304.8812, 1.861119, 1.454142, 8.815194
 
15.13025, -0.0008667759, -0.01100113, 24.687, 0, 0.001490264473815663644956, 27640.65, -699.7058, -2.629443, 0.0166641, 0.1456619, 304.6925, 1.860924, 1.454142, 8.815194
 
15.14025, -0.0008722637, -0.0110098, 24.6861, 0, 0.001494666989460831171066, 27597.35, -700.3451, -2.629443, 0.0166641, 0.1456619, 304.5042, 1.860729, 1.454142, 8.815194
 
15.15025, -0.0008622042, -0.01101852, 24.68472, 0, 0.001498322712443571369981, 27554.16, -700.9704, -2.629443, 0.0166641, 0.1456619, 304.3161, 1.860535, 1.454142, 8.815194
 
15.16025, -0.0008503388, -0.01102715, 24.68282, 0, 0.001501853506798988697621, 27511.07, -701.5808, -2.629443, 0.0166641, 0.1456619, 304.1283, 1.860341, 1.454142, 8.815194
 
15.17025, -0.0008583877, -0.01103565, 24.6804, 0, 0.001506287590637249137348, 27468.1, -702.1767, -2.629443, 0.0166641, 0.1456619, 303.9409, 1.860148, 1.454142, 8.815194
 
15.18025, -0.0008487118, -0.01104423, 24.67745, 0, 0.001509867543495529833167, 27425.22, -702.7574, -2.629443, 0.0166641, 0.1456619, 303.7538, 1.859955, 1.454142, 8.815194
 
15.19025, -0.0008315221, -0.01105272, 24.67396, 0, 0.001513049098794945276080, 27382.46, -703.3224, -2.629443, 0.0166641, 0.1456619, 303.5669, 1.859762, 1.454142, 8.815194
 
15.20025, -0.0008148472, -0.01106104, 24.66993, 0, 0.001516203770598215137824, 27339.8, -703.872, -2.629443, 0.0166641, 0.1456619, 303.3804, 1.859569, 1.454142, 8.815194
 
15.21025, -0.0008084269, -0.01106918, 24.66536, 0, 0.001519796008403195141952, 27297.26, -704.4059, -2.629443, 0.0166641, 0.1456619, 303.1942, 1.859377, 1.454142, 8.815194
 
15.22025, -0.0007944111, -0.01107727, 24.66021, 0, 0.00152298615588233927744, 27254.81, -704.923, -2.629443, 0.0166641, 0.1456619, 303.0082, 1.859185, 1.454142, 8.815194
 
15.23025, -0.0007863854, -0.01108521, 24.65448, 0, 0.001526415312649912489592, 27212.45, -705.4237, -2.629443, 0.0166641, 0.1456619, 302.8226, 1.858993, 1.454142, 8.815194
 
15.24025, -0.0007864677, -0.01109308, 24.64819, 0, 0.00153019218318699352095, 27170.21, -705.908, -2.629443, 0.0166641, 0.1456619, 302.6372, 1.858802, 1.454142, 8.815194
 
15.25025, -0.0007825991, -0.01110094, 24.64131, 0, 0.001533748932193993187788, 27128.07, -706.3748, -2.629443, 0.0166641, 0.1456619, 302.4522, 1.858611, 1.454142, 8.815194
 
15.26025, -0.0007727879, -0.01110877, 24.63383, 0, 0.001536980926737506486252, 27086.04, -706.824, -2.629443, 0.0166641, 0.1456619, 302.2674, 1.85842, 1.454142, 8.815194
 
15.27025, -0.0007748302, -0.01111649, 24.62576, 0, 0.00154074134838714010166, 27044.11, -707.2561, -2.629443, 0.0166641, 0.1456619, 302.0829, 1.85823, 1.454142, 8.815194
 
15.28025, -0.0007784141, -0.01112424, 24.61705, 0, 0.001544546070532933664328, 27002.27, -707.6699, -2.629443, 0.0166641, 0.1456619, 301.8988, 1.85804, 1.454142, 8.815194
 
15.29025, -0.0008044197, -0.01113203, 24.60775, 0, 0.00154941285613955416548, 26960.55, -708.0657, -2.629443, 0.0166641, 0.1456619, 301.7149, 1.85785, 1.454142, 8.815194
 
15.30025, -0.0008107175, -0.01114007, 24.59782, 0, 0.001553326322920759303632, 26918.92, -708.4432, -2.629443, 0.0166641, 0.1456619, 301.5313, 1.85766, 1.454142, 8.815194
 
15.31026, -0.0008145245, -0.01114818, 24.58725, 0, 0.00155709366303913242892, 26877.4, -708.8017, -2.629443, 0.0166641, 0.1456619, 301.348, 1.857471, 1.454142, 8.815194
 
15.32026, -0.000809171, -0.01115632, 24.57605, 0, 0.001560384202828216690157, 26835.97, -709.1415, -2.629443, 0.0166641, 0.1456619, 301.165, 1.857282, 1.454142, 8.815194
 
15.33026, -0.0008295828, -0.01116441, 24.5642, 0, 0.001564893202118011807712, 26794.64, -709.4622, -2.629443, 0.0166641, 0.1456619, 300.9823, 1.857094, 1.454142, 8.815194
 
15.34026, -0.0008491631, -0.01117271, 24.5517, 0, 0.00156935561059080465048, 26753.42, -709.7632, -2.629443, 0.0166641, 0.1456619, 300.7998, 1.856905, 1.454142, 8.815194
 
15.35026, -0.0008439287, -0.0111812, 24.53853, 0, 0.001572589940505885586875, 26712.29, -710.0447, -2.629443, 0.0166641, 0.1456619, 300.6177, 1.856717, 1.454142, 8.815194
 
15.36026, -0.000875589, -0.01118964, 24.5247, 0, 0.00157759719284306423424, 26671.26, -710.3061, -2.629443, 0.0166641, 0.1456619, 300.4358, 1.856529, 1.454142, 8.815194
 
15.37026, -0.0008821087, -0.0111984, 24.5102, 0, 0.001581373778470598996276, 26630.33, -710.5476, -2.629443, 0.0166641, 0.1456619, 300.2543, 1.856342, 1.454142, 8.815194
 
15.38026, -0.0008936204, -0.01120722, 24.49503, 0, 0.001585367560881472347693, 26589.51, -710.7684, -2.629443, 0.0166641, 0.1456619, 300.073, 1.856155, 1.454142, 8.815194
 
15.39026, -0.0009007608, -0.01121616, 24.47915, 0, 0.00158912205268394539446, 26548.77, -710.9686, -2.629443, 0.0166641, 0.1456619, 299.892, 1.855968, 1.454142, 8.815194
 
15.40026, -0.000923999, -0.01122516, 24.4626, 0, 0.001593647547990713502015, 26508.14, -711.148, -2.629443, 0.0166641, 0.1456619, 299.7112, 1.855782, 1.454142, 8.815194
 
15.41026, -0.000924661, -0.0112344, 24.44535, 0, 0.001597044067044837040035, 26467.61, -711.3063, -2.629443, 0.0166641, 0.1456619, 299.5308, 1.855595, 1.454142, 8.815194
 
15.42026, -0.0009358011, -0.01124365, 24.42739, 0, 0.001600921425399267407984, 26427.17, -711.4432, -2.629443, 0.0166641, 0.1456619, 299.3506, 1.855409, 1.454142, 8.815194
 
15.43026, -0.0009227317, -0.01125301, 24.40872, 0, 0.001603562241497897213907, 26386.82, -711.5585, -2.629443, 0.0166641, 0.1456619, 299.1707, 1.855224, 1.454142, 8.815194
 
15.44026, -0.0009443449, -0.01126224, 24.38934, 0, 0.0016078771781976833025274733, 26346.58, -711.6521, -2.629443, 0.0166641, 0.1456619, 298.9911, 1.855038, 1.454142, 8.815194
 
15.45026, -0.0009468353, -0.01127168, 24.36924, 0, 0.0016112210762175412716553578, 26306.42, -711.7236, -2.629443, 0.0166641, 0.1456619, 298.8117, 1.854853, 1.454142, 8.815194
 
15.46026, -0.0009489544, -0.01128115, 24.3484, 0, 0.0016145049641957032573357105, 26266.38, -711.7727, -2.629443, 0.0166641, 0.1456619, 298.6327, 1.854668, 1.454142, 8.815194
 
15.47026, -0.0009437599, -0.01129064, 24.32685, 0, 0.0016173779162940712524463624, 26226.42, -711.7996, -2.629443, 0.0166641, 0.1456619, 298.4539, 1.854484, 1.454142, 8.815194
 
15.48026, -0.0009400247, -0.01130007, 24.30454, 0, 0.001620269334825694724376, 26186.54, -711.8038, -2.629443, 0.0166641, 0.1456619, 298.2754, 1.8543, 1.454142, 8.815194
 
15.49026, -0.0009453648, -0.01130947, 24.2815, 0, 0.001623565366365791023524, 26146.78, -711.7849, -2.629443, 0.0166641, 0.1456619, 298.0971, 1.854116, 1.454142, 8.815194
 
15.50026, -0.000955448, -0.01131893, 24.25771, 0, 0.0016270632424936164865139647, 26107.1, -711.7432, -2.629443, 0.0166641, 0.1456619, 297.9192, 1.853932, 1.454142, 8.815194
 
15.51026, -0.0009543643, -0.01132848, 24.23317, 0, 0.00162995930001630490122, 26067.52, -711.6779, -2.629443, 0.0166641, 0.1456619, 297.7415, 1.853748, 1.454142, 8.815194
 
15.52026, -0.0009492745, -0.01133803, 24.20788, 0, 0.0016326009544116265834427162, 26028.04, -711.5894, -2.629443, 0.0166641, 0.1456619, 297.5641, 1.853565, 1.454142, 8.815194
 
15.53026, -0.0009408625, -0.01134752, 24.18181, 0, 0.001635014445221822357806, 25988.63, -711.477, -2.629443, 0.0166641, 0.1456619, 297.3869, 1.853383, 1.454142, 8.815194
 
15.54026, -0.0009430344, -0.01135693, 24.15498, 0, 0.001637903987704537126434, 25949.32, -711.3406, -2.629443, 0.0166641, 0.1456619, 297.21, 1.8532, 1.454142, 8.815194
 
15.55026, -0.0009536589, -0.01136636, 24.12738, 0, 0.0016411777512523855354888582, 25910.11, -711.1802, -2.629443, 0.0166641, 0.1456619, 297.0333, 1.853018, 1.454142, 8.815194
 
15.56026, -0.0009515906, -0.01137589, 24.09899, 0, 0.0016437638995596875525103691, 25870.98, -710.9954, -2.629443, 0.0166641, 0.1456619, 296.8569, 1.852836, 1.454142, 8.815194
 
15.57026, -0.000937254, -0.01138541, 24.06982, 0, 0.001645663135347165836534, 25831.94, -710.7859, -2.629443, 0.0166641, 0.1456619, 296.6807, 1.852654, 1.454142, 8.815194
 
15.58026, -0.0009408061, -0.01139478, 24.03988, 0, 0.00164840751152158333085, 25792.99, -710.552, -2.629443, 0.0166641, 0.1456619, 296.5048, 1.852472, 1.454142, 8.815194
 
15.59026, -0.0009371312, -0.01140419, 24.00913, 0, 0.001650728251478100333820, 25754.13, -710.2929, -2.629443, 0.0166641, 0.1456619, 296.3291, 1.852291, 1.454142, 8.815194
 
15.60026, -0.0009404452, -0.01141356, 23.97758, 0, 0.001653348734336149539165, 25715.35, -710.0089, -2.629443, 0.0166641, 0.1456619, 296.1537, 1.85211, 1.454142, 8.815194
 
15.61026, -0.0009365727, -0.01142297, 23.94523, 0, 0.001655545534227364903706, 25676.65, -709.6993, -2.629443, 0.0166641, 0.1456619, 295.9785, 1.851929, 1.454142, 8.815194
 
15.62026, -0.0009365947, -0.01143233, 23.91207, 0, 0.0016578816427676419136615449, 25638.04, -709.364, -2.629443, 0.0166641, 0.1456619, 295.8035, 1.851749, 1.454142, 8.815194
 
15.63026, -0.0009450667, -0.0114417, 23.87811, 0, 0.001660598428438548727419, 25599.53, -709.0034, -2.629443, 0.0166641, 0.1456619, 295.6288, 1.851568, 1.454142, 8.815194
 
15.64026, -0.0009570237, -0.01145115, 23.84332, 0, 0.001663452352233078266008, 25561.08, -708.6164, -2.629443, 0.0166641, 0.1456619, 295.4542, 1.851388, 1.454142, 8.815194
 
15.65026, -0.00095647, -0.01146072, 23.8077, 0, 0.00166561243533507003936, 25522.72, -708.2034, -2.629443, 0.0166641, 0.1456619, 295.2799, 1.851208, 1.454142, 8.815194
 
15.66026, -0.0009596747, -0.01147029, 23.77126, 0, 0.0016679087635847661499353254, 25484.44, -707.764, -2.629443, 0.0166641, 0.1456619, 295.1058, 1.851029, 1.454142, 8.815194
 
15.67026, -0.0009578707, -0.01147988, 23.73399, 0, 0.001669885005783822385272, 25446.25, -707.2979, -2.629443, 0.0166641, 0.1456619, 294.9319, 1.850849, 1.454142, 8.815194
 
15.68026, -0.0009614271, -0.01148946, 23.69587, 0, 0.001672078504388997822664, 25408.13, -706.8049, -2.629443, 0.0166641, 0.1456619, 294.7582, 1.85067, 1.454142, 8.815194
 
15.69026, -0.0009670939, -0.01149907, 23.65692, 0, 0.0016743270062696001558278814, 25370.09, -706.2852, -2.629443, 0.0166641, 0.1456619, 294.5847, 1.850491, 1.454142, 8.815194
 
15.70026, -0.000969208, -0.01150875, 23.61713, 0, 0.001676333087820931997098, 25332.13, -705.7383, -2.629443, 0.0166641, 0.1456619, 294.4114, 1.850312, 1.454142, 8.815194
 
15.71026, -0.0009663933, -0.01151844, 23.57647, 0, 0.0016780182190333216562551180, 25294.25, -705.1637, -2.629443, 0.0166641, 0.1456619, 294.2383, 1.850134, 1.454142, 8.815194
 
15.72026, -0.0009594082, -0.0115281, 23.53496, 0, 0.001679413023735777901059, 25256.44, -704.5618, -2.629443, 0.0166641, 0.1456619, 294.0655, 1.849955, 1.454142, 8.815194
 
15.73026, -0.0009678996, -0.0115377, 23.49259, 0, 0.001681551258048362358784, 25218.71, -703.9317, -2.629443, 0.0166641, 0.1456619, 293.8928, 1.849777, 1.454142, 8.815194
 
15.74026, -0.0009798603, -0.01154738, 23.44935, 0, 0.0016838202137108652475187993, 25181.06, -703.2736, -2.629443, 0.0166641, 0.1456619, 293.7202, 1.849599, 1.454142, 8.815194
 
15.75027, -0.0009787006, -0.01155717, 23.40524, 0, 0.001685343368325153486252, 25143.47, -702.5875, -2.629443, 0.0166641, 0.1456619, 293.5479, 1.849421, 1.454142, 8.815194
 
15.76027, -0.000979854, -0.01156696, 23.36025, 0, 0.0016869193279957048123807638, 25105.97, -701.8727, -2.629443, 0.0166641, 0.1456619, 293.3757, 1.849244, 1.454142, 8.815194
 
15.77027, -0.0009733036, -0.01157676, 23.31438, 0, 0.0016880154816063353598161328, 25068.54, -701.1295, -2.629443, 0.0166641, 0.1456619, 293.2038, 1.849066, 1.454142, 8.815194
 
15.78027, -0.0009706976, -0.01158649, 23.26764, 0, 0.0016892432987981886715384471, 25031.18, -700.3574, -2.629443, 0.0166641, 0.1456619, 293.032, 1.848889, 1.454142, 8.815194
 
15.79027, -0.0009852728, -0.0115962, 23.22, 0, 0.001691317137855618241904, 24993.89, -699.5559, -2.629443, 0.0166641, 0.1456619, 292.8604, 1.848712, 1.454142, 8.815194
 
15.80027, -0.00100375, -0.01160605, 23.17146, 0, 0.0016935525347549890611232257, 24956.68, -698.7255, -2.629443, 0.0166641, 0.1456619, 292.6889, 1.848535, 1.454142, 8.815194
 
15.81027, -0.001012057, -0.01161609, 23.12204, 0, 0.0016951982778978245679147402, 24919.54, -697.8656, -2.629443, 0.0166641, 0.1456619, 292.5176, 1.848358, 1.454142, 8.815194
 
15.82027, -0.001019539, -0.01162621, 23.07169, 0, 0.0016967382689301680074331474, 24882.46, -696.9758, -2.629443, 0.0166641, 0.1456619, 292.3465, 1.848182, 1.454142, 8.815194
 
15.83027, -0.001022779, -0.01163641, 23.02044, 0, 0.001697987805106656908503, 24845.46, -696.056, -2.629443, 0.0166641, 0.1456619, 292.1755, 1.848005, 1.454142, 8.815194
 
15.84027, -0.00102827, -0.01164663, 22.96828, 0, 0.0016992878372110116626798366, 24808.52, -695.1061, -2.629443, 0.0166641, 0.1456619, 292.0047, 1.847829, 1.454142, 8.815194
 
15.85027, -0.001044171, -0.01165692, 22.9152, 0, 0.0017010859489015572897415969, 24771.66, -694.126, -2.629443, 0.0166641, 0.1456619, 291.8341, 1.847653, 1.454142, 8.815194
 
15.86027, -0.001054202, -0.01166736, 22.8612, 0, 0.00170251404160054448631, 24734.86, -693.1152, -2.629443, 0.0166641, 0.1456619, 291.6636, 1.847477, 1.454142, 8.815194
 
15.87027, -0.001063476, -0.0116779, 22.80626, 0, 0.001703838256127097991339, 24698.13, -692.0734, -2.629443, 0.0166641, 0.1456619, 291.4932, 1.847301, 1.454142, 8.815194
 
15.88027, -0.0010783, -0.01168854, 22.7504, 0, 0.0017054024806859213712080020, 24661.46, -691.0009, -2.629443, 0.0166641, 0.1456619, 291.323, 1.847126, 1.454142, 8.815194
 
15.89027, -0.00108882, -0.01169932, 22.6936, 0, 0.0017066746305000392228142948, 24624.87, -689.897, -2.629443, 0.0166641, 0.1456619, 291.1529, 1.84695, 1.454142, 8.815194
 
15.90027, -0.001085506, -0.01171021, 22.63586, 0, 0.0017071255811623611255091938, 24588.33, -688.7621, -2.629443, 0.0166641, 0.1456619, 290.983, 1.846775, 1.454142, 8.815194
 
15.91027, -0.001085341, -0.01172106, 22.57718, 0, 0.001707661796163762533871, 24551.86, -687.5953, -2.629443, 0.0166641, 0.1456619, 290.8132, 1.846599, 1.454142, 8.815194
 
15.92027, -0.001084833, -0.01173192, 22.51753, 0, 0.0017080962458319501187632181, 24515.46, -686.3964, -2.629443, 0.0166641, 0.1456619, 290.6435, 1.846424, 1.454142, 8.815194
 
15.93027, -0.001074413, -0.01174276, 22.45693, 0, 0.00170789883553539997312, 24479.11, -685.1657, -2.629443, 0.0166641, 0.1456619, 290.474, 1.846249, 1.454142, 8.815194
 
15.94027, -0.001067415, -0.01175351, 22.39536, 0, 0.0017077892441189790595767059, 24442.83, -683.9024, -2.629443, 0.0166641, 0.1456619, 290.3046, 1.846074, 1.454142, 8.815194
 
15.95027, -0.001077897, -0.01176418, 22.33283, 0, 0.001708549557213579756596, 24406.62, -682.6065, -2.629443, 0.0166641, 0.1456619, 290.1353, 1.8459, 1.454142, 8.815194
 
15.96027, -0.001084393, -0.01177496, 22.26935, 0, 0.001709020242197728697415, 24370.47, -681.2783, -2.629443, 0.0166641, 0.1456619, 289.9662, 1.845725, 1.454142, 8.815194
 
15.97027, -0.001092491, -0.0117858, 22.20486, 0, 0.001709501854754686710473, 24334.37, -679.9168, -2.629443, 0.0166641, 0.1456619, 289.7971, 1.845551, 1.454142, 8.815194
 
15.98027, -0.001084966, -0.01179673, 22.16595, 0, 0.0017105722798034559671128243, 24298.34, -679.3352, -2.629443, 0.0166641, 0.1456619, 289.6282, 1.845477, 1.454142, 8.815194
 
15.99027, -0.001064834, -0.01180758, 22.14604, 0, 0.0017120208924404994896469, 24262.37, -679.3352, -2.629443, 0.0166641, 0.1456619, 289.4594, 1.845477, 1.454142, 8.815194
 
16.00027, -0.001045492, -0.01181823, 22.12615, 0, 0.0017134844030901618029347243, 24226.45, -679.3352, -2.629443, 0.0166641, 0.1456619, 289.2907, 1.845477, 1.454142, 8.815194
 
16.01027, -0.001024904, -0.01182868, 22.10629, 0, 0.0017148506384810659251274243, 24190.6, -679.3352, -2.629443, 0.0166641, 0.1456619, 289.1221, 1.845477, 1.454142, 8.815194
 
16.02027, -0.001001754, -0.01183893, 22.08645, 0, 0.0017160433558428406832739, 24154.81, -679.3352, -2.629443, 0.0166641, 0.1456619, 288.9536, 1.845477, 1.454142, 8.815194
 
16.03027, -0.000980863, -0.01184895, 22.06664, 0, 0.0017173289666949702596758243, 24119.08, -679.3352, -2.629443, 0.0166641, 0.1456619, 288.7853, 1.845477, 1.454142, 8.815194
 
16.04027, -0.0009794385, -0.01185876, 22.04685, 0, 0.0017196758418565105029292243, 24083.41, -679.3352, -2.629443, 0.0166641, 0.1456619, 288.6171, 1.845477, 1.454142, 8.815194
 
16.05027, -0.0009634643, -0.01186855, 22.02708, 0, 0.0017212050790323373347909, 24047.81, -679.3352, -2.629443, 0.0166641, 0.1456619, 288.449, 1.845477, 1.454142, 8.815194
 
16.06027, -0.0009576607, -0.01187819, 22.00733, 0, 0.0017232837899670548318025, 24012.26, -679.3352, -2.629443, 0.0166641, 0.1456619, 288.2811, 1.845477, 1.454142, 8.815194
 
16.07027, -0.0009442137, -0.01188776, 21.98761, 0, 0.0017249243240605499276272757, 23976.78, -679.3352, -2.629443, 0.0166641, 0.1456619, 288.1132, 1.845477, 1.454142, 8.815194
 
16.08027, -0.0009327795, -0.01189721, 21.96791, 0, 0.0017266603807054471235334, 23941.35, -679.3352, -2.629443, 0.0166641, 0.1456619, 287.9455, 1.845477, 1.454142, 8.815194
 
16.09027, -0.0009370797, -0.01190653, 21.94823, 0, 0.0017292692856180331221015, 23905.98, -679.3352, -2.629443, 0.0166641, 0.1456619, 287.7779, 1.845477, 1.454142, 8.815194
 
16.10027, -0.0009415736, -0.01191591, 21.92858, 0, 0.0017318992230189973752768, 23870.67, -679.3352, -2.629443, 0.0166641, 0.1456619, 287.6104, 1.845477, 1.454142, 8.815194
 
16.11027, -0.0009267627, -0.01192532, 21.90896, 0, 0.0017334424818537605706169243, 23835.43, -679.3352, -2.629443, 0.0166641, 0.1456619, 287.443, 1.845477, 1.454142, 8.815194
 
16.12027, -0.0009234129, -0.01193459, 21.88935, 0, 0.0017356149626324977860856243, 23800.24, -679.3352, -2.629443, 0.0166641, 0.1456619, 287.2758, 1.845477, 1.454142, 8.815194
 
16.13027, -0.0009238536, -0.01194382, 21.86977, 0, 0.0017380003973560560659154, 23765.12, -679.3352, -2.629443, 0.0166641, 0.1456619, 287.1086, 1.845477, 1.454142, 8.815194
 
16.14027, -0.0009328929, -0.01195306, 21.85021, 0, 0.0017408783428491472380006, 23730.05, -679.3352, -2.629443, 0.0166641, 0.1456619, 286.9416, 1.845477, 1.454142, 8.815194
 
16.15027, -0.0009292964, -0.01196239, 21.83067, 0, 0.0017430525763352493080199, 23695.04, -679.3352, -2.629443, 0.0166641, 0.1456619, 286.7747, 1.845477, 1.454142, 8.815194
 
16.16027, -0.0009401933, -0.01197168, 21.81116, 0, 0.0017460505822828330168212, 23660.1, -679.3352, -2.629443, 0.0166641, 0.1456619, 286.6079, 1.845477, 1.454142, 8.815194
 
16.17027, -0.0009337729, -0.01198108, 21.79167, 0, 0.0017480767119966136408516243, 23625.21, -679.3352, -2.629443, 0.0166641, 0.1456619, 286.4413, 1.845477, 1.454142, 8.815194
 
16.18027, -0.0009394129, -0.01199042, 21.7722, 0, 0.0017507863975826700125424, 23590.37, -679.3352, -2.629443, 0.0166641, 0.1456619, 286.2747, 1.845477, 1.454142, 8.815194
 
16.19028, -0.0009452685, -0.01199982, 21.75275, 0, 0.0017535188683644782569278, 23555.6, -679.3352, -2.629443, 0.0166641, 0.1456619, 286.1083, 1.845477, 1.454142, 8.815194
 
16.20028, -0.0009526514, -0.01200927, 21.73333, 0, 0.0017563512434660832106974, 23520.88, -679.3352, -2.629443, 0.0166641, 0.1456619, 285.942, 1.845477, 1.454142, 8.815194
 
16.21028, -0.0009602194, -0.0120188, 21.71392, 0, 0.0017592081564708048917122243, 23486.22, -679.3352, -2.629443, 0.0166641, 0.1456619, 285.7758, 1.845477, 1.454142, 8.815194
 
16.22028, -0.00096929, -0.0120284, 21.69455, 0, 0.0017621649737953057550376, 23451.63, -679.3352, -2.629443, 0.0166641, 0.1456619, 285.6097, 1.845477, 1.454142, 8.815194
 
16.23028, -0.0009919733, -0.01203809, 21.67519, 0, 0.0017659245310929187660746, 23417.09, -679.3352, -2.629443, 0.0166641, 0.1456619, 285.4437, 1.845477, 1.454142, 8.815194
 
16.24028, -0.001009073, -0.01204801, 21.65586, 0, 0.0017694001497974253399144, 23382.61, -679.3352, -2.629443, 0.0166641, 0.1456619, 285.2779, 1.845477, 1.454142, 8.815194
 
16.25028, -0.001022778, -0.0120581, 21.63654, 0, 0.0017727075085949058768966, 23348.19, -679.3352, -2.629443, 0.0166641, 0.1456619, 285.1122, 1.845477, 1.454142, 8.815194
 
16.26028, -0.001030587, -0.01206833, 21.61725, 0, 0.0017756985037130214039586757, 23313.82, -679.3352, -2.629443, 0.0166641, 0.1456619, 284.9465, 1.845477, 1.454142, 8.815194
 
16.27028, -0.001044549, -0.01207864, 21.59799, 0, 0.0017790601964388299590831243, 23279.51, -679.3352, -2.629443, 0.0166641, 0.1456619, 284.781, 1.845477, 1.454142, 8.815194
 
16.28028, -0.001045978, -0.01208908, 21.57874, 0, 0.0017817190535113055488065, 23245.25, -679.3352, -2.629443, 0.0166641, 0.1456619, 284.6156, 1.845477, 1.454142, 8.815194
 
16.29028, -0.001044478, -0.01209954, 21.55952, 0, 0.0017842105270304462924844, 23211.06, -679.3352, -2.629443, 0.0166641, 0.1456619, 284.4503, 1.845477, 1.454142, 8.815194
 
16.30028, -0.001061384, -0.01210999, 21.54032, 0, 0.0017877764101642516392169243, 23176.93, -679.3352, -2.629443, 0.0166641, 0.1456619, 284.2852, 1.845477, 1.454142, 8.815194
 
16.31028, -0.001072919, -0.0121206, 21.52114, 0, 0.0017910574783512593579401243, 23142.84, -679.3352, -2.629443, 0.0166641, 0.1456619, 284.1201, 1.845477, 1.454142, 8.815194
 
16.32028, -0.001087928, -0.01213133, 21.50198, 0, 0.0017945620167272685047911757, 23108.82, -679.3352, -2.629443, 0.0166641, 0.1456619, 283.9552, 1.845477, 1.454142, 8.815194
 
16.33028, -0.001096351, -0.01214221, 21.48285, 0, 0.0017977072500935087593797, 23074.86, -679.3352, -2.629443, 0.0166641, 0.1456619, 283.7904, 1.845477, 1.454142, 8.815194
 
16.34028, -0.001108346, -0.01215317, 21.46374, 0, 0.0018010785827098064874588, 23040.95, -679.3352, -2.629443, 0.0166641, 0.1456619, 283.6257, 1.845477, 1.454142, 8.815194
 
16.35028, -0.001104661, -0.01216426, 21.44465, 0, 0.0018035499000942601673416243, 23007.1, -679.3352, -2.629443, 0.0166641, 0.1456619, 283.4611, 1.845477, 1.454142, 8.815194
 
16.36028, -0.001098245, -0.0121753, 21.42558, 0, 0.0018058573393400911832065243, 22973.3, -679.3352, -2.629443, 0.0166641, 0.1456619, 283.2966, 1.845477, 1.454142, 8.815194
 
16.37028, -0.00109249, -0.01218628, 21.40654, 0, 0.0018081954509647896266332757, 22939.57, -679.3352, -2.629443, 0.0166641, 0.1456619, 283.1322, 1.845477, 1.454142, 8.815194
 
16.38028, -0.001084081, -0.01219721, 21.38751, 0, 0.0018103705608045828874647, 22905.88, -679.3352, -2.629443, 0.0166641, 0.1456619, 282.968, 1.845477, 1.454142, 8.815194
 
16.39028, -0.001079721, -0.01220805, 21.36851, 0, 0.0018127735226017984763373, 22872.25, -679.3352, -2.629443, 0.0166641, 0.1456619, 282.8038, 1.845477, 1.454142, 8.815194
 
16.40028, -0.001073964, -0.01221885, 21.34953, 0, 0.0018150897253844537649552, 22838.69, -679.3352, -2.629443, 0.0166641, 0.1456619, 282.6398, 1.845477, 1.454142, 8.815194
 
16.41028, -0.001086513, -0.01222959, 21.33057, 0, 0.0018184838431964946021921, 22805.17, -679.3352, -2.629443, 0.0166641, 0.1456619, 282.4758, 1.845477, 1.454142, 8.815194
 
16.42028, -0.001103838, -0.01224045, 21.31163, 0, 0.0018221838084437025585087, 22771.7, -679.3352, -2.629443, 0.0166641, 0.1456619, 282.312, 1.845477, 1.454142, 8.815194
 
16.43028, -0.001110074, -0.01225149, 21.29271, 0, 0.0018252554281006189219720243, 22738.3, -679.3352, -2.629443, 0.0166641, 0.1456619, 282.1483, 1.845477, 1.454142, 8.815194
 
16.44028, -0.001104262, -0.01226259, 21.27382, 0, 0.0018276215830431638017452, 22704.95, -679.3352, -2.629443, 0.0166641, 0.1456619, 281.9847, 1.845477, 1.454142, 8.815194
 
16.45028, -0.001099156, -0.01227363, 21.25495, 0, 0.0018300227921330145360672, 22671.66, -679.3352, -2.629443, 0.0166641, 0.1456619, 281.8213, 1.845477, 1.454142, 8.815194
 
16.46028, -0.001091448, -0.01228462, 21.2361, 0, 0.0018322636284989810790093, 22638.43, -679.3352, -2.629443, 0.0166641, 0.1456619, 281.6579, 1.845477, 1.454142, 8.815194
 
16.47028, -0.001081215, -0.01229554, 21.21727, 0, 0.0018343432157873722397593757, 22605.24, -679.3352, -2.629443, 0.0166641, 0.1456619, 281.4947, 1.845477, 1.454142, 8.815194
 
16.48028, -0.001073078, -0.01230635, 21.19847, 0, 0.0018365332236397755278077243, 22572.12, -679.3352, -2.629443, 0.0166641, 0.1456619, 281.3315, 1.845477, 1.454142, 8.815194
 
16.49028, -0.001065736, -0.01231708, 21.17968, 0, 0.0018387617910541793253588, 22539.04, -679.3352, -2.629443, 0.0166641, 0.1456619, 281.1685, 1.845477, 1.454142, 8.815194
 
16.50028, -0.001062487, -0.01232774, 21.16091, 0, 0.0018412252212554911597639243, 22506.03, -679.3352, -2.629443, 0.0166641, 0.1456619, 281.0056, 1.845477, 1.454142, 8.815194
 
16.51028, -0.001054589, -0.01233836, 21.14218, 0, 0.0018434073419247263117241, 22473.08, -679.3352, -2.629443, 0.0166641, 0.1456619, 280.8428, 1.845477, 1.454142, 8.815194
 
16.52028, -0.001061558, -0.01234891, 21.12346, 0, 0.0018464737034595305844619757, 22440.17, -679.3352, -2.629443, 0.0166641, 0.1456619, 280.6801, 1.845477, 1.454142, 8.815194
 
16.53028, -0.001058678, -0.01235952, 21.10475, 0, 0.0018489599188565855280249, 22407.32, -679.3352, -2.629443, 0.0166641, 0.1456619, 280.5175, 1.845477, 1.454142, 8.815194
 
16.54028, -0.0010532, -0.01237011, 21.08607, 0, 0.0018512875142371123712217, 22374.52, -679.3352, -2.629443, 0.0166641, 0.1456619, 280.3551, 1.845477, 1.454142, 8.815194
 
16.55028, -0.00104849, -0.01238064, 21.06742, 0, 0.0018536545455333572053438243, 22341.78, -679.3352, -2.629443, 0.0166641, 0.1456619, 280.1927, 1.845477, 1.454142, 8.815194
 
16.56028, -0.00104577, -0.01239113, 21.04878, 0, 0.0018561363791619912489934243, 22309.09, -679.3352, -2.629443, 0.0166641, 0.1456619, 280.0305, 1.845477, 1.454142, 8.815194
 
16.57028, -0.001043765, -0.01240159, 21.03017, 0, 0.0018586602777673642747837757, 22276.46, -679.3352, -2.629443, 0.0166641, 0.1456619, 279.8683, 1.845477, 1.454142, 8.815194
 
16.58028, -0.001035904, -0.01241202, 21.01158, 0, 0.0018608275004240156901375, 22243.88, -679.3352, -2.629443, 0.0166641, 0.1456619, 279.7063, 1.845477, 1.454142, 8.815194
 
16.59028, -0.001036687, -0.01242238, 20.99301, 0, 0.0018635100190459343433676243, 22211.35, -679.3352, -2.629443, 0.0166641, 0.1456619, 279.5444, 1.845477, 1.454142, 8.815194
 
16.60028, -0.001047496, -0.01243275, 20.97445, 0, 0.0018668068615992169895094, 22178.88, -679.3352, -2.629443, 0.0166641, 0.1456619, 279.3826, 1.845477, 1.454142, 8.815194
 
16.61028, -0.001046431, -0.01244322, 20.95592, 0, 0.0018693991157918456333836243, 22146.46, -679.3352, -2.629443, 0.0166641, 0.1456619, 279.2209, 1.845477, 1.454142, 8.815194
 
16.62029, -0.00104606, -0.01245369, 20.93741, 0, 0.0018720351876685781139492, 22114.09, -679.3352, -2.629443, 0.0166641, 0.1456619, 279.0593, 1.845477, 1.454142, 8.815194
 
16.63029, -0.001050866, -0.01246415, 20.91893, 0, 0.0018749893759320492225223243, 22081.78, -679.3352, -2.629443, 0.0166641, 0.1456619, 278.8978, 1.845477, 1.454142, 8.815194
 
16.64029, -0.001048489, -0.01247466, 20.90046, 0, 0.0018775132745374310118495, 22049.52, -679.3352, -2.629443, 0.0166641, 0.1456619, 278.7365, 1.845477, 1.454142, 8.815194
 
16.65029, -0.001051346, -0.01248514, 20.88201, 0, 0.0018803579185905899474733, 22017.31, -679.3352, -2.629443, 0.0166641, 0.1456619, 278.5752, 1.845477, 1.454142, 8.815194
 
16.66029, -0.001051571, -0.01249566, 20.86359, 0, 0.0018830465716882768280937, 21985.16, -679.3352, -2.629443, 0.0166641, 0.1456619, 278.414, 1.845477, 1.454142, 8.815194
 
16.67029, -0.001035844, -0.01250617, 20.84519, 0, 0.001884756337722692442204, 21953.06, -679.3352, -2.629443, 0.0166641, 0.1456619, 278.253, 1.845477, 1.454142, 8.815194
 
16.68029, -0.001028967, -0.01251653, 20.82681, 0, 0.0018869884105518434759299243, 21921.02, -679.3352, -2.629443, 0.0166641, 0.1456619, 278.092, 1.845477, 1.454142, 8.815194
 
16.69029, -0.00103665, -0.01252682, 20.80844, 0, 0.001890110858722323094287, 21889.02, -679.3352, -2.629443, 0.0166641, 0.1456619, 277.9312, 1.845477, 1.454142, 8.815194
 
16.70029, -0.001048127, -0.01253719, 20.7901, 0, 0.0018934830676923032496414, 21857.08, -679.3352, -2.629443, 0.0166641, 0.1456619, 277.7704, 1.845477, 1.454142, 8.815194
 
16.71029, -0.001050272, -0.01254767, 20.77178, 0, 0.001896297915720259657905, 21825.19, -679.3352, -2.629443, 0.0166641, 0.1456619, 277.6098, 1.845477, 1.454142, 8.815194
 
16.72029, -0.001056354, -0.01255817, 20.75347, 0, 0.0018993634009013902669044, 21793.35, -679.3352, -2.629443, 0.0166641, 0.1456619, 277.4493, 1.845477, 1.454142, 8.815194
 
16.73029, -0.001067476, -0.01256873, 20.7352, 0, 0.0019027548896523925858522243, 21761.57, -679.3352, -2.629443, 0.0166641, 0.1456619, 277.2889, 1.845477, 1.454142, 8.815194
 
16.74029, -0.001062509, -0.01257941, 20.71694, 0, 0.0019051657386327412566657, 21729.83, -679.3352, -2.629443, 0.0166641, 0.1456619, 277.1286, 1.845477, 1.454142, 8.815194
 
16.75029, -0.001058434, -0.01259003, 20.6987, 0, 0.0019076256634193146184328, 21698.16, -679.3352, -2.629443, 0.0166641, 0.1456619, 276.9684, 1.845477, 1.454142, 8.815194
 
16.76029, -0.001056422, -0.01260062, 20.68048, 0, 0.0019102109067824750805678, 21666.53, -679.3352, -2.629443, 0.0166641, 0.1456619, 276.8083, 1.845477, 1.454142, 8.815194
 
16.77029, -0.001064288, -0.01261118, 20.66228, 0, 0.0019134122267843819172387, 21634.96, -679.3352, -2.629443, 0.0166641, 0.1456619, 276.6484, 1.845477, 1.454142, 8.815194
 
16.78029, -0.001080388, -0.01262182, 20.64411, 0, 0.0019171446171178309192045757, 21603.43, -679.3352, -2.629443, 0.0166641, 0.1456619, 276.4885, 1.845477, 1.454142, 8.815194
 
16.79029, -0.001096868, -0.01263263, 20.62595, 0, 0.0019209287123185606574868, 21571.96, -679.3352, -2.629443, 0.0166641, 0.1456619, 276.3287, 1.845477, 1.454142, 8.815194
 
16.80029, -0.001098414, -0.0126436, 20.60781, 0, 0.001923806657811651829572, 21540.53, -679.3352, -2.629443, 0.0166641, 0.1456619, 276.1691, 1.845477, 1.454142, 8.815194
 
16.81029, -0.001116014, -0.01265458, 20.5897, 0, 0.001927697668161628931904, 21509.16, -679.3352, -2.629443, 0.0166641, 0.1456619, 276.0095, 1.845477, 1.454142, 8.815194
 
16.82029, -0.001121934, -0.01266574, 20.5716, 0, 0.0019308849665046169321701, 21477.85, -679.3352, -2.629443, 0.0166641, 0.1456619, 275.85, 1.845477, 1.454142, 8.815194
 
16.83029, -0.001125283, -0.01267696, 20.55353, 0, 0.0019339232847215922956352, 21446.58, -679.3352, -2.629443, 0.0166641, 0.1456619, 275.6907, 1.845477, 1.454142, 8.815194
 
16.84029, -0.001129371, -0.01268821, 20.53547, 0, 0.0019370168132205605774442, 21415.36, -679.3352, -2.629443, 0.0166641, 0.1456619, 275.5314, 1.845477, 1.454142, 8.815194
 
16.85029, -0.001125403, -0.01269951, 20.51744, 0, 0.0019396099437668628850569, 21384.19, -679.3352, -2.629443, 0.0166641, 0.1456619, 275.3723, 1.845477, 1.454142, 8.815194
 
16.86029, -0.001121224, -0.01271076, 20.49942, 0, 0.0019421846708858429834251243, 21353.08, -679.3352, -2.629443, 0.0166641, 0.1456619, 275.2133, 1.845477, 1.454142, 8.815194
 
16.87029, -0.00111269, -0.01272198, 20.48143, 0, 0.0019444798411801024903621757, 21322.02, -679.3352, -2.629443, 0.0166641, 0.1456619, 275.0543, 1.845477, 1.454142, 8.815194
 
16.88029, -0.001108457, -0.0127331, 20.46345, 0, 0.0019470361648717516159491, 21291, -679.3352, -2.629443, 0.0166641, 0.1456619, 274.8955, 1.845477, 1.454142, 8.815194
 
16.89029, -0.001109566, -0.01274419, 20.4455, 0, 0.0019499281320237616244391, 21260.04, -679.3352, -2.629443, 0.0166641, 0.1456619, 274.7368, 1.845477, 1.454142, 8.815194
 
16.90029, -0.001111521, -0.01275528, 20.42757, 0, 0.0019528788148724942603742, 21229.13, -679.3352, -2.629443, 0.0166641, 0.1456619, 274.5782, 1.845477, 1.454142, 8.815194
 
16.91029, -0.001124244, -0.0127664, 20.40965, 0, 0.001956520940776662016521, 21198.27, -679.3352, -2.629443, 0.0166641, 0.1456619, 274.4197, 1.845477, 1.454142, 8.815194
 
16.92029, -0.001123287, -0.01277764, 20.39177, 0, 0.0019593138799625489793652757, 21167.46, -679.3352, -2.629443, 0.0166641, 0.1456619, 274.2613, 1.845477, 1.454142, 8.815194
 
16.93029, -0.001128727, -0.01278887, 20.37389, 0, 0.0019625160763181470068483, 21136.71, -679.3352, -2.629443, 0.0166641, 0.1456619, 274.103, 1.845477, 1.454142, 8.815194
 
16.94029, -0.001133783, -0.01280016, 20.35604, 0, 0.0019657060037221822889403, 21105.99, -679.3352, -2.629443, 0.0166641, 0.1456619, 273.9448, 1.845477, 1.454142, 8.815194
 
16.95029, -0.001143955, -0.0128115, 20.3382, 0, 0.0019692350800013169265734, 21075.33, -679.3352, -2.629443, 0.0166641, 0.1456619, 273.7867, 1.845477, 1.454142, 8.815194
 
16.96029, -0.001154778, -0.01282294, 20.32038, 0, 0.0019728255010382214734775, 21044.72, -679.3352, -2.629443, 0.0166641, 0.1456619, 273.6287, 1.845477, 1.454142, 8.815194
 
16.97029, -0.001167375, -0.01283448, 20.30259, 0, 0.0019765508805422198207778, 21014.16, -679.3352, -2.629443, 0.0166641, 0.1456619, 273.4708, 1.845477, 1.454142, 8.815194
 
16.98029, -0.001163219, -0.01284616, 20.28482, 0, 0.0019792202538588933013416, 20983.65, -679.3352, -2.629443, 0.0166641, 0.1456619, 273.313, 1.845477, 1.454142, 8.815194
 
16.99029, -0.001161216, -0.01285779, 20.26707, 0, 0.0019820245856426605823016, 20953.19, -679.3352, -2.629443, 0.0166641, 0.1456619, 273.1553, 1.845477, 1.454142, 8.815194
 
17.00029, -0.001159073, -0.0128694, 20.24933, 0, 0.0019848192775359211632333, 20922.77, -679.3352, -2.629443, 0.0166641, 0.1456619, 272.9977, 1.845477, 1.454142, 8.815194
 
17.01029, -0.001146063, -0.01288099, 20.23162, 0, 0.0019869102574221838785622757, 20892.41, -679.3352, -2.629443, 0.0166641, 0.1456619, 272.8403, 1.845477, 1.454142, 8.815194
 
17.02029, -0.001141851, -0.01289245, 20.21392, 0, 0.0019895515874210284498533, 20862.1, -679.3352, -2.629443, 0.0166641, 0.1456619, 272.6829, 1.845477, 1.454142, 8.815194
 
17.03029, -0.001147337, -0.01290387, 20.19624, 0, 0.0019928186339491260957085243, 20831.83, -679.3352, -2.629443, 0.0166641, 0.1456619, 272.5256, 1.845477, 1.454142, 8.815194
 
17.04029, -0.001145027, -0.01291535, 20.17859, 0, 0.0019955896642929523766703, 20801.61, -679.3352, -2.629443, 0.0166641, 0.1456619, 272.3684, 1.845477, 1.454142, 8.815194
 
17.05029, -0.00114374, -0.0129268, 20.16095, 0, 0.0019984272975166431305548757, 20771.45, -679.3352, -2.629443, 0.0166641, 0.1456619, 272.2113, 1.845477, 1.454142, 8.815194
 
17.0603, -0.001143471, -0.01293823, 20.14333, 0, 0.0020013315336202246479727243, 20741.32, -679.3352, -2.629443, 0.0166641, 0.1456619, 272.0544, 1.845477, 1.454142, 8.815194
 
17.0703, -0.001135592, -0.01294967, 20.12573, 0, 0.0020037406298932084642356, 20711.26, -679.3352, -2.629443, 0.0166641, 0.1456619, 271.8975, 1.845477, 1.454142, 8.815194
 
17.0803, -0.001135416, -0.01296102, 20.10816, 0, 0.0020066431132893988364923757, 20681.24, -679.3352, -2.629443, 0.0166641, 0.1456619, 271.7407, 1.845477, 1.454142, 8.815194
 
17.0903, -0.001122257, -0.01297238, 20.0906, 0, 0.0020086981626747083241445243, 20651.27, -679.3352, -2.629443, 0.0166641, 0.1456619, 271.5841, 1.845477, 1.454142, 8.815194
 
17.1003, -0.001119013, -0.0129836, 20.07306, 0, 0.0020113833103576654956637243, 20621.35, -679.3352, -2.629443, 0.0166641, 0.1456619, 271.4275, 1.845477, 1.454142, 8.815194
 
17.1103, -0.001109385, -0.01299479, 20.05554, 0, 0.0020136469319193663842268, 20591.47, -679.3352, -2.629443, 0.0166641, 0.1456619, 271.271, 1.845477, 1.454142, 8.815194
 
17.1203, -0.001091357, -0.01300588, 20.03804, 0, 0.0020153444290022280164829, 20561.64, -679.3352, -2.629443, 0.0166641, 0.1456619, 271.1147, 1.845477, 1.454142, 8.815194
 
17.1303, -0.001094953, -0.0130168, 20.02055, 0, 0.0020184379575011962982919, 20531.86, -679.3352, -2.629443, 0.0166641, 0.1456619, 270.9584, 1.845477, 1.454142, 8.815194
 
17.1403, -0.001099483, -0.01302775, 20.00309, 0, 0.0020216015942947587621249, 20502.13, -679.3352, -2.629443, 0.0166641, 0.1456619, 270.8022, 1.845477, 1.454142, 8.815194
 
17.1503, -0.001108114, -0.01303874, 19.98565, 0, 0.0020250465406203803813292, 20472.44, -679.3352, -2.629443, 0.0166641, 0.1456619, 270.6462, 1.845477, 1.454142, 8.815194
 
17.1603, -0.00111866, -0.01304982, 19.96823, 0, 0.0020286352089499200736827, 20442.81, -679.3352, -2.629443, 0.0166641, 0.1456619, 270.4902, 1.845477, 1.454142, 8.815194
 
17.1703, -0.001129994, -0.01306101, 19.95082, 0, 0.0020322966146351012298861, 20413.22, -679.3352, -2.629443, 0.0166641, 0.1456619, 270.3343, 1.845477, 1.454142, 8.815194
 
17.1803, -0.001128245, -0.01307231, 19.93344, 0, 0.0020351123390167313018881757, 20383.68, -679.3352, -2.629443, 0.0166641, 0.1456619, 270.1786, 1.845477, 1.454142, 8.815194
 
17.1903, -0.001128682, -0.01308359, 19.91607, 0, 0.0020380726617559881649252243, 20354.19, -679.3352, -2.629443, 0.0166641, 0.1456619, 270.0229, 1.845477, 1.454142, 8.815194
 
17.2003, -0.001137598, -0.01309488, 19.89872, 0, 0.0020416008616814316117462, 20324.74, -679.3352, -2.629443, 0.0166641, 0.1456619, 269.8673, 1.845477, 1.454142, 8.815194
 
17.2103, -0.001139956, -0.01310625, 19.8814, 0, 0.0020447092881930011572353, 20295.35, -679.3352, -2.629443, 0.0166641, 0.1456619, 269.7119, 1.845477, 1.454142, 8.815194
 
17.2203, -0.001131676, -0.01311765, 19.86409, 0, 0.0020471148790512727914706243, 20266, -679.3352, -2.629443, 0.0166641, 0.1456619, 269.5565, 1.845477, 1.454142, 8.815194
 
17.2303, -0.001127856, -0.01312897, 19.8468, 0, 0.0020498070375636806176554, 20236.69, -679.3352, -2.629443, 0.0166641, 0.1456619, 269.4012, 1.845477, 1.454142, 8.815194
 
17.2403, -0.001125228, -0.01314025, 19.82953, 0, 0.0020525754388464771438649243, 20207.44, -679.3352, -2.629443, 0.0166641, 0.1456619, 269.2461, 1.845477, 1.454142, 8.815194
 
17.2503, -0.001127995, -0.0131515, 19.81228, 0, 0.0020557031451390513258738, 20178.23, -679.3352, -2.629443, 0.0166641, 0.1456619, 269.091, 1.845477, 1.454142, 8.815194
 
17.2603, -0.001124413, -0.01316278, 19.79505, 0, 0.0020584128307251164611014, 20149.07, -679.3352, -2.629443, 0.0166641, 0.1456619, 268.9361, 1.845477, 1.454142, 8.815194
 
17.2703, -0.001116739, -0.01317403, 19.77784, 0, 0.0020608438358401784863204243, 20119.96, -679.3352, -2.629443, 0.0166641, 0.1456619, 268.7812, 1.845477, 1.454142, 8.815194
 
17.2803, -0.001113539, -0.01318519, 19.76064, 0, 0.0020635657903777888398654, 20090.89, -679.3352, -2.629443, 0.0166641, 0.1456619, 268.6264, 1.845477, 1.454142, 8.815194
 
17.2903, -0.00111155, -0.01319633, 19.74346, 0, 0.0020663657403931352209120757, 20061.86, -679.3352, -2.629443, 0.0166641, 0.1456619, 268.4717, 1.845477, 1.454142, 8.815194
 
17.3003, -0.0011336, -0.01320744, 19.72631, 0, 0.0020707878210746807791495243, 20032.89, -679.3352, -2.629443, 0.0166641, 0.1456619, 268.3171, 1.845477, 1.454142, 8.815194
 
17.3103, -0.001136256, -0.01321878, 19.70916, 0, 0.0020739400652703629248668, 20003.96, -679.3352, -2.629443, 0.0166641, 0.1456619, 268.1626, 1.845477, 1.454142, 8.815194
 
17.3203, -0.001141041, -0.01323014, 19.69204, 0, 0.0020772430422994313254725, 19975.08, -679.3352, -2.629443, 0.0166641, 0.1456619, 268.0083, 1.845477, 1.454142, 8.815194
 
17.3303, -0.001146848, -0.01324155, 19.67495, 0, 0.0020806257675135918445936757, 19946.25, -679.3352, -2.629443, 0.0166641, 0.1456619, 267.854, 1.845477, 1.454142, 8.815194
 
17.3403, -0.001157862, -0.01325302, 19.65786, 0, 0.0020843748085670157283270757, 19917.46, -679.3352, -2.629443, 0.0166641, 0.1456619, 267.6999, 1.845477, 1.454142, 8.815194
 
17.3503, -0.001168715, -0.0132646, 19.6408, 0, 0.0020881343658646287393640757, 19888.72, -679.3352, -2.629443, 0.0166641, 0.1456619, 267.5457, 1.845477, 1.454142, 8.815194
 
17.3603, -0.001175237, -0.01327629, 19.62375, 0, 0.0020916205008133244405074757, 19860.02, -679.3352, -2.629443, 0.0166641, 0.1456619, 267.3918, 1.845477, 1.454142, 8.815194
 
17.3703, -0.001182773, -0.01328804, 19.60673, 0, 0.0020951898893618594963412, 19831.37, -679.3352, -2.629443, 0.0166641, 0.1456619, 267.2379, 1.845477, 1.454142, 8.815194
 
17.3803, -0.001191306, -0.01329987, 19.58972, 0, 0.0020988434078638900435300757, 19802.76, -679.3352, -2.629443, 0.0166641, 0.1456619, 267.084, 1.845477, 1.454142, 8.815194
 
17.3903, -0.001192463, -0.01331178, 19.57273, 0, 0.0021020096737185085527258, 19774.2, -679.3352, -2.629443, 0.0166641, 0.1456619, 266.9304, 1.845477, 1.454142, 8.815194
 
17.4003, -0.001203127, -0.0133237, 19.55577, 0, 0.0021058323284812563275844, 19745.69, -679.3352, -2.629443, 0.0166641, 0.1456619, 266.7767, 1.845477, 1.454142, 8.815194
 
17.4103, -0.001206397, -0.01333574, 19.53881, 0, 0.0021091686069502482011146757, 19717.21, -679.3352, -2.629443, 0.0166641, 0.1456619, 266.6232, 1.845477, 1.454142, 8.815194
 
17.4203, -0.001213928, -0.0133478, 19.52188, 0, 0.0021128054747323301571465, 19688.8, -679.3352, -2.629443, 0.0166641, 0.1456619, 266.4698, 1.845477, 1.454142, 8.815194
 
17.4303, -0.001219354, -0.01335994, 19.50496, 0, 0.0021163143948767689674477, 19660.42, -679.3352, -2.629443, 0.0166641, 0.1456619, 266.3165, 1.845477, 1.454142, 8.815194
 
17.4403, -0.001220678, -0.01337213, 19.48807, 0, 0.0021195525217333377496812, 19632.09, -679.3352, -2.629443, 0.0166641, 0.1456619, 266.1633, 1.845477, 1.454142, 8.815194
 
17.4503, -0.00121904, -0.01338434, 19.47119, 0, 0.0021225917163039867768847757, 19603.8, -679.3352, -2.629443, 0.0166641, 0.1456619, 266.0102, 1.845477, 1.454142, 8.815194
 
17.4603, -0.001225953, -0.01339653, 19.45433, 0, 0.0021262215732566180782510243, 19575.55, -679.3352, -2.629443, 0.0166641, 0.1456619, 265.8571, 1.845477, 1.454142, 8.815194
 
17.4703, -0.001237072, -0.01340879, 19.43748, 0, 0.0021301572776443902080865, 19547.35, -679.3352, -2.629443, 0.0166641, 0.1456619, 265.7042, 1.845477, 1.454142, 8.815194
 
17.4803, -0.001237759, -0.01342116, 19.42066, 0, 0.0021333918990862380447556243, 19519.2, -679.3352, -2.629443, 0.0166641, 0.1456619, 265.5514, 1.845477, 1.454142, 8.815194
 
17.4903, -0.001232407, -0.01343354, 19.40385, 0, 0.0021362128815899626804095, 19491.09, -679.3352, -2.629443, 0.0166641, 0.1456619, 265.3986, 1.845477, 1.454142, 8.815194
 
17.50031, -0.001238828, -0.01344586, 19.38707, 0, 0.0021398444912499325457158757, 19463.03, -679.3352, -2.629443, 0.0166641, 0.1456619, 265.246, 1.845477, 1.454142, 8.815194
 
17.51031, -0.001246357, -0.01345825, 19.3703, 0, 0.0021435672416928923747271, 19435.01, -679.3352, -2.629443, 0.0166641, 0.1456619, 265.0934, 1.845477, 1.454142, 8.815194
 
17.52031, -0.001242589, -0.01347071, 19.35354, 0, 0.0021465196772489986287496243, 19407.03, -679.3352, -2.629443, 0.0166641, 0.1456619, 264.9409, 1.845477, 1.454142, 8.815194
 
17.53031, -0.001228331, -0.01348314, 19.33681, 0, 0.0021487368520655396352586243, 19379.1, -679.3352, -2.629443, 0.0166641, 0.1456619, 264.7886, 1.845477, 1.454142, 8.815194
 
17.54031, -0.001216719, -0.01349542, 19.3201, 0, 0.0021511161523133296876981243, 19351.22, -679.3352, -2.629443, 0.0166641, 0.1456619, 264.6363, 1.845477, 1.454142, 8.815194
 
17.55031, -0.001205681, -0.01350759, 19.3034, 0, 0.0021535191141105277494970757, 19323.38, -679.3352, -2.629443, 0.0166641, 0.1456619, 264.4842, 1.845477, 1.454142, 8.815194
 
17.56031, -0.001191104, -0.01351965, 19.28672, 0, 0.0021556582934493414920412, 19295.58, -679.3352, -2.629443, 0.0166641, 0.1456619, 264.3321, 1.845477, 1.454142, 8.815194
 
17.57031, -0.001178189, -0.01353156, 19.27006, 0, 0.0021578912426321661895056, 19267.82, -679.3352, -2.629443, 0.0166641, 0.1456619, 264.1801, 1.845477, 1.454142, 8.815194
 
17.58031, -0.001171017, -0.01354334, 19.25342, 0, 0.0021605080347278852700145757, 19240.12, -679.3352, -2.629443, 0.0166641, 0.1456619, 264.0282, 1.845477, 1.454142, 8.815194
 
17.59031, -0.001161234, -0.01355505, 19.2368, 0, 0.0021629320290134966405680243, 19212.45, -679.3352, -2.629443, 0.0166641, 0.1456619, 263.8764, 1.845477, 1.454142, 8.815194
 
17.60031, -0.001151039, -0.01356666, 19.22019, 0, 0.002165312205614960356746, 19184.82, -679.3352, -2.629443, 0.0166641, 0.1456619, 263.7246, 1.845477, 1.454142, 8.815194
 
17.61031, -0.001142438, -0.01357817, 19.2036, 0, 0.0021677905338288646912944, 19157.24, -679.3352, -2.629443, 0.0166641, 0.1456619, 263.573, 1.845477, 1.454142, 8.815194
 
17.62031, -0.001150174, -0.0135896, 19.18703, 0, 0.0021714107508909805290955243, 19129.71, -679.3352, -2.629443, 0.0166641, 0.1456619, 263.4215, 1.845477, 1.454142, 8.815194
 
17.63031, -0.001163152, -0.0136011, 19.17048, 0, 0.0021754183162807116955056, 19102.22, -679.3352, -2.629443, 0.0166641, 0.1456619, 263.2701, 1.845477, 1.454142, 8.815194
 
17.64031, -0.001173089, -0.01361273, 19.15394, 0, 0.0021792357129213649067124, 19074.77, -679.3352, -2.629443, 0.0166641, 0.1456619, 263.1187, 1.845477, 1.454142, 8.815194
 
17.65031, -0.001175989, -0.01362446, 19.13742, 0, 0.0021825746204514128256054, 19047.37, -679.3352, -2.629443, 0.0166641, 0.1456619, 262.9675, 1.845477, 1.454142, 8.815194
 
17.66031, -0.001183276, -0.01363622, 19.12092, 0, 0.0021862316443681818454323, 19020.02, -679.3352, -2.629443, 0.0166641, 0.1456619, 262.8164, 1.845477, 1.454142, 8.815194
 
17.67031, -0.001188652, -0.01364805, 19.10444, 0, 0.0021897694841841407558184, 18992.7, -679.3352, -2.629443, 0.0166641, 0.1456619, 262.6653, 1.845477, 1.454142, 8.815194
 
17.68031, -0.001193329, -0.01365994, 19.08797, 0, 0.0021932696407917465298297757, 18965.42, -679.3352, -2.629443, 0.0166641, 0.1456619, 262.5144, 1.845477, 1.454142, 8.815194
 
17.69031, -0.0011983, -0.01367187, 19.07153, 0, 0.0021968022224856284036377243, 18938.19, -679.3352, -2.629443, 0.0166641, 0.1456619, 262.3635, 1.845477, 1.454142, 8.815194
 
17.70031, -0.001211689, -0.01368386, 19.0551, 0, 0.0022009482517571830795452, 18910.99, -679.3352, -2.629443, 0.0166641, 0.1456619, 262.2127, 1.845477, 1.454142, 8.815194
 
17.71031, -0.001213994, -0.01369597, 19.03868, 0, 0.0022043265952029402258267, 18883.85, -679.3352, -2.629443, 0.0166641, 0.1456619, 262.062, 1.845477, 1.454142, 8.815194
 
17.72031, -0.001217636, -0.01370811, 19.02229, 0, 0.0022078083483832150270567757, 18856.74, -679.3352, -2.629443, 0.0166641, 0.1456619, 261.9114, 1.845477, 1.454142, 8.815194
 
17.73031, -0.001226648, -0.01372029, 19.00591, 0, 0.0022116844607205996292455, 18829.68, -679.3352, -2.629443, 0.0166641, 0.1456619, 261.7609, 1.845477, 1.454142, 8.815194
 
17.74031, -0.001235893, -0.01373256, 18.98956, 0, 0.0022155965035589549861847, 18802.67, -679.3352, -2.629443, 0.0166641, 0.1456619, 261.6104, 1.845477, 1.454142, 8.815194
 
17.75031, -0.001241337, -0.01374491, 18.97321, 0, 0.0022192535274757240060116, 18775.69, -679.3352, -2.629443, 0.0166641, 0.1456619, 261.4601, 1.845477, 1.454142, 8.815194
 
17.76031, -0.001233591, -0.01375733, 18.95688, 0, 0.0022219728529522870777306757, 18748.75, -679.3352, -2.629443, 0.0166641, 0.1456619, 261.3099, 1.845477, 1.454142, 8.815194
 
17.77031, -0.00122746, -0.01376966, 18.94058, 0, 0.0022247982172244501403715243, 18721.86, -679.3352, -2.629443, 0.0166641, 0.1456619, 261.1598, 1.845477, 1.454142, 8.815194
 
17.78031, -0.001210818, -0.01378194, 18.92429, 0, 0.0022268550193170981919638, 18695.02, -679.3352, -2.629443, 0.0166641, 0.1456619, 261.0097, 1.845477, 1.454142, 8.815194
 
17.79031, -0.001203131, -0.01379405, 18.90802, 0, 0.0022295349088779607998312, 18668.21, -679.3352, -2.629443, 0.0166641, 0.1456619, 260.8598, 1.845477, 1.454142, 8.815194
 
17.80031, -0.001193998, -0.01380608, 18.89177, 0, 0.002232099119752743007359, 18641.45, -679.3352, -2.629443, 0.0166641, 0.1456619, 260.7099, 1.845477, 1.454142, 8.815194
 
17.81031, -0.001192688, -0.01381802, 18.87553, 0, 0.0022352180625085016801517, 18614.72, -679.3352, -2.629443, 0.0166641, 0.1456619, 260.5601, 1.845477, 1.454142, 8.815194
 
17.82031, -0.001183906, -0.01382994, 18.8593, 0, 0.0022377936659811554422584, 18588.04, -679.3352, -2.629443, 0.0166641, 0.1456619, 260.4104, 1.845477, 1.454142, 8.815194
 
17.83031, -0.001179875, -0.01384178, 18.84311, 0, 0.0022407040365604964235297, 18561.41, -679.3352, -2.629443, 0.0166641, 0.1456619, 260.2609, 1.845477, 1.454142, 8.815194
 
17.84031, -0.001175285, -0.01385358, 18.82692, 0, 0.0022435688367483511864854, 18534.81, -679.3352, -2.629443, 0.0166641, 0.1456619, 260.1114, 1.845477, 1.454142, 8.815194
 
17.85031, -0.001166403, -0.01386534, 18.81075, 0, 0.0022461146441958024212319, 18508.25, -679.3352, -2.629443, 0.0166641, 0.1456619, 259.9619, 1.845477, 1.454142, 8.815194
 
17.86031, -0.00116229, -0.013877, 18.7946, 0, 0.0022489969714572969661567757, 18481.74, -679.3352, -2.629443, 0.0166641, 0.1456619, 259.8126, 1.845477, 1.454142, 8.815194
 
17.87031, -0.00116284, -0.01388862, 18.77847, 0, 0.0022522166948865347756089757, 18455.27, -679.3352, -2.629443, 0.0166641, 0.1456619, 259.6634, 1.845477, 1.454142, 8.815194
 
17.88031, -0.00116488, -0.01390025, 18.76235, 0, 0.0022555494679408232306485243, 18428.83, -679.3352, -2.629443, 0.0166641, 0.1456619, 259.5142, 1.845477, 1.454142, 8.815194
 
17.89031, -0.0011604, -0.0139119, 18.74625, 0, 0.0022584098863602483301540757, 18402.45, -679.3352, -2.629443, 0.0166641, 0.1456619, 259.3652, 1.845477, 1.454142, 8.815194
 
17.90031, -0.00115355, -0.0139235, 18.73017, 0, 0.0022610906522748021288336, 18376.1, -679.3352, -2.629443, 0.0166641, 0.1456619, 259.2162, 1.845477, 1.454142, 8.815194
 
17.91031, -0.0011696, -0.01393504, 18.7141, 0, 0.0022654487591375042053636757, 18349.79, -679.3352, -2.629443, 0.0166641, 0.1456619, 259.0674, 1.845477, 1.454142, 8.815194
 
17.92031, -0.001177912, -0.01394674, 18.69806, 0, 0.0022692679084855222711210757, 18323.53, -679.3352, -2.629443, 0.0166641, 0.1456619, 258.9186, 1.845477, 1.454142, 8.815194
 
17.93032, -0.001191521, -0.01395851, 18.68202, 0, 0.0022734963150032426379804, 18297.3, -679.3352, -2.629443, 0.0166641, 0.1456619, 258.7699, 1.845477, 1.454142, 8.815194
 
17.94032, -0.001208481, -0.01397043, 18.66601, 0, 0.0022779998965772364057471, 18271.12, -679.3352, -2.629443, 0.0166641, 0.1456619, 258.6213, 1.845477, 1.454142, 8.815194
 
17.95032, -0.001230547, -0.01398251, 18.65001, 0, 0.0022829144880282885656295, 18244.98, -679.3352, -2.629443, 0.0166641, 0.1456619, 258.4727, 1.845477, 1.454142, 8.815194
 
17.96032, -0.001241742, -0.01399482, 18.63403, 0, 0.0022870648990682641414503, 18218.87, -679.3352, -2.629443, 0.0166641, 0.1456619, 258.3243, 1.845477, 1.454142, 8.815194
 
17.97032, -0.00125727, -0.01400724, 18.61807, 0, 0.0022915605934591160637393, 18192.82, -679.3352, -2.629443, 0.0166641, 0.1456619, 258.176, 1.845477, 1.454142, 8.815194
 
17.98032, -0.001259947, -0.01401981, 18.60212, 0, 0.0022951299820076423560362, 18166.8, -679.3352, -2.629443, 0.0166641, 0.1456619, 258.0277, 1.845477, 1.454142, 8.815194
 
17.99032, -0.00125926, -0.01403241, 18.58619, 0, 0.0022984574969398187203503, 18140.82, -679.3352, -2.629443, 0.0166641, 0.1456619, 257.8796, 1.845477, 1.454142, 8.815194
 
18.00032, -0.001263207, -0.014045, 18.57028, 0, 0.0023021329242839187129585, 18114.88, -679.3352, -2.629443, 0.0166641, 0.1456619, 257.7315, 1.845477, 1.454142, 8.815194
 
18.01032, -0.001265587, -0.01405764, 18.55439, 0, 0.0023057014364787538144432757, 18088.98, -679.3352, -2.629443, 0.0166641, 0.1456619, 257.5835, 1.845477, 1.454142, 8.815194
 
18.02032, -0.0012598, -0.01407029, 18.5385, 0, 0.0023086652646327403865815243, 18063.12, -679.3352, -2.629443, 0.0166641, 0.1456619, 257.4356, 1.845477, 1.454142, 8.815194
 
18.03032, -0.001269702, -0.01408289, 18.52264, 0, 0.0023127981485990586533595, 18037.3, -679.3352, -2.629443, 0.0166641, 0.1456619, 257.2878, 1.845477, 1.454142, 8.815194
 
18.04032, -0.001273991, -0.01409559, 18.50679, 0, 0.0023165305389325076553253757, 18011.53, -679.3352, -2.629443, 0.0166641, 0.1456619, 257.1401, 1.845477, 1.454142, 8.815194
 
18.05032, -0.001274946, -0.01410833, 18.49096, 0, 0.0023200236847106803017448243, 17985.79, -679.3352, -2.629443, 0.0166641, 0.1456619, 256.9925, 1.845477, 1.454142, 8.815194
 
18.06032, -0.001280518, -0.01412108, 18.47515, 0, 0.0023238691246691624222244, 17960.09, -679.3352, -2.629443, 0.0166641, 0.1456619, 256.8449, 1.845477, 1.454142, 8.815194
 
18.07032, -0.001284532, -0.01413388, 18.45936, 0, 0.0023276102785394356969432757, 17934.44, -679.3352, -2.629443, 0.0166641, 0.1456619, 256.6975, 1.845477, 1.454142, 8.815194
 
18.08032, -0.001296133, -0.01414673, 18.44358, 0, 0.0023319342076085406368103, 17908.82, -679.3352, -2.629443, 0.0166641, 0.1456619, 256.5501, 1.845477, 1.454142, 8.815194
 
18.09032, -0.00130036, -0.01415969, 18.42781, 0, 0.0023357253136387297932949243, 17883.24, -679.3352, -2.629443, 0.0166641, 0.1456619, 256.4028, 1.845477, 1.454142, 8.815194
 
18.10032, -0.001313063, -0.01417269, 18.41207, 0, 0.0023401684268086273155291, 17857.71, -679.3352, -2.629443, 0.0166641, 0.1456619, 256.2556, 1.845477, 1.454142, 8.815194
 
18.11032, -0.001324071, -0.01418582, 18.39634, 0, 0.00234450900659768961009, 17832.21, -679.3352, -2.629443, 0.0166641, 0.1456619, 256.1085, 1.845477, 1.454142, 8.815194
 
18.12032, -0.001317032, -0.01419906, 18.38063, 0, 0.0023475035071305348462532757, 17806.74, -679.3352, -2.629443, 0.0166641, 0.1456619, 255.9615, 1.845477, 1.454142, 8.815194
 
18.13032, -0.001314825, -0.01421223, 18.36493, 0, 0.0023508555599658279378126, 17781.32, -679.3352, -2.629443, 0.0166641, 0.1456619, 255.8146, 1.845477, 1.454142, 8.815194
 
18.14032, -0.001317356, -0.01422538, 18.34925, 0, 0.0023545669178109074487081, 17755.94, -679.3352, -2.629443, 0.0166641, 0.1456619, 255.6677, 1.845477, 1.454142, 8.815194
 
18.15032, -0.001313689, -0.01423855, 18.33359, 0, 0.0023578146845579829309699, 17730.6, -679.3352, -2.629443, 0.0166641, 0.1456619, 255.5209, 1.845477, 1.454142, 8.815194
 
18.16032, -0.001313925, -0.01425169, 18.31794, 0, 0.0023613569061423539777325, 17705.29, -679.3352, -2.629443, 0.0166641, 0.1456619, 255.3743, 1.845477, 1.454142, 8.815194
 
18.17032, -0.001319727, -0.01426483, 18.30231, 0, 0.0023653285410311056258552757, 17680.03, -679.3352, -2.629443, 0.0166641, 0.1456619, 255.2277, 1.845477, 1.454142, 8.815194
 
18.18032, -0.001315404, -0.01427803, 18.28669, 0, 0.0023685377482161543080038757, 17654.81, -679.3352, -2.629443, 0.0166641, 0.1456619, 255.0812, 1.845477, 1.454142, 8.815194
 
18.19032, -0.001319764, -0.01429118, 18.2711, 0, 0.0023724094787851267738161, 17629.63, -679.3352, -2.629443, 0.0166641, 0.1456619, 254.9348, 1.845477, 1.454142, 8.815194
 
18.20032, -0.001324847, -0.01430438, 18.25551, 0, 0.0023763469358802637582021757, 17604.48, -679.3352, -2.629443, 0.0166641, 0.1456619, 254.7884, 1.845477, 1.454142, 8.815194
 
18.21032, -0.001329786, -0.01431763, 18.23994, 0, 0.0023802861456827831242125, 17579.37, -679.3352, -2.629443, 0.0166641, 0.1456619, 254.6422, 1.845477, 1.454142, 8.815194
 
18.22032, -0.001319729, -0.01433093, 18.2244, 0, 0.0023830834666370822234332757, 17554.31, -679.3352, -2.629443, 0.0166641, 0.1456619, 254.496, 1.845477, 1.454142, 8.815194
 
18.23032, -0.001314626, -0.01434412, 18.20887, 0, 0.0023862471034306534508031, 17529.28, -679.3352, -2.629443, 0.0166641, 0.1456619, 254.3499, 1.845477, 1.454142, 8.815194
 
18.24032, -0.001317377, -0.01435727, 18.19335, 0, 0.0023900119188503610254919, 17504.28, -679.3352, -2.629443, 0.0166641, 0.1456619, 254.2039, 1.845477, 1.454142, 8.815194
 
18.25032, -0.001317076, -0.01437044, 18.17785, 0, 0.0023935488823126375086027, 17479.33, -679.3352, -2.629443, 0.0166641, 0.1456619, 254.058, 1.845477, 1.454142, 8.815194
 
18.26032, -0.001314656, -0.01438361, 18.16236, 0, 0.0023969245966973473730583, 17454.41, -679.3352, -2.629443, 0.0166641, 0.1456619, 253.9122, 1.845477, 1.454142, 8.815194
 
18.27032, -0.001306311, -0.01439676, 18.14689, 0, 0.0023998402253987829179814, 17429.54, -679.3352, -2.629443, 0.0166641, 0.1456619, 253.7665, 1.845477, 1.454142, 8.815194
 
18.28032, -0.001302894, -0.01440982, 18.13144, 0, 0.0024031256753542115366179243, 17404.71, -679.3352, -2.629443, 0.0166641, 0.1456619, 253.6208, 1.845477, 1.454142, 8.815194
 
18.29032, -0.001304301, -0.01442285, 18.116, 0, 0.0024067835756246542201833, 17379.91, -679.3352, -2.629443, 0.0166641, 0.1456619, 253.4753, 1.845477, 1.454142, 8.815194
 
18.30032, -0.001317277, -0.01443589, 18.10058, 0, 0.0024113493783100915609594757, 17355.15, -679.3352, -2.629443, 0.0166641, 0.1456619, 253.3298, 1.845477, 1.454142, 8.815194
 
18.31032, -0.00130295, -0.01444907, 18.08517, 0, 0.0024138119321577209680893, 17330.42, -679.3352, -2.629443, 0.0166641, 0.1456619, 253.1844, 1.845477, 1.454142, 8.815194
 
18.32032, -0.001297558, -0.0144621, 18.06979, 0, 0.0024169501546945018044754243, 17305.74, -679.3352, -2.629443, 0.0166641, 0.1456619, 253.039, 1.845477, 1.454142, 8.815194
 
18.33032, -0.001285556, -0.01447507, 18.05442, 0, 0.0024195643177291736031585, 17281.1, -679.3352, -2.629443, 0.0166641, 0.1456619, 252.8938, 1.845477, 1.454142, 8.815194
 
18.34032, -0.001275598, -0.01448793, 18.03906, 0, 0.0024223195737067249567017, 17256.49, -679.3352, -2.629443, 0.0166641, 0.1456619, 252.7487, 1.845477, 1.454142, 8.815194
 
18.35032, -0.001270643, -0.01450068, 18.02373, 0, 0.0024254534144750848931745, 17231.92, -679.3352, -2.629443, 0.0166641, 0.1456619, 252.6036, 1.845477, 1.454142, 8.815194
 
18.36032, -0.00127058, -0.01451339, 18.0084, 0, 0.0024289649636805709853016, 17207.38, -679.3352, -2.629443, 0.0166641, 0.1456619, 252.4587, 1.845477, 1.454142, 8.815194
 
18.37033, -0.001270655, -0.0145261, 17.99309, 0, 0.0024324914108986671046456243, 17182.89, -679.3352, -2.629443, 0.0166641, 0.1456619, 252.3138, 1.845477, 1.454142, 8.815194
 
18.38033, -0.001275522, -0.0145388, 17.97779, 0, 0.0024363981956149191343962, 17158.43, -679.3352, -2.629443, 0.0166641, 0.1456619, 252.1689, 1.845477, 1.454142, 8.815194
 
18.39033, -0.001282084, -0.01455156, 17.96252, 0, 0.0024404513313961452826587, 17134.01, -679.3352, -2.629443, 0.0166641, 0.1456619, 252.0242, 1.845477, 1.454142, 8.815194
 
18.40033, -0.001284854, -0.01456438, 17.94726, 0, 0.0024442196522305825664487, 17109.63, -679.3352, -2.629443, 0.0166641, 0.1456619, 251.8796, 1.845477, 1.454142, 8.815194
 
18.41033, -0.001293185, -0.01457723, 17.93201, 0, 0.0024484366661504226151923, 17085.28, -679.3352, -2.629443, 0.0166641, 0.1456619, 251.735, 1.845477, 1.454142, 8.815194
 
18.42033, -0.001302332, -0.01459016, 17.91678, 0, 0.0024527369336700932550894, 17060.98, -679.3352, -2.629443, 0.0166641, 0.1456619, 251.5905, 1.845477, 1.454142, 8.815194
 
18.43033, -0.001305496, -0.01460318, 17.90158, 0, 0.0024565823736285841391058, 17036.71, -679.3352, -2.629443, 0.0166641, 0.1456619, 251.4462, 1.845477, 1.454142, 8.815194
 
18.44033, -0.001297264, -0.01461624, 17.88638, 0, 0.0024595313037699519204903, 17012.48, -679.3352, -2.629443, 0.0166641, 0.1456619, 251.3019, 1.845477, 1.454142, 8.815194
 
18.45033, -0.001282653, -0.01462921, 17.87119, 0, 0.0024619614325313139913603757, 16988.28, -679.3352, -2.629443, 0.0166641, 0.1456619, 251.1577, 1.845477, 1.454142, 8.815194
 
18.46033, -0.001276174, -0.01464204, 17.85603, 0, 0.0024650155251145905728545243, 16964.13, -679.3352, -2.629443, 0.0166641, 0.1456619, 251.0135, 1.845477, 1.454142, 8.815194
 
18.47033, -0.001278447, -0.0146548, 17.84088, 0, 0.0024687601843995935566746, 16940, -679.3352, -2.629443, 0.0166641, 0.1456619, 250.8695, 1.845477, 1.454142, 8.815194
 
18.48033, -0.00127037, -0.01466758, 17.82574, 0, 0.0024716845766378533743507, 16915.92, -679.3352, -2.629443, 0.0166641, 0.1456619, 250.7255, 1.845477, 1.454142, 8.815194
 
18.49033, -0.001271094, -0.01468029, 17.81063, 0, 0.0024753021646389131667891, 16891.88, -679.3352, -2.629443, 0.0166641, 0.1456619, 250.5816, 1.845477, 1.454142, 8.815194
 
18.50033, -0.001273655, -0.014693, 17.79552, 0, 0.0024790713618270328778544, 16867.87, -679.3352, -2.629443, 0.0166641, 0.1456619, 250.4378, 1.845477, 1.454142, 8.815194
 
18.51033, -0.001275633, -0.01470573, 17.78043, 0, 0.0024828019994531257888065, 16843.89, -679.3352, -2.629443, 0.0166641, 0.1456619, 250.2941, 1.845477, 1.454142, 8.815194
 
18.52033, -0.00128321, -0.01471849, 17.76536, 0, 0.0024869892173477720737267243, 16819.96, -679.3352, -2.629443, 0.0166641, 0.1456619, 250.1505, 1.845477, 1.454142, 8.815194
 
18.53033, -0.0012917, -0.01473132, 17.7503, 0, 0.0024912684523790556954798, 16796.05, -679.3352, -2.629443, 0.0166641, 0.1456619, 250.0069, 1.845477, 1.454142, 8.815194
 
18.54033, -0.001300296, -0.01474424, 17.73526, 0, 0.0024955739780208208990287, 16772.19, -679.3352, -2.629443, 0.0166641, 0.1456619, 249.8634, 1.845477, 1.454142, 8.815194
 
18.55033, -0.001307628, -0.01475724, 17.72023, 0, 0.0024997971264164379386994, 16748.36, -679.3352, -2.629443, 0.0166641, 0.1456619, 249.72, 1.845477, 1.454142, 8.815194
 
18.56033, -0.00132558, -0.01477032, 17.70522, 0, 0.0025048966284944822536701, 16724.57, -679.3352, -2.629443, 0.0166641, 0.1456619, 249.5767, 1.845477, 1.454142, 8.815194
 
18.57033, -0.001323837, -0.01478357, 17.69023, 0, 0.0025084379737251708731574, 16700.81, -679.3352, -2.629443, 0.0166641, 0.1456619, 249.4334, 1.845477, 1.454142, 8.815194
 
18.58033, -0.001327796, -0.01479681, 17.67524, 0, 0.0025124420337001898575399243, 16677.09, -679.3352, -2.629443, 0.0166641, 0.1456619, 249.2903, 1.845477, 1.454142, 8.815194
 
18.59033, -0.001339505, -0.01481009, 17.66028, 0, 0.0025170858318633544622809757, 16653.41, -679.3352, -2.629443, 0.0166641, 0.1456619, 249.1472, 1.845477, 1.454142, 8.815194
 
18.60033, -0.001337912, -0.01482349, 17.64533, 0, 0.0025206727474855293000838757, 16629.76, -679.3352, -2.629443, 0.0166641, 0.1456619, 249.0042, 1.845477, 1.454142, 8.815194
 
18.61033, -0.001344969, -0.01483687, 17.6304, 0, 0.0025249660041757492853154, 16606.15, -679.3352, -2.629443, 0.0166641, 0.1456619, 248.8613, 1.845477, 1.454142, 8.815194
 
18.62033, -0.001345556, -0.01485031, 17.61547, 0, 0.0025287465939617317874227757, 16582.57, -679.3352, -2.629443, 0.0166641, 0.1456619, 248.7185, 1.845477, 1.454142, 8.815194
 
18.63033, -0.001357706, -0.01486377, 17.60057, 0, 0.002533477151139482983029, 16559.04, -679.3352, -2.629443, 0.0166641, 0.1456619, 248.5757, 1.845477, 1.454142, 8.815194
 
18.64033, -0.001364843, -0.01487735, 17.58569, 0, 0.0025378229890506310777048757, 16535.54, -679.3352, -2.629443, 0.0166641, 0.1456619, 248.4331, 1.845477, 1.454142, 8.815194
 
18.65033, -0.001362405, -0.014891, 17.57081, 0, 0.0025414028938433464973053757, 16512.07, -679.3352, -2.629443, 0.0166641, 0.1456619, 248.2905, 1.845477, 1.454142, 8.815194
 
18.66033, -0.001364934, -0.01490462, 17.55595, 0, 0.0025453885503910345089066, 16488.63, -679.3352, -2.629443, 0.0166641, 0.1456619, 248.1479, 1.845477, 1.454142, 8.815194
 
18.67033, -0.001375272, -0.01491827, 17.54111, 0, 0.0025500235850174011315051243, 16465.24, -679.3352, -2.629443, 0.0166641, 0.1456619, 248.0055, 1.845477, 1.454142, 8.815194
 
18.68033, -0.001373257, -0.01493202, 17.52629, 0, 0.0025536657109215601241151, 16441.88, -679.3352, -2.629443, 0.0166641, 0.1456619, 247.8632, 1.845477, 1.454142, 8.815194
 
18.69033, -0.001376199, -0.01494575, 17.51147, 0, 0.0025577162176417302270148757, 16418.55, -679.3352, -2.629443, 0.0166641, 0.1456619, 247.7209, 1.845477, 1.454142, 8.815194
 
18.70033, -0.001379522, -0.01495952, 17.49668, 0, 0.0025618070366313007481152757, 16395.26, -679.3352, -2.629443, 0.0166641, 0.1456619, 247.5787, 1.845477, 1.454142, 8.815194
 
18.71033, -0.001383994, -0.01497331, 17.48189, 0, 0.0025660030180627713057885, 16372.01, -679.3352, -2.629443, 0.0166641, 0.1456619, 247.4366, 1.845477, 1.454142, 8.815194
 
18.72033, -0.001384353, -0.01498715, 17.46713, 0, 0.0025698703668633141081505757, 16348.79, -679.3352, -2.629443, 0.0166641, 0.1456619, 247.2946, 1.845477, 1.454142, 8.815194
 
18.73033, -0.001378555, -0.015001, 17.45238, 0, 0.0025732320595891226632750243, 16325.61, -679.3352, -2.629443, 0.0166641, 0.1456619, 247.1527, 1.845477, 1.454142, 8.815194
 
18.74033, -0.001378573, -0.01501478, 17.43764, 0, 0.0025770696123644541747400757, 16302.46, -679.3352, -2.629443, 0.0166641, 0.1456619, 247.0108, 1.845477, 1.454142, 8.815194
 
18.75033, -0.001382779, -0.01502857, 17.42292, 0, 0.0025812577066127741233987757, 16279.35, -679.3352, -2.629443, 0.0166641, 0.1456619, 246.869, 1.845477, 1.454142, 8.815194
 
18.76033, -0.001381524, -0.01504239, 17.40821, 0, 0.0025850032422514770615678, 16256.27, -679.3352, -2.629443, 0.0166641, 0.1456619, 246.7273, 1.845477, 1.454142, 8.815194
 
18.77033, -0.001394054, -0.01505621, 17.39352, 0, 0.0025898985539215070578567757, 16233.23, -679.3352, -2.629443, 0.0166641, 0.1456619, 246.5857, 1.845477, 1.454142, 8.815194
 
18.78033, -0.001392864, -0.01507015, 17.37885, 0, 0.0025936765146464598052119, 16210.22, -679.3352, -2.629443, 0.0166641, 0.1456619, 246.4442, 1.845477, 1.454142, 8.815194
 
18.79033, -0.001391497, -0.01508408, 17.36418, 0, 0.002597442206419849807176, 16187.25, -679.3352, -2.629443, 0.0166641, 0.1456619, 246.3027, 1.845477, 1.454142, 8.815194
 
18.80033, -0.001395135, -0.01509799, 17.34953, 0, 0.0026016259188997488559213757, 16164.3, -679.3352, -2.629443, 0.0166641, 0.1456619, 246.1613, 1.845477, 1.454142, 8.815194
 
18.81034, -0.001389717, -0.01511195, 17.3349, 0, 0.0026050629780422373931848, 16141.4, -679.3352, -2.629443, 0.0166641, 0.1456619, 246.02, 1.845477, 1.454142, 8.815194
 
18.82034, -0.001393054, -0.01512584, 17.32028, 0, 0.0026092274107411318054104, 16118.53, -679.3352, -2.629443, 0.0166641, 0.1456619, 245.8787, 1.845477, 1.454142, 8.815194
 
18.83034, -0.001390299, -0.01513977, 17.30568, 0, 0.0026128905691336865797012243, 16095.69, -679.3352, -2.629443, 0.0166641, 0.1456619, 245.7376, 1.845477, 1.454142, 8.815194
 
18.84034, -0.001379428, -0.01515368, 17.29109, 0, 0.0026158684189465656976338, 16072.9, -679.3352, -2.629443, 0.0166641, 0.1456619, 245.5965, 1.845477, 1.454142, 8.815194
 
18.85034, -0.001381098, -0.01516747, 17.27652, 0, 0.0026198865005804859913474757, 16050.13, -679.3352, -2.629443, 0.0166641, 0.1456619, 245.4555, 1.845477, 1.454142, 8.815194
 
18.86034, -0.001384069, -0.01518128, 17.26196, 0, 0.0026240211372541866397497, 16027.4, -679.3352, -2.629443, 0.0166641, 0.1456619, 245.3146, 1.845477, 1.454142, 8.815194
 
18.87034, -0.001384666, -0.01519512, 17.24742, 0, 0.0026279647288251093785997, 16004.7, -679.3352, -2.629443, 0.0166641, 0.1456619, 245.1738, 1.845477, 1.454142, 8.815194
 
18.88034, -0.001389525, -0.01520897, 17.23289, 0, 0.0026322737598816042912498, 15982.04, -679.3352, -2.629443, 0.0166641, 0.1456619, 245.033, 1.845477, 1.454142, 8.815194
 
18.89034, -0.00139199, -0.01522286, 17.21838, 0, 0.0026363926221890037216229757, 15959.41, -679.3352, -2.629443, 0.0166641, 0.1456619, 244.8923, 1.845477, 1.454142, 8.815194
 
18.90034, -0.00138709, -0.01523678, 17.20387, 0, 0.0026398954078576743045339, 15936.81, -679.3352, -2.629443, 0.0166641, 0.1456619, 244.7517, 1.845477, 1.454142, 8.815194
 
18.91034, -0.001387314, -0.01525065, 17.18939, 0, 0.0026438276068307167252681757, 15914.26, -679.3352, -2.629443, 0.0166641, 0.1456619, 244.6112, 1.845477, 1.454142, 8.815194
 
18.92034, -0.001385281, -0.01526453, 17.17492, 0, 0.0026475722661157372361619, 15891.73, -679.3352, -2.629443, 0.0166641, 0.1456619, 244.4707, 1.845477, 1.454142, 8.815194
 
18.93034, -0.001387591, -0.01527838, 17.16046, 0, 0.0026516867466547332936954, 15869.23, -679.3352, -2.629443, 0.0166641, 0.1456619, 244.3304, 1.845477, 1.454142, 8.815194
 
18.94034, -0.001387628, -0.01529226, 17.14602, 0, 0.0026556145638593635780531757, 15846.77, -679.3352, -2.629443, 0.0166641, 0.1456619, 244.1901, 1.845477, 1.454142, 8.815194
 
18.95034, -0.00138977, -0.01530613, 17.1316, 0, 0.0026597264153373211172976, 15824.35, -679.3352, -2.629443, 0.0166641, 0.1456619, 244.0499, 1.845477, 1.454142, 8.815194
 
18.96034, -0.001387591, -0.01532003, 17.11718, 0, 0.0026634772090981098555816, 15801.96, -679.3352, -2.629443, 0.0166641, 0.1456619, 243.9097, 1.845477, 1.454142, 8.815194
 
18.97034, -0.001382557, -0.01533391, 17.10279, 0, 0.0026669817474741452930431243, 15779.6, -679.3352, -2.629443, 0.0166641, 0.1456619, 243.7697, 1.845477, 1.454142, 8.815194
 
18.98034, -0.001382672, -0.01534773, 17.0884, 0, 0.0026709235863376856502688757, 15757.28, -679.3352, -2.629443, 0.0166641, 0.1456619, 243.6297, 1.845477, 1.454142, 8.815194
 
18.99034, -0.001383512, -0.01536156, 17.07403, 0, 0.0026749311517274343437526, 15734.99, -679.3352, -2.629443, 0.0166641, 0.1456619, 243.4898, 1.845477, 1.454142, 8.815194
 
19.00034, -0.00138287, -0.01537539, 17.05968, 0, 0.0026788160276016344551575, 15712.73, -679.3352, -2.629443, 0.0166641, 0.1456619, 243.3499, 1.845477, 1.454142, 8.815194
 
19.01034, -0.001390897, -0.01538922, 17.04534, 0, 0.0026834510622279923142192, 15690.5, -679.3352, -2.629443, 0.0166641, 0.1456619, 243.2102, 1.845477, 1.454142, 8.815194
 
19.02034, -0.001386697, -0.01540313, 17.03101, 0, 0.0026870502468017211338763, 15668.31, -679.3352, -2.629443, 0.0166641, 0.1456619, 243.0705, 1.845477, 1.454142, 8.815194
 
19.03034, -0.001387654, -0.015417, 17.0167, 0, 0.0026910902372777021094724757, 15646.16, -679.3352, -2.629443, 0.0166641, 0.1456619, 242.9309, 1.845477, 1.454142, 8.815194
 
19.04034, -0.001383565, -0.01543087, 17.00241, 0, 0.0026946990617419376291578757, 15624.03, -679.3352, -2.629443, 0.0166641, 0.1456619, 242.7914, 1.845477, 1.454142, 8.815194
 
19.05034, -0.001383935, -0.01544471, 16.98812, 0, 0.0026986908527653938681493757, 15601.94, -679.3352, -2.629443, 0.0166641, 0.1456619, 242.6519, 1.845477, 1.454142, 8.815194
 
19.06034, -0.001385098, -0.01545855, 16.97386, 0, 0.0027027553811445003345276, 15579.88, -679.3352, -2.629443, 0.0166641, 0.1456619, 242.5125, 1.845477, 1.454142, 8.815194
 
19.07034, -0.001381924, -0.0154724, 16.9596, 0, 0.0027064500882696137271924, 15557.86, -679.3352, -2.629443, 0.0166641, 0.1456619, 242.3732, 1.845477, 1.454142, 8.815194
 
19.08034, -0.001393267, -0.01548622, 16.94537, 0, 0.0027114041156363838780001243, 15535.87, -679.3352, -2.629443, 0.0166641, 0.1456619, 242.234, 1.845477, 1.454142, 8.815194
 
19.09034, -0.001390303, -0.01550015, 16.93114, 0, 0.0027151373823235065437044757, 15513.91, -679.3352, -2.629443, 0.0166641, 0.1456619, 242.0949, 1.845477, 1.454142, 8.815194
 
19.10034, -0.001386017, -0.01551405, 16.91693, 0, 0.0027187540939708926724044, 15491.99, -679.3352, -2.629443, 0.0166641, 0.1456619, 241.9558, 1.845477, 1.454142, 8.815194
 
19.11034, -0.001389803, -0.01552791, 16.90274, 0, 0.0027230718885642118578075, 15470.1, -679.3352, -2.629443, 0.0166641, 0.1456619, 241.8168, 1.845477, 1.454142, 8.815194
 
19.12034, -0.001394354, -0.01554181, 16.88855, 0, 0.002727466802281584643437, 15448.23, -679.3352, -2.629443, 0.0166641, 0.1456619, 241.6779, 1.845477, 1.454142, 8.815194
 
19.13034, -0.001406793, -0.01555576, 16.87438, 0, 0.0027325663043596377219445243, 15426.41, -679.3352, -2.629443, 0.0166641, 0.1456619, 241.5391, 1.845477, 1.454142, 8.815194
 
19.14034, -0.001401476, -0.01556982, 16.86023, 0, 0.0027361348165544728234293, 15404.61, -679.3352, -2.629443, 0.0166641, 0.1456619, 241.4003, 1.845477, 1.454142, 8.815194
 
19.15034, -0.001404272, -0.01558384, 16.84609, 0, 0.002740410546171035499618, 15382.85, -679.3352, -2.629443, 0.0166641, 0.1456619, 241.2616, 1.845477, 1.454142, 8.815194
 
19.16034, -0.001409235, -0.01559788, 16.83196, 0, 0.0027448852080735091672998, 15361.12, -679.3352, -2.629443, 0.0166641, 0.1456619, 241.123, 1.845477, 1.454142, 8.815194
 
19.17034, -0.001412101, -0.01561197, 16.81785, 0, 0.0027491898573615919435734, 15339.42, -679.3352, -2.629443, 0.0166641, 0.1456619, 240.9845, 1.845477, 1.454142, 8.815194
 
19.18034, -0.001425792, -0.0156261, 16.80375, 0, 0.002754458495700344722677, 15317.76, -679.3352, -2.629443, 0.0166641, 0.1456619, 240.846, 1.845477, 1.454142, 8.815194
 
19.19034, -0.001444311, -0.01564035, 16.78967, 0, 0.0027601845906613157759503757, 15296.13, -679.3352, -2.629443, 0.0166641, 0.1456619, 240.7076, 1.845477, 1.454142, 8.815194
 
19.20034, -0.001448015, -0.0156548, 16.7756, 0, 0.0027646382200754199525618, 15274.53, -679.3352, -2.629443, 0.0166641, 0.1456619, 240.5693, 1.845477, 1.454142, 8.815194
 
19.21034, -0.001453896, -0.01566928, 16.76155, 0, 0.0027692969162511945845197757, 15252.96, -679.3352, -2.629443, 0.0166641, 0.1456619, 240.431, 1.845477, 1.454142, 8.815194
 
19.22034, -0.001454171, -0.01568382, 16.74751, 0, 0.0027734727415479693148611, 15231.43, -679.3352, -2.629443, 0.0166641, 0.1456619, 240.2929, 1.845477, 1.454142, 8.815194
 
19.23034, -0.001448972, -0.01569836, 16.73348, 0, 0.0027771674486730739439890757, 15209.93, -679.3352, -2.629443, 0.0166641, 0.1456619, 240.1548, 1.845477, 1.454142, 8.815194
 
19.24035, -0.001455422, -0.01571285, 16.71947, 0, 0.0027818918713750393851313757, 15188.45, -679.3352, -2.629443, 0.0166641, 0.1456619, 240.0168, 1.845477, 1.454142, 8.815194
 
19.25035, -0.001460908, -0.0157274, 16.70547, 0, 0.0027865470621361018350618, 15167.02, -679.3352, -2.629443, 0.0166641, 0.1456619, 239.8789, 1.845477, 1.454142, 8.815194
 
19.26035, -0.00145798, -0.01574201, 16.69148, 0, 0.0027904661158039078466665757, 15145.61, -679.3352, -2.629443, 0.0166641, 0.1456619, 239.741, 1.845477, 1.454142, 8.815194
 
19.27035, -0.001460271, -0.01575659, 16.67751, 0, 0.0027948505132770915049924757, 15124.23, -679.3352, -2.629443, 0.0166641, 0.1456619, 239.6032, 1.845477, 1.454142, 8.815194
 
19.28035, -0.00147341, -0.01577119, 16.66355, 0, 0.0028002137978135464298284757, 15102.89, -679.3352, -2.629443, 0.0166641, 0.1456619, 239.4655, 1.845477, 1.454142, 8.815194
 
19.29035, -0.001469227, -0.01578593, 16.6496, 0, 0.0028040539796499515137299, 15081.57, -679.3352, -2.629443, 0.0166641, 0.1456619, 239.3278, 1.845477, 1.454142, 8.815194
 
19.30035, -0.001476688, -0.01580062, 16.63568, 0, 0.0028089352696610802006877243, 15060.29, -679.3352, -2.629443, 0.0166641, 0.1456619, 239.1902, 1.845477, 1.454142, 8.815194
 
19.31035, -0.001472908, -0.01581539, 16.62176, 0, 0.0028128245273036836849323, 15039.04, -679.3352, -2.629443, 0.0166641, 0.1456619, 239.0528, 1.845477, 1.454142, 8.815194
 
19.32035, -0.001480098, -0.01583012, 16.60785, 0, 0.0028176996828390266174262, 15017.83, -679.3352, -2.629443, 0.0166641, 0.1456619, 238.9153, 1.845477, 1.454142, 8.815194
 
19.33035, -0.001470222, -0.01584492, 16.59397, 0, 0.002821052612027993372724, 14996.64, -679.3352, -2.629443, 0.0166641, 0.1456619, 238.778, 1.845477, 1.454142, 8.815194
 
19.34035, -0.00147146, -0.01585962, 16.58009, 0, 0.0028253940681707380945602, 14975.49, -679.3352, -2.629443, 0.0166641, 0.1456619, 238.6407, 1.845477, 1.454142, 8.815194
 
19.35035, -0.001475006, -0.01587433, 16.56623, 0, 0.0028299511073193599261202, 14954.37, -679.3352, -2.629443, 0.0166641, 0.1456619, 238.5035, 1.845477, 1.454142, 8.815194
 
19.36035, -0.00147668, -0.01588908, 16.55239, 0, 0.0028343486500977887571124243, 14933.28, -679.3352, -2.629443, 0.0166641, 0.1456619, 238.3664, 1.845477, 1.454142, 8.815194
 
19.37035, -0.001486369, -0.01590385, 16.53855, 0, 0.0028394805772620741177324, 14912.22, -679.3352, -2.629443, 0.0166641, 0.1456619, 238.2294, 1.845477, 1.454142, 8.815194
 
19.38035, -0.001489543, -0.01591871, 16.52473, 0, 0.0028440446272401553674948, 14891.19, -679.3352, -2.629443, 0.0166641, 0.1456619, 238.0924, 1.845477, 1.454142, 8.815194
 
19.39035, -0.001490255, -0.01593361, 16.51093, 0, 0.002848394846919724362084, 14870.19, -679.3352, -2.629443, 0.0166641, 0.1456619, 237.9555, 1.845477, 1.454142, 8.815194
 
19.40035, -0.001499019, -0.01594851, 16.49713, 0, 0.0028534838327535795497511, 14849.23, -679.3352, -2.629443, 0.0166641, 0.1456619, 237.8186, 1.845477, 1.454142, 8.815194
 
19.41035, -0.001505228, -0.0159635, 16.48335, 0, 0.0028583616173499785276077243, 14828.29, -679.3352, -2.629443, 0.0166641, 0.1456619, 237.6819, 1.845477, 1.454142, 8.815194
 
19.42035, -0.001498128, -0.01597856, 16.46959, 0, 0.0028620405501087907022434757, 14807.39, -679.3352, -2.629443, 0.0166641, 0.1456619, 237.5452, 1.845477, 1.454142, 8.815194
 
19.43035, -0.001490079, -0.01599354, 16.45583, 0, 0.0028656222076088709763945757, 14786.51, -679.3352, -2.629443, 0.0166641, 0.1456619, 237.4086, 1.845477, 1.454142, 8.815194
 
19.44035, -0.001493731, -0.01600844, 16.4421, 0, 0.0028702633767110233534570243, 14765.67, -679.3352, -2.629443, 0.0166641, 0.1456619, 237.272, 1.845477, 1.454142, 8.815194
 
19.45035, -0.001483587, -0.01602338, 16.42837, 0, 0.0028736522364009608635053, 14744.86, -679.3352, -2.629443, 0.0166641, 0.1456619, 237.1356, 1.845477, 1.454142, 8.815194
 
19.46035, -0.001481739, -0.01603821, 16.41466, 0, 0.0028777859967209703210954, 14724.08, -679.3352, -2.629443, 0.0166641, 0.1456619, 236.9992, 1.845477, 1.454142, 8.815194
 
19.47035, -0.001485162, -0.01605303, 16.40096, 0, 0.0028824052569810357256648757, 14703.33, -679.3352, -2.629443, 0.0166641, 0.1456619, 236.8628, 1.845477, 1.454142, 8.815194
 
19.48035, -0.001489695, -0.01606788, 16.38728, 0, 0.0028871375668661517758217, 14682.61, -679.3352, -2.629443, 0.0166641, 0.1456619, 236.7266, 1.845477, 1.454142, 8.815194
 
19.49035, -0.00149937, -0.01608278, 16.3736, 0, 0.0028923571293986886275085, 14661.92, -679.3352, -2.629443, 0.0166641, 0.1456619, 236.5904, 1.845477, 1.454142, 8.815194
 
19.50035, -0.001494663, -0.01609777, 16.35995, 0, 0.0028962718012980912662736, 14641.26, -679.3352, -2.629443, 0.0166641, 0.1456619, 236.4543, 1.845477, 1.454142, 8.815194
 
19.51035, -0.001493074, -0.01611272, 16.34631, 0, 0.0029004695354369266784974243, 14620.64, -679.3352, -2.629443, 0.0166641, 0.1456619, 236.3183, 1.845477, 1.454142, 8.815194
 
19.52035, -0.001489278, -0.01612765, 16.33267, 0, 0.002904463955521421435778, 14600.04, -679.3352, -2.629443, 0.0166641, 0.1456619, 236.1823, 1.845477, 1.454142, 8.815194
 
19.53035, -0.001482386, -0.01614254, 16.31906, 0, 0.0029081683025370415284711, 14579.48, -679.3352, -2.629443, 0.0166641, 0.1456619, 236.0464, 1.845477, 1.454142, 8.815194
 
19.54035, -0.001476858, -0.01615736, 16.30545, 0, 0.0029119900809461156395912243, 14558.94, -679.3352, -2.629443, 0.0166641, 0.1456619, 235.9106, 1.845477, 1.454142, 8.815194
 
19.55035, -0.001473278, -0.01617213, 16.29187, 0, 0.0029159862537379752514224, 14538.44, -679.3352, -2.629443, 0.0166641, 0.1456619, 235.7749, 1.845477, 1.454142, 8.815194
 
19.56035, -0.001471015, -0.01618687, 16.27829, 0, 0.0029201024869843361635065, 14517.96, -679.3352, -2.629443, 0.0166641, 0.1456619, 235.6392, 1.845477, 1.454142, 8.815194
 
19.57035, -0.001476903, -0.01620158, 16.26472, 0, 0.0029249776425196703324635757, 14497.52, -679.3352, -2.629443, 0.0166641, 0.1456619, 235.5036, 1.845477, 1.454142, 8.815194
 
19.58035, -0.00147959, -0.01621635, 16.25117, 0, 0.0029295697358155980185724, 14477.1, -679.3352, -2.629443, 0.0166641, 0.1456619, 235.368, 1.845477, 1.454142, 8.815194
 
19.59035, -0.001477247, -0.01623114, 16.23763, 0, 0.0029337017434282426216119, 14456.72, -679.3352, -2.629443, 0.0166641, 0.1456619, 235.2326, 1.845477, 1.454142, 8.815194
 
19.60035, -0.001483062, -0.01624591, 16.2241, 0, 0.0029385970550982813814377, 14436.36, -679.3352, -2.629443, 0.0166641, 0.1456619, 235.0972, 1.845477, 1.454142, 8.815194
 
19.61035, -0.001486628, -0.01626074, 16.2106, 0, 0.0029432969398971388588716, 14416.03, -679.3352, -2.629443, 0.0166641, 0.1456619, 234.9618, 1.845477, 1.454142, 8.815194
 
19.62035, -0.001487707, -0.01627561, 16.19709, 0, 0.0029477742308606598083793, 14395.74, -679.3352, -2.629443, 0.0166641, 0.1456619, 234.8266, 1.845477, 1.454142, 8.815194
 
19.63035, -0.001483829, -0.01629049, 16.18361, 0, 0.0029517923124945888656298, 14375.47, -679.3352, -2.629443, 0.0166641, 0.1456619, 234.6914, 1.845477, 1.454142, 8.815194
 
19.64035, -0.001488159, -0.01630532, 16.17014, 0, 0.0029565798326616978341305243, 14355.24, -679.3352, -2.629443, 0.0166641, 0.1456619, 234.5563, 1.845477, 1.454142, 8.815194
 
19.65035, -0.001497706, -0.0163202, 16.15668, 0, 0.0029618712561961849588551, 14335.04, -679.3352, -2.629443, 0.0166641, 0.1456619, 234.4213, 1.845477, 1.454142, 8.815194
 
19.66035, -0.001493918, -0.01633518, 16.14324, 0, 0.0029659278973921408162188, 14314.86, -679.3352, -2.629443, 0.0166641, 0.1456619, 234.2863, 1.845477, 1.454142, 8.815194
 
19.67035, -0.001498339, -0.01635012, 16.1298, 0, 0.0029707566061823151031218, 14294.71, -679.3352, -2.629443, 0.0166641, 0.1456619, 234.1514, 1.845477, 1.454142, 8.815194
 
19.68036, -0.001504018, -0.0163651, 16.11639, 0, 0.0029757185207322183358704, 14274.6, -679.3352, -2.629443, 0.0166641, 0.1456619, 234.0166, 1.845477, 1.454142, 8.815194
 
19.69036, -0.001514904, -0.01638014, 16.10298, 0, 0.0029811895967716118155683, 14254.51, -679.3352, -2.629443, 0.0166641, 0.1456619, 233.8818, 1.845477, 1.454142, 8.815194
 
19.70036, -0.001509144, -0.01639529, 16.08959, 0, 0.002985106021378379308884, 14234.45, -679.3352, -2.629443, 0.0166641, 0.1456619, 233.7471, 1.845477, 1.454142, 8.815194
 
19.71036, -0.001517855, -0.01641038, 16.0762, 0, 0.0029903913104370894426814757, 14214.42, -679.3352, -2.629443, 0.0166641, 0.1456619, 233.6125, 1.845477, 1.454142, 8.815194
 
19.72036, -0.00151876, -0.01642556, 16.06284, 0, 0.0029949544840614970287054, 14194.42, -679.3352, -2.629443, 0.0166641, 0.1456619, 233.4779, 1.845477, 1.454142, 8.815194
 
19.73036, -0.001517409, -0.01644075, 16.04949, 0, 0.0029993090855094869232079243, 14174.45, -679.3352, -2.629443, 0.0166641, 0.1456619, 233.3435, 1.845477, 1.454142, 8.815194
 
19.74036, -0.001518041, -0.01645593, 16.03614, 0, 0.0030038547320602284366522, 14154.51, -679.3352, -2.629443, 0.0166641, 0.1456619, 233.2091, 1.845477, 1.454142, 8.815194
 
19.75036, -0.001522878, -0.01647111, 16.02282, 0, 0.0030088087594269810603862757, 14134.6, -679.3352, -2.629443, 0.0166641, 0.1456619, 233.0747, 1.845477, 1.454142, 8.815194
 
19.76036, -0.001522293, -0.01648634, 16.0095, 0, 0.0030132562543653082460706, 14114.72, -679.3352, -2.629443, 0.0166641, 0.1456619, 232.9405, 1.845477, 1.454142, 8.815194
 
19.77036, -0.001522349, -0.01650156, 15.9962, 0, 0.0030177694758298174774024243, 14094.87, -679.3352, -2.629443, 0.0166641, 0.1456619, 232.8063, 1.845477, 1.454142, 8.815194
 
19.78036, -0.001527762, -0.01651678, 15.98291, 0, 0.0030228014986743061286382, 14075.04, -679.3352, -2.629443, 0.0166641, 0.1456619, 232.6721, 1.845477, 1.454142, 8.815194
 
19.79036, -0.001534506, -0.01653206, 15.96963, 0, 0.0030279763671690304257478757, 14055.24, -679.3352, -2.629443, 0.0166641, 0.1456619, 232.5381, 1.845477, 1.454142, 8.815194
 
19.80036, -0.001545923, -0.0165474, 15.95636, 0, 0.0030336200848838708422167, 14035.48, -679.3352, -2.629443, 0.0166641, 0.1456619, 232.4041, 1.845477, 1.454142, 8.815194
 
19.81036, -0.001544377, -0.01656286, 15.94312, 0, 0.0030380404128580340188299, 14015.74, -679.3352, -2.629443, 0.0166641, 0.1456619, 232.2701, 1.845477, 1.454142, 8.815194
 
19.82036, -0.001551585, -0.01657831, 15.92988, 0, 0.0030433072984894131798460757, 13996.03, -679.3352, -2.629443, 0.0166641, 0.1456619, 232.1363, 1.845477, 1.454142, 8.815194
 
19.83036, -0.001556778, -0.01659382, 15.91665, 0, 0.0030483989133843156493390757, 13976.35, -679.3352, -2.629443, 0.0166641, 0.1456619, 232.0025, 1.845477, 1.454142, 8.815194
 
19.84036, -0.001559251, -0.01660939, 15.90344, 0, 0.0030532416438334262997205243, 13956.7, -679.3352, -2.629443, 0.0166641, 0.1456619, 231.8688, 1.845477, 1.454142, 8.815194
 
19.85036, -0.00155703, -0.01662498, 15.89024, 0, 0.0030576391866118288401022757, 13937.08, -679.3352, -2.629443, 0.0166641, 0.1456619, 231.7351, 1.845477, 1.454142, 8.815194
 
19.86036, -0.001563035, -0.01664055, 15.87705, 0, 0.0030628350875949401553559757, 13917.49, -679.3352, -2.629443, 0.0166641, 0.1456619, 231.6015, 1.845477, 1.454142, 8.815194
 
19.87036, -0.001566361, -0.01665618, 15.86388, 0, 0.0030677873622543454516131, 13897.92, -679.3352, -2.629443, 0.0166641, 0.1456619, 231.468, 1.845477, 1.454142, 8.815194
 
19.88036, -0.001571144, -0.01667185, 15.85071, 0, 0.0030728921224544930937724243, 13878.38, -679.3352, -2.629443, 0.0166641, 0.1456619, 231.3346, 1.845477, 1.454142, 8.815194
 
19.89036, -0.001567907, -0.01668756, 15.83756, 0, 0.0030772300731824993429706, 13858.88, -679.3352, -2.629443, 0.0166641, 0.1456619, 231.2012, 1.845477, 1.454142, 8.815194
 
19.90036, -0.001565553, -0.01670324, 15.82443, 0, 0.0030816512775103449468591, 13839.4, -679.3352, -2.629443, 0.0166641, 0.1456619, 231.0679, 1.845477, 1.454142, 8.815194
 
19.91036, -0.001571444, -0.01671889, 15.81131, 0, 0.0030868787272260148804867757, 13819.95, -679.3352, -2.629443, 0.0166641, 0.1456619, 230.9347, 1.845477, 1.454142, 8.815194
 
19.92036, -0.00157266, -0.01673461, 15.79819, 0, 0.0030916653710394414217122, 13800.52, -679.3352, -2.629443, 0.0166641, 0.1456619, 230.8015, 1.845477, 1.454142, 8.815194
 
19.93036, -0.001572095, -0.01675033, 15.7851, 0, 0.0030962846312995155898185, 13781.13, -679.3352, -2.629443, 0.0166641, 0.1456619, 230.6684, 1.845477, 1.454142, 8.815194
 
19.94036, -0.001572417, -0.01676605, 15.77201, 0, 0.0031009932796351973400054, 13761.77, -679.3352, -2.629443, 0.0166641, 0.1456619, 230.5354, 1.845477, 1.454142, 8.815194
 
19.95036, -0.001577628, -0.01678178, 15.75894, 0, 0.0031061891806183086552591, 13742.43, -679.3352, -2.629443, 0.0166641, 0.1456619, 230.4024, 1.845477, 1.454142, 8.815194
 
19.96036, -0.001581536, -0.01679756, 15.74588, 0, 0.0031112711556226956611869757, 13723.12, -679.3352, -2.629443, 0.0166641, 0.1456619, 230.2695, 1.845477, 1.454142, 8.815194
 
19.97036, -0.001585764, -0.01681337, 15.73283, 0, 0.0031163969483112127944166757, 13703.84, -679.3352, -2.629443, 0.0166641, 0.1456619, 230.1367, 1.845477, 1.454142, 8.815194
 
19.98036, -0.001582648, -0.01682923, 15.71979, 0, 0.0031208111418096077436396, 13684.59, -679.3352, -2.629443, 0.0166641, 0.1456619, 230.004, 1.845477, 1.454142, 8.815194
 
19.99036, -0.001590583, -0.01684506, 15.70677, 0, 0.0031263172719963070778863243, 13665.36, -679.3352, -2.629443, 0.0166641, 0.1456619, 229.8712, 1.845477, 1.454142, 8.815194
 
20.00036, -0.001598819, -0.01686096, 15.69376, 0, 0.0031318733543428960032883243, 13646.17, -679.3352, -2.629443, 0.0166641, 0.1456619, 229.7386, 1.845477, 1.454142, 8.815194
 
20.01036, -0.001602965, -0.01687695, 15.68077, 0, 0.0031370447174228905912968, 13627, -679.3352, -2.629443, 0.0166641, 0.1456619, 229.6061, 1.845477, 1.454142, 8.815194
 
20.02036, -0.001615247, -0.01689298, 15.66778, 0, 0.0031430389766106931543488, 13607.85, -679.3352, -2.629443, 0.0166641, 0.1456619, 229.4736, 1.845477, 1.454142, 8.815194
 
20.03036, -0.001614628, -0.01690913, 15.65481, 0, 0.0031477791736789422864465, 13588.74, -679.3352, -2.629443, 0.0166641, 0.1456619, 229.3411, 1.845477, 1.454142, 8.815194
 
20.04036, -0.001612912, -0.01692528, 15.64185, 0, 0.0031524124555979440544944243, 13569.66, -679.3352, -2.629443, 0.0166641, 0.1456619, 229.2088, 1.845477, 1.454142, 8.815194
 
20.05036, -0.001616686, -0.01694141, 15.6289, 0, 0.0031575943349221190062696757, 13550.6, -679.3352, -2.629443, 0.0166641, 0.1456619, 229.0765, 1.845477, 1.454142, 8.815194
 
20.06036, -0.001618151, -0.01695758, 15.61597, 0, 0.003162558878533078284381, 13531.57, -679.3352, -2.629443, 0.0166641, 0.1456619, 228.9443, 1.845477, 1.454142, 8.815194
 
20.07036, -0.001618501, -0.01697376, 15.60304, 0, 0.0031674191360558287167316243, 13512.57, -679.3352, -2.629443, 0.0166641, 0.1456619, 228.8122, 1.845477, 1.454142, 8.815194
 
20.08036, -0.00161337, -0.01698994, 15.59014, 0, 0.0031717369306491479021347243, 13493.6, -679.3352, -2.629443, 0.0166641, 0.1456619, 228.6801, 1.845477, 1.454142, 8.815194
 
20.09036, -0.001615581, -0.01700608, 15.57724, 0, 0.0031767847278599202443259, 13474.65, -679.3352, -2.629443, 0.0166641, 0.1456619, 228.5481, 1.845477, 1.454142, 8.815194
 
20.10036, -0.001619959, -0.01702223, 15.56435, 0, 0.0031820595006744500143566, 13455.73, -679.3352, -2.629443, 0.0166641, 0.1456619, 228.4161, 1.845477, 1.454142, 8.815194
 
20.11036, -0.001615581, -0.01703843, 15.55147, 0, 0.0031864675596970592091156, 13436.84, -679.3352, -2.629443, 0.0166641, 0.1456619, 228.2843, 1.845477, 1.454142, 8.815194
 
20.12037, -0.001616779, -0.01705459, 15.53862, 0, 0.0031914321033080184872269243, 13417.98, -679.3352, -2.629443, 0.0166641, 0.1456619, 228.1525, 1.845477, 1.454142, 8.815194
 
20.13037, -0.001622453, -0.01707076, 15.52577, 0, 0.0031968567326022433213339243, 13399.14, -679.3352, -2.629443, 0.0166641, 0.1456619, 228.0207, 1.845477, 1.454142, 8.815194
 
20.14037, -0.001619905, -0.01708698, 15.51293, 0, 0.0032014663529717932623382757, 13380.33, -679.3352, -2.629443, 0.0166641, 0.1456619, 227.889, 1.845477, 1.454142, 8.815194
 
20.15037, -0.001613146, -0.01710318, 15.50011, 0, 0.0032056491890980186473451757, 13361.55, -679.3352, -2.629443, 0.0166641, 0.1456619, 227.7574, 1.845477, 1.454142, 8.815194
 
20.16037, -0.00162078, -0.01711931, 15.48729, 0, 0.0032112823905686611729735757, 13342.79, -679.3352, -2.629443, 0.0166641, 0.1456619, 227.6259, 1.845477, 1.454142, 8.815194
 
20.17037, -0.001619251, -0.01713552, 15.47449, 0, 0.0032160059369169529503774, 13324.06, -679.3352, -2.629443, 0.0166641, 0.1456619, 227.4944, 1.845477, 1.454142, 8.815194
 
20.18037, -0.00162326, -0.01715171, 15.4617, 0, 0.0032212929786830279387254757, 13305.36, -679.3352, -2.629443, 0.0166641, 0.1456619, 227.3629, 1.845477, 1.454142, 8.815194
 
20.19037, -0.001628494, -0.01716794, 15.44893, 0, 0.0032267184843309439636446, 13286.68, -679.3352, -2.629443, 0.0166641, 0.1456619, 227.2316, 1.845477, 1.454142, 8.815194
 
20.20037, -0.001628883, -0.01718423, 15.43616, 0, 0.0032316663772219283599884, 13268.03, -679.3352, -2.629443, 0.0166641, 0.1456619, 227.1003, 1.845477, 1.454142, 8.815194
 
20.21037, -0.001625075, -0.01720052, 15.42341, 0, 0.0032361909912843003823623, 13249.41, -679.3352, -2.629443, 0.0166641, 0.1456619, 226.969, 1.845477, 1.454142, 8.815194
 
20.22037, -0.001622147, -0.01721677, 15.41067, 0, 0.0032408023643612414685277243, 13230.82, -679.3352, -2.629443, 0.0166641, 0.1456619, 226.8379, 1.845477, 1.454142, 8.815194
 
20.23037, -0.001618344, -0.01723299, 15.39794, 0, 0.0032453234730088837818004243, 13212.25, -679.3352, -2.629443, 0.0166641, 0.1456619, 226.7068, 1.845477, 1.454142, 8.815194
 
20.24037, -0.001622899, -0.01724917, 15.38523, 0, 0.0032506972737895190704032, 13193.71, -679.3352, -2.629443, 0.0166641, 0.1456619, 226.5758, 1.845477, 1.454142, 8.815194
 
20.25037, -0.00160981, -0.0172654, 15.37253, 0, 0.0032542754258748696354531, 13175.2, -679.3352, -2.629443, 0.0166641, 0.1456619, 226.4448, 1.845477, 1.454142, 8.815194
 
20.26037, -0.001614454, -0.0172815, 15.35984, 0, 0.0032596536084239345875060243, 13156.71, -679.3352, -2.629443, 0.0166641, 0.1456619, 226.3139, 1.845477, 1.454142, 8.815194
 
20.27037, -0.001626824, -0.01729765, 15.34716, 0, 0.0032658415417755360513256757, 13138.25, -679.3352, -2.629443, 0.0166641, 0.1456619, 226.1831, 1.845477, 1.454142, 8.815194
 
20.28037, -0.001624715, -0.01731391, 15.33449, 0, 0.0032705677171848663470185757, 13119.82, -679.3352, -2.629443, 0.0166641, 0.1456619, 226.0523, 1.845477, 1.454142, 8.815194
 
20.29037, -0.0016213, -0.01733016, 15.32183, 0, 0.0032751598104807940331274, 13101.41, -679.3352, -2.629443, 0.0166641, 0.1456619, 225.9216, 1.845477, 1.454142, 8.815194
 
20.30037, -0.001629464, -0.01734637, 15.30919, 0, 0.0032809446211384964773827, 13083.03, -679.3352, -2.629443, 0.0166641, 0.1456619, 225.791, 1.845477, 1.454142, 8.815194
 
20.31037, -0.001626045, -0.01736267, 15.29656, 0, 0.0032855542415080727089975243, 13064.68, -679.3352, -2.629443, 0.0166641, 0.1456619, 225.6604, 1.845477, 1.454142, 8.815194
 
20.32037, -0.001628249, -0.01737893, 15.28394, 0, 0.0032907440080153982697873, 13046.35, -679.3352, -2.629443, 0.0166641, 0.1456619, 225.5299, 1.845477, 1.454142, 8.815194
 
20.33037, -0.001615838, -0.01739521, 15.27133, 0, 0.0032944264461889576805979, 13028.05, -679.3352, -2.629443, 0.0166641, 0.1456619, 225.3995, 1.845477, 1.454142, 8.815194
 
20.34037, -0.001618374, -0.01741137, 15.25874, 0, 0.0032996407505993999686329, 13009.78, -679.3352, -2.629443, 0.0166641, 0.1456619, 225.2692, 1.845477, 1.454142, 8.815194
 
20.35037, -0.001623228, -0.01742756, 15.24616, 0, 0.003305106568516698884679, 12991.54, -679.3352, -2.629443, 0.0166641, 0.1456619, 225.1389, 1.845477, 1.454142, 8.815194
 
20.36037, -0.00161669, -0.01744379, 15.23359, 0, 0.003309400701560592533649, 12973.32, -679.3352, -2.629443, 0.0166641, 0.1456619, 225.0087, 1.845477, 1.454142, 8.815194
 
20.37037, -0.001612204, -0.01745996, 15.22103, 0, 0.0033138999013661654015023757, 12955.12, -679.3352, -2.629443, 0.0166641, 0.1456619, 224.8785, 1.845477, 1.454142, 8.815194
 
20.38037, -0.001621595, -0.01747608, 15.20848, 0, 0.0033198442083940871369359243, 12936.95, -679.3352, -2.629443, 0.0166641, 0.1456619, 224.7484, 1.845477, 1.454142, 8.815194
 
20.39037, -0.0016264, -0.01749229, 15.19595, 0, 0.0033253336878608115894151243, 12918.81, -679.3352, -2.629443, 0.0166641, 0.1456619, 224.6184, 1.845477, 1.454142, 8.815194
 
20.40037, -0.001627156, -0.01750856, 15.18342, 0, 0.0033304139101578337407924, 12900.7, -679.3352, -2.629443, 0.0166641, 0.1456619, 224.4884, 1.845477, 1.454142, 8.815194
 
20.41037, -0.001638944, -0.01752483, 15.17091, 0, 0.0033366588064988105045802, 12882.61, -679.3352, -2.629443, 0.0166641, 0.1456619, 224.3585, 1.845477, 1.454142, 8.815194
 
20.42037, -0.00164209, -0.01754122, 15.15841, 0, 0.0033420255964499951385174, 12864.54, -679.3352, -2.629443, 0.0166641, 0.1456619, 224.2286, 1.845477, 1.454142, 8.815194
 
20.43037, -0.001653952, -0.01755764, 15.14593, 0, 0.003348319568597187829722, 12846.5, -679.3352, -2.629443, 0.0166641, 0.1456619, 224.0988, 1.845477, 1.454142, 8.815194
 
20.44037, -0.001654043, -0.01757418, 15.13345, 0, 0.0033534050490163220718247243, 12828.49, -679.3352, -2.629443, 0.0166641, 0.1456619, 223.9691, 1.845477, 1.454142, 8.815194
 
20.45037, -0.001653413, -0.01759072, 15.12098, 0, 0.0033584177920797885594670757, 12810.5, -679.3352, -2.629443, 0.0166641, 0.1456619, 223.8395, 1.845477, 1.454142, 8.815194
 
20.46037, -0.001658395, -0.01760726, 15.10853, 0, 0.0033640282083546967394745, 12792.54, -679.3352, -2.629443, 0.0166641, 0.1456619, 223.7099, 1.845477, 1.454142, 8.815194
 
20.47037, -0.001664464, -0.01762384, 15.09609, 0, 0.0033697692013282690564279757, 12774.61, -679.3352, -2.629443, 0.0166641, 0.1456619, 223.5803, 1.845477, 1.454142, 8.815194
 
20.48037, -0.00167201, -0.01764048, 15.08366, 0, 0.0033756845886846706917766243, 12756.7, -679.3352, -2.629443, 0.0166641, 0.1456619, 223.4509, 1.845477, 1.454142, 8.815194
 
20.49037, -0.001685027, -0.01765721, 15.07124, 0, 0.0033822011546671911473706, 12738.81, -679.3352, -2.629443, 0.0166641, 0.1456619, 223.3215, 1.845477, 1.454142, 8.815194
 
20.50037, -0.001686845, -0.01767405, 15.05884, 0, 0.0033875600574352251722932757, 12720.96, -679.3352, -2.629443, 0.0166641, 0.1456619, 223.1921, 1.845477, 1.454142, 8.815194
 
20.51037, -0.001690674, -0.01769092, 15.04644, 0, 0.0033931424303922956794911, 12703.12, -679.3352, -2.629443, 0.0166641, 0.1456619, 223.0629, 1.845477, 1.454142, 8.815194
 
20.52037, -0.00168982, -0.01770783, 15.03405, 0, 0.0033982384270556015218237757, 12685.32, -679.3352, -2.629443, 0.0166641, 0.1456619, 222.9337, 1.845477, 1.454142, 8.815194
 
20.53037, -0.001691043, -0.01772473, 15.02169, 0, 0.0034035605229689823647206757, 12667.54, -679.3352, -2.629443, 0.0166641, 0.1456619, 222.8045, 1.845477, 1.454142, 8.815194
 
20.54037, -0.001690818, -0.01774164, 15.00933, 0, 0.0034087345151100505251655243, 12649.78, -679.3352, -2.629443, 0.0166641, 0.1456619, 222.6754, 1.845477, 1.454142, 8.815194
 
20.55037, -0.001686818, -0.01775855, 14.99698, 0, 0.0034135097663255792212015757, 12632.05, -679.3352, -2.629443, 0.0166641, 0.1456619, 222.5464, 1.845477, 1.454142, 8.815194
 
20.56038, -0.001693965, -0.01777542, 14.98465, 0, 0.0034194759821955441114439757, 12614.35, -679.3352, -2.629443, 0.0166641, 0.1456619, 222.4175, 1.845477, 1.454142, 8.815194
 
20.57038, -0.00170273, -0.01779236, 14.97232, 0, 0.0034256358722293341930645, 12596.67, -679.3352, -2.629443, 0.0166641, 0.1456619, 222.2886, 1.845477, 1.454142, 8.815194
 
20.58038, -0.001707169, -0.01780938, 14.96001, 0, 0.0034313549563608545916723, 12579.02, -679.3352, -2.629443, 0.0166641, 0.1456619, 222.1598, 1.845477, 1.454142, 8.815194
 
20.59038, -0.001706635, -0.01782645, 14.9477, 0, 0.0034365543627586868524903757, 12561.39, -679.3352, -2.629443, 0.0166641, 0.1456619, 222.031, 1.845477, 1.454142, 8.815194
 
20.60038, -0.001711355, -0.01784352, 14.93541, 0, 0.0034423233990501143693271, 12543.78, -679.3352, -2.629443, 0.0166641, 0.1456619, 221.9023, 1.845477, 1.454142, 8.815194
 
20.61038, -0.001705721, -0.01786063, 14.92313, 0, 0.0034469899824090396102996, 12526.21, -679.3352, -2.629443, 0.0166641, 0.1456619, 221.7737, 1.845477, 1.454142, 8.815194
 
20.62038, -0.001711271, -0.01787769, 14.91087, 0, 0.0034528589230202550729837, 12508.65, -679.3352, -2.629443, 0.0166641, 0.1456619, 221.6451, 1.845477, 1.454142, 8.815194
 
20.63038, -0.001715747, -0.0178948, 14.89861, 0, 0.0034586288356653474900220757, 12491.12, -679.3352, -2.629443, 0.0166641, 0.1456619, 221.5166, 1.845477, 1.454142, 8.815194
 
20.64038, -0.00171887, -0.01791196, 14.88637, 0, 0.0034642664189044109155638, 12473.62, -679.3352, -2.629443, 0.0166641, 0.1456619, 221.3881, 1.845477, 1.454142, 8.815194
 
20.65038, -0.001724095, -0.01792915, 14.87414, 0, 0.0034701441230524506510009, 12456.15, -679.3352, -2.629443, 0.0166641, 0.1456619, 221.2597, 1.845477, 1.454142, 8.815194
 
20.66038, -0.001724878, -0.01794639, 14.86192, 0, 0.0034755564833951215032537, 12438.69, -679.3352, -2.629443, 0.0166641, 0.1456619, 221.1314, 1.845477, 1.454142, 8.815194
 
20.67038, -0.001727825, -0.01796364, 14.8497, 0, 0.003481209841000459856214, 12421.26, -679.3352, -2.629443, 0.0166641, 0.1456619, 221.0031, 1.845477, 1.454142, 8.815194
 
20.68038, -0.001732216, -0.01798091, 14.8375, 0, 0.0034870332112201803370456757, 12403.86, -679.3352, -2.629443, 0.0166641, 0.1456619, 220.8749, 1.845477, 1.454142, 8.815194
 
20.69038, -0.001732916, -0.01799824, 14.82532, 0, 0.0034924683567586118255299243, 12386.48, -679.3352, -2.629443, 0.0166641, 0.1456619, 220.7468, 1.845477, 1.454142, 8.815194
 
20.70038, -0.001732434, -0.01801557, 14.81314, 0, 0.0034977808127814772048617, 12369.13, -679.3352, -2.629443, 0.0166641, 0.1456619, 220.6187, 1.845477, 1.454142, 8.815194
 
20.71038, -0.001731071, -0.01803289, 14.80097, 0, 0.0035030021280213789110991, 12351.79, -679.3352, -2.629443, 0.0166641, 0.1456619, 220.4907, 1.845477, 1.454142, 8.815194
 
20.72038, -0.001743527, -0.0180502, 14.78882, 0, 0.0035097404114855622308808, 12334.49, -679.3352, -2.629443, 0.0166641, 0.1456619, 220.3627, 1.845477, 1.454142, 8.815194
 
20.73038, -0.001745763, -0.01806764, 14.77668, 0, 0.003515387634615123592914, 12317.21, -679.3352, -2.629443, 0.0166641, 0.1456619, 220.2348, 1.845477, 1.454142, 8.815194
 
20.74038, -0.001753269, -0.01808509, 14.76455, 0, 0.0035216255201266409384994, 12299.95, -679.3352, -2.629443, 0.0166641, 0.1456619, 220.107, 1.845477, 1.454142, 8.815194
 
20.75038, -0.001756071, -0.01810263, 14.75243, 0, 0.0035273665131002132554528757, 12282.73, -679.3352, -2.629443, 0.0166641, 0.1456619, 219.9792, 1.845477, 1.454142, 8.815194
 
20.76038, -0.001767232, -0.01812019, 14.74032, 0, 0.0035340408227455881476745, 12265.52, -679.3352, -2.629443, 0.0166641, 0.1456619, 219.8515, 1.845477, 1.454142, 8.815194
 
20.77038, -0.001765206, -0.01813786, 14.72822, 0, 0.0035392893049496450994462, 12248.34, -679.3352, -2.629443, 0.0166641, 0.1456619, 219.7239, 1.845477, 1.454142, 8.815194
 
20.78038, -0.001774315, -0.01815551, 14.71614, 0, 0.0035457690640775123730144, 12231.18, -679.3352, -2.629443, 0.0166641, 0.1456619, 219.5963, 1.845477, 1.454142, 8.815194
 
20.79038, -0.001776092, -0.01817326, 14.70406, 0, 0.0035514627339522423806385, 12214.04, -679.3352, -2.629443, 0.0166641, 0.1456619, 219.4688, 1.845477, 1.454142, 8.815194
 
20.80038, -0.001785879, -0.01819102, 14.692, 0, 0.0035580529136441042544313243, 12196.94, -679.3352, -2.629443, 0.0166641, 0.1456619, 219.3413, 1.845477, 1.454142, 8.815194
 
20.81038, -0.001785666, -0.01820888, 14.67995, 0, 0.003563560796538150916155, 12179.85, -679.3352, -2.629443, 0.0166641, 0.1456619, 219.2139, 1.845477, 1.454142, 8.815194
 
20.82038, -0.00179082, -0.01822673, 14.66791, 0, 0.0035696698580583514522713, 12162.8, -679.3352, -2.629443, 0.0166641, 0.1456619, 219.0866, 1.845477, 1.454142, 8.815194
 
20.83038, -0.00178611, -0.01824464, 14.65588, 0, 0.0035746966227807543033921, 12145.76, -679.3352, -2.629443, 0.0166641, 0.1456619, 218.9593, 1.845477, 1.454142, 8.815194
 
20.84038, -0.001783418, -0.0182625, 14.64386, 0, 0.0035799451049848112551638, 12128.75, -679.3352, -2.629443, 0.0166641, 0.1456619, 218.8321, 1.845477, 1.454142, 8.815194
 
20.85038, -0.001779841, -0.01828034, 14.63185, 0, 0.0035850945592227539248266, 12111.77, -679.3352, -2.629443, 0.0166641, 0.1456619, 218.705, 1.845477, 1.454142, 8.815194
 
20.86038, -0.00177829, -0.01829813, 14.61985, 0, 0.0035904674836497067861540757, 12094.8, -679.3352, -2.629443, 0.0166641, 0.1456619, 218.5779, 1.845477, 1.454142, 8.815194
 
20.87038, -0.001778553, -0.01831592, 14.60787, 0, 0.0035960463511920475842507, 12077.86, -679.3352, -2.629443, 0.0166641, 0.1456619, 218.4508, 1.845477, 1.454142, 8.815194
 
20.88038, -0.001778475, -0.0183337, 14.59589, 0, 0.0036015927936481298096244, 12060.95, -679.3352, -2.629443, 0.0166641, 0.1456619, 218.3239, 1.845477, 1.454142, 8.815194
 
20.89038, -0.001774485, -0.01835149, 14.58393, 0, 0.0036067063173850929609999, 12044.06, -679.3352, -2.629443, 0.0166641, 0.1456619, 218.1969, 1.845477, 1.454142, 8.815194
 
20.90038, -0.001778288, -0.01836923, 14.57198, 0, 0.0036126918130360712512989, 12027.19, -679.3352, -2.629443, 0.0166641, 0.1456619, 218.0701, 1.845477, 1.454142, 8.815194
 
20.91038, -0.00177851, -0.01838702, 14.56003, 0, 0.0036182882076520518313647, 12010.34, -679.3352, -2.629443, 0.0166641, 0.1456619, 217.9433, 1.845477, 1.454142, 8.815194
 
20.92038, -0.001778073, -0.0184048, 14.54811, 0, 0.0036238162466807943204202757, 11993.53, -679.3352, -2.629443, 0.0166641, 0.1456619, 217.8166, 1.845477, 1.454142, 8.815194
 
20.93038, -0.001776835, -0.01842258, 14.53619, 0, 0.0036292584030486852271069243, 11976.73, -679.3352, -2.629443, 0.0166641, 0.1456619, 217.6899, 1.845477, 1.454142, 8.815194
 
20.94038, -0.001772308, -0.01844035, 14.52428, 0, 0.0036343324908699303875571, 11959.96, -679.3352, -2.629443, 0.0166641, 0.1456619, 217.5633, 1.845477, 1.454142, 8.815194
 
20.95038, -0.001763347, -0.01845807, 14.51238, 0, 0.0036389000462627325828838757, 11943.21, -679.3352, -2.629443, 0.0166641, 0.1456619, 217.4368, 1.845477, 1.454142, 8.815194
 
20.96038, -0.001766037, -0.01847571, 14.5005, 0, 0.0036447733686423689454813, 11926.49, -679.3352, -2.629443, 0.0166641, 0.1456619, 217.3103, 1.845477, 1.454142, 8.815194
 
20.97038, -0.001770603, -0.01849337, 14.48862, 0, 0.0036508727902720627815693, 11909.79, -679.3352, -2.629443, 0.0166641, 0.1456619, 217.1839, 1.845477, 1.454142, 8.815194
 
20.98038, -0.001768808, -0.01851107, 14.47676, 0, 0.0036562632417726729519396, 11893.11, -679.3352, -2.629443, 0.0166641, 0.1456619, 217.0575, 1.845477, 1.454142, 8.815194
 
20.99039, -0.001762962, -0.01852876, 14.4649, 0, 0.003661195360297373657328, 11876.46, -679.3352, -2.629443, 0.0166641, 0.1456619, 216.9312, 1.845477, 1.454142, 8.815194
 
21.00039, -0.001765692, -0.01854639, 14.45306, 0, 0.0036670976023485125929366757, 11859.83, -679.3352, -2.629443, 0.0166641, 0.1456619, 216.8049, 1.845477, 1.454142, 8.815194
 
21.01039, -0.00176133, -0.01856405, 14.44123, 0, 0.0036722014861949865713575243, 11843.22, -679.3352, -2.629443, 0.0166641, 0.1456619, 216.6788, 1.845477, 1.454142, 8.815194
 
21.02039, -0.001762857, -0.01858166, 14.42941, 0, 0.0036779749042548086974971, 11826.64, -679.3352, -2.629443, 0.0166641, 0.1456619, 216.5526, 1.845477, 1.454142, 8.815194
 
21.03039, -0.001766811, -0.01859929, 14.41759, 0, 0.0036840348899687933061966, 11810.08, -679.3352, -2.629443, 0.0166641, 0.1456619, 216.4266, 1.845477, 1.454142, 8.815194
 
21.04039, -0.001769718, -0.01861695, 14.4058, 0, 0.0036899888368872129781216243, 11793.55, -679.3352, -2.629443, 0.0166641, 0.1456619, 216.3006, 1.845477, 1.454142, 8.815194
 
21.05039, -0.001775044, -0.01863465, 14.39401, 0, 0.0036962328568744897875604757, 11777.04, -679.3352, -2.629443, 0.0166641, 0.1456619, 216.1747, 1.845477, 1.454142, 8.815194
 
21.06039, -0.001779658, -0.0186524, 14.38223, 0, 0.0037024129030429844600497243, 11760.55, -679.3352, -2.629443, 0.0166641, 0.1456619, 216.0488, 1.845477, 1.454142, 8.815194
 
21.07039, -0.001783355, -0.0186702, 14.37046, 0, 0.0037085026847821628325726, 11744.08, -679.3352, -2.629443, 0.0166641, 0.1456619, 215.9229, 1.845477, 1.454142, 8.815194
 
21.08039, -0.001792386, -0.01868803, 14.35871, 0, 0.0037152216884653327522977, 11727.64, -679.3352, -2.629443, 0.0166641, 0.1456619, 215.7972, 1.845477, 1.454142, 8.815194
 
21.09039, -0.001800438, -0.01870595, 14.34696, 0, 0.0037218530567802599444928, 11711.22, -679.3352, -2.629443, 0.0166641, 0.1456619, 215.6714, 1.845477, 1.454142, 8.815194
 
21.10039, -0.001807798, -0.01872396, 14.33522, 0, 0.0037284274621058206002565757, 11694.82, -679.3352, -2.629443, 0.0166641, 0.1456619, 215.5458, 1.845477, 1.454142, 8.815194
 
21.11039, -0.001811902, -0.01874204, 14.3235, 0, 0.0037346478205436981638728, 11678.45, -679.3352, -2.629443, 0.0166641, 0.1456619, 215.4202, 1.845477, 1.454142, 8.815194
 
21.12039, -0.001809449, -0.01876016, 14.3118, 0, 0.0037401215256441389253966, 11662.11, -679.3352, -2.629443, 0.0166641, 0.1456619, 215.2947, 1.845477, 1.454142, 8.815194
 
21.13039, -0.001818189, -0.01877825, 14.30009, 0, 0.0037468957396093017634656, 11645.78, -679.3352, -2.629443, 0.0166641, 0.1456619, 215.1693, 1.845477, 1.454142, 8.815194
 
21.14039, -0.001826275, -0.01879643, 14.2884, 0, 0.0037536191250608750560303757, 11629.48, -679.3352, -2.629443, 0.0166641, 0.1456619, 215.0439, 1.845477, 1.454142, 8.815194
 
21.15039, -0.001827142, -0.0188147, 14.27672, 0, 0.0037595257488804524186260243, 11613.19, -679.3352, -2.629443, 0.0166641, 0.1456619, 214.9185, 1.845477, 1.454142, 8.815194
 
21.16039, -0.00182792, -0.01883297, 14.26505, 0, 0.0037654297436389474452484757, 11596.94, -679.3352, -2.629443, 0.0166641, 0.1456619, 214.7932, 1.845477, 1.454142, 8.815194
 
21.17039, -0.001831202, -0.01885125, 14.25339, 0, 0.0037716334513568501270971757, 11580.71, -679.3352, -2.629443, 0.0166641, 0.1456619, 214.668, 1.845477, 1.454142, 8.815194
 
21.18039, -0.001831072, -0.01886956, 14.24174, 0, 0.0037774515634544935713507, 11564.49, -679.3352, -2.629443, 0.0166641, 0.1456619, 214.5428, 1.845477, 1.454142, 8.815194
 
21.19039, -0.001835824, -0.01888787, 14.2301, 0, 0.0037838471926288478264901, 11548.3, -679.3352, -2.629443, 0.0166641, 0.1456619, 214.4177, 1.845477, 1.454142, 8.815194
 
21.20039, -0.001840437, -0.01890623, 14.21848, 0, 0.0037902428218032020816295, 11532.14, -679.3352, -2.629443, 0.0166641, 0.1456619, 214.2927, 1.845477, 1.454142, 8.815194
 
21.21039, -0.0018301, -0.01892463, 14.20686, 0, 0.0037948997652716206225737, 11516, -679.3352, -2.629443, 0.0166641, 0.1456619, 214.1677, 1.845477, 1.454142, 8.815194
 
21.22039, -0.001836715, -0.01894293, 14.19525, 0, 0.0038015320099402302420441, 11499.88, -679.3352, -2.629443, 0.0166641, 0.1456619, 214.0428, 1.845477, 1.454142, 8.815194
 
21.23039, -0.001833991, -0.0189613, 14.18366, 0, 0.0038070854632257806491570243, 11483.78, -679.3352, -2.629443, 0.0166641, 0.1456619, 213.9179, 1.845477, 1.454142, 8.815194
 
21.24039, -0.001839837, -0.01897964, 14.17207, 0, 0.0038136493523071609411540243, 11467.7, -679.3352, -2.629443, 0.0166641, 0.1456619, 213.7931, 1.845477, 1.454142, 8.815194
 
21.25039, -0.001839051, -0.01899804, 14.1605, 0, 0.0038194490609774558855526, 11451.65, -679.3352, -2.629443, 0.0166641, 0.1456619, 213.6683, 1.845477, 1.454142, 8.815194
 
21.26039, -0.001844164, -0.01901643, 14.14893, 0, 0.003825949852593701413728, 11435.63, -679.3352, -2.629443, 0.0166641, 0.1456619, 213.5437, 1.845477, 1.454142, 8.815194
 
21.27039, -0.001845637, -0.01903487, 14.13738, 0, 0.0038320378816255324587739243, 11419.62, -679.3352, -2.629443, 0.0166641, 0.1456619, 213.419, 1.845477, 1.454142, 8.815194
 
21.28039, -0.00184386, -0.01905333, 14.12584, 0, 0.0038377499549275846756425, 11403.63, -679.3352, -2.629443, 0.0166641, 0.1456619, 213.2944, 1.845477, 1.454142, 8.815194
 
21.29039, -0.001847413, -0.01907177, 14.11431, 0, 0.0038440965082957317669019243, 11387.67, -679.3352, -2.629443, 0.0166641, 0.1456619, 213.1699, 1.845477, 1.454142, 8.815194
 
21.30039, -0.001844478, -0.01909024, 14.10278, 0, 0.0038496867684359353560406243, 11371.73, -679.3352, -2.629443, 0.0166641, 0.1456619, 213.0454, 1.845477, 1.454142, 8.815194
 
21.31039, -0.001849847, -0.01910868, 14.09127, 0, 0.0038562638028225345300934757, 11355.81, -679.3352, -2.629443, 0.0166641, 0.1456619, 212.921, 1.845477, 1.454142, 8.815194
 
21.32039, -0.001849042, -0.01912718, 14.07977, 0, 0.0038621231035432520562861, 11339.92, -679.3352, -2.629443, 0.0166641, 0.1456619, 212.7967, 1.845477, 1.454142, 8.815194
 
21.33039, -0.00185416, -0.01914567, 14.06828, 0, 0.0038686940034540917664855, 11324.05, -679.3352, -2.629443, 0.0166641, 0.1456619, 212.6724, 1.845477, 1.454142, 8.815194
 
21.34039, -0.001855775, -0.01916421, 14.0568, 0, 0.0038748635333783797845975, 11308.2, -679.3352, -2.629443, 0.0166641, 0.1456619, 212.5481, 1.845477, 1.454142, 8.815194
 
21.35039, -0.001862987, -0.01918277, 14.04533, 0, 0.0038817122374065577046038243, 11292.37, -679.3352, -2.629443, 0.0166641, 0.1456619, 212.424, 1.845477, 1.454142, 8.815194
 
21.36039, -0.001866695, -0.0192014, 14.03387, 0, 0.0038881639532165785418256, 11276.56, -679.3352, -2.629443, 0.0166641, 0.1456619, 212.2999, 1.845477, 1.454142, 8.815194
 
21.37039, -0.001867271, -0.01922007, 14.02243, 0, 0.0038942537349557569143484757, 11260.78, -679.3352, -2.629443, 0.0166641, 0.1456619, 212.1758, 1.845477, 1.454142, 8.815194
 
21.38039, -0.00186794, -0.01923874, 14.01099, 0, 0.003900361043768601359451, 11245.02, -679.3352, -2.629443, 0.0166641, 0.1456619, 212.0518, 1.845477, 1.454142, 8.815194
 
21.39039, -0.001873722, -0.01925742, 13.99956, 0, 0.0039070931927570164518424243, 11229.28, -679.3352, -2.629443, 0.0166641, 0.1456619, 211.9279, 1.845477, 1.454142, 8.815194
 
21.40039, -0.001879243, -0.01927616, 13.98814, 0, 0.0039138121964401688444938757, 11213.56, -679.3352, -2.629443, 0.0166641, 0.1456619, 211.804, 1.845477, 1.454142, 8.815194
 
21.41039, -0.001875854, -0.01929495, 13.97673, 0, 0.0039194734412286578064687, 11197.87, -679.3352, -2.629443, 0.0166641, 0.1456619, 211.6802, 1.845477, 1.454142, 8.815194
 
21.42039, -0.001881086, -0.01931371, 13.96534, 0, 0.0039261766705455352717015757, 11182.2, -679.3352, -2.629443, 0.0166641, 0.1456619, 211.5564, 1.845477, 1.454142, 8.815194
 
21.4304, -0.001877454, -0.01933252, 13.95395, 0, 0.0039318238936751053972716, 11166.55, -679.3352, -2.629443, 0.0166641, 0.1456619, 211.4328, 1.845477, 1.454142, 8.815194
 
21.4404, -0.001879346, -0.01935129, 13.94258, 0, 0.0039381397746643675338955243, 11150.92, -679.3352, -2.629443, 0.0166641, 0.1456619, 211.3091, 1.845477, 1.454142, 8.815194
 
21.4504, -0.001886333, -0.01937009, 13.93121, 0, 0.0039450848775975949271112, 11135.31, -679.3352, -2.629443, 0.0166641, 0.1456619, 211.1855, 1.845477, 1.454142, 8.815194
 
21.4604, -0.00189291, -0.01938895, 13.91985, 0, 0.0039520010608593109837788, 11119.72, -679.3352, -2.629443, 0.0166641, 0.1456619, 211.0619, 1.845477, 1.454142, 8.815194
 
21.4704, -0.001899551, -0.01940788, 13.90851, 0, 0.0039589461637925471405313, 11104.16, -679.3352, -2.629443, 0.0166641, 0.1456619, 210.9384, 1.845477, 1.454142, 8.815194
 
21.4804, -0.001900034, -0.01942687, 13.89717, 0, 0.0039651630168156862315095, 11088.62, -679.3352, -2.629443, 0.0166641, 0.1456619, 210.815, 1.845477, 1.454142, 8.815194
 
21.4904, -0.001909092, -0.01944587, 13.88585, 0, 0.0039724332469651116709351243, 11073.1, -679.3352, -2.629443, 0.0166641, 0.1456619, 210.6916, 1.845477, 1.454142, 8.815194
 
21.5004, -0.001911991, -0.01946496, 13.87453, 0, 0.0039789778562654697993387, 11057.6, -679.3352, -2.629443, 0.0166641, 0.1456619, 210.5683, 1.845477, 1.454142, 8.815194
 
21.5104, -0.001917767, -0.01948408, 13.86322, 0, 0.0039858870286977176742670757, 11042.12, -679.3352, -2.629443, 0.0166641, 0.1456619, 210.4451, 1.845477, 1.454142, 8.815194
 
21.5204, -0.001923145, -0.01950326, 13.85193, 0, 0.0039927664051047805489089, 11026.67, -679.3352, -2.629443, 0.0166641, 0.1456619, 210.3219, 1.845477, 1.454142, 8.815194
 
21.5304, -0.001928759, -0.01952249, 13.84064, 0, 0.0039996939809643681601554, 11011.23, -679.3352, -2.629443, 0.0166641, 0.1456619, 210.1987, 1.845477, 1.454142, 8.815194
 
21.5404, -0.001933992, -0.01954178, 13.82937, 0, 0.0040065943898598005258676, 10995.82, -679.3352, -2.629443, 0.0166641, 0.1456619, 210.0756, 1.845477, 1.454142, 8.815194
 
21.5504, -0.00193611, -0.01956112, 13.8181, 0, 0.0040131284829159695269675757, 10980.42, -679.3352, -2.629443, 0.0166641, 0.1456619, 209.9526, 1.845477, 1.454142, 8.815194
 
21.5604, -0.001938312, -0.01958048, 13.80685, 0, 0.0040196844848142167370237, 10965.05, -679.3352, -2.629443, 0.0166641, 0.1456619, 209.8296, 1.845477, 1.454142, 8.815194
 
21.5704, -0.001943096, -0.01959986, 13.7956, 0, 0.0040265708720507390298679243, 10949.71, -679.3352, -2.629443, 0.0166641, 0.1456619, 209.7067, 1.845477, 1.454142, 8.815194
 
21.5804, -0.001947938, -0.0196193, 13.78437, 0, 0.0040334817971903517593469, 10934.38, -679.3352, -2.629443, 0.0166641, 0.1456619, 209.5838, 1.845477, 1.454142, 8.815194
 
21.5904, -0.001946888, -0.01963877, 13.77315, 0, 0.0040396819994935247320944, 10919.07, -679.3352, -2.629443, 0.0166641, 0.1456619, 209.461, 1.845477, 1.454142, 8.815194
 
21.6004, -0.001948512, -0.01965824, 13.76193, 0, 0.0040462160925496937331943757, 10903.79, -679.3352, -2.629443, 0.0166641, 0.1456619, 209.3383, 1.845477, 1.454142, 8.815194
 
21.6104, -0.001950544, -0.01967773, 13.75073, 0, 0.004052811530363650170639, 10888.53, -679.3352, -2.629443, 0.0166641, 0.1456619, 209.2156, 1.845477, 1.454142, 8.815194
 
21.6204, -0.00194135, -0.01969723, 13.73953, 0, 0.0040580223293593715131096243, 10873.29, -679.3352, -2.629443, 0.0166641, 0.1456619, 209.093, 1.845477, 1.454142, 8.815194
 
21.6304, -0.001943768, -0.01971665, 13.72835, 0, 0.0040646642139184703055346757, 10858.07, -679.3352, -2.629443, 0.0166641, 0.1456619, 208.9704, 1.845477, 1.454142, 8.815194
 
21.6404, -0.001943045, -0.01973609, 13.71718, 0, 0.0040709266373331043783653, 10842.87, -679.3352, -2.629443, 0.0166641, 0.1456619, 208.8479, 1.845477, 1.454142, 8.815194
 
21.6504, -0.001950953, -0.01975552, 13.70601, 0, 0.0040782713575455273726546, 10827.69, -679.3352, -2.629443, 0.0166641, 0.1456619, 208.7254, 1.845477, 1.454142, 8.815194
 
21.6604, -0.001953061, -0.01977503, 13.69486, 0, 0.0040849158711656909739792, 10812.54, -679.3352, -2.629443, 0.0166641, 0.1456619, 208.603, 1.845477, 1.454142, 8.815194
 
21.6704, -0.001958011, -0.01979456, 13.68372, 0, 0.0040919275769787828401176757, 10797.4, -679.3352, -2.629443, 0.0166641, 0.1456619, 208.4806, 1.845477, 1.454142, 8.815194
 
21.6804, -0.001963234, -0.01981414, 13.67258, 0, 0.0040989901113054730152972, 10782.29, -679.3352, -2.629443, 0.0166641, 0.1456619, 208.3584, 1.845477, 1.454142, 8.815194
 
21.6904, -0.00196583, -0.01983377, 13.66146, 0, 0.0041057424164285839350205243, 10767.2, -679.3352, -2.629443, 0.0166641, 0.1456619, 208.2361, 1.845477, 1.454142, 8.815194
 
21.7004, -0.001968226, -0.01985343, 13.65034, 0, 0.0041124833289538057730913, 10752.12, -679.3352, -2.629443, 0.0166641, 0.1456619, 208.1139, 1.845477, 1.454142, 8.815194
 
21.7104, -0.001970501, -0.01987311, 13.63924, 0, 0.0041192198597106242383224, 10737.07, -679.3352, -2.629443, 0.0166641, 0.1456619, 207.9918, 1.845477, 1.454142, 8.815194
 
21.7204, -0.001973316, -0.01989282, 13.62815, 0, 0.0041260361386525435856058, 10722.04, -679.3352, -2.629443, 0.0166641, 0.1456619, 207.8697, 1.845477, 1.454142, 8.815194
 
21.7304, -0.001970568, -0.01991255, 13.61706, 0, 0.0041321636036000663309665757, 10707.03, -679.3352, -2.629443, 0.0166641, 0.1456619, 207.7477, 1.845477, 1.454142, 8.815194
 
21.7404, -0.001979096, -0.01993225, 13.60599, 0, 0.0041397168959889157803141, 10692.04, -679.3352, -2.629443, 0.0166641, 0.1456619, 207.6257, 1.845477, 1.454142, 8.815194
 
21.7504, -0.001982005, -0.01995204, 13.59492, 0, 0.0041465848797980983368402, 10677.08, -679.3352, -2.629443, 0.0166641, 0.1456619, 207.5038, 1.845477, 1.454142, 8.815194
 
21.7604, -0.001977047, -0.01997186, 13.58387, 0, 0.0041524687184219238267412243, 10662.13, -679.3352, -2.629443, 0.0166641, 0.1456619, 207.382, 1.845477, 1.454142, 8.815194
 
21.7704, -0.001980598, -0.01999163, 13.57283, 0, 0.0041594287193677612471738243, 10647.21, -679.3352, -2.629443, 0.0166641, 0.1456619, 207.2602, 1.845477, 1.454142, 8.815194
 
21.7804, -0.001973499, -0.02001144, 13.56179, 0, 0.0041650487755331586001359, 10632.3, -679.3352, -2.629443, 0.0166641, 0.1456619, 207.1385, 1.845477, 1.454142, 8.815194
 
21.7904, -0.001974938, -0.02003117, 13.55077, 0, 0.0041717467467279415017169757, 10617.42, -679.3352, -2.629443, 0.0166641, 0.1456619, 207.0168, 1.845477, 1.454142, 8.815194
 
21.8004, -0.001979184, -0.02005092, 13.53975, 0, 0.0041788127864693526224608757, 10602.56, -679.3352, -2.629443, 0.0166641, 0.1456619, 206.8952, 1.845477, 1.454142, 8.815194
 
21.8104, -0.001983821, -0.02007072, 13.52875, 0, 0.0041859445527369545523891, 10587.72, -679.3352, -2.629443, 0.0166641, 0.1456619, 206.7736, 1.845477, 1.454142, 8.815194
 
21.8204, -0.001991223, -0.02009056, 13.51775, 0, 0.0041934478929658968835077, 10572.89, -679.3352, -2.629443, 0.0166641, 0.1456619, 206.6521, 1.845477, 1.454142, 8.815194
 
21.8304, -0.001990599, -0.02011047, 13.50677, 0, 0.0041999478082284512208709757, 10558.09, -679.3352, -2.629443, 0.0166641, 0.1456619, 206.5307, 1.845477, 1.454142, 8.815194
 
21.8404, -0.001993078, -0.02013037, 13.4958, 0, 0.0042068508461849396319459, 10543.31, -679.3352, -2.629443, 0.0166641, 0.1456619, 206.4093, 1.845477, 1.454142, 8.815194
 
21.8504, -0.001995802, -0.0201503, 13.48483, 0, 0.0042137968254718669795105243, 10528.55, -679.3352, -2.629443, 0.0166641, 0.1456619, 206.2879, 1.845477, 1.454142, 8.815194
 
21.8604, -0.002004383, -0.02017026, 13.47387, 0, 0.004221509614230900665889, 10513.81, -679.3352, -2.629443, 0.0166641, 0.1456619, 206.1666, 1.845477, 1.454142, 8.815194
 
21.87041, -0.002002218, -0.02019031, 13.46292, 0, 0.0042278666838432281209152, 10499.09, -679.3352, -2.629443, 0.0166641, 0.1456619, 206.0454, 1.845477, 1.454142, 8.815194
 
21.88041, -0.001997669, -0.02021033, 13.45199, 0, 0.0042339161533130236023111, 10484.39, -679.3352, -2.629443, 0.0166641, 0.1456619, 205.9242, 1.845477, 1.454142, 8.815194
 
21.89041, -0.002001863, -0.0202303, 13.44106, 0, 0.0042410926136184293232796243, 10469.71, -679.3352, -2.629443, 0.0166641, 0.1456619, 205.8031, 1.845477, 1.454142, 8.815194
 
21.90041, -0.002000617, -0.02025032, 13.43014, 0, 0.0042475820126367945333393, 10455.06, -679.3352, -2.629443, 0.0166641, 0.1456619, 205.682, 1.845477, 1.454142, 8.815194
 
21.91041, -0.00200813, -0.02027033, 13.41924, 0, 0.0042552089187349503467383757, 10440.42, -679.3352, -2.629443, 0.0166641, 0.1456619, 205.561, 1.845477, 1.454142, 8.815194
 
21.92041, -0.002010528, -0.02029041, 13.40834, 0, 0.0042621960866449517762421, 10425.8, -679.3352, -2.629443, 0.0166641, 0.1456619, 205.44, 1.845477, 1.454142, 8.815194
 
21.93041, -0.002013515, -0.02031052, 13.39745, 0, 0.0042692735189842344515649, 10411.21, -679.3352, -2.629443, 0.0166641, 0.1456619, 205.3191, 1.845477, 1.454142, 8.815194
 
21.94041, -0.002008785, -0.02033065, 13.38657, 0, 0.0042753606716623830693355243, 10396.63, -679.3352, -2.629443, 0.0166641, 0.1456619, 205.1983, 1.845477, 1.454142, 8.815194
 
21.95041, -0.002012427, -0.02035074, 13.3757, 0, 0.0042825345029067327449413243, 10382.07, -679.3352, -2.629443, 0.0166641, 0.1456619, 205.0775, 1.845477, 1.454142, 8.815194
 
21.96041, -0.002013922, -0.02037086, 13.36484, 0, 0.0042894427989852894290575757, 10367.54, -679.3352, -2.629443, 0.0166641, 0.1456619, 204.9567, 1.845477, 1.454142, 8.815194
 
21.97041, -0.002013118, -0.020391, 13.354, 0, 0.0042960618983486801664721243, 10353.02, -679.3352, -2.629443, 0.0166641, 0.1456619, 204.8361, 1.845477, 1.454142, 8.815194
 
21.98041, -0.00202102, -0.02041113, 13.34316, 0, 0.0043038237629139297802674, 10338.53, -679.3352, -2.629443, 0.0166641, 0.1456619, 204.7154, 1.845477, 1.454142, 8.815194
 
21.99041, -0.00202379, -0.02043134, 13.33233, 0, 0.0043109397548152392557034, 10324.05, -679.3352, -2.629443, 0.0166641, 0.1456619, 204.5949, 1.845477, 1.454142, 8.815194
 
22.00041, -0.002029806, -0.02045158, 13.32151, 0, 0.00431849567626512722334, 10309.59, -679.3352, -2.629443, 0.0166641, 0.1456619, 204.4743, 1.845477, 1.454142, 8.815194
 
22.01041, -0.002038731, -0.02047188, 13.31069, 0, 0.0043264538440552405468024757, 10295.16, -679.3352, -2.629443, 0.0166641, 0.1456619, 204.3539, 1.845477, 1.454142, 8.815194
 
22.02041, -0.00204001, -0.02049227, 13.29989, 0, 0.0043334348774894737489159243, 10280.74, -679.3352, -2.629443, 0.0166641, 0.1456619, 204.2334, 1.845477, 1.454142, 8.815194
 
22.03041, -0.002047339, -0.02051266, 13.2891, 0, 0.0043412221563115137536949, 10266.35, -679.3352, -2.629443, 0.0166641, 0.1456619, 204.1131, 1.845477, 1.454142, 8.815194
 
22.04041, -0.002044346, -0.02053314, 13.27832, 0, 0.0043476738721215433544535, 10251.97, -679.3352, -2.629443, 0.0166641, 0.1456619, 203.9928, 1.845477, 1.454142, 8.815194
 
22.05041, -0.002049754, -0.02055358, 13.26754, 0, 0.0043552341753398346949297757, 10237.61, -679.3352, -2.629443, 0.0166641, 0.1456619, 203.8725, 1.845477, 1.454142, 8.815194
 
22.06041, -0.002055877, -0.02057408, 13.25678, 0, 0.004362909280890541535544, 10223.28, -679.3352, -2.629443, 0.0166641, 0.1456619, 203.7523, 1.845477, 1.454142, 8.815194
 
22.07041, -0.002065276, -0.02059464, 13.24602, 0, 0.0043710392140024193685021, 10208.96, -679.3352, -2.629443, 0.0166641, 0.1456619, 203.6321, 1.845477, 1.454142, 8.815194
 
22.08041, -0.002077593, -0.02061529, 13.23528, 0, 0.0043795854151134589207645243, 10194.66, -679.3352, -2.629443, 0.0166641, 0.1456619, 203.512, 1.845477, 1.454142, 8.815194
 
22.09041, -0.002079793, -0.02063607, 13.22455, 0, 0.0043868240965303082147425243, 10180.39, -679.3352, -2.629443, 0.0166641, 0.1456619, 203.392, 1.845477, 1.454142, 8.815194
 
22.10041, -0.002082812, -0.02065687, 13.21382, 0, 0.0043941845911090061364504, 10166.13, -679.3352, -2.629443, 0.0166641, 0.1456619, 203.272, 1.845477, 1.454142, 8.815194
 
22.11041, -0.002083583, -0.02067769, 13.20311, 0, 0.0044012593943872415299473, 10151.89, -679.3352, -2.629443, 0.0166641, 0.1456619, 203.1521, 1.845477, 1.454142, 8.815194
 
22.12041, -0.002082337, -0.02069853, 13.1924, 0, 0.0044080756733291608772307, 10137.67, -679.3352, -2.629443, 0.0166641, 0.1456619, 203.0322, 1.845477, 1.454142, 8.815194
 
22.13041, -0.002089834, -0.02071935, 13.1817, 0, 0.0044160627607908030643149, 10123.47, -679.3352, -2.629443, 0.0166641, 0.1456619, 202.9124, 1.845477, 1.454142, 8.815194
 
22.14041, -0.002092507, -0.02074025, 13.17102, 0, 0.0044234302661989779312988243, 10109.3, -679.3352, -2.629443, 0.0166641, 0.1456619, 202.7926, 1.845477, 1.454142, 8.815194
 
22.15041, -0.00209335, -0.02076118, 13.16034, 0, 0.0044305655378812920432546, 10095.14, -679.3352, -2.629443, 0.0166641, 0.1456619, 202.6729, 1.845477, 1.454142, 8.815194
 
22.16041, -0.002100026, -0.02078211, 13.14967, 0, 0.0044384939096462116028937, 10081, -679.3352, -2.629443, 0.0166641, 0.1456619, 202.5532, 1.845477, 1.454142, 8.815194
 
22.17041, -0.002104512, -0.02080311, 13.13901, 0, 0.0044461497354158962799145, 10066.88, -679.3352, -2.629443, 0.0166641, 0.1456619, 202.4336, 1.845477, 1.454142, 8.815194
 
22.18041, -0.002107336, -0.02082415, 13.12836, 0, 0.0044536013707775754017904, 10052.78, -679.3352, -2.629443, 0.0166641, 0.1456619, 202.3141, 1.845477, 1.454142, 8.815194
 
22.19041, -0.00210806, -0.02084523, 13.11771, 0, 0.0044607848419124405409613243, 10038.69, -679.3352, -2.629443, 0.0166641, 0.1456619, 202.1945, 1.845477, 1.454142, 8.815194
 
22.20041, -0.002106915, -0.02086631, 13.10708, 0, 0.0044677246867235733705252, 10024.63, -679.3352, -2.629443, 0.0166641, 0.1456619, 202.0751, 1.845477, 1.454142, 8.815194
 
22.21041, -0.002109294, -0.02088738, 13.09646, 0, 0.0044751447733526851104903, 10010.58, -679.3352, -2.629443, 0.0166641, 0.1456619, 201.9557, 1.845477, 1.454142, 8.815194
 
22.22041, -0.002107091, -0.02090847, 13.08584, 0, 0.0044819575468798747486725, 9996.561, -679.3352, -2.629443, 0.0166641, 0.1456619, 201.8363, 1.845477, 1.454142, 8.815194
 
22.23041, -0.002111197, -0.02092954, 13.07524, 0, 0.0044896273943084782620981, 9982.555, -679.3352, -2.629443, 0.0166641, 0.1456619, 201.717, 1.845477, 1.454142, 8.815194
 
22.24041, -0.002110746, -0.02095065, 13.06465, 0, 0.0044966960631109366646679, 9968.573, -679.3352, -2.629443, 0.0166641, 0.1456619, 201.5978, 1.845477, 1.454142, 8.815194
 
22.25041, -0.002119048, -0.02097176, 13.05406, 0, 0.0045049609546899170615590243, 9954.606, -679.3352, -2.629443, 0.0166641, 0.1456619, 201.4786, 1.845477, 1.454142, 8.815194
 
22.26041, -0.00212276, -0.02099295, 13.04348, 0, 0.0045126281730574732931587243, 9940.659, -679.3352, -2.629443, 0.0166641, 0.1456619, 201.3595, 1.845477, 1.454142, 8.815194
 
22.27041, -0.002119428, -0.02101418, 13.03292, 0, 0.0045193524348627377765356243, 9926.732, -679.3352, -2.629443, 0.0166641, 0.1456619, 201.2404, 1.845477, 1.454142, 8.815194
 
22.28041, -0.002119782, -0.02103537, 13.02236, 0, 0.0045265797236817067523979, 9912.822, -679.3352, -2.629443, 0.0166641, 0.1456619, 201.1213, 1.845477, 1.454142, 8.815194
 
22.29041, -0.002125937, -0.02105657, 13.01181, 0, 0.0045346062470590581668706, 9898.936, -679.3352, -2.629443, 0.0166641, 0.1456619, 201.0024, 1.845477, 1.454142, 8.815194
 
22.30042, -0.002133246, -0.02107783, 13.00128, 0, 0.0045428132992949896000551, 9885.068, -679.3352, -2.629443, 0.0166641, 0.1456619, 200.8835, 1.845477, 1.454142, 8.815194
 
22.31042, -0.002130851, -0.02109916, 12.99075, 0, 0.0045497163372514692475932, 9871.22, -679.3352, -2.629443, 0.0166641, 0.1456619, 200.7646, 1.845477, 1.454142, 8.815194
 
22.32042, -0.002129366, -0.02112047, 12.98022, 0, 0.0045567464464919008500498, 9857.385, -679.3352, -2.629443, 0.0166641, 0.1456619, 200.6458, 1.845477, 1.454142, 8.815194
 
22.33042, -0.002128931, -0.02114177, 12.96971, 0, 0.0045639246595046538984952757, 9843.573, -679.3352, -2.629443, 0.0166641, 0.1456619, 200.527, 1.845477, 1.454142, 8.815194
 
22.34042, -0.002134476, -0.02116306, 12.95921, 0, 0.0045719319031009919129113757, 9829.777, -679.3352, -2.629443, 0.0166641, 0.1456619, 200.4083, 1.845477, 1.454142, 8.815194
 
22.35042, -0.002133106, -0.0211844, 12.94871, 0, 0.0045790075827329184972204, 9816.001, -679.3352, -2.629443, 0.0166641, 0.1456619, 200.2896, 1.845477, 1.454142, 8.815194
 
22.36042, -0.002135493, -0.02120573, 12.93823, 0, 0.0045866055691595542105345757, 9802.248, -679.3352, -2.629443, 0.0166641, 0.1456619, 200.171, 1.845477, 1.454142, 8.815194
 
22.37042, -0.002131066, -0.02122709, 12.92776, 0, 0.004593276373390199393655, 9788.512, -679.3352, -2.629443, 0.0166641, 0.1456619, 200.0525, 1.845477, 1.454142, 8.815194
 
22.38042, -0.002130469, -0.0212484, 12.91729, 0, 0.0046004729898302834148817757, 9774.794, -679.3352, -2.629443, 0.0166641, 0.1456619, 199.934, 1.845477, 1.454142, 8.815194
 
22.39042, -0.002133348, -0.0212697, 12.90684, 0, 0.004608156858917814528249, 9761.097, -679.3352, -2.629443, 0.0166641, 0.1456619, 199.8156, 1.845477, 1.454142, 8.815194
 
22.40042, -0.002139824, -0.02129103, 12.89639, 0, 0.0046163542712632480249420243, 9747.416, -679.3352, -2.629443, 0.0166641, 0.1456619, 199.6971, 1.845477, 1.454142, 8.815194
 
22.41042, -0.002144683, -0.02131243, 12.88595, 0, 0.0046243509986153793849808757, 9733.757, -679.3352, -2.629443, 0.0166641, 0.1456619, 199.5788, 1.845477, 1.454142, 8.815194
 
22.42042, -0.002140259, -0.02133388, 12.87552, 0, 0.0046310761367743350591699, 9720.115, -679.3352, -2.629443, 0.0166641, 0.1456619, 199.4605, 1.845477, 1.454142, 8.815194
 
22.43042, -0.002142247, -0.02135528, 12.8651, 0, 0.0046386907739209456542516, 9706.488, -679.3352, -2.629443, 0.0166641, 0.1456619, 199.3423, 1.845477, 1.454142, 8.815194
 
22.44042, -0.002144941, -0.0213767, 12.85469, 0, 0.0046464167079852157497595757, 9692.884, -679.3352, -2.629443, 0.0166641, 0.1456619, 199.2241, 1.845477, 1.454142, 8.815194
 
22.45042, -0.002143617, -0.02139815, 12.84429, 0, 0.0046535957973516775160908243, 9679.3, -679.3352, -2.629443, 0.0166641, 0.1456619, 199.106, 1.845477, 1.454142, 8.815194
 
22.46042, -0.00214628, -0.02141959, 12.8339, 0, 0.0046613366294285576388157243, 9665.733, -679.3352, -2.629443, 0.0166641, 0.1456619, 198.9879, 1.845477, 1.454142, 8.815194
 
22.47042, -0.002142204, -0.02144105, 12.82352, 0, 0.0046681467738946999951720243, 9652.186, -679.3352, -2.629443, 0.0166641, 0.1456619, 198.8699, 1.845477, 1.454142, 8.815194
 
22.48042, -0.00214458, -0.02146247, 12.81314, 0, 0.0046758621917147809633764, 9638.652, -679.3352, -2.629443, 0.0166641, 0.1456619, 198.7519, 1.845477, 1.454142, 8.815194
 
22.49042, -0.002152983, -0.02148392, 12.80277, 0, 0.0046844364361436494249116, 9625.14, -679.3352, -2.629443, 0.0166641, 0.1456619, 198.634, 1.845477, 1.454142, 8.815194
 
22.50042, -0.002162514, -0.02150545, 12.79242, 0, 0.0046931973439068748960857, 9611.649, -679.3352, -2.629443, 0.0166641, 0.1456619, 198.5161, 1.845477, 1.454142, 8.815194
 
22.51042, -0.002168021, -0.02152708, 12.78207, 0, 0.0047014227995701373020515, 9598.171, -679.3352, -2.629443, 0.0166641, 0.1456619, 198.3983, 1.845477, 1.454142, 8.815194
 
22.52042, -0.002169478, -0.02154876, 12.77173, 0, 0.0047090979051208441426657243, 9584.714, -679.3352, -2.629443, 0.0166641, 0.1456619, 198.2805, 1.845477, 1.454142, 8.815194
 
22.53042, -0.002164457, -0.02157045, 12.7614, 0, 0.004715869490024950935372, 9571.278, -679.3352, -2.629443, 0.0166641, 0.1456619, 198.1628, 1.845477, 1.454142, 8.815194
 
22.54042, -0.002170844, -0.02159209, 12.75108, 0, 0.0047242509366436853963412, 9557.857, -679.3352, -2.629443, 0.0166641, 0.1456619, 198.0451, 1.845477, 1.454142, 8.815194
 
22.55042, -0.002175735, -0.0216138, 12.74077, 0, 0.0047324430908670068023087757, 9544.455, -679.3352, -2.629443, 0.0166641, 0.1456619, 197.9275, 1.845477, 1.454142, 8.815194
 
22.56042, -0.002179485, -0.02163556, 12.73046, 0, 0.0047404932757938012802882243, 9531.073, -679.3352, -2.629443, 0.0166641, 0.1456619, 197.8099, 1.845477, 1.454142, 8.815194
 
22.57042, -0.00218182, -0.02165736, 12.72017, 0, 0.0047483594264472597398442, 9517.71, -679.3352, -2.629443, 0.0166641, 0.1456619, 197.6924, 1.845477, 1.454142, 8.815194
 
22.58042, -0.002188203, -0.02167917, 12.70989, 0, 0.0047568153631290005192139, 9504.366, -679.3352, -2.629443, 0.0166641, 0.1456619, 197.575, 1.845477, 1.454142, 8.815194
 
22.59042, -0.002192863, -0.02170106, 12.69961, 0, 0.0047650495823290871979327, 9491.037, -679.3352, -2.629443, 0.0166641, 0.1456619, 197.4575, 1.845477, 1.454142, 8.815194
 
22.60042, -0.002201263, -0.02172299, 12.68934, 0, 0.0047738359043491030600905, 9477.726, -679.3352, -2.629443, 0.0166641, 0.1456619, 197.3402, 1.845477, 1.454142, 8.815194
 
22.61042, -0.002211039, -0.021745, 12.67908, 0, 0.0047828483256191763957388757, 9464.435, -679.3352, -2.629443, 0.0166641, 0.1456619, 197.2229, 1.845477, 1.454142, 8.815194
 
22.62042, -0.002214281, -0.02176711, 12.66883, 0, 0.0047909581025963759284387243, 9451.16, -679.3352, -2.629443, 0.0166641, 0.1456619, 197.1056, 1.845477, 1.454142, 8.815194
 
22.63042, -0.002213807, -0.02178925, 12.65859, 0, 0.0047985508309009170781011, 9437.904, -679.3352, -2.629443, 0.0166641, 0.1456619, 196.9884, 1.845477, 1.454142, 8.815194
 
22.64042, -0.002217394, -0.02181139, 12.64836, 0, 0.0048067333452337493111140243, 9424.667, -679.3352, -2.629443, 0.0166641, 0.1456619, 196.8712, 1.845477, 1.454142, 8.815194
 
22.65042, -0.002214697, -0.02183356, 12.63814, 0, 0.0048140307423473124690003, 9411.449, -679.3352, -2.629443, 0.0166641, 0.1456619, 196.7541, 1.845477, 1.454142, 8.815194
 
22.66042, -0.002220711, -0.02185571, 12.62793, 0, 0.0048225813252267553941024, 9398.25, -679.3352, -2.629443, 0.0166641, 0.1456619, 196.6371, 1.845477, 1.454142, 8.815194
 
22.67042, -0.002225618, -0.02187792, 12.61772, 0, 0.004830996073285422091533, 9385.066, -679.3352, -2.629443, 0.0166641, 0.1456619, 196.5201, 1.845477, 1.454142, 8.815194
 
22.68042, -0.00222678, -0.02190017, 12.60752, 0, 0.0048388911436104094147107, 9371.9, -679.3352, -2.629443, 0.0166641, 0.1456619, 196.4032, 1.845477, 1.454142, 8.815194
 
22.69042, -0.002224359, -0.02192244, 12.59733, 0, 0.0048462788051532625819528757, 9358.755, -679.3352, -2.629443, 0.0166641, 0.1456619, 196.2863, 1.845477, 1.454142, 8.815194
 
22.70042, -0.002226015, -0.02194468, 12.58716, 0, 0.0048542588817854628779083243, 9345.628, -679.3352, -2.629443, 0.0166641, 0.1456619, 196.1694, 1.845477, 1.454142, 8.815194
 
22.71042, -0.002224117, -0.02196695, 12.57699, 0, 0.0048617368077576148180432243, 9332.518, -679.3352, -2.629443, 0.0166641, 0.1456619, 196.0526, 1.845477, 1.454142, 8.815194
 
22.72042, -0.002228895, -0.02198919, 12.56683, 0, 0.004870186609963569842949, 9319.425, -679.3352, -2.629443, 0.0166641, 0.1456619, 195.9359, 1.845477, 1.454142, 8.815194
 
22.73042, -0.002227535, -0.02201148, 12.55667, 0, 0.0048777644402555097289312757, 9306.351, -679.3352, -2.629443, 0.0166641, 0.1456619, 195.8192, 1.845477, 1.454142, 8.815194
 
22.74043, -0.002229822, -0.02203375, 12.54653, 0, 0.0048858777226474389707323243, 9293.292, -679.3352, -2.629443, 0.0166641, 0.1456619, 195.7025, 1.845477, 1.454142, 8.815194
 
22.75043, -0.002238746, -0.02205605, 12.53639, 0, 0.0048949716448099780429836, 9280.25, -679.3352, -2.629443, 0.0166641, 0.1456619, 195.5859, 1.845477, 1.454142, 8.815194
 
22.76043, -0.002241521, -0.02207844, 12.52627, 0, 0.0049031988531806140670368243, 9267.229, -679.3352, -2.629443, 0.0166641, 0.1456619, 195.4694, 1.845477, 1.454142, 8.815194
 
22.77043, -0.002243316, -0.02210085, 12.51614, 0, 0.0049112981139136069453594243, 9254.223, -679.3352, -2.629443, 0.0166641, 0.1456619, 195.3529, 1.845477, 1.454142, 8.815194
 
22.78043, -0.00224673, -0.02212328, 12.50604, 0, 0.004919648011799765260881, 9241.236, -679.3352, -2.629443, 0.0166641, 0.1456619, 195.2364, 1.845477, 1.454142, 8.815194
 
22.79043, -0.002249198, -0.02214575, 12.49594, 0, 0.0049278743438167013305852757, 9228.268, -679.3352, -2.629443, 0.0166641, 0.1456619, 195.12, 1.845477, 1.454142, 8.815194
 
22.80043, -0.002250808, -0.02216824, 12.48584, 0, 0.0049359902552696690906754, 9215.315, -679.3352, -2.629443, 0.0166641, 0.1456619, 195.0037, 1.845477, 1.454142, 8.815194
 
22.81043, -0.002254013, -0.02219075, 12.47576, 0, 0.0049443532984610638153264757, 9202.381, -679.3352, -2.629443, 0.0166641, 0.1456619, 194.8874, 1.845477, 1.454142, 8.815194
 
22.82043, -0.002258389, -0.02221329, 12.46569, 0, 0.0049529038813405242675022243, 9189.469, -679.3352, -2.629443, 0.0166641, 0.1456619, 194.7712, 1.845477, 1.454142, 8.815194
 
22.83043, -0.002266954, -0.02223588, 12.45562, 0, 0.0049620915733470830582106, 9176.571, -679.3352, -2.629443, 0.0166641, 0.1456619, 194.655, 1.845477, 1.454142, 8.815194
 
22.84043, -0.00226952, -0.02225855, 12.44557, 0, 0.004970423944159601591763, 9163.691, -679.3352, -2.629443, 0.0166641, 0.1456619, 194.5388, 1.845477, 1.454142, 8.815194
 
22.85043, -0.002281309, -0.02228124, 12.43551, 0, 0.0049801330666072221383485243, 9150.825, -679.3352, -2.629443, 0.0166641, 0.1456619, 194.4227, 1.845477, 1.454142, 8.815194
 
22.86043, -0.00228964, -0.02230405, 12.42547, 0, 0.0049893698344200056200105243, 9137.98, -679.3352, -2.629443, 0.0166641, 0.1456619, 194.3067, 1.845477, 1.454142, 8.815194
 
22.87043, -0.002289502, -0.02232695, 12.41545, 0, 0.0049973788307237084889772243, 9125.157, -679.3352, -2.629443, 0.0166641, 0.1456619, 194.1907, 1.845477, 1.454142, 8.815194
 
22.88043, -0.002293732, -0.02234985, 12.40542, 0, 0.0050060450922892142873452757, 9112.346, -679.3352, -2.629443, 0.0166641, 0.1456619, 194.0748, 1.845477, 1.454142, 8.815194
 
22.89043, -0.00229456, -0.02237278, 12.39541, 0, 0.0050142258539146816658076, 9099.553, -679.3352, -2.629443, 0.0166641, 0.1456619, 193.9589, 1.845477, 1.454142, 8.815194
 
22.90043, -0.002292167, -0.02239573, 12.3854, 0, 0.0050219377663200416884476, 9086.778, -679.3352, -2.629443, 0.0166641, 0.1456619, 193.8431, 1.845477, 1.454142, 8.815194
 
22.91043, -0.002296654, -0.02241865, 12.37541, 0, 0.0050306767652412152412760243, 9074.022, -679.3352, -2.629443, 0.0166641, 0.1456619, 193.7273, 1.845477, 1.454142, 8.815194
 
22.92043, -0.002292838, -0.02244162, 12.36542, 0, 0.0050381958798364324998132, 9061.282, -679.3352, -2.629443, 0.0166641, 0.1456619, 193.6116, 1.845477, 1.454142, 8.815194
 
22.93043, -0.002298512, -0.02246455, 12.35544, 0, 0.0050471338110435082805979, 9048.561, -679.3352, -2.629443, 0.0166641, 0.1456619, 193.4959, 1.845477, 1.454142, 8.815194
 
22.94043, -0.002307849, -0.02248753, 12.34547, 0, 0.0050566422484978442176029, 9035.853, -679.3352, -2.629443, 0.0166641, 0.1456619, 193.3802, 1.845477, 1.454142, 8.815194
 
22.95043, -0.002313868, -0.02251061, 12.33551, 0, 0.0050656844657931288441483, 9023.168, -679.3352, -2.629443, 0.0166641, 0.1456619, 193.2647, 1.845477, 1.454142, 8.815194
 
22.96043, -0.002319245, -0.02253375, 12.32555, 0, 0.0050746548220864631976559243, 9010.497, -679.3352, -2.629443, 0.0166641, 0.1456619, 193.1492, 1.845477, 1.454142, 8.815194
 
22.97043, -0.002326392, -0.02255694, 12.31561, 0, 0.0050839126223876161703883, 8997.843, -679.3352, -2.629443, 0.0166641, 0.1456619, 193.0337, 1.845477, 1.454142, 8.815194
 
22.98043, -0.002340337, -0.0225802, 12.30567, 0, 0.0050942211707540082097422, 8985.205, -679.3352, -2.629443, 0.0166641, 0.1456619, 192.9182, 1.845477, 1.454142, 8.815194
 
22.99043, -0.002345966, -0.02260361, 12.29574, 0, 0.0051033203510386418456452757, 8972.586, -679.3352, -2.629443, 0.0166641, 0.1456619, 192.8028, 1.845477, 1.454142, 8.815194
 
23.00043, -0.002350939, -0.02262707, 12.28582, 0, 0.0051123441649066042629462, 8959.984, -679.3352, -2.629443, 0.0166641, 0.1456619, 192.6875, 1.845477, 1.454142, 8.815194
 
23.01043, -0.00235029, -0.02265058, 12.27591, 0, 0.0051205398245446641415518, 8947.399, -679.3352, -2.629443, 0.0166641, 0.1456619, 192.5722, 1.845477, 1.454142, 8.815194
 
23.02043, -0.002356607, -0.02267408, 12.26601, 0, 0.0051297958721384610232704, 8934.831, -679.3352, -2.629443, 0.0166641, 0.1456619, 192.457, 1.845477, 1.454142, 8.815194
 
23.03043, -0.002357323, -0.02269765, 12.25611, 0, 0.005138228147270776266207, 8922.282, -679.3352, -2.629443, 0.0166641, 0.1456619, 192.3418, 1.845477, 1.454142, 8.815194
 
23.04043, -0.002362525, -0.02272122, 12.24622, 0, 0.0051473518654585266293553, 8909.747, -679.3352, -2.629443, 0.0166641, 0.1456619, 192.2267, 1.845477, 1.454142, 8.815194
 
23.05043, -0.002367119, -0.02274485, 12.23635, 0, 0.0051564054753516915740164243, 8897.23, -679.3352, -2.629443, 0.0166641, 0.1456619, 192.1116, 1.845477, 1.454142, 8.815194
 
23.06043, -0.002368668, -0.02276852, 12.22648, 0, 0.0051650174029889044083895243, 8884.729, -679.3352, -2.629443, 0.0166641, 0.1456619, 191.9965, 1.845477, 1.454142, 8.815194
 
23.07043, -0.002369737, -0.0227922, 12.21661, 0, 0.0051735679858683385699548, 8872.244, -679.3352, -2.629443, 0.0166641, 0.1456619, 191.8815, 1.845477, 1.454142, 8.815194
 
23.08043, -0.002370372, -0.0228159, 12.20676, 0, 0.0051820642348194710039883, 8859.779, -679.3352, -2.629443, 0.0166641, 0.1456619, 191.7666, 1.845477, 1.454142, 8.815194
 
23.09043, -0.002373038, -0.0228396, 12.19692, 0, 0.0051908812292183718207816, 8847.329, -679.3352, -2.629443, 0.0166641, 0.1456619, 191.6517, 1.845477, 1.454142, 8.815194
 
23.10043, -0.002377762, -0.02286333, 12.18708, 0, 0.005200028608955547720363, 8834.896, -679.3352, -2.629443, 0.0166641, 0.1456619, 191.5368, 1.845477, 1.454142, 8.815194
 
23.11043, -0.00237704, -0.02288711, 12.17725, 0, 0.005208362732475431108466, 8822.483, -679.3352, -2.629443, 0.0166641, 0.1456619, 191.422, 1.845477, 1.454142, 8.815194
 
23.12043, -0.002375943, -0.02291088, 12.16743, 0, 0.0052166469038354161418769, 8810.083, -679.3352, -2.629443, 0.0166641, 0.1456619, 191.3073, 1.845477, 1.454142, 8.815194
 
23.13043, -0.002379468, -0.02293464, 12.15762, 0, 0.0052256479325076266864832, 8797.701, -679.3352, -2.629443, 0.0166641, 0.1456619, 191.1926, 1.845477, 1.454142, 8.815194
 
23.14043, -0.002380102, -0.02295844, 12.14782, 0, 0.0052342213005828214842799243, 8785.336, -679.3352, -2.629443, 0.0166641, 0.1456619, 191.0779, 1.845477, 1.454142, 8.815194
 
23.15043, -0.002377919, -0.02298224, 12.13803, 0, 0.0052423705134757039537578, 8772.99, -679.3352, -2.629443, 0.0166641, 0.1456619, 190.9634, 1.845477, 1.454142, 8.815194
 
23.16043, -0.002380407, -0.02300602, 12.12824, 0, 0.0052512453472176449707209, 8760.658, -679.3352, -2.629443, 0.0166641, 0.1456619, 190.8488, 1.845477, 1.454142, 8.815194
 
23.17043, -0.002380067, -0.02302982, 12.11846, 0, 0.0052596986548383384682647, 8748.341, -679.3352, -2.629443, 0.0166641, 0.1456619, 190.7343, 1.845477, 1.454142, 8.815194
 
23.18044, -0.002381904, -0.02305362, 12.10869, 0, 0.0052684972458099083122767, 8736.043, -679.3352, -2.629443, 0.0166641, 0.1456619, 190.6198, 1.845477, 1.454142, 8.815194
 
23.19044, -0.002383453, -0.02307744, 12.09893, 0, 0.0052772642880489107743779, 8723.765, -679.3352, -2.629443, 0.0166641, 0.1456619, 190.5054, 1.845477, 1.454142, 8.815194
 
23.20044, -0.002384722, -0.02310128, 12.08918, 0, 0.0052860006579090282818436, 8711.498, -679.3352, -2.629443, 0.0166641, 0.1456619, 190.3911, 1.845477, 1.454142, 8.815194
 
23.21044, -0.002388194, -0.02312513, 12.07943, 0, 0.0052950919510105288358058, 8699.25, -679.3352, -2.629443, 0.0166641, 0.1456619, 190.2768, 1.845477, 1.454142, 8.815194
 
23.22044, -0.002393835, -0.02314901, 12.0697, 0, 0.0053045399200607772908151, 8687.019, -679.3352, -2.629443, 0.0166641, 0.1456619, 190.1625, 1.845477, 1.454142, 8.815194
 
23.23044, -0.002394263, -0.02317295, 12.05997, 0, 0.0053131982944431675343159243, 8674.802, -679.3352, -2.629443, 0.0166641, 0.1456619, 190.0483, 1.845477, 1.454142, 8.815194
 
23.24044, -0.002396951, -0.02319689, 12.05025, 0, 0.0053222194792500651427173, 8662.606, -679.3352, -2.629443, 0.0166641, 0.1456619, 189.9341, 1.845477, 1.454142, 8.815194
 
23.25044, -0.002399408, -0.02322086, 12.04053, 0, 0.0053312205079222756873236, 8650.422, -679.3352, -2.629443, 0.0166641, 0.1456619, 189.82, 1.845477, 1.454142, 8.815194
 
23.26044, -0.002399202, -0.02324485, 12.03083, 0, 0.0053398219193152993943931, 8638.255, -679.3352, -2.629443, 0.0166641, 0.1456619, 189.7059, 1.845477, 1.454142, 8.815194
 
23.27044, -0.002404982, -0.02326885, 12.02113, 0, 0.005349368039977979704236, 8626.106, -679.3352, -2.629443, 0.0166641, 0.1456619, 189.5919, 1.845477, 1.454142, 8.815194
 
23.28044, -0.002405631, -0.0232929, 12.01145, 0, 0.0053581342058632909755250757, 8613.975, -679.3352, -2.629443, 0.0166641, 0.1456619, 189.478, 1.845477, 1.454142, 8.815194
 
23.29044, -0.002406149, -0.02331695, 12.00177, 0, 0.0053668907318581130738595, 8601.858, -679.3352, -2.629443, 0.0166641, 0.1456619, 189.3641, 1.845477, 1.454142, 8.815194
 
23.30044, -0.002410213, -0.02334101, 11.9921, 0, 0.0053762160113928217103268, 8589.759, -679.3352, -2.629443, 0.0166641, 0.1456619, 189.2502, 1.845477, 1.454142, 8.815194
 
23.31044, -0.002415354, -0.02336512, 11.98243, 0, 0.0053857314596766170655342, 8577.674, -679.3352, -2.629443, 0.0166641, 0.1456619, 189.1363, 1.845477, 1.454142, 8.815194
 
23.32044, -0.002416683, -0.02338927, 11.97278, 0, 0.0053946658854689631372177, 8565.609, -679.3352, -2.629443, 0.0166641, 0.1456619, 189.0226, 1.845477, 1.454142, 8.815194
 
23.33044, -0.002420344, -0.02341344, 11.96313, 0, 0.0054039832778205299282073, 8553.557, -679.3352, -2.629443, 0.0166641, 0.1456619, 188.9089, 1.845477, 1.454142, 8.815194
 
23.34044, -0.002423914, -0.02343764, 11.9535, 0, 0.0054133050519405176191102243, 8541.523, -679.3352, -2.629443, 0.0166641, 0.1456619, 188.7952, 1.845477, 1.454142, 8.815194
 
23.35044, -0.002424959, -0.02346188, 11.94386, 0, 0.0054222447358549407273718757, 8529.503, -679.3352, -2.629443, 0.0166641, 0.1456619, 188.6815, 1.845477, 1.454142, 8.815194
 
23.36044, -0.00243205, -0.02348613, 11.93424, 0, 0.005432157172356884401827, 8517.5, -679.3352, -2.629443, 0.0166641, 0.1456619, 188.5679, 1.845477, 1.454142, 8.815194
 
23.37044, -0.00243783, -0.02351045, 11.92463, 0, 0.0054418882036465568667582, 8505.517, -679.3352, -2.629443, 0.0166641, 0.1456619, 188.4544, 1.845477, 1.454142, 8.815194
 
23.38044, -0.002437432, -0.02353483, 11.91502, 0, 0.0054506605040076538925112, 8493.548, -679.3352, -2.629443, 0.0166641, 0.1456619, 188.3409, 1.845477, 1.454142, 8.815194
 
23.39044, -0.002444355, -0.0235592, 11.90542, 0, 0.0054606079946568858944415, 8481.593, -679.3352, -2.629443, 0.0166641, 0.1456619, 188.2275, 1.845477, 1.454142, 8.815194
 
23.40044, -0.002448788, -0.02358365, 11.89584, 0, 0.0054701865404058160134705, 8469.657, -679.3352, -2.629443, 0.0166641, 0.1456619, 188.1141, 1.845477, 1.454142, 8.815194
 
23.41044, -0.002461701, -0.02360813, 11.88625, 0, 0.0054811409614361569547205, 8457.735, -679.3352, -2.629443, 0.0166641, 0.1456619, 188.0007, 1.845477, 1.454142, 8.815194
 
23.42044, -0.002469626, -0.02363275, 11.87668, 0, 0.0054913399655922455846619, 8445.829, -679.3352, -2.629443, 0.0166641, 0.1456619, 187.8875, 1.845477, 1.454142, 8.815194
 
23.43044, -0.002473884, -0.02365745, 11.86711, 0, 0.0055009824851599841312509757, 8433.938, -679.3352, -2.629443, 0.0166641, 0.1456619, 187.7742, 1.845477, 1.454142, 8.815194
 
23.44044, -0.002472906, -0.02368219, 11.85755, 0, 0.0055098047376809970387697243, 8422.064, -679.3352, -2.629443, 0.0166641, 0.1456619, 187.661, 1.845477, 1.454142, 8.815194
 
23.45044, -0.002476885, -0.02370691, 11.848, 0, 0.0055194306065287694671281, 8410.208, -679.3352, -2.629443, 0.0166641, 0.1456619, 187.5478, 1.845477, 1.454142, 8.815194
 
23.46044, -0.002477292, -0.02373168, 11.83846, 0, 0.0055285026198492566210337, 8398.367, -679.3352, -2.629443, 0.0166641, 0.1456619, 187.4347, 1.845477, 1.454142, 8.815194
 
23.47044, -0.002483887, -0.02375646, 11.82893, 0, 0.0055385824399045351415343, 8386.539, -679.3352, -2.629443, 0.0166641, 0.1456619, 187.3216, 1.845477, 1.454142, 8.815194
 
23.48044, -0.002491779, -0.0237813, 11.8194, 0, 0.0055488988754540690263659, 8374.729, -679.3352, -2.629443, 0.0166641, 0.1456619, 187.2086, 1.845477, 1.454142, 8.815194
 
23.49044, -0.002494887, -0.02380621, 11.80988, 0, 0.0055584721630809045817431, 8362.935, -679.3352, -2.629443, 0.0166641, 0.1456619, 187.0956, 1.845477, 1.454142, 8.815194
 
23.50044, -0.00249575, -0.02383116, 11.80037, 0, 0.0055676992910031725998399757, 8351.155, -679.3352, -2.629443, 0.0166641, 0.1456619, 186.9827, 1.845477, 1.454142, 8.815194
 
23.51044, -0.002501594, -0.02385612, 11.79087, 0, 0.0055777466859722100746913, 8339.393, -679.3352, -2.629443, 0.0166641, 0.1456619, 186.8698, 1.845477, 1.454142, 8.815194
 
23.52044, -0.002506378, -0.02388114, 11.78137, 0, 0.0055876459771689173400169243, 8327.649, -679.3352, -2.629443, 0.0166641, 0.1456619, 186.757, 1.845477, 1.454142, 8.815194
 
23.53044, -0.002516106, -0.0239062, 11.77189, 0, 0.0055983716698881359988768, 8315.918, -679.3352, -2.629443, 0.0166641, 0.1456619, 186.6443, 1.845477, 1.454142, 8.815194
 
23.54044, -0.002523536, -0.02393136, 11.76241, 0, 0.005608759966439628920283, 8304.204, -679.3352, -2.629443, 0.0166641, 0.1456619, 186.5315, 1.845477, 1.454142, 8.815194
 
23.55044, -0.002524747, -0.02395659, 11.75294, 0, 0.0056181649941594384388026, 8292.502, -679.3352, -2.629443, 0.0166641, 0.1456619, 186.4188, 1.845477, 1.454142, 8.815194
 
23.56044, -0.002533432, -0.02398184, 11.74347, 0, 0.0056288021751567494699308243, 8280.817, -679.3352, -2.629443, 0.0166641, 0.1456619, 186.3061, 1.845477, 1.454142, 8.815194
 
23.57044, -0.002541094, -0.02400718, 11.73402, 0, 0.0056393043976869491735892, 8269.148, -679.3352, -2.629443, 0.0166641, 0.1456619, 186.1935, 1.845477, 1.454142, 8.815194
 
23.58044, -0.002540522, -0.02403259, 11.72457, 0, 0.0056484885842787782551963757, 8257.498, -679.3352, -2.629443, 0.0166641, 0.1456619, 186.081, 1.845477, 1.454142, 8.815194
 
23.59044, -0.002548659, -0.02405799, 11.71513, 0, 0.0056591099909098055953692, 8245.86, -679.3352, -2.629443, 0.0166641, 0.1456619, 185.9685, 1.845477, 1.454142, 8.815194
 
23.60044, -0.002557061, -0.02408348, 11.7057, 0, 0.0056698067639575216812178243, 8234.24, -679.3352, -2.629443, 0.0166641, 0.1456619, 185.856, 1.845477, 1.454142, 8.815194
 
23.61045, -0.00256331, -0.02410905, 11.69627, 0, 0.0056801819152037694299577, 8222.633, -679.3352, -2.629443, 0.0166641, 0.1456619, 185.7436, 1.845477, 1.454142, 8.815194
 
23.62045, -0.002567468, -0.02413468, 11.68686, 0, 0.0056902389500633048413005, 8211.044, -679.3352, -2.629443, 0.0166641, 0.1456619, 185.6312, 1.845477, 1.454142, 8.815194
 
23.63045, -0.002569103, -0.02416036, 11.67745, 0, 0.0056999025021194304060336, 8199.468, -679.3352, -2.629443, 0.0166641, 0.1456619, 185.5189, 1.845477, 1.454142, 8.815194
 
23.64045, -0.002569989, -0.02418605, 11.66805, 0, 0.0057094556336115701340789, 8187.909, -679.3352, -2.629443, 0.0166641, 0.1456619, 185.4066, 1.845477, 1.454142, 8.815194
 
23.65045, -0.002570094, -0.02421175, 11.65866, 0, 0.0057188922100639470345093, 8176.367, -679.3352, -2.629443, 0.0166641, 0.1456619, 185.2944, 1.845477, 1.454142, 8.815194
 
23.66045, -0.002575356, -0.02423745, 11.64927, 0, 0.0057291928712472059919223243, 8164.84, -679.3352, -2.629443, 0.0166641, 0.1456619, 185.1822, 1.845477, 1.454142, 8.815194
 
23.67045, -0.002578619, -0.0242632, 11.6399, 0, 0.0057391868086415978759067, 8153.328, -679.3352, -2.629443, 0.0166641, 0.1456619, 185.0701, 1.845477, 1.454142, 8.815194
 
23.68045, -0.002577509, -0.02428899, 11.63053, 0, 0.0057484726522605885214486757, 8141.833, -679.3352, -2.629443, 0.0166641, 0.1456619, 184.958, 1.845477, 1.454142, 8.815194
 
23.69045, -0.002578909, -0.02431476, 11.62117, 0, 0.0057581844037692475863232757, 8130.353, -679.3352, -2.629443, 0.0166641, 0.1456619, 184.846, 1.845477, 1.454142, 8.815194
 
23.70045, -0.002576005, -0.02434055, 11.61182, 0, 0.0057671924432709175491319757, 8118.889, -679.3352, -2.629443, 0.0166641, 0.1456619, 184.734, 1.845477, 1.454142, 8.815194
 
23.71045, -0.002576119, -0.02436631, 11.60247, 0, 0.0057767078915547129043393757, 8107.437, -679.3352, -2.629443, 0.0166641, 0.1456619, 184.622, 1.845477, 1.454142, 8.815194
 
23.72045, -0.002583877, -0.02439207, 11.59313, 0, 0.005787509827044320263224, 8096, -679.3352, -2.629443, 0.0166641, 0.1456619, 184.5101, 1.845477, 1.454142, 8.815194
 
23.73045, -0.002587281, -0.02441791, 11.5838, 0, 0.0057976150613563891747083, 8084.581, -679.3352, -2.629443, 0.0166641, 0.1456619, 184.3983, 1.845477, 1.454142, 8.815194
 
23.74045, -0.002588837, -0.02444378, 11.57448, 0, 0.005807429346245892230793, 8073.176, -679.3352, -2.629443, 0.0166641, 0.1456619, 184.2865, 1.845477, 1.454142, 8.815194
 
23.75045, -0.002590558, -0.02446967, 11.56516, 0, 0.0058172865724658342233674, 8061.787, -679.3352, -2.629443, 0.0166641, 0.1456619, 184.1747, 1.845477, 1.454142, 8.815194
 
23.76045, -0.002590488, -0.02449558, 11.55586, 0, 0.0058268563546779400696434, 8050.414, -679.3352, -2.629443, 0.0166641, 0.1456619, 184.063, 1.845477, 1.454142, 8.815194
 
23.77045, -0.00258625, -0.02452148, 11.54656, 0, 0.0058357373228956580775336, 8039.059, -679.3352, -2.629443, 0.0166641, 0.1456619, 183.9514, 1.845477, 1.454142, 8.815194
 
23.78045, -0.00258976, -0.02454735, 11.53727, 0, 0.0058459223053928366346070243, 8027.714, -679.3352, -2.629443, 0.0166641, 0.1456619, 183.8397, 1.845477, 1.454142, 8.815194
 
23.79045, -0.002593914, -0.02457325, 11.52798, 0, 0.0058562343591739496195253, 8016.386, -679.3352, -2.629443, 0.0166641, 0.1456619, 183.7282, 1.845477, 1.454142, 8.815194
 
23.80045, -0.002595054, -0.02459919, 11.51871, 0, 0.0058660600366613242301889, 8005.075, -679.3352, -2.629443, 0.0166641, 0.1456619, 183.6166, 1.845477, 1.454142, 8.815194
 
23.81045, -0.002600129, -0.02462514, 11.50944, 0, 0.00587656488825257997921, 7993.777, -679.3352, -2.629443, 0.0166641, 0.1456619, 183.5051, 1.845477, 1.454142, 8.815194
 
23.82045, -0.002601055, -0.02465114, 11.50018, 0, 0.0058863905657399545898736, 7982.495, -679.3352, -2.629443, 0.0166641, 0.1456619, 183.3937, 1.845477, 1.454142, 8.815194
 
23.83045, -0.002597901, -0.02467715, 11.49092, 0, 0.0058955379454771217259181757, 7971.226, -679.3352, -2.629443, 0.0166641, 0.1456619, 183.2823, 1.845477, 1.454142, 8.815194
 
23.84045, -0.002604952, -0.02470312, 11.48168, 0, 0.0059064196291518299668551, 7959.975, -679.3352, -2.629443, 0.0166641, 0.1456619, 183.171, 1.845477, 1.454142, 8.815194
 
23.85045, -0.002609029, -0.02472917, 11.47245, 0, 0.0059168254527769801973041243, 7948.74, -679.3352, -2.629443, 0.0166641, 0.1456619, 183.0597, 1.845477, 1.454142, 8.815194
 
23.86045, -0.002606551, -0.02475526, 11.46322, 0, 0.0059261367106527612338298, 7937.519, -679.3352, -2.629443, 0.0166641, 0.1456619, 182.9485, 1.845477, 1.454142, 8.815194
 
23.87045, -0.002608235, -0.02478133, 11.45399, 0, 0.0059361613204260380724496757, 7926.312, -679.3352, -2.629443, 0.0166641, 0.1456619, 182.8373, 1.845477, 1.454142, 8.815194
 
23.88045, -0.002610718, -0.02480741, 11.44478, 0, 0.0059463392920937572113207, 7915.118, -679.3352, -2.629443, 0.0166641, 0.1456619, 182.7261, 1.845477, 1.454142, 8.815194
 
23.89045, -0.002614021, -0.02483352, 11.43557, 0, 0.0059566732547169308781214757, 7903.94, -679.3352, -2.629443, 0.0166641, 0.1456619, 182.615, 1.845477, 1.454142, 8.815194
 
23.90045, -0.002613332, -0.02485966, 11.42637, 0, 0.0059663438176025158610569757, 7892.779, -679.3352, -2.629443, 0.0166641, 0.1456619, 182.5039, 1.845477, 1.454142, 8.815194
 
23.91045, -0.002621619, -0.02488579, 11.41718, 0, 0.0059775620210912674121722757, 7881.634, -679.3352, -2.629443, 0.0166641, 0.1456619, 182.3929, 1.845477, 1.454142, 8.815194
 
23.92045, -0.002618639, -0.02491201, 11.408, 0, 0.0059868785370891605394234, 7870.502, -679.3352, -2.629443, 0.0166641, 0.1456619, 182.2819, 1.845477, 1.454142, 8.815194
 
23.93045, -0.002615354, -0.0249382, 11.39882, 0, 0.0059961459772808289757209, 7859.382, -679.3352, -2.629443, 0.0166641, 0.1456619, 182.171, 1.845477, 1.454142, 8.815194
 
23.94045, -0.002624757, -0.02496435, 11.38964, 0, 0.0060076007962638358911672, 7848.278, -679.3352, -2.629443, 0.0166641, 0.1456619, 182.0601, 1.845477, 1.454142, 8.815194
 
23.95045, -0.002630172, -0.0249906, 11.38048, 0, 0.0060184036081071169137903, 7837.19, -679.3352, -2.629443, 0.0166641, 0.1456619, 181.9492, 1.845477, 1.454142, 8.815194
 
23.96045, -0.002631662, -0.0250169, 11.37133, 0, 0.0060285535364569983798517243, 7826.119, -679.3352, -2.629443, 0.0166641, 0.1456619, 181.8384, 1.845477, 1.454142, 8.815194
 
23.97045, -0.002636104, -0.02504322, 11.36218, 0, 0.0060392292770163186840195, 7815.061, -679.3352, -2.629443, 0.0166641, 0.1456619, 181.7277, 1.845477, 1.454142, 8.815194
 
23.98045, -0.002639072, -0.02506958, 11.35304, 0, 0.0060496719074961220964943, 7804.019, -679.3352, -2.629443, 0.0166641, 0.1456619, 181.617, 1.845477, 1.454142, 8.815194
 
23.99045, -0.002639461, -0.02509597, 11.34391, 0, 0.0060596868773788922350858757, 7792.991, -679.3352, -2.629443, 0.0166641, 0.1456619, 181.5063, 1.845477, 1.454142, 8.815194
 
24.00045, -0.002650019, -0.02512236, 11.33479, 0, 0.0060714799688833248423348, 7781.976, -679.3352, -2.629443, 0.0166641, 0.1456619, 181.3957, 1.845477, 1.454142, 8.815194
 
24.01045, -0.002651909, -0.02514886, 11.32567, 0, 0.0060818060443233741907315243, 7770.974, -679.3352, -2.629443, 0.0166641, 0.1456619, 181.2851, 1.845477, 1.454142, 8.815194
 
24.02045, -0.002652435, -0.02517538, 11.31656, 0, 0.0060919086495743782933162757, 7759.995, -679.3352, -2.629443, 0.0166641, 0.1456619, 181.1746, 1.845477, 1.454142, 8.815194
 
24.03045, -0.002659614, -0.0252019, 11.30746, 0, 0.0061031855687598699989503243, 7749.023, -679.3352, -2.629443, 0.0166641, 0.1456619, 181.0641, 1.845477, 1.454142, 8.815194
 
24.04045, -0.002667772, -0.0252285, 11.29836, 0, 0.0061146640492922936872929, 7738.067, -679.3352, -2.629443, 0.0166641, 0.1456619, 180.9537, 1.845477, 1.454142, 8.815194
 
24.05046, -0.002673374, -0.02525518, 11.28928, 0, 0.0061257280145329380379554, 7727.126, -679.3352, -2.629443, 0.0166641, 0.1456619, 180.8433, 1.845477, 1.454142, 8.815194
 
24.06046, -0.002670392, -0.02528191, 11.2802, 0, 0.0061353153238186924297374, 7716.203, -679.3352, -2.629443, 0.0166641, 0.1456619, 180.733, 1.845477, 1.454142, 8.815194
 
24.07046, -0.002676542, -0.02530862, 11.27112, 0, 0.006146508113050653589869, 7705.29, -679.3352, -2.629443, 0.0166641, 0.1456619, 180.6227, 1.845477, 1.454142, 8.815194
 
24.08046, -0.002684992, -0.02533538, 11.26206, 0, 0.0061581338210017250604619757, 7694.39, -679.3352, -2.629443, 0.0166641, 0.1456619, 180.5124, 1.845477, 1.454142, 8.815194
 
24.09046, -0.0026921, -0.02536223, 11.253, 0, 0.006169556214898490930259, 7683.509, -679.3352, -2.629443, 0.0166641, 0.1456619, 180.4022, 1.845477, 1.454142, 8.815194
 
24.10046, -0.002695122, -0.02538915, 11.24395, 0, 0.0061802897948008601981334, 7672.641, -679.3352, -2.629443, 0.0166641, 0.1456619, 180.292, 1.845477, 1.454142, 8.815194
 
24.11046, -0.002699287, -0.0254161, 11.23491, 0, 0.0061912442158312099029202243, 7661.789, -679.3352, -2.629443, 0.0166641, 0.1456619, 180.1819, 1.845477, 1.454142, 8.815194
 
24.12046, -0.00270459, -0.0254431, 11.22587, 0, 0.0062024229834042522266470243, 7650.951, -679.3352, -2.629443, 0.0166641, 0.1456619, 180.0718, 1.845477, 1.454142, 8.815194
 
24.13046, -0.002713051, -0.02547014, 11.21684, 0, 0.0062141854025297823521868, 7640.125, -679.3352, -2.629443, 0.0166641, 0.1456619, 179.9618, 1.845477, 1.454142, 8.815194
 
24.14046, -0.002720233, -0.02549727, 11.20783, 0, 0.0062257576529062257589864757, 7629.316, -679.3352, -2.629443, 0.0166641, 0.1456619, 179.8518, 1.845477, 1.454142, 8.815194
 
24.15046, -0.002722671, -0.02552448, 11.19881, 0, 0.0062365166470653854178445757, 7618.521, -679.3352, -2.629443, 0.0166641, 0.1456619, 179.7419, 1.845477, 1.454142, 8.815194
 
24.16046, -0.002722692, -0.0255517, 11.1898, 0, 0.0062468663840548603026744, 7607.738, -679.3352, -2.629443, 0.0166641, 0.1456619, 179.632, 1.845477, 1.454142, 8.815194
 
24.17046, -0.002727263, -0.02557893, 11.18081, 0, 0.0062580355117373959263729, 7596.974, -679.3352, -2.629443, 0.0166641, 0.1456619, 179.5221, 1.845477, 1.454142, 8.815194
 
24.18046, -0.002728302, -0.0256062, 11.17181, 0, 0.0062685990790253743028391, 7586.222, -679.3352, -2.629443, 0.0166641, 0.1456619, 179.4123, 1.845477, 1.454142, 8.815194
 
24.19046, -0.002737377, -0.02563348, 11.16283, 0, 0.0062806121353040786291146757, 7575.485, -679.3352, -2.629443, 0.0166641, 0.1456619, 179.3026, 1.845477, 1.454142, 8.815194
 
24.20046, -0.002748762, -0.02566086, 11.15386, 0, 0.0062930756373755593384312757, 7564.76, -679.3352, -2.629443, 0.0166641, 0.1456619, 179.1928, 1.845477, 1.454142, 8.815194
 
24.21046, -0.002754359, -0.02568834, 11.14489, 0, 0.0063045462307248587083698, 7554.05, -679.3352, -2.629443, 0.0166641, 0.1456619, 179.0831, 1.845477, 1.454142, 8.815194
 
24.22046, -0.002759983, -0.02571589, 11.13593, 0, 0.0063160466200993518421317, 7543.357, -679.3352, -2.629443, 0.0166641, 0.1456619, 178.9735, 1.845477, 1.454142, 8.815194
 
24.23046, -0.002766483, -0.02574349, 11.12697, 0, 0.0063277327964545195582572, 7532.677, -679.3352, -2.629443, 0.0166641, 0.1456619, 178.864, 1.845477, 1.454142, 8.815194
 
24.24046, -0.002768451, -0.02577115, 11.11802, 0, 0.0063386346362639148629892, 7522.009, -679.3352, -2.629443, 0.0166641, 0.1456619, 178.7544, 1.845477, 1.454142, 8.815194
 
24.25046, -0.002771793, -0.02579884, 11.10908, 0, 0.0063497993821780471138480243, 7511.358, -679.3352, -2.629443, 0.0166641, 0.1456619, 178.6449, 1.845477, 1.454142, 8.815194
 
24.26046, -0.002781948, -0.02582655, 11.10015, 0, 0.006362213808443303132211, 7500.722, -679.3352, -2.629443, 0.0166641, 0.1456619, 178.5355, 1.845477, 1.454142, 8.815194
 
24.27046, -0.002785218, -0.02585437, 11.09123, 0, 0.0063734250011025952651239, 7490.099, -679.3352, -2.629443, 0.0166641, 0.1456619, 178.4261, 1.845477, 1.454142, 8.815194
 
24.28046, -0.00278639, -0.02588223, 11.08231, 0, 0.0063842786414594483061775757, 7479.49, -679.3352, -2.629443, 0.0166641, 0.1456619, 178.3167, 1.845477, 1.454142, 8.815194
 
24.29046, -0.002797925, -0.02591009, 11.0734, 0, 0.0063970225767093232706638243, 7468.894, -679.3352, -2.629443, 0.0166641, 0.1456619, 178.2074, 1.845477, 1.454142, 8.815194
 
24.30046, -0.002803883, -0.02593807, 11.0645, 0, 0.0064087998938474546598837, 7458.312, -679.3352, -2.629443, 0.0166641, 0.1456619, 178.0981, 1.845477, 1.454142, 8.815194
 
24.31046, -0.002806503, -0.02596611, 11.0556, 0, 0.0064199996939088752382177, 7447.747, -679.3352, -2.629443, 0.0166641, 0.1456619, 177.9889, 1.845477, 1.454142, 8.815194
 
24.32046, -0.00281837, -0.02599417, 11.04672, 0, 0.0064328996201142134941705243, 7437.195, -679.3352, -2.629443, 0.0166641, 0.1456619, 177.8797, 1.845477, 1.454142, 8.815194
 
24.33046, -0.002825839, -0.02602235, 11.03783, 0, 0.0064450441294452819117411, 7426.655, -679.3352, -2.629443, 0.0166641, 0.1456619, 177.7706, 1.845477, 1.454142, 8.815194
 
24.34046, -0.002828887, -0.02605061, 11.02896, 0, 0.0064564156948284582360339, 7416.128, -679.3352, -2.629443, 0.0166641, 0.1456619, 177.6615, 1.845477, 1.454142, 8.815194
 
24.35046, -0.002834559, -0.0260789, 11.02009, 0, 0.0064682859054569269164355757, 7405.62, -679.3352, -2.629443, 0.0166641, 0.1456619, 177.5525, 1.845477, 1.454142, 8.815194
 
24.36046, -0.002837896, -0.02610725, 11.01124, 0, 0.0064797573751599174771862243, 7395.127, -679.3352, -2.629443, 0.0166641, 0.1456619, 177.4435, 1.845477, 1.454142, 8.815194
 
24.37046, -0.002841495, -0.02613563, 11.00238, 0, 0.0064912989531574759293504, 7384.642, -679.3352, -2.629443, 0.0166641, 0.1456619, 177.3345, 1.845477, 1.454142, 8.815194
 
24.38046, -0.002844561, -0.02616404, 10.99353, 0, 0.0065027642883846807356371243, 7374.172, -679.3352, -2.629443, 0.0166641, 0.1456619, 177.2256, 1.845477, 1.454142, 8.815194
 
24.39046, -0.002852199, -0.02619249, 10.9847, 0, 0.0065150902029280115991948, 7363.72, -679.3352, -2.629443, 0.0166641, 0.1456619, 177.1168, 1.845477, 1.454142, 8.815194
 
24.40046, -0.002856617, -0.02622101, 10.97587, 0, 0.0065268570038219626246479, 7353.281, -679.3352, -2.629443, 0.0166641, 0.1456619, 177.0079, 1.845477, 1.454142, 8.815194
 
24.41046, -0.002856926, -0.02624957, 10.96704, 0, 0.0065378929257447605389639757, 7342.853, -679.3352, -2.629443, 0.0166641, 0.1456619, 176.8992, 1.845477, 1.454142, 8.815194
 
24.42046, -0.002866679, -0.02627814, 10.95823, 0, 0.0065506815550324305309537, 7332.443, -679.3352, -2.629443, 0.0166641, 0.1456619, 176.7905, 1.845477, 1.454142, 8.815194
 
24.43046, -0.002868665, -0.02630681, 10.94942, 0, 0.0065620785346724060097670243, 7322.042, -679.3352, -2.629443, 0.0166641, 0.1456619, 176.6817, 1.845477, 1.454142, 8.815194
 
24.44046, -0.002872392, -0.0263355, 10.94062, 0, 0.0065738137868337808897725, 7311.657, -679.3352, -2.629443, 0.0166641, 0.1456619, 176.5731, 1.845477, 1.454142, 8.815194
 
24.45046, -0.002875319, -0.02636422, 10.93182, 0, 0.0065854245967722598602222, 7301.285, -679.3352, -2.629443, 0.0166641, 0.1456619, 176.4645, 1.845477, 1.454142, 8.815194
 
24.46046, -0.002882041, -0.02639297, 10.92303, 0, 0.0065977592748524325236065243, 7290.926, -679.3352, -2.629443, 0.0166641, 0.1456619, 176.3559, 1.845477, 1.454142, 8.815194
 
24.47046, -0.002888042, -0.02642179, 10.91425, 0, 0.0066099905431980612414318, 7280.583, -679.3352, -2.629443, 0.0166641, 0.1456619, 176.2474, 1.845477, 1.454142, 8.815194
 
24.48046, -0.002886542, -0.02645067, 10.90548, 0, 0.0066208564525064857914133243, 7270.255, -679.3352, -2.629443, 0.0166641, 0.1456619, 176.1389, 1.845477, 1.454142, 8.815194
 
24.49047, -0.002891024, -0.02647954, 10.89671, 0, 0.0066328440945283997267052, 7259.939, -679.3352, -2.629443, 0.0166641, 0.1456619, 176.0305, 1.845477, 1.454142, 8.815194
 
24.50047, -0.002895944, -0.02650845, 10.88795, 0, 0.0066449395280532697439326243, 7249.638, -679.3352, -2.629443, 0.0166641, 0.1456619, 175.9221, 1.845477, 1.454142, 8.815194
 
24.51047, -0.002895891, -0.02653741, 10.8792, 0, 0.0066561314409315397132521, 7239.351, -679.3352, -2.629443, 0.0166641, 0.1456619, 175.8138, 1.845477, 1.454142, 8.815194
 
24.52047, -0.00290292, -0.02656637, 10.87046, 0, 0.0066686597931755200409409, 7229.078, -679.3352, -2.629443, 0.0166641, 0.1456619, 175.7056, 1.845477, 1.454142, 8.815194
 
24.53047, -0.002904902, -0.0265954, 10.86172, 0, 0.0066802767375897847658545243, 7218.817, -679.3352, -2.629443, 0.0166641, 0.1456619, 175.5973, 1.845477, 1.454142, 8.815194
 
24.54047, -0.002907505, -0.02662445, 10.85299, 0, 0.0066920286404711257640907, 7208.569, -679.3352, -2.629443, 0.0166641, 0.1456619, 175.4891, 1.845477, 1.454142, 8.815194
 
24.55047, -0.002905088, -0.02665352, 10.84427, 0, 0.0067028568665712059412343243, 7198.337, -679.3352, -2.629443, 0.0166641, 0.1456619, 175.381, 1.845477, 1.454142, 8.815194
 
24.56047, -0.002908818, -0.02668257, 10.83555, 0, 0.0067148471376541759218889243, 7188.117, -679.3352, -2.629443, 0.0166641, 0.1456619, 175.2728, 1.845477, 1.454142, 8.815194
 
24.57047, -0.00290873, -0.02671166, 10.82684, 0, 0.0067261424602669723096938, 7177.91, -679.3352, -2.629443, 0.0166641, 0.1456619, 175.1648, 1.845477, 1.454142, 8.815194
 
24.58047, -0.002907099, -0.02674075, 10.81814, 0, 0.0067371582260550831602148, 7167.717, -679.3352, -2.629443, 0.0166641, 0.1456619, 175.0567, 1.845477, 1.454142, 8.815194
 
24.59047, -0.002908477, -0.02676982, 10.80944, 0, 0.0067487506325662311578832, 7157.538, -679.3352, -2.629443, 0.0166641, 0.1456619, 174.9488, 1.845477, 1.454142, 8.815194
 
24.60047, -0.002909195, -0.02679891, 10.80076, 0, 0.0067602343712207581734144, 7147.374, -679.3352, -2.629443, 0.0166641, 0.1456619, 174.8408, 1.845477, 1.454142, 8.815194
 
24.61047, -0.002912914, -0.026828, 10.79207, 0, 0.0067723017614277817542954, 7137.221, -679.3352, -2.629443, 0.0166641, 0.1456619, 174.7329, 1.845477, 1.454142, 8.815194
 
24.62047, -0.002910767, -0.02685713, 10.7834, 0, 0.0067832798440075482319785, 7127.082, -679.3352, -2.629443, 0.0166641, 0.1456619, 174.6251, 1.845477, 1.454142, 8.815194
 
24.63047, -0.002915817, -0.02688624, 10.77473, 0, 0.0067956311728076870135935243, 7116.958, -679.3352, -2.629443, 0.0166641, 0.1456619, 174.5173, 1.845477, 1.454142, 8.815194
 
24.64047, -0.002915025, -0.02691539, 10.76607, 0, 0.0068068993284563281558641, 7106.846, -679.3352, -2.629443, 0.0166641, 0.1456619, 174.4095, 1.845477, 1.454142, 8.815194
 
24.65047, -0.002914968, -0.02694454, 10.75742, 0, 0.0068183164642309906984725, 7096.747, -679.3352, -2.629443, 0.0166641, 0.1456619, 174.3018, 1.845477, 1.454142, 8.815194
 
24.66047, -0.002922201, -0.02697369, 10.74877, 0, 0.0068311375186049104996483243, 7086.663, -679.3352, -2.629443, 0.0166641, 0.1456619, 174.1941, 1.845477, 1.454142, 8.815194
 
24.67047, -0.002925777, -0.02700292, 10.74013, 0, 0.0068432934205338592353346243, 7076.591, -679.3352, -2.629443, 0.0166641, 0.1456619, 174.0865, 1.845477, 1.454142, 8.815194
 
24.68047, -0.002929091, -0.02703217, 10.7315, 0, 0.0068554221554986527254866243, 7066.535, -679.3352, -2.629443, 0.0166641, 0.1456619, 173.9789, 1.845477, 1.454142, 8.815194
 
24.69047, -0.002935293, -0.02706146, 10.72287, 0, 0.0068681266548327921719739, 7056.491, -679.3352, -2.629443, 0.0166641, 0.1456619, 173.8714, 1.845477, 1.454142, 8.815194
 
24.70047, -0.00294112, -0.02709082, 10.71425, 0, 0.0068807899655438663000589, 7046.458, -679.3352, -2.629443, 0.0166641, 0.1456619, 173.7639, 1.845477, 1.454142, 8.815194
 
24.71047, -0.002942334, -0.02712023, 10.70564, 0, 0.0068925970787072089801758, 7036.441, -679.3352, -2.629443, 0.0166641, 0.1456619, 173.6564, 1.845477, 1.454142, 8.815194
 
24.72047, -0.002942208, -0.02714965, 10.69704, 0, 0.0069041631946078841595852, 7026.437, -679.3352, -2.629443, 0.0166641, 0.1456619, 173.549, 1.845477, 1.454142, 8.815194
 
24.73047, -0.00294732, -0.02717908, 10.68844, 0, 0.0069167493861949046874438, 7016.447, -679.3352, -2.629443, 0.0166641, 0.1456619, 173.4416, 1.845477, 1.454142, 8.815194
 
24.74047, -0.002951067, -0.02720855, 10.67985, 0, 0.0069291015913487171327973, 7006.47, -679.3352, -2.629443, 0.0166641, 0.1456619, 173.3343, 1.845477, 1.454142, 8.815194
 
24.75047, -0.002951389, -0.02723806, 10.67127, 0, 0.0069408149346680400944571, 6996.505, -679.3352, -2.629443, 0.0166641, 0.1456619, 173.227, 1.845477, 1.454142, 8.815194
 
24.76047, -0.00295791, -0.02726757, 10.66269, 0, 0.0069537411514838424051321, 6986.556, -679.3352, -2.629443, 0.0166641, 0.1456619, 173.1198, 1.845477, 1.454142, 8.815194
 
24.77047, -0.002959934, -0.02729715, 10.65412, 0, 0.0069658295741792354770834757, 6976.618, -679.3352, -2.629443, 0.0166641, 0.1456619, 173.0126, 1.845477, 1.454142, 8.815194
 
24.78047, -0.002962941, -0.02732675, 10.64556, 0, 0.0069781265690510637676299, 6966.696, -679.3352, -2.629443, 0.0166641, 0.1456619, 172.9055, 1.845477, 1.454142, 8.815194
 
24.79047, -0.002967928, -0.02735638, 10.63701, 0, 0.0069908293156778471231034, 6956.785, -679.3352, -2.629443, 0.0166641, 0.1456619, 172.7984, 1.845477, 1.454142, 8.815194
 
24.80047, -0.00297494, -0.02738606, 10.62846, 0, 0.0070039553411332428525468, 6946.887, -679.3352, -2.629443, 0.0166641, 0.1456619, 172.6913, 1.845477, 1.454142, 8.815194
 
24.81047, -0.002975315, -0.02741581, 10.61992, 0, 0.0070158220463469905873841, 6937.003, -679.3352, -2.629443, 0.0166641, 0.1456619, 172.5843, 1.845477, 1.454142, 8.815194
 
24.82047, -0.002977802, -0.02744556, 10.61138, 0, 0.0070281155358040804052925, 6927.13, -679.3352, -2.629443, 0.0166641, 0.1456619, 172.4773, 1.845477, 1.454142, 8.815194
 
24.83047, -0.002984685, -0.02747534, 10.60285, 0, 0.0070412862552972799257762, 6917.271, -679.3352, -2.629443, 0.0166641, 0.1456619, 172.3704, 1.845477, 1.454142, 8.815194
 
24.84047, -0.002990234, -0.02750519, 10.59433, 0, 0.0070542308755404132092325, 6907.426, -679.3352, -2.629443, 0.0166641, 0.1456619, 172.2635, 1.845477, 1.454142, 8.815194
 
24.85047, -0.002990314, -0.02753509, 10.58581, 0, 0.0070661326349014580350818, 6897.594, -679.3352, -2.629443, 0.0166641, 0.1456619, 172.1567, 1.845477, 1.454142, 8.815194
 
24.86047, -0.002990351, -0.02756499, 10.57731, 0, 0.0070780387760309149973076, 6887.776, -679.3352, -2.629443, 0.0166641, 0.1456619, 172.0499, 1.845477, 1.454142, 8.815194
 
24.87047, -0.002994751, -0.0275949, 10.56881, 0, 0.0070908177654280782892690243, 6877.969, -679.3352, -2.629443, 0.0166641, 0.1456619, 171.9431, 1.845477, 1.454142, 8.815194
 
24.88047, -0.003001518, -0.02762484, 10.56031, 0, 0.0071040883892410657556001, 6868.175, -679.3352, -2.629443, 0.0166641, 0.1456619, 171.8364, 1.845477, 1.454142, 8.815194
 
24.89047, -0.003001624, -0.02765486, 10.55183, 0, 0.0071160777839703533089794, 6858.397, -679.3352, -2.629443, 0.0166641, 0.1456619, 171.7297, 1.845477, 1.454142, 8.815194
 
24.90047, -0.003009216, -0.02768487, 10.54335, 0, 0.0071295587326671233213824757, 6848.631, -679.3352, -2.629443, 0.0166641, 0.1456619, 171.6231, 1.845477, 1.454142, 8.815194
 
24.91047, -0.003011442, -0.02771497, 10.53487, 0, 0.0071420152239091446124966757, 6838.876, -679.3352, -2.629443, 0.0166641, 0.1456619, 171.5165, 1.845477, 1.454142, 8.815194
 
24.92048, -0.003015999, -0.02774508, 10.5264, 0, 0.007154954586030192095838, 6829.134, -679.3352, -2.629443, 0.0166641, 0.1456619, 171.41, 1.845477, 1.454142, 8.815194
 
24.93048, -0.003019828, -0.02777524, 10.51794, 0, 0.0071677756404040943699401757, 6819.405, -679.3352, -2.629443, 0.0166641, 0.1456619, 171.3035, 1.845477, 1.454142, 8.815194
 
24.94048, -0.003028919, -0.02780544, 10.50949, 0, 0.007181665846270575446982, 6809.692, -679.3352, -2.629443, 0.0166641, 0.1456619, 171.197, 1.845477, 1.454142, 8.815194
 
24.95048, -0.003032597, -0.02783573, 10.50105, 0, 0.0071945202020844187210824, 6799.989, -679.3352, -2.629443, 0.0166641, 0.1456619, 171.0906, 1.845477, 1.454142, 8.815194
 
24.96048, -0.003039814, -0.02786606, 10.4926, 0, 0.0072081045605157239155077, 6790.298, -679.3352, -2.629443, 0.0166641, 0.1456619, 170.9842, 1.845477, 1.454142, 8.815194
 
24.97048, -0.003049241, -0.02789645, 10.48417, 0, 0.0072221630262892222658703, 6780.622, -679.3352, -2.629443, 0.0166641, 0.1456619, 170.8779, 1.845477, 1.454142, 8.815194
 
24.98048, -0.003059828, -0.02792695, 10.47574, 0, 0.0072364957907653115898649757, 6770.957, -679.3352, -2.629443, 0.0166641, 0.1456619, 170.7716, 1.845477, 1.454142, 8.815194
 
24.99048, -0.003066234, -0.02795754, 10.46733, 0, 0.0072500372078661778478005757, 6761.306, -679.3352, -2.629443, 0.0166641, 0.1456619, 170.6654, 1.845477, 1.454142, 8.815194
 
25.00048, -0.003067616, -0.02798821, 10.45891, 0, 0.0072626049960258849299515243, 6751.668, -679.3352, -2.629443, 0.0166641, 0.1456619, 170.5592, 1.845477, 1.454142, 8.815194
 
25.01048, -0.003077601, -0.02801888, 10.45051, 0, 0.0072769158516599135720637, 6742.042, -679.3352, -2.629443, 0.0166641, 0.1456619, 170.453, 1.845477, 1.454142, 8.815194
 
25.02048, -0.003083597, -0.02804966, 10.44211, 0, 0.0072904686613586513845782, 6732.431, -679.3352, -2.629443, 0.0166641, 0.1456619, 170.3469, 1.845477, 1.454142, 8.815194
 
25.03048, -0.003089715, -0.0280805, 10.43372, 0, 0.0073040784340467469699872, 6722.832, -679.3352, -2.629443, 0.0166641, 0.1456619, 170.2408, 1.845477, 1.454142, 8.815194
 
25.04048, -0.003098168, -0.02811139, 10.42533, 0, 0.0073181894810411909568678, 6713.244, -679.3352, -2.629443, 0.0166641, 0.1456619, 170.1348, 1.845477, 1.454142, 8.815194
 
25.05048, -0.003107893, -0.02814237, 10.41695, 0, 0.0073325967355802953627998, 6703.67, -679.3352, -2.629443, 0.0166641, 0.1456619, 170.0288, 1.845477, 1.454142, 8.815194
 
25.06048, -0.003113593, -0.02817345, 10.40858, 0, 0.0073462336752325461937431, 6694.108, -679.3352, -2.629443, 0.0166641, 0.1456619, 169.9229, 1.845477, 1.454142, 8.815194
 
25.07048, -0.003115596, -0.02820459, 10.40021, 0, 0.0073591537575725627499541757, 6684.562, -679.3352, -2.629443, 0.0166641, 0.1456619, 169.817, 1.845477, 1.454142, 8.815194
 
25.08048, -0.003125074, -0.02823574, 10.39185, 0, 0.0073736100879178918468398, 6675.024, -679.3352, -2.629443, 0.0166641, 0.1456619, 169.7111, 1.845477, 1.454142, 8.815194
 
25.09048, -0.003134203, -0.028267, 10.3835, 0, 0.0073880357458843272255531, 6665.501, -679.3352, -2.629443, 0.0166641, 0.1456619, 169.6053, 1.845477, 1.454142, 8.815194
 
25.10048, -0.003134895, -0.02829834, 10.37516, 0, 0.007400789321024691362994, 6655.991, -679.3352, -2.629443, 0.0166641, 0.1456619, 169.4996, 1.845477, 1.454142, 8.815194
 
25.11048, -0.003137057, -0.02832969, 10.36682, 0, 0.0074138583834907380830797243, 6646.495, -679.3352, -2.629443, 0.0166641, 0.1456619, 169.3938, 1.845477, 1.454142, 8.815194
 
25.12048, -0.003142759, -0.02836106, 10.35849, 0, 0.0074276679648184270872571243, 6637.009, -679.3352, -2.629443, 0.0166641, 0.1456619, 169.2882, 1.845477, 1.454142, 8.815194
 
25.13048, -0.003147699, -0.02839249, 10.35016, 0, 0.0074413539802768763185435757, 6627.538, -679.3352, -2.629443, 0.0166641, 0.1456619, 169.1826, 1.845477, 1.454142, 8.815194
 
25.14048, -0.00315115, -0.02842396, 10.34184, 0, 0.0074547674497401169578222, 6618.077, -679.3352, -2.629443, 0.0166641, 0.1456619, 169.077, 1.845477, 1.454142, 8.815194
 
25.15048, -0.003159453, -0.02845548, 10.33353, 0, 0.0074691966131212908091735243, 6608.629, -679.3352, -2.629443, 0.0166641, 0.1456619, 168.9714, 1.845477, 1.454142, 8.815194
 
25.16048, -0.003169195, -0.02848707, 10.32522, 0, 0.0074839596672554519253405, 6599.194, -679.3352, -2.629443, 0.0166641, 0.1456619, 168.8659, 1.845477, 1.454142, 8.815194
 
25.17048, -0.00317527, -0.02851876, 10.31692, 0, 0.0074980146276142205666019, 6589.77, -679.3352, -2.629443, 0.0166641, 0.1456619, 168.7604, 1.845477, 1.454142, 8.815194
 
25.18048, -0.003176601, -0.02855051, 10.30863, 0, 0.0075111266314107062231773243, 6580.36, -679.3352, -2.629443, 0.0166641, 0.1456619, 168.655, 1.845477, 1.454142, 8.815194
 
25.19048, -0.003185647, -0.02858228, 10.30035, 0, 0.0075258441151533811210287, 6570.963, -679.3352, -2.629443, 0.0166641, 0.1456619, 168.5496, 1.845477, 1.454142, 8.815194
 
25.20048, -0.003192117, -0.02861414, 10.29207, 0, 0.0075400734698949527900748, 6561.579, -679.3352, -2.629443, 0.0166641, 0.1456619, 168.4442, 1.845477, 1.454142, 8.815194
 
25.21048, -0.003195055, -0.02864606, 10.2838, 0, 0.007553607876166359629808, 6552.208, -679.3352, -2.629443, 0.0166641, 0.1456619, 168.339, 1.845477, 1.454142, 8.815194
 
25.22048, -0.003204555, -0.02867801, 10.27553, 0, 0.0075685207867802245735881, 6542.848, -679.3352, -2.629443, 0.0166641, 0.1456619, 168.2337, 1.845477, 1.454142, 8.815194
 
25.23048, -0.003210519, -0.02871005, 10.26727, 0, 0.0075827457597533841062577, 6533.501, -679.3352, -2.629443, 0.0166641, 0.1456619, 168.1285, 1.845477, 1.454142, 8.815194
 
25.24048, -0.003213016, -0.02874216, 10.25902, 0, 0.0075962854241468855096427, 6524.167, -679.3352, -2.629443, 0.0166641, 0.1456619, 168.0233, 1.845477, 1.454142, 8.815194
 
25.25048, -0.003217157, -0.02877429, 10.25077, 0, 0.0076101878989649030414650757, 6514.844, -679.3352, -2.629443, 0.0166641, 0.1456619, 167.9182, 1.845477, 1.454142, 8.815194
 
25.26048, -0.003223858, -0.02880646, 10.24254, 0, 0.0076246494874323267020025, 6505.536, -679.3352, -2.629443, 0.0166641, 0.1456619, 167.8132, 1.845477, 1.454142, 8.815194
 
25.27048, -0.003227146, -0.0288387, 10.2343, 0, 0.0076384362835642725970221, 6496.239, -679.3352, -2.629443, 0.0166641, 0.1456619, 167.7081, 1.845477, 1.454142, 8.815194
 
25.28048, -0.003227086, -0.02887097, 10.22608, 0, 0.0076515509164217880083497757, 6486.954, -679.3352, -2.629443, 0.0166641, 0.1456619, 167.6031, 1.845477, 1.454142, 8.815194
 
25.29048, -0.003237142, -0.02890324, 10.21786, 0, 0.0076667898306055246620783, 6477.681, -679.3352, -2.629443, 0.0166641, 0.1456619, 167.4982, 1.845477, 1.454142, 8.815194
 
25.30048, -0.003240348, -0.02893561, 10.20965, 0, 0.0076806432296173350300207, 6468.421, -679.3352, -2.629443, 0.0166641, 0.1456619, 167.3933, 1.845477, 1.454142, 8.815194
 
25.31048, -0.003244875, -0.02896801, 10.20144, 0, 0.0076947989706495828079416, 6459.17, -679.3352, -2.629443, 0.0166641, 0.1456619, 167.2884, 1.845477, 1.454142, 8.815194
 
25.32048, -0.003249829, -0.02900046, 10.19324, 0, 0.0077090712667215934134774, 6449.935, -679.3352, -2.629443, 0.0166641, 0.1456619, 167.1836, 1.845477, 1.454142, 8.815194
 
25.33048, -0.003257717, -0.02903296, 10.18505, 0, 0.0077239903118112353481846, 6440.712, -679.3352, -2.629443, 0.0166641, 0.1456619, 167.0788, 1.845477, 1.454142, 8.815194
 
25.34048, -0.003262183, -0.02906554, 10.17686, 0, 0.0077382284300896312899837, 6431.501, -679.3352, -2.629443, 0.0166641, 0.1456619, 166.9741, 1.845477, 1.454142, 8.815194
 
25.35048, -0.003263433, -0.02909816, 10.16868, 0, 0.0077518206757040783298867, 6422.301, -679.3352, -2.629443, 0.0166641, 0.1456619, 166.8694, 1.845477, 1.454142, 8.815194
 
25.36049, -0.003266502, -0.02913079, 10.1605, 0, 0.0077658125385977209708633243, 6413.114, -679.3352, -2.629443, 0.0166641, 0.1456619, 166.7647, 1.845477, 1.454142, 8.815194
 
25.37049, -0.00327245, -0.02916346, 10.15234, 0, 0.0077804371288500585775329, 6403.94, -679.3352, -2.629443, 0.0166641, 0.1456619, 166.6601, 1.845477, 1.454142, 8.815194
 
25.38049, -0.003275082, -0.02919618, 10.14418, 0, 0.007794394813950077791236, 6394.78, -679.3352, -2.629443, 0.0166641, 0.1456619, 166.5556, 1.845477, 1.454142, 8.815194
 
25.39049, -0.003273602, -0.02922894, 10.13603, 0, 0.0078075059413928722569993, 6385.629, -679.3352, -2.629443, 0.0166641, 0.1456619, 166.451, 1.845477, 1.454142, 8.815194
 
25.40049, -0.003277471, -0.02926167, 10.12788, 0, 0.0078217607103912343170291, 6376.49, -679.3352, -2.629443, 0.0166641, 0.1456619, 166.3465, 1.845477, 1.454142, 8.815194
 
25.41049, -0.003284118, -0.02929445, 10.11973, 0, 0.0078366341850893900334207, 6367.362, -679.3352, -2.629443, 0.0166641, 0.1456619, 166.2421, 1.845477, 1.454142, 8.815194
 
25.42049, -0.003288824, -0.02932729, 10.1116, 0, 0.0078511290749967371668827, 6358.248, -679.3352, -2.629443, 0.0166641, 0.1456619, 166.1377, 1.845477, 1.454142, 8.815194
 
25.43049, -0.003289336, -0.02936018, 10.10347, 0, 0.0078647625092342582887248, 6349.145, -679.3352, -2.629443, 0.0166641, 0.1456619, 166.0333, 1.845477, 1.454142, 8.815194
 
25.44049, -0.003290639, -0.02939307, 10.09535, 0, 0.0078785791013913979475677757, 6340.057, -679.3352, -2.629443, 0.0166641, 0.1456619, 165.929, 1.845477, 1.454142, 8.815194
 
25.45049, -0.003297107, -0.02942597, 10.08723, 0, 0.0078935183026157444731437, 6330.979, -679.3352, -2.629443, 0.0166641, 0.1456619, 165.8247, 1.845477, 1.454142, 8.815194
 
25.46049, -0.003298421, -0.02945894, 10.07912, 0, 0.0079073918577622594319548243, 6321.913, -679.3352, -2.629443, 0.0166641, 0.1456619, 165.7205, 1.845477, 1.454142, 8.815194
 
25.47049, -0.003297817, -0.02949193, 10.07102, 0, 0.0079208728064590294443579, 6312.861, -679.3352, -2.629443, 0.0166641, 0.1456619, 165.6163, 1.845477, 1.454142, 8.815194
 
25.48049, -0.003305175, -0.02952491, 10.06293, 0, 0.0079360757901417778162623, 6303.82, -679.3352, -2.629443, 0.0166641, 0.1456619, 165.5122, 1.845477, 1.454142, 8.815194
 
25.49049, -0.003308428, -0.02955796, 10.05484, 0, 0.0079504348452283487220528, 6294.791, -679.3352, -2.629443, 0.0166641, 0.1456619, 165.4081, 1.845477, 1.454142, 8.815194
 
25.50049, -0.003309936, -0.02959104, 10.04675, 0, 0.0079644451115493135722739, 6285.772, -679.3352, -2.629443, 0.0166641, 0.1456619, 165.304, 1.845477, 1.454142, 8.815194
 
25.51049, -0.003310885, -0.02962414, 10.03868, 0, 0.0079783563499041553768492757, 6276.767, -679.3352, -2.629443, 0.0166641, 0.1456619, 165.2, 1.845477, 1.454142, 8.815194
 
25.52049, -0.003319819, -0.02965725, 10.03061, 0, 0.0079940062739649504226935, 6267.773, -679.3352, -2.629443, 0.0166641, 0.1456619, 165.096, 1.845477, 1.454142, 8.815194
 
25.53049, -0.003325704, -0.02969045, 10.02254, 0, 0.0080090418740943551850156, 6258.792, -679.3352, -2.629443, 0.0166641, 0.1456619, 164.9921, 1.845477, 1.454142, 8.815194
 
25.54049, -0.003328748, -0.02972371, 10.01449, 0, 0.0080234964517323106638138, 6249.822, -679.3352, -2.629443, 0.0166641, 0.1456619, 164.8882, 1.845477, 1.454142, 8.815194
 
25.55049, -0.003336086, -0.02975699, 10.00643, 0, 0.0080389053785304206818768757, 6240.866, -679.3352, -2.629443, 0.0166641, 0.1456619, 164.7843, 1.845477, 1.454142, 8.815194
 
25.56049, -0.003338323, -0.02979035, 9.99839, 0, 0.0080532469065433518056982, 6231.92, -679.3352, -2.629443, 0.0166641, 0.1456619, 164.6805, 1.845477, 1.454142, 8.815194
 
25.57049, -0.003343786, -0.02982374, 9.990355, 0, 0.0080683114263442766681052, 6222.988, -679.3352, -2.629443, 0.0166641, 0.1456619, 164.5768, 1.845477, 1.454142, 8.815194
 
25.58049, -0.003345354, -0.02985717, 9.982321, 0, 0.0080825618135742265917585, 6214.066, -679.3352, -2.629443, 0.0166641, 0.1456619, 164.4731, 1.845477, 1.454142, 8.815194
 
25.59049, -0.003351134, -0.02989063, 9.974298, 0, 0.0080977490228906912727075, 6205.159, -679.3352, -2.629443, 0.0166641, 0.1456619, 164.3694, 1.845477, 1.454142, 8.815194
 
25.60049, -0.003354184, -0.02992414, 9.966277, 0, 0.0081123779949114585428272243, 6196.259, -679.3352, -2.629443, 0.0166641, 0.1456619, 164.2658, 1.845477, 1.454142, 8.815194
 
25.61049, -0.003355878, -0.02995768, 9.958264, 0, 0.0081267352972906645940671243, 6187.372, -679.3352, -2.629443, 0.0166641, 0.1456619, 164.1622, 1.845477, 1.454142, 8.815194
 
25.62049, -0.003361857, -0.02999124, 9.95026, 0, 0.0081420504542447548936731, 6178.5, -679.3352, -2.629443, 0.0166641, 0.1456619, 164.0586, 1.845477, 1.454142, 8.815194
 
25.63049, -0.003369919, -0.03002486, 9.942257, 0, 0.0081578563692610132309839, 6169.635, -679.3352, -2.629443, 0.0166641, 0.1456619, 163.9551, 1.845477, 1.454142, 8.815194
 
25.64049, -0.003376293, -0.03005856, 9.934264, 0, 0.0081733336516463701035940243, 6160.785, -679.3352, -2.629443, 0.0166641, 0.1456619, 163.8517, 1.845477, 1.454142, 8.815194
 
25.65049, -0.003377935, -0.03009232, 9.926277, 0, 0.0081878066327116477916367, 6151.946, -679.3352, -2.629443, 0.0166641, 0.1456619, 163.7482, 1.845477, 1.454142, 8.815194
 
25.66049, -0.003377032, -0.0301261, 9.918299, 0, 0.0082017415326159326597188243, 6143.121, -679.3352, -2.629443, 0.0166641, 0.1456619, 163.6449, 1.845477, 1.454142, 8.815194
 
25.67049, -0.003380487, -0.03015987, 9.910324, 0, 0.008216648308754011849035, 6134.306, -679.3352, -2.629443, 0.0166641, 0.1456619, 163.5415, 1.845477, 1.454142, 8.815194
 
25.68049, -0.003386145, -0.03019367, 9.902358, 0, 0.0082320695045036846124891, 6125.504, -679.3352, -2.629443, 0.0166641, 0.1456619, 163.4382, 1.845477, 1.454142, 8.815194
 
25.69049, -0.003389271, -0.03022753, 9.894397, 0, 0.0082469648880439010107632, 6116.712, -679.3352, -2.629443, 0.0166641, 0.1456619, 163.335, 1.845477, 1.454142, 8.815194
 
25.70049, -0.003398031, -0.03026143, 9.886439, 0, 0.0082631336134846842400482, 6107.931, -679.3352, -2.629443, 0.0166641, 0.1456619, 163.2318, 1.845477, 1.454142, 8.815194
 
25.71049, -0.003404258, -0.03029541, 9.878491, 0, 0.0082787852902528353769062, 6099.163, -679.3352, -2.629443, 0.0166641, 0.1456619, 163.1286, 1.845477, 1.454142, 8.815194
 
25.72049, -0.00340898, -0.03032945, 9.870547, 0, 0.0082941381304152875764237243, 6090.406, -679.3352, -2.629443, 0.0166641, 0.1456619, 163.0255, 1.845477, 1.454142, 8.815194
 
25.73049, -0.003410297, -0.03036354, 9.86261, 0, 0.0083087644733749900376439, 6081.661, -679.3352, -2.629443, 0.0166641, 0.1456619, 162.9224, 1.845477, 1.454142, 8.815194
 
25.74049, -0.00341489, -0.03039764, 9.854681, 0, 0.008324141851440541437333, 6072.928, -679.3352, -2.629443, 0.0166641, 0.1456619, 162.8194, 1.845477, 1.454142, 8.815194
 
25.75049, -0.003421773, -0.03043179, 9.846756, 0, 0.0083400590633744680386069, 6064.207, -679.3352, -2.629443, 0.0166641, 0.1456619, 162.7164, 1.845477, 1.454142, 8.815194
 
25.76049, -0.003426237, -0.03046601, 9.83884, 0, 0.0083554776300630935202351, 6055.496, -679.3352, -2.629443, 0.0166641, 0.1456619, 162.6134, 1.845477, 1.454142, 8.815194
 
25.77049, -0.003431755, -0.03050027, 9.830928, 0, 0.0083711599792101296117286, 6046.797, -679.3352, -2.629443, 0.0166641, 0.1456619, 162.5105, 1.845477, 1.454142, 8.815194
 
25.78049, -0.003439583, -0.03053459, 9.823026, 0, 0.0083873935548234124593858, 6038.112, -679.3352, -2.629443, 0.0166641, 0.1456619, 162.4076, 1.845477, 1.454142, 8.815194
 
25.79049, -0.003446018, -0.03056899, 9.815124, 0, 0.0084033563371488252789753, 6029.435, -679.3352, -2.629443, 0.0166641, 0.1456619, 162.3048, 1.845477, 1.454142, 8.815194
 
25.8005, -0.003449164, -0.03060345, 9.807231, 0, 0.0084186189128819787056001, 6020.771, -679.3352, -2.629443, 0.0166641, 0.1456619, 162.202, 1.845477, 1.454142, 8.815194
 
25.8105, -0.003451019, -0.03063794, 9.799347, 0, 0.008433615953449356667809, 6012.12, -679.3352, -2.629443, 0.0166641, 0.1456619, 162.0992, 1.845477, 1.454142, 8.815194
 
25.8205, -0.003455287, -0.03067245, 9.791469, 0, 0.0084491791184955826498617, 6003.48, -679.3352, -2.629443, 0.0166641, 0.1456619, 161.9966, 1.845477, 1.454142, 8.815194
 
25.8305, -0.003463086, -0.030707, 9.783592, 0, 0.0084655695614180199797976, 5994.85, -679.3352, -2.629443, 0.0166641, 0.1456619, 161.8939, 1.845477, 1.454142, 8.815194
 
25.8405, -0.003470888, -0.03074163, 9.775721, 0, 0.0084820029456708874826863757, 5986.229, -679.3352, -2.629443, 0.0166641, 0.1456619, 161.7912, 1.845477, 1.454142, 8.815194
 
25.8505, -0.003476449, -0.03077634, 9.767859, 0, 0.0084979701097647212021892, 5977.623, -679.3352, -2.629443, 0.0166641, 0.1456619, 161.6887, 1.845477, 1.454142, 8.815194
 
25.8605, -0.003484433, -0.0308111, 9.760007, 0, 0.0085145200490573515326928757, 5969.029, -679.3352, -2.629443, 0.0166641, 0.1456619, 161.5861, 1.845477, 1.454142, 8.815194
 
25.8705, -0.003491171, -0.03084595, 9.752155, 0, 0.0085308307437946967441133, 5960.444, -679.3352, -2.629443, 0.0166641, 0.1456619, 161.4836, 1.845477, 1.454142, 8.815194
 
25.8805, -0.00349478, -0.03088086, 9.744316, 0, 0.0085464683989039202810296757, 5951.874, -679.3352, -2.629443, 0.0166641, 0.1456619, 161.3812, 1.845477, 1.454142, 8.815194
 
25.8905, -0.003497245, -0.03091581, 9.736479, 0, 0.0085618729439336356897899, 5943.314, -679.3352, -2.629443, 0.0166641, 0.1456619, 161.2788, 1.845477, 1.454142, 8.815194
 
25.9005, -0.003503347, -0.03095078, 9.728648, 0, 0.0085781345628647562102567, 5934.764, -679.3352, -2.629443, 0.0166641, 0.1456619, 161.1764, 1.845477, 1.454142, 8.815194
 
25.9105, -0.003509612, -0.03098581, 9.720822, 0, 0.0085944680427978357672981, 5926.225, -679.3352, -2.629443, 0.0166641, 0.1456619, 161.0741, 1.845477, 1.454142, 8.815194
 
25.9205, -0.003513798, -0.03102091, 9.713005, 0, 0.0086103642222433841139648, 5917.698, -679.3352, -2.629443, 0.0166641, 0.1456619, 160.9718, 1.845477, 1.454142, 8.815194
 
25.9305, -0.003516898, -0.03105605, 9.705194, 0, 0.0086260413132683256418065, 5909.184, -679.3352, -2.629443, 0.0166641, 0.1456619, 160.8695, 1.845477, 1.454142, 8.815194
 
25.9405, -0.003522752, -0.03109122, 9.697388, 0, 0.0086423774222624612442106243, 5900.68, -679.3352, -2.629443, 0.0166641, 0.1456619, 160.7673, 1.845477, 1.454142, 8.815194
 
25.9505, -0.0035264, -0.03112645, 9.689586, 0, 0.0086582438056827982999803, 5892.186, -679.3352, -2.629443, 0.0166641, 0.1456619, 160.6652, 1.845477, 1.454142, 8.815194
 
25.9605, -0.003528092, -0.03116171, 9.681797, 0, 0.0086736860339208493180416, 5883.708, -679.3352, -2.629443, 0.0166641, 0.1456619, 160.5631, 1.845477, 1.454142, 8.815194
 
25.9705, -0.003533525, -0.03119699, 9.674007, 0, 0.0086900160084391991659818, 5875.237, -679.3352, -2.629443, 0.0166641, 0.1456619, 160.461, 1.845477, 1.454142, 8.815194
 
25.9805, -0.003544927, -0.03123232, 9.666227, 0, 0.0087077551596788833090675757, 5866.778, -679.3352, -2.629443, 0.0166641, 0.1456619, 160.3589, 1.845477, 1.454142, 8.815194
 
25.9905, -0.003553186, -0.03126777, 9.658451, 0, 0.0087248230239978369228103757, 5858.33, -679.3352, -2.629443, 0.0166641, 0.1456619, 160.2569, 1.845477, 1.454142, 8.815194
 
26.0005, -0.003561564, -0.03130331, 9.650684, 0, 0.0087419618729650759093893, 5849.896, -679.3352, -2.629443, 0.0166641, 0.1456619, 160.155, 1.845477, 1.454142, 8.815194
 
26.0105, -0.003571591, -0.03133892, 9.642921, 0, 0.0087595275061756482155025, 5841.47, -679.3352, -2.629443, 0.0166641, 0.1456619, 160.0531, 1.845477, 1.454142, 8.815194
 
26.0205, -0.003583999, -0.03137464, 9.635163, 0, 0.008777698699780777768848, 5833.055, -679.3352, -2.629443, 0.0166641, 0.1456619, 159.9512, 1.845477, 1.454142, 8.815194
 
26.0305, -0.003593348, -0.03141048, 9.627414, 0, 0.008795208246355674729342, 5824.654, -679.3352, -2.629443, 0.0166641, 0.1456619, 159.8494, 1.845477, 1.454142, 8.815194
 
26.0405, -0.003597407, -0.03144641, 9.61967, 0, 0.008811543478996119140934, 5816.262, -679.3352, -2.629443, 0.0166641, 0.1456619, 159.7476, 1.845477, 1.454142, 8.815194
 
26.0505, -0.003609818, -0.03148239, 9.61193, 0, 0.008829850507422024921951, 5807.882, -679.3352, -2.629443, 0.0166641, 0.1456619, 159.6459, 1.845477, 1.454142, 8.815194
 
26.0605, -0.003618078, -0.03151849, 9.604199, 0, 0.008847246128018206336656, 5799.514, -679.3352, -2.629443, 0.0166641, 0.1456619, 159.5442, 1.845477, 1.454142, 8.815194
 
26.0705, -0.003626579, -0.03155467, 9.596474, 0, 0.008864746911056279024397, 5791.156, -679.3352, -2.629443, 0.0166641, 0.1456619, 159.4425, 1.845477, 1.454142, 8.815194
 
26.0805, -0.003626754, -0.03159093, 9.588752, 0, 0.008880337243066660251984, 5782.809, -679.3352, -2.629443, 0.0166641, 0.1456619, 159.3409, 1.845477, 1.454142, 8.815194
 
26.0905, -0.003631799, -0.0316272, 9.581038, 0, 0.00889709312547466975572, 5774.474, -679.3352, -2.629443, 0.0166641, 0.1456619, 159.2393, 1.845477, 1.454142, 8.815194
 
26.1005, -0.003638491, -0.03166351, 9.573334, 0, 0.008914278421187068624353, 5766.15, -679.3352, -2.629443, 0.0166641, 0.1456619, 159.1378, 1.845477, 1.454142, 8.815194
 
26.1105, -0.003643476, -0.0316999, 9.565632, 0, 0.008931086884816023764607, 5757.837, -679.3352, -2.629443, 0.0166641, 0.1456619, 159.0363, 1.845477, 1.454142, 8.815194
 
26.1205, -0.003646781, -0.03173633, 9.557934, 0, 0.008947544806972007994741, 5749.534, -679.3352, -2.629443, 0.0166641, 0.1456619, 158.9348, 1.845477, 1.454142, 8.815194
 
26.1305, -0.003652915, -0.0317728, 9.550247, 0, 0.008964695048537109772362, 5741.245, -679.3352, -2.629443, 0.0166641, 0.1456619, 158.8334, 1.845477, 1.454142, 8.815194
 
26.1405, -0.003658323, -0.03180933, 9.542562, 0, 0.008981705073513023185935, 5732.964, -679.3352, -2.629443, 0.0166641, 0.1456619, 158.7321, 1.845477, 1.454142, 8.815194
 
26.1505, -0.003660052, -0.03184591, 9.534888, 0, 0.008997891326027454960726, 5724.698, -679.3352, -2.629443, 0.0166641, 0.1456619, 158.6308, 1.845477, 1.454142, 8.815194
 
26.1605, -0.003662266, -0.03188251, 9.527215, 0, 0.009014217795131075099565, 5716.439, -679.3352, -2.629443, 0.0166641, 0.1456619, 158.5295, 1.845477, 1.454142, 8.815194
 
26.1705, -0.003670743, -0.03191914, 9.51955, 0, 0.009032042829031645879167, 5708.192, -679.3352, -2.629443, 0.0166641, 0.1456619, 158.4283, 1.845477, 1.454142, 8.815194
 
26.1805, -0.003677605, -0.03195585, 9.511891, 0, 0.009049543612069718566908, 5699.957, -679.3352, -2.629443, 0.0166641, 0.1456619, 158.3271, 1.845477, 1.454142, 8.815194
 
26.1905, -0.003682904, -0.03199262, 9.504239, 0, 0.009066702617171644617282, 5691.732, -679.3352, -2.629443, 0.0166641, 0.1456619, 158.2259, 1.845477, 1.454142, 8.815194
 
26.2005, -0.003686664, -0.03202945, 9.496592, 0, 0.009083537371411072575795, 5683.518, -679.3352, -2.629443, 0.0166641, 0.1456619, 158.1248, 1.845477, 1.454142, 8.815194
 
26.2105, -0.00369672, -0.03206632, 9.488949, 0, 0.00910189698105792399333, 5675.314, -679.3352, -2.629443, 0.0166641, 0.1456619, 158.0237, 1.845477, 1.454142, 8.815194
 
26.2205, -0.003706149, -0.03210328, 9.481315, 0, 0.009120168955336532683335, 5667.122, -679.3352, -2.629443, 0.0166641, 0.1456619, 157.9227, 1.845477, 1.454142, 8.815194
 
26.2305, -0.003708745, -0.03214034, 9.473686, 0, 0.009136845965913123732294, 5658.941, -679.3352, -2.629443, 0.0166641, 0.1456619, 157.8217, 1.845477, 1.454142, 8.815194
 
26.24051, -0.003710846, -0.03217743, 9.466063, 0, 0.009153444104658296326476, 5650.771, -679.3352, -2.629443, 0.0166641, 0.1456619, 157.7207, 1.845477, 1.454142, 8.815194
 
26.25051, -0.003717084, -0.03221454, 9.458445, 0, 0.009171050050138260287253, 5642.611, -679.3352, -2.629443, 0.0166641, 0.1456619, 157.6198, 1.845477, 1.454142, 8.815194
 
26.26051, -0.003724128, -0.03225171, 9.450836, 0, 0.009188892611112479612361, 5634.463, -679.3352, -2.629443, 0.0166641, 0.1456619, 157.519, 1.845477, 1.454142, 8.815194
 
26.27051, -0.003729747, -0.03228895, 9.443229, 0, 0.009206428448297849391114, 5626.324, -679.3352, -2.629443, 0.0166641, 0.1456619, 157.4181, 1.845477, 1.454142, 8.815194
 
26.28051, -0.003733987, -0.03232625, 9.435631, 0, 0.009223675088768018169018, 5618.198, -679.3352, -2.629443, 0.0166641, 0.1456619, 157.3173, 1.845477, 1.454142, 8.815194
 
26.29051, -0.003743313, -0.03236359, 9.428037, 0, 0.009242183678540882223354, 5610.082, -679.3352, -2.629443, 0.0166641, 0.1456619, 157.2166, 1.845477, 1.454142, 8.815194
 
26.30051, -0.003750113, -0.03240102, 9.420452, 0, 0.009260122638420168548745, 5601.979, -679.3352, -2.629443, 0.0166641, 0.1456619, 157.1159, 1.845477, 1.454142, 8.815194
 
26.31051, -0.003750321, -0.03243852, 9.412869, 0, 0.009276519215818382869608, 5593.883, -679.3352, -2.629443, 0.0166641, 0.1456619, 157.0152, 1.845477, 1.454142, 8.815194
 
26.32051, -0.00375356, -0.03247603, 9.405296, 0, 0.009293660693846660374476, 5585.8, -679.3352, -2.629443, 0.0166641, 0.1456619, 156.9146, 1.845477, 1.454142, 8.815194
 
26.33051, -0.003755543, -0.03251356, 9.397724, 0, 0.009310539265770209696754, 5577.726, -679.3352, -2.629443, 0.0166641, 0.1456619, 156.814, 1.845477, 1.454142, 8.815194
 
26.34051, -0.003760666, -0.03255112, 9.390164, 0, 0.009328189028934295021296, 5569.666, -679.3352, -2.629443, 0.0166641, 0.1456619, 156.7135, 1.845477, 1.454142, 8.815194
 
26.35051, -0.003765654, -0.03258872, 9.382605, 0, 0.009345856319172028891344, 5561.614, -679.3352, -2.629443, 0.0166641, 0.1456619, 156.613, 1.845477, 1.454142, 8.815194
 
26.36051, -0.003768293, -0.03262638, 9.375053, 0, 0.009362980270126657850706, 5553.573, -679.3352, -2.629443, 0.0166641, 0.1456619, 156.5126, 1.845477, 1.454142, 8.815194
 
26.37051, -0.003779479, -0.03266406, 9.367508, 0, 0.009382216233455936543541, 5545.543, -679.3352, -2.629443, 0.0166641, 0.1456619, 156.4122, 1.845477, 1.454142, 8.815194
 
26.38051, -0.003783999, -0.03270185, 9.35997, 0, 0.009399883523693670413589, 5537.525, -679.3352, -2.629443, 0.0166641, 0.1456619, 156.3118, 1.845477, 1.454142, 8.815194
 
26.39051, -0.003788468, -0.0327397, 9.352436, 0, 0.009417568341005052829143, 5529.517, -679.3352, -2.629443, 0.0166641, 0.1456619, 156.2115, 1.845477, 1.454142, 8.815194
 
26.40051, -0.00379068, -0.03277758, 9.344911, 0, 0.009434744873180627425023, 5521.522, -679.3352, -2.629443, 0.0166641, 0.1456619, 156.1112, 1.845477, 1.454142, 8.815194
 
26.41051, -0.00379722, -0.03281549, 9.337387, 0, 0.009452999320385587569522, 5513.533, -679.3352, -2.629443, 0.0166641, 0.1456619, 156.011, 1.845477, 1.454142, 8.815194
 
26.42051, -0.003804857, -0.03285346, 9.32987, 0, 0.009471569254916221533129, 5505.557, -679.3352, -2.629443, 0.0166641, 0.1456619, 155.9108, 1.845477, 1.454142, 8.815194
 
26.43051, -0.003809129, -0.03289151, 9.322363, 0, 0.009489359234669495221719, 5497.592, -679.3352, -2.629443, 0.0166641, 0.1456619, 155.8106, 1.845477, 1.454142, 8.815194
 
26.44051, -0.003810322, -0.0329296, 9.314859, 0, 0.009506413077329529999057, 5489.637, -679.3352, -2.629443, 0.0166641, 0.1456619, 155.7105, 1.845477, 1.454142, 8.815194
 
26.45051, -0.003810501, -0.03296771, 9.307362, 0, 0.00952324783156895795757, 5481.694, -679.3352, -2.629443, 0.0166641, 0.1456619, 155.6104, 1.845477, 1.454142, 8.815194
 
26.46051, -0.003816015, -0.03300581, 9.299868, 0, 0.009541423406942499647292, 5473.76, -679.3352, -2.629443, 0.0166641, 0.1456619, 155.5104, 1.845477, 1.454142, 8.815194
 
26.47051, -0.003819372, -0.03304397, 9.292385, 0, 0.009559099460717057790093, 5465.838, -679.3352, -2.629443, 0.0166641, 0.1456619, 155.4104, 1.845477, 1.454142, 8.815194
 
26.48051, -0.003821983, -0.03308217, 9.284904, 0, 0.00957661777082877902334, 5457.926, -679.3352, -2.629443, 0.0166641, 0.1456619, 155.3105, 1.845477, 1.454142, 8.815194
 
26.49051, -0.003827916, -0.03312039, 9.277431, 0, 0.009594994907549278986381, 5450.026, -679.3352, -2.629443, 0.0166641, 0.1456619, 155.2106, 1.845477, 1.454142, 8.815194
 
26.50051, -0.003833774, -0.03315867, 9.269963, 0, 0.009613389571343427494928, 5442.135, -679.3352, -2.629443, 0.0166641, 0.1456619, 155.1107, 1.845477, 1.454142, 8.815194
 
26.51051, -0.003837758, -0.033197, 9.262499, 0, 0.009631363585370010911331, 5434.253, -679.3352, -2.629443, 0.0166641, 0.1456619, 155.0109, 1.845477, 1.454142, 8.815194
 
26.52051, -0.003843944, -0.03323538, 9.255042, 0, 0.009649915992826996329432, 5426.382, -679.3352, -2.629443, 0.0166641, 0.1456619, 154.9111, 1.845477, 1.454142, 8.815194
 
26.53051, -0.003845234, -0.03327382, 9.247591, 0, 0.009667285322812704925878, 5418.523, -679.3352, -2.629443, 0.0166641, 0.1456619, 154.8114, 1.845477, 1.454142, 8.815194
 
26.54051, -0.003850826, -0.03331228, 9.240149, 0, 0.009685758858438271889202, 5410.676, -679.3352, -2.629443, 0.0166641, 0.1456619, 154.7117, 1.845477, 1.454142, 8.815194
 
26.55051, -0.003854422, -0.03335078, 9.23271, 0, 0.009703767926612152396617, 5402.838, -679.3352, -2.629443, 0.0166641, 0.1456619, 154.612, 1.845477, 1.454142, 8.815194
 
26.56051, -0.003858272, -0.03338933, 9.225275, 0, 0.009721873393691099904315, 5395.008, -679.3352, -2.629443, 0.0166641, 0.1456619, 154.5124, 1.845477, 1.454142, 8.815194
 
26.57051, -0.003859354, -0.03342791, 9.21785, 0, 0.009739312831971402682785, 5387.192, -679.3352, -2.629443, 0.0166641, 0.1456619, 154.4128, 1.845477, 1.454142, 8.815194
 
26.58051, -0.003867019, -0.03346651, 9.210427, 0, 0.009758434869321965829831, 5379.385, -679.3352, -2.629443, 0.0166641, 0.1456619, 154.3133, 1.845477, 1.454142, 8.815194
 
26.59051, -0.003871835, -0.03350518, 9.20301, 0, 0.009776890877873884247649, 5371.586, -679.3352, -2.629443, 0.0166641, 0.1456619, 154.2138, 1.845477, 1.454142, 8.815194
 
26.60051, -0.003880084, -0.03354389, 9.1956, 0, 0.009796240767181878486273, 5363.799, -679.3352, -2.629443, 0.0166641, 0.1456619, 154.1143, 1.845477, 1.454142, 8.815194
 
26.61051, -0.003885533, -0.03358269, 9.188197, 0, 0.009814933391228052268422, 5356.025, -679.3352, -2.629443, 0.0166641, 0.1456619, 154.0149, 1.845477, 1.454142, 8.815194
 
26.62051, -0.003888972, -0.03362155, 9.180798, 0, 0.009833161547822539594662, 5348.259, -679.3352, -2.629443, 0.0166641, 0.1456619, 153.9156, 1.845477, 1.454142, 8.815194
 
26.63051, -0.003896133, -0.03366044, 9.173406, 0, 0.009852353693467696923732, 5340.505, -679.3352, -2.629443, 0.0166641, 0.1456619, 153.8162, 1.845477, 1.454142, 8.815194
 
26.64051, -0.003900325, -0.0336994, 9.166019, 0, 0.009870844756166912432562, 5332.761, -679.3352, -2.629443, 0.0166641, 0.1456619, 153.717, 1.845477, 1.454142, 8.815194
 
26.65051, -0.0039017, -0.0337384, 9.15864, 0, 0.009888652262993834666658, 5325.027, -679.3352, -2.629443, 0.0166641, 0.1456619, 153.6177, 1.845477, 1.454142, 8.815194
 
26.66051, -0.003910187, -0.03377742, 9.151265, 0, 0.009908300112553854178884, 5317.303, -679.3352, -2.629443, 0.0166641, 0.1456619, 153.5185, 1.845477, 1.454142, 8.815194
 
26.67052, -0.003917745, -0.03381652, 9.143895, 0, 0.009927755164303739690544, 5309.589, -679.3352, -2.629443, 0.0166641, 0.1456619, 153.4194, 1.845477, 1.454142, 8.815194
 
26.68052, -0.003924626, -0.0338557, 9.136533, 0, 0.009947087526538085383662, 5301.887, -679.3352, -2.629443, 0.0166641, 0.1456619, 153.3203, 1.845477, 1.454142, 8.815194
 
26.69052, -0.003925871, -0.03389495, 9.129173, 0, 0.0099650177228805474363, 5294.193, -679.3352, -2.629443, 0.0166641, 0.1456619, 153.2212, 1.845477, 1.454142, 8.815194
 
26.70052, -0.003929649, -0.03393421, 9.12182, 0, 0.009983622711558478490919, 5286.509, -679.3352, -2.629443, 0.0166641, 0.1456619, 153.1221, 1.845477, 1.454142, 8.815194
 
26.71052, -0.00393924, -0.0339735, 9.114474, 0, 0.01000375255564383300456, 5278.837, -679.3352, -2.629443, 0.0166641, 0.1456619, 153.0231, 1.845477, 1.454142, 8.815194
 
26.72052, -0.003943021, -0.0340129, 9.107135, 0, 0.010022445179690006786709, 5271.176, -679.3352, -2.629443, 0.0166641, 0.1456619, 152.9242, 1.845477, 1.454142, 8.815194
 
26.73052, -0.003946261, -0.03405232, 9.099802, 0, 0.010041032641294289295822, 5263.525, -679.3352, -2.629443, 0.0166641, 0.1456619, 152.8253, 1.845477, 1.454142, 8.815194
 
26.74052, -0.003949849, -0.03409179, 9.092475, 0, 0.010059742792414111623477, 5255.884, -679.3352, -2.629443, 0.0166641, 0.1456619, 152.7264, 1.845477, 1.454142, 8.815194
 
26.75052, -0.003959529, -0.03413128, 9.08515, 0, 0.010080056670772775864931, 5248.252, -679.3352, -2.629443, 0.0166641, 0.1456619, 152.6276, 1.845477, 1.454142, 8.815194
 
26.76052, -0.003966568, -0.03417088, 9.077832, 0, 0.010099739574480092468169, 5240.631, -679.3352, -2.629443, 0.0166641, 0.1456619, 152.5288, 1.845477, 1.454142, 8.815194
 
26.77052, -0.003971998, -0.03421055, 9.070521, 0, 0.010119054409640789615781, 5233.021, -679.3352, -2.629443, 0.0166641, 0.1456619, 152.4301, 1.845477, 1.454142, 8.815194
 
26.78052, -0.003982192, -0.03425027, 9.063217, 0, 0.010139631194104182039825, 5225.422, -679.3352, -2.629443, 0.0166641, 0.1456619, 152.3314, 1.845477, 1.454142, 8.815194
 
26.79052, -0.003990909, -0.03429009, 9.055915, 0, 0.010159892491241900644761, 5217.83, -679.3352, -2.629443, 0.0166641, 0.1456619, 152.2327, 1.845477, 1.454142, 8.815194
 
26.80052, -0.003999379, -0.03433, 9.048625, 0, 0.010180136261305970704191, 5210.252, -679.3352, -2.629443, 0.0166641, 0.1456619, 152.1341, 1.845477, 1.454142, 8.815194
 
26.81052, -0.004006288, -0.03436999, 9.041335, 0, 0.010200029489897069853501, 5202.682, -679.3352, -2.629443, 0.0166641, 0.1456619, 152.0356, 1.845477, 1.454142, 8.815194
 
26.82052, -0.004009629, -0.03441006, 9.034052, 0, 0.010219037601268917454758, 5195.122, -679.3352, -2.629443, 0.0166641, 0.1456619, 151.937, 1.845477, 1.454142, 8.815194
 
26.83052, -0.00402026, -0.03445015, 9.026774, 0, 0.010239973690742105061675, 5187.572, -679.3352, -2.629443, 0.0166641, 0.1456619, 151.8385, 1.845477, 1.454142, 8.815194
 
26.84052, -0.004027317, -0.03449035, 9.019502, 0, 0.010260042190069689666045, 5180.031, -679.3352, -2.629443, 0.0166641, 0.1456619, 151.7401, 1.845477, 1.454142, 8.815194
 
26.85052, -0.004032904, -0.03453063, 9.012238, 0, 0.010279768911461127633048, 5172.502, -679.3352, -2.629443, 0.0166641, 0.1456619, 151.6417, 1.845477, 1.454142, 8.815194
 
26.86052, -0.004038146, -0.03457096, 9.004979, 0, 0.010299443051631619963533, 5164.983, -679.3352, -2.629443, 0.0166641, 0.1456619, 151.5433, 1.845477, 1.454142, 8.815194
 
26.87052, -0.004043498, -0.03461134, 8.997723, 0, 0.010319196063633530748795, 5157.473, -679.3352, -2.629443, 0.0166641, 0.1456619, 151.445, 1.845477, 1.454142, 8.815194
 
26.88052, -0.004051545, -0.03465177, 8.990473, 0, 0.010339685212728680445309, 5149.974, -679.3352, -2.629443, 0.0166641, 0.1456619, 151.3467, 1.845477, 1.454142, 8.815194
 
26.89052, -0.004057254, -0.03469229, 8.983234, 0, 0.010359613495467076685631, 5142.486, -679.3352, -2.629443, 0.0166641, 0.1456619, 151.2484, 1.845477, 1.454142, 8.815194
 
26.90052, -0.004060738, -0.03473286, 8.975994, 0, 0.010378998438922368015267, 5135.006, -679.3352, -2.629443, 0.0166641, 0.1456619, 151.1503, 1.845477, 1.454142, 8.815194
 
26.91052, -0.004074433, -0.03477347, 8.968762, 0, 0.010401100078793183898333, 5127.537, -679.3352, -2.629443, 0.0166641, 0.1456619, 151.0521, 1.845477, 1.454142, 8.815194
 
26.92052, -0.004082744, -0.03481421, 8.961539, 0, 0.01042186089752988605019, 5120.079, -679.3352, -2.629443, 0.0166641, 0.1456619, 150.954, 1.845477, 1.454142, 8.815194
 
26.93052, -0.004089703, -0.03485504, 8.95432, 0, 0.010442306228940914382939, 5112.631, -679.3352, -2.629443, 0.0166641, 0.1456619, 150.8559, 1.845477, 1.454142, 8.815194
 
26.94052, -0.004093595, -0.03489594, 8.947104, 0, 0.01046199789618505525893, 5105.19, -679.3352, -2.629443, 0.0166641, 0.1456619, 150.7579, 1.845477, 1.454142, 8.815194
 
26.95052, -0.004099527, -0.03493688, 8.939894, 0, 0.010482259193322773863866, 5097.761, -679.3352, -2.629443, 0.0166641, 0.1456619, 150.6599, 1.845477, 1.454142, 8.815194
 
26.96052, -0.004112392, -0.03497787, 8.932692, 0, 0.010504404650877711110697, 5090.342, -679.3352, -2.629443, 0.0166641, 0.1456619, 150.5619, 1.845477, 1.454142, 8.815194
 
26.97052, -0.00411914, -0.035019, 8.925496, 0, 0.010524990198877927807494, 5082.934, -679.3352, -2.629443, 0.0166641, 0.1456619, 150.464, 1.845477, 1.454142, 8.815194
 
26.98052, -0.004129894, -0.03506019, 8.918301, 0, 0.010546688716054827143922, 5075.532, -679.3352, -2.629443, 0.0166641, 0.1456619, 150.3661, 1.845477, 1.454142, 8.815194
 
26.99052, -0.004134612, -0.03510148, 8.911115, 0, 0.010566827323677005930316, 5068.144, -679.3352, -2.629443, 0.0166641, 0.1456619, 150.2683, 1.845477, 1.454142, 8.815194
 
27.00052, -0.00414632, -0.03514283, 8.903937, 0, 0.010588885145863700449617, 5060.766, -679.3352, -2.629443, 0.0166641, 0.1456619, 150.1705, 1.845477, 1.454142, 8.815194
 
27.01052, -0.004154829, -0.03518429, 8.89676, 0, 0.010610145486199386148395, 5053.396, -679.3352, -2.629443, 0.0166641, 0.1456619, 150.0728, 1.845477, 1.454142, 8.815194
 
27.02052, -0.00416019, -0.03522584, 8.889592, 0, 0.01063060834468406302665, 5046.038, -679.3352, -2.629443, 0.0166641, 0.1456619, 149.9751, 1.845477, 1.454142, 8.815194
 
27.03052, -0.004164656, -0.03526744, 8.882429, 0, 0.010650878405358605904339, 5038.688, -679.3352, -2.629443, 0.0166641, 0.1456619, 149.8774, 1.845477, 1.454142, 8.815194
 
27.04052, -0.004171301, -0.03530909, 8.875274, 0, 0.010671770677147672147491, 5031.35, -679.3352, -2.629443, 0.0166641, 0.1456619, 149.7798, 1.845477, 1.454142, 8.815194
 
27.05052, -0.00417914, -0.0353508, 8.868121, 0, 0.010693031017483357846269, 5024.021, -679.3352, -2.629443, 0.0166641, 0.1456619, 149.6823, 1.845477, 1.454142, 8.815194
 
27.06052, -0.004185856, -0.03539259, 8.860975, 0, 0.010714045978787963907963, 5016.701, -679.3352, -2.629443, 0.0166641, 0.1456619, 149.5847, 1.845477, 1.454142, 8.815194
 
27.07052, -0.004193091, -0.03543445, 8.85383, 0, 0.010735236210829055424717, 5009.389, -679.3352, -2.629443, 0.0166641, 0.1456619, 149.4872, 1.845477, 1.454142, 8.815194
 
27.08052, -0.004199262, -0.03547638, 8.846698, 0, 0.01075618982737589157714, 5002.091, -679.3352, -2.629443, 0.0166641, 0.1456619, 149.3898, 1.845477, 1.454142, 8.815194
 
27.09052, -0.004207526, -0.03551837, 8.839566, 0, 0.010777756891500426822273, 4994.799, -679.3352, -2.629443, 0.0166641, 0.1456619, 149.2923, 1.845477, 1.454142, 8.815194
 
27.10052, -0.00421528, -0.03556044, 8.832442, 0, 0.010799236320256719339876, 4987.52, -679.3352, -2.629443, 0.0166641, 0.1456619, 149.195, 1.845477, 1.454142, 8.815194
 
27.11053, -0.004218724, -0.0356026, 8.825326, 0, 0.010819602779836329217848, 4980.25, -679.3352, -2.629443, 0.0166641, 0.1456619, 149.0977, 1.845477, 1.454142, 8.815194
 
27.12053, -0.004222823, -0.03564478, 8.818215, 0, 0.010840170800762897369139, 4972.991, -679.3352, -2.629443, 0.0166641, 0.1456619, 149.0004, 1.845477, 1.454142, 8.815194
 
27.13053, -0.00423104, -0.03568701, 8.811107, 0, 0.010861904372087093796579, 4965.739, -679.3352, -2.629443, 0.0166641, 0.1456619, 148.9032, 1.845477, 1.454142, 8.815194
 
27.14053, -0.0042388, -0.03572933, 8.804004, 0, 0.010883567835116696041995, 4958.497, -679.3352, -2.629443, 0.0166641, 0.1456619, 148.806, 1.845477, 1.454142, 8.815194
 
27.15053, -0.004246722, -0.03577171, 8.796907, 0, 0.010905318933514541014941, 4951.265, -679.3352, -2.629443, 0.0166641, 0.1456619, 148.7088, 1.845477, 1.454142, 8.815194
 
27.16053, -0.004251793, -0.03581418, 8.789818, 0, 0.010926342658355971349388, 4944.044, -679.3352, -2.629443, 0.0166641, 0.1456619, 148.6117, 1.845477, 1.454142, 8.815194
 
27.17053, -0.004260183, -0.0358567, 8.782734, 0, 0.010948321608711247413912, 4936.833, -679.3352, -2.629443, 0.0166641, 0.1456619, 148.5146, 1.845477, 1.454142, 8.815194
 
27.18053, -0.004269025, -0.0358993, 8.775656, 0, 0.010970475829803008933496, 4929.631, -679.3352, -2.629443, 0.0166641, 0.1456619, 148.4176, 1.845477, 1.454142, 8.815194
 
27.19053, -0.004278095, -0.03594199, 8.76858, 0, 0.010992743976873485998869, 4922.438, -679.3352, -2.629443, 0.0166641, 0.1456619, 148.3206, 1.845477, 1.454142, 8.815194
 
27.20053, -0.004281632, -0.03598477, 8.761511, 0, 0.011013557376831133787244, 4915.254, -679.3352, -2.629443, 0.0166641, 0.1456619, 148.2236, 1.845477, 1.454142, 8.815194
 
27.21053, -0.004283558, -0.03602759, 8.754448, 0, 0.011033950127021216483475, 4908.081, -679.3352, -2.629443, 0.0166641, 0.1456619, 148.1267, 1.845477, 1.454142, 8.815194
 
27.22053, -0.004293031, -0.03607043, 8.747393, 0, 0.011056454889585948913179, 4900.919, -679.3352, -2.629443, 0.0166641, 0.1456619, 148.0299, 1.845477, 1.454142, 8.815194
 
27.23053, -0.004300857, -0.03611336, 8.740339, 0, 0.011078574056530413341751, 4893.764, -679.3352, -2.629443, 0.0166641, 0.1456619, 147.9331, 1.845477, 1.454142, 8.815194
 
27.24053, -0.004305986, -0.03615636, 8.733295, 0, 0.011099992140528935950083, 4886.621, -679.3352, -2.629443, 0.0166641, 0.1456619, 147.8363, 1.845477, 1.454142, 8.815194
 
27.25053, -0.004312045, -0.03619942, 8.726254, 0, 0.011121708184779483832017, 4879.485, -679.3352, -2.629443, 0.0166641, 0.1456619, 147.7395, 1.845477, 1.454142, 8.815194
 
27.26053, -0.004320457, -0.03624254, 8.71922, 0, 0.011144125311975973534191, 4872.361, -679.3352, -2.629443, 0.0166641, 0.1456619, 147.6428, 1.845477, 1.454142, 8.815194
 
27.27053, -0.004327315, -0.03628575, 8.71219, 0, 0.011166156843552195235233, 4865.245, -679.3352, -2.629443, 0.0166641, 0.1456619, 147.5462, 1.845477, 1.454142, 8.815194
 
27.28053, -0.004335669, -0.03632902, 8.705166, 0, 0.011188661606116927664937, 4858.14, -679.3352, -2.629443, 0.0166641, 0.1456619, 147.4495, 1.845477, 1.454142, 8.815194
 
27.29053, -0.004340895, -0.03637238, 8.698145, 0, 0.011210351359757002728612, 4851.042, -679.3352, -2.629443, 0.0166641, 0.1456619, 147.353, 1.845477, 1.454142, 8.815194
 
27.30053, -0.004344417, -0.03641579, 8.691134, 0, 0.011231594173019039881884, 4843.957, -679.3352, -2.629443, 0.0166641, 0.1456619, 147.2564, 1.845477, 1.454142, 8.815194
 
27.31053, -0.004351469, -0.03645923, 8.684127, 0, 0.01125387108362634122001, 4836.88, -679.3352, -2.629443, 0.0166641, 0.1456619, 147.16, 1.845477, 1.454142, 8.815194
 
27.32053, -0.004357085, -0.03650275, 8.677124, 0, 0.011275797452760671648016, 4829.812, -679.3352, -2.629443, 0.0166641, 0.1456619, 147.0635, 1.845477, 1.454142, 8.815194
 
27.33053, -0.004362696, -0.03654632, 8.67013, 0, 0.011297758876042299167034, 4822.755, -679.3352, -2.629443, 0.0166641, 0.1456619, 146.9671, 1.845477, 1.454142, 8.815194
 
27.34053, -0.004365009, -0.03658995, 8.663137, 0, 0.011318843945641499410752, 4815.706, -679.3352, -2.629443, 0.0166641, 0.1456619, 146.8707, 1.845477, 1.454142, 8.815194
 
27.35053, -0.004366823, -0.0366336, 8.656151, 0, 0.011339823852798808381434, 4808.667, -679.3352, -2.629443, 0.0166641, 0.1456619, 146.7744, 1.845477, 1.454142, 8.815194
 
27.36053, -0.004375587, -0.03667726, 8.649173, 0, 0.011362784319278402994294, 4801.639, -679.3352, -2.629443, 0.0166641, 0.1456619, 146.6781, 1.845477, 1.454142, 8.815194
 
27.37053, -0.004379987, -0.03672102, 8.6422, 0, 0.011384579235360369331005, 4794.62, -679.3352, -2.629443, 0.0166641, 0.1456619, 146.5819, 1.845477, 1.454142, 8.815194
 
27.38053, -0.004385007, -0.03676482, 8.635231, 0, 0.011406575712789293941035, 4787.609, -679.3352, -2.629443, 0.0166641, 0.1456619, 146.4857, 1.845477, 1.454142, 8.815194
 
27.39053, -0.004384987, -0.03680867, 8.628265, 0, 0.011427196314936807728844, 4780.608, -679.3352, -2.629443, 0.0166641, 0.1456619, 146.3896, 1.845477, 1.454142, 8.815194
 
27.40053, -0.004394658, -0.03685252, 8.621309, 0, 0.011450594958257615979354, 4773.617, -679.3352, -2.629443, 0.0166641, 0.1456619, 146.2934, 1.845477, 1.454142, 8.815194
 
27.41053, -0.004399294, -0.03689647, 8.614356, 0, 0.011472617726297013407643, 4766.636, -679.3352, -2.629443, 0.0166641, 0.1456619, 146.1974, 1.845477, 1.454142, 8.815194
 
27.42053, -0.004402693, -0.03694046, 8.607411, 0, 0.011494325007010737016824, 4759.664, -679.3352, -2.629443, 0.0166641, 0.1456619, 146.1013, 1.845477, 1.454142, 8.815194
 
27.43053, -0.00440817, -0.03698448, 8.600469, 0, 0.011516672025912632536974, 4752.7, -679.3352, -2.629443, 0.0166641, 0.1456619, 146.0053, 1.845477, 1.454142, 8.815194
 
27.44053, -0.00440954, -0.03702857, 8.593533, 0, 0.011537888548564196871987, 4745.747, -679.3352, -2.629443, 0.0166641, 0.1456619, 145.9094, 1.845477, 1.454142, 8.815194
 
27.45053, -0.004414666, -0.03707266, 8.586603, 0, 0.011560200513318795301125, 4738.803, -679.3352, -2.629443, 0.0166641, 0.1456619, 145.8135, 1.845477, 1.454142, 8.815194
 
27.46053, -0.0044238, -0.03711681, 8.579678, 0, 0.011583713082618319097424, 4731.868, -679.3352, -2.629443, 0.0166641, 0.1456619, 145.7176, 1.845477, 1.454142, 8.815194
 
27.47053, -0.004428832, -0.03716105, 8.572759, 0, 0.011606103919204335981339, 4724.941, -679.3352, -2.629443, 0.0166641, 0.1456619, 145.6218, 1.845477, 1.454142, 8.815194
 
27.48053, -0.004434128, -0.03720534, 8.565844, 0, 0.011628617445305892683796, 4718.025, -679.3352, -2.629443, 0.0166641, 0.1456619, 145.526, 1.845477, 1.454142, 8.815194
 
27.49053, -0.004440015, -0.03724968, 8.558937, 0, 0.011651332532754407659572, 4711.12, -679.3352, -2.629443, 0.0166641, 0.1456619, 145.4303, 1.845477, 1.454142, 8.815194
 
27.50053, -0.004447797, -0.03729408, 8.552032, 0, 0.011674652304243797455305, 4704.223, -679.3352, -2.629443, 0.0166641, 0.1456619, 145.3346, 1.845477, 1.454142, 8.815194
 
27.51053, -0.004451863, -0.03733856, 8.545135, 0, 0.011696946741924747338937, 4697.335, -679.3352, -2.629443, 0.0166641, 0.1456619, 145.2389, 1.845477, 1.454142, 8.815194
 
27.52053, -0.004454911, -0.03738308, 8.538241, 0, 0.011718995800574617585485, 4690.456, -679.3352, -2.629443, 0.0166641, 0.1456619, 145.1433, 1.845477, 1.454142, 8.815194
 
27.53053, -0.004464049, -0.03742763, 8.531357, 0, 0.011742832620736639473645, 4683.588, -679.3352, -2.629443, 0.0166641, 0.1456619, 145.0478, 1.845477, 1.454142, 8.815194
 
27.54053, -0.004471329, -0.03747227, 8.524476, 0, 0.011766196209910150633143, 4676.728, -679.3352, -2.629443, 0.0166641, 0.1456619, 144.9522, 1.845477, 1.454142, 8.815194
 
27.55054, -0.004478783, -0.03751698, 8.5176, 0, 0.011789656197988728792924, 4669.877, -679.3352, -2.629443, 0.0166641, 0.1456619, 144.8568, 1.845477, 1.454142, 8.815194
 
27.56054, -0.004481992, -0.03756177, 8.510729, 0, 0.011811941872132854403803, 4663.036, -679.3352, -2.629443, 0.0166641, 0.1456619, 144.7613, 1.845477, 1.454142, 8.815194
 
27.57054, -0.004485736, -0.03760659, 8.503864, 0, 0.011834420344087114015248, 4656.205, -679.3352, -2.629443, 0.0166641, 0.1456619, 144.6659, 1.845477, 1.454142, 8.815194
 
27.58054, -0.004493376, -0.03765145, 8.497003, 0, 0.011858073129975826175595, 4649.381, -679.3352, -2.629443, 0.0166641, 0.1456619, 144.5706, 1.845477, 1.454142, 8.815194
 
27.59054, -0.004501534, -0.03769638, 8.490149, 0, 0.011881927477211496609261, 4642.568, -679.3352, -2.629443, 0.0166641, 0.1456619, 144.4752, 1.845477, 1.454142, 8.815194
 
27.60054, -0.004507685, -0.0377414, 8.483301, 0, 0.011905256012237710677747, 4635.764, -679.3352, -2.629443, 0.0166641, 0.1456619, 144.38, 1.845477, 1.454142, 8.815194
 
27.61054, -0.004513043, -0.03778647, 8.476456, 0, 0.01192840051299061501842, 4628.967, -679.3352, -2.629443, 0.0166641, 0.1456619, 144.2847, 1.845477, 1.454142, 8.815194
 
27.62054, -0.004518922, -0.0378316, 8.469617, 0, 0.011951737811553653359659, 4622.181, -679.3352, -2.629443, 0.0166641, 0.1456619, 144.1895, 1.845477, 1.454142, 8.815194
 
27.63054, -0.004527769, -0.03787679, 8.462783, 0, 0.011975995281483240339963, 4615.404, -679.3352, -2.629443, 0.0166641, 0.1456619, 144.0944, 1.845477, 1.454142, 8.815194
 
27.64054, -0.004534672, -0.03792207, 8.455959, 0, 0.01199973570274019522784, 4608.639, -679.3352, -2.629443, 0.0166641, 0.1456619, 143.9993, 1.845477, 1.454142, 8.815194
 
27.65054, -0.004539257, -0.03796742, 8.449137, 0, 0.012022853912882626750254, 4601.88, -679.3352, -2.629443, 0.0166641, 0.1456619, 143.9042, 1.845477, 1.454142, 8.815194
 
27.66054, -0.004544257, -0.03801281, 8.44232, 0, 0.012046129866687895182222, 4595.131, -679.3352, -2.629443, 0.0166641, 0.1456619, 143.8092, 1.845477, 1.454142, 8.815194
 
27.67054, -0.004554072, -0.03805825, 8.435511, 0, 0.012070878094679641436694, 4588.393, -679.3352, -2.629443, 0.0166641, 0.1456619, 143.7142, 1.845477, 1.454142, 8.815194
 
27.68054, -0.00456051, -0.03810379, 8.428704, 0, 0.012094688624231190506595, 4581.662, -679.3352, -2.629443, 0.0166641, 0.1456619, 143.6193, 1.845477, 1.454142, 8.815194
 
27.69054, -0.004567681, -0.0381494, 8.421903, 0, 0.012118762059887467759086, 4574.939, -679.3352, -2.629443, 0.0166641, 0.1456619, 143.5244, 1.845477, 1.454142, 8.815194
 
27.70054, -0.004573844, -0.03819507, 8.415109, 0, 0.012142598880049489647246, 4568.228, -679.3352, -2.629443, 0.0166641, 0.1456619, 143.4295, 1.845477, 1.454142, 8.815194
 
27.71054, -0.004577823, -0.03824081, 8.408319, 0, 0.012165831016170636715449, 4561.524, -679.3352, -2.629443, 0.0166641, 0.1456619, 143.3347, 1.845477, 1.454142, 8.815194
 
27.72054, -0.004587081, -0.03828659, 8.401534, 0, 0.012190675643067449970204, 4554.83, -679.3352, -2.629443, 0.0166641, 0.1456619, 143.2399, 1.845477, 1.454142, 8.815194
 
27.73054, -0.004595655, -0.03833246, 8.394755, 0, 0.012215371289838250588158, 4548.146, -679.3352, -2.629443, 0.0166641, 0.1456619, 143.1452, 1.845477, 1.454142, 8.815194
 
27.74054, -0.004601787, -0.03837842, 8.38798, 0, 0.012239400907810406476884, 4541.469, -679.3352, -2.629443, 0.0166641, 0.1456619, 143.0505, 1.845477, 1.454142, 8.815194
 
27.75054, -0.004607695, -0.03842444, 8.381213, 0, 0.012263412998708913820104, 4534.802, -679.3352, -2.629443, 0.0166641, 0.1456619, 142.9559, 1.845477, 1.454142, 8.815194
 
27.76054, -0.004614078, -0.03847051, 8.374449, 0, 0.01228761788741755516389, 4528.144, -679.3352, -2.629443, 0.0166641, 0.1456619, 142.8613, 1.845477, 1.454142, 8.815194
 
27.77054, -0.004621764, -0.03851666, 8.367693, 0, 0.012312260952967410145326, 4521.496, -679.3352, -2.629443, 0.0166641, 0.1456619, 142.7667, 1.845477, 1.454142, 8.815194
 
27.78054, -0.004631133, -0.03856287, 8.360938, 0, 0.012337464884874018582954, 4514.855, -679.3352, -2.629443, 0.0166641, 0.1456619, 142.6722, 1.845477, 1.454142, 8.815194
 
27.79054, -0.004637382, -0.03860918, 8.354192, 0, 0.012361792463098199745282, 4508.225, -679.3352, -2.629443, 0.0166641, 0.1456619, 142.5777, 1.845477, 1.454142, 8.815194
 
27.80054, -0.00464388, -0.03865556, 8.347449, 0, 0.012386251494374744998905, 4501.603, -679.3352, -2.629443, 0.0166641, 0.1456619, 142.4833, 1.845477, 1.454142, 8.815194
 
27.81054, -0.004654977, -0.038702, 8.340714, 0, 0.012412138982153646711267, 4494.991, -679.3352, -2.629443, 0.0166641, 0.1456619, 142.3889, 1.845477, 1.454142, 8.815194
 
27.82054, -0.004664853, -0.03874855, 8.333983, 0, 0.012437728509680523150027, 4488.388, -679.3352, -2.629443, 0.0166641, 0.1456619, 142.2945, 1.845477, 1.454142, 8.815194
 
27.83054, -0.004671392, -0.0387952, 8.327256, 0, 0.012462371575230378131463, 4481.792, -679.3352, -2.629443, 0.0166641, 0.1456619, 142.2002, 1.845477, 1.454142, 8.815194
 
27.84054, -0.004678958, -0.03884191, 8.320537, 0, 0.012487382709326852568525, 4475.207, -679.3352, -2.629443, 0.0166641, 0.1456619, 142.1059, 1.845477, 1.454142, 8.815194
 
27.85054, -0.004683266, -0.0388887, 8.313822, 0, 0.012511464908519954093769, 4468.63, -679.3352, -2.629443, 0.0166641, 0.1456619, 142.0117, 1.845477, 1.454142, 8.815194
 
27.86054, -0.004693693, -0.03893553, 8.30711, 0, 0.012537440031667098533661, 4462.062, -679.3352, -2.629443, 0.0166641, 0.1456619, 141.9175, 1.845477, 1.454142, 8.815194
 
27.87054, -0.004703309, -0.03898247, 8.300406, 0, 0.012563239884077757518493, 4455.503, -679.3352, -2.629443, 0.0166641, 0.1456619, 141.8234, 1.845477, 1.454142, 8.815194
 
27.88054, -0.00471263, -0.03902951, 8.293707, 0, 0.012589013445877943685066, 4448.954, -679.3352, -2.629443, 0.0166641, 0.1456619, 141.7293, 1.845477, 1.454142, 8.815194
 
27.89054, -0.00471874, -0.03907663, 8.287015, 0, 0.012613866836311581212574, 4442.414, -679.3352, -2.629443, 0.0166641, 0.1456619, 141.6353, 1.845477, 1.454142, 8.815194
 
27.90054, -0.004730667, -0.03912382, 8.280327, 0, 0.012640543042404667472706, 4435.882, -679.3352, -2.629443, 0.0166641, 0.1456619, 141.5412, 1.845477, 1.454142, 8.815194
 
27.91054, -0.004739397, -0.03917113, 8.273643, 0, 0.012666325367741677912032, 4429.359, -679.3352, -2.629443, 0.0166641, 0.1456619, 141.4473, 1.845477, 1.454142, 8.815194
 
27.92054, -0.004747136, -0.03921852, 8.266967, 0, 0.012691862314047608714274, 4422.846, -679.3352, -2.629443, 0.0166641, 0.1456619, 141.3533, 1.845477, 1.454142, 8.815194
 
27.93054, -0.004754988, -0.03926599, 8.26029, 0, 0.012717486895721782244046, 4416.338, -679.3352, -2.629443, 0.0166641, 0.1456619, 141.2595, 1.845477, 1.454142, 8.815194
 
27.94054, -0.004760847, -0.03931354, 8.253626, 0, 0.012742559374576026590379, 4409.845, -679.3352, -2.629443, 0.0166641, 0.1456619, 141.1656, 1.845477, 1.454142, 8.815194
 
27.95054, -0.004770129, -0.03936115, 8.246964, 0, 0.01276873605907012930359, 4403.357, -679.3352, -2.629443, 0.0166641, 0.1456619, 141.0718, 1.845477, 1.454142, 8.815194
 
27.96054, -0.004780638, -0.03940885, 8.240305, 0, 0.012795350920405445654451, 4396.877, -679.3352, -2.629443, 0.0166641, 0.1456619, 140.9781, 1.845477, 1.454142, 8.815194
 
27.97054, -0.004787336, -0.03945666, 8.233655, 0, 0.012820861576100903638434, 4390.409, -679.3352, -2.629443, 0.0166641, 0.1456619, 140.8844, 1.845477, 1.454142, 8.815194
 
27.98055, -0.00479394, -0.03950453, 8.227006, 0, 0.012846398522406834440676, 4383.946, -679.3352, -2.629443, 0.0166641, 0.1456619, 140.7907, 1.845477, 1.454142, 8.815194
 
27.99055, -0.004800801, -0.03955247, 8.220369, 0, 0.012872066921765129334213, 4377.497, -679.3352, -2.629443, 0.0166641, 0.1456619, 140.6971, 1.845477, 1.454142, 8.815194
 
28.00055, -0.004810395, -0.03960048, 8.213733, 0, 0.012898629201879500048556, 4371.053, -679.3352, -2.629443, 0.0166641, 0.1456619, 140.6035, 1.845477, 1.454142, 8.815194
 
28.01055, -0.004818095, -0.03964859, 8.207103, 0, 0.012924674433321238670472, 4364.619, -679.3352, -2.629443, 0.0166641, 0.1456619, 140.5099, 1.845477, 1.454142, 8.815194
 
28.02055, -0.004826854, -0.03969676, 8.200477, 0, 0.01295110526038324529352, 4358.193, -679.3352, -2.629443, 0.0166641, 0.1456619, 140.4164, 1.845477, 1.454142, 8.815194
 
28.03055, -0.00483407, -0.03974503, 8.193853, 0, 0.012977124201214511097177, 4351.774, -679.3352, -2.629443, 0.0166641, 0.1456619, 140.3229, 1.845477, 1.454142, 8.815194
 
28.04055, -0.004841636, -0.03979337, 8.187239, 0, 0.013003300885708613810388, 4345.367, -679.3352, -2.629443, 0.0166641, 0.1456619, 140.2295, 1.845477, 1.454142, 8.815194
 
28.05055, -0.004852762, -0.03984179, 8.180633, 0, 0.013030643120600344799748, 4338.97, -679.3352, -2.629443, 0.0166641, 0.1456619, 140.1362, 1.845477, 1.454142, 8.815194
 
28.06055, -0.004862075, -0.03989032, 8.174026, 0, 0.01305749459742991651494, 4332.579, -679.3352, -2.629443, 0.0166641, 0.1456619, 140.0428, 1.845477, 1.454142, 8.815194
 
28.07055, -0.00486794, -0.03993894, 8.167428, 0, 0.013083338267524696863537, 4326.197, -679.3352, -2.629443, 0.0166641, 0.1456619, 139.9495, 1.845477, 1.454142, 8.815194
 
28.08055, -0.004874548, -0.03998762, 8.160832, 0, 0.01310946237079785394023, 4319.823, -679.3352, -2.629443, 0.0166641, 0.1456619, 139.8563, 1.845477, 1.454142, 8.815194
 
28.09055, -0.004879149, -0.04003637, 8.154246, 0, 0.013135008080640609015225, 4313.459, -679.3352, -2.629443, 0.0166641, 0.1456619, 139.7631, 1.845477, 1.454142, 8.815194
 
28.10055, -0.004890625, -0.04008516, 8.147663, 0, 0.013162762201763080823976, 4307.104, -679.3352, -2.629443, 0.0166641, 0.1456619, 139.6699, 1.845477, 1.454142, 8.815194
 
28.11055, -0.004899635, -0.04013406, 8.141083, 0, 0.013189815239939610812487, 4300.757, -679.3352, -2.629443, 0.0166641, 0.1456619, 139.5768, 1.845477, 1.454142, 8.815194
 
28.12055, -0.004906966, -0.04018306, 8.134511, 0, 0.013216403810664454345089, 4294.418, -679.3352, -2.629443, 0.0166641, 0.1456619, 139.4837, 1.845477, 1.454142, 8.815194
 
28.13055, -0.004914984, -0.04023213, 8.127943, 0, 0.013243264051030850333034, 4288.089, -679.3352, -2.629443, 0.0166641, 0.1456619, 139.3907, 1.845477, 1.454142, 8.815194
 
28.14055, -0.004924862, -0.04028128, 8.121383, 0, 0.013270764029585418231948, 4281.771, -679.3352, -2.629443, 0.0166641, 0.1456619, 139.2977, 1.845477, 1.454142, 8.815194
 
28.15055, -0.004934181, -0.04033053, 8.114826, 0, 0.013298167609234919130579, 4275.458, -679.3352, -2.629443, 0.0166641, 0.1456619, 139.2047, 1.845477, 1.454142, 8.815194
 
28.16055, -0.004943297, -0.04037987, 8.108274, 0, 0.013325562425347595756457, 4269.155, -679.3352, -2.629443, 0.0166641, 0.1456619, 139.1118, 1.845477, 1.454142, 8.815194
 
28.17055, -0.004949948, -0.0404293, 8.101726, 0, 0.013352247394977506289342, 4262.86, -679.3352, -2.629443, 0.0166641, 0.1456619, 139.019, 1.845477, 1.454142, 8.815194
 
28.18055, -0.00495508, -0.0404788, 8.095184, 0, 0.01337850295130302745733, 4256.574, -679.3352, -2.629443, 0.0166641, 0.1456619, 138.9261, 1.845477, 1.454142, 8.815194
 
28.19055, -0.004966127, -0.04052835, 8.088648, 0, 0.013406686485729888630978, 4250.297, -679.3352, -2.629443, 0.0166641, 0.1456619, 138.8334, 1.845477, 1.454142, 8.815194
 
28.20055, -0.004974307, -0.04057801, 8.082118, 0, 0.013434037484158443893091, 4244.028, -679.3352, -2.629443, 0.0166641, 0.1456619, 138.7406, 1.845477, 1.454142, 8.815194
 
28.21055, -0.004983899, -0.04062776, 8.075592, 0, 0.013461896767722806974878, 4237.768, -679.3352, -2.629443, 0.0166641, 0.1456619, 138.6479, 1.845477, 1.454142, 8.815194
 
28.22055, -0.004991265, -0.0406776, 8.06907, 0, 0.013489107549562173872943, 4231.516, -679.3352, -2.629443, 0.0166641, 0.1456619, 138.5553, 1.845477, 1.454142, 8.815194
 
28.23055, -0.00499632, -0.04072751, 8.062555, 0, 0.013515643539066071769027, 4225.274, -679.3352, -2.629443, 0.0166641, 0.1456619, 138.4626, 1.845477, 1.454142, 8.815194
 
28.24055, -0.005007667, -0.04077747, 8.056046, 0, 0.013544247723260498034819, 4219.04, -679.3352, -2.629443, 0.0166641, 0.1456619, 138.3701, 1.845477, 1.454142, 8.815194
 
28.25055, -0.00501489, -0.04082755, 8.04954, 0, 0.013571589958152229024179, 4212.813, -679.3352, -2.629443, 0.0166641, 0.1456619, 138.2776, 1.845477, 1.454142, 8.815194
 
28.26055, -0.005021804, -0.0408777, 8.043039, 0, 0.01359890590243348719528, 4206.596, -679.3352, -2.629443, 0.0166641, 0.1456619, 138.1851, 1.845477, 1.454142, 8.815194
 
28.27055, -0.0050295, -0.04092791, 8.036544, 0, 0.013626519806966770639983, 4200.387, -679.3352, -2.629443, 0.0166641, 0.1456619, 138.0926, 1.845477, 1.454142, 8.815194
 
28.28055, -0.005034241, -0.04097821, 8.030054, 0, 0.013653248594280802536633, 4194.188, -679.3352, -2.629443, 0.0166641, 0.1456619, 138.0002, 1.845477, 1.454142, 8.815194
 
28.29055, -0.005042159, -0.04102855, 8.02357, 0, 0.013681046533087395709149, 4187.997, -679.3352, -2.629443, 0.0166641, 0.1456619, 137.9079, 1.845477, 1.454142, 8.815194
 
28.30055, -0.005051086, -0.04107897, 8.017091, 0, 0.01370923883105108115555, 4181.813, -679.3352, -2.629443, 0.0166641, 0.1456619, 137.8156, 1.845477, 1.454142, 8.815194
 
28.31055, -0.005057651, -0.04112948, 8.010617, 0, 0.013736730046068824781711, 4175.639, -679.3352, -2.629443, 0.0166641, 0.1456619, 137.7233, 1.845477, 1.454142, 8.815194
 
28.32055, -0.005064872, -0.04118006, 8.004146, 0, 0.013764484167191296590462, 4169.471, -679.3352, -2.629443, 0.0166641, 0.1456619, 137.6311, 1.845477, 1.454142, 8.815194
 
28.33055, -0.005070548, -0.04123071, 7.997684, 0, 0.013791800111472554761563, 4163.316, -679.3352, -2.629443, 0.0166641, 0.1456619, 137.5389, 1.845477, 1.454142, 8.815194
 
28.34055, -0.005077844, -0.04128142, 7.991224, 0, 0.013819694449184214934362, 4157.166, -679.3352, -2.629443, 0.0166641, 0.1456619, 137.4468, 1.845477, 1.454142, 8.815194
 
28.35055, -0.005087133, -0.0413322, 7.984771, 0, 0.013848307396915465472907, 4151.025, -679.3352, -2.629443, 0.0166641, 0.1456619, 137.3547, 1.845477, 1.454142, 8.815194
 
28.36055, -0.005092557, -0.04138307, 7.978322, 0, 0.013875710976564966371538, 4144.893, -679.3352, -2.629443, 0.0166641, 0.1456619, 137.2626, 1.845477, 1.454142, 8.815194
 
28.37055, -0.005097896, -0.04143399, 7.971879, 0, 0.013903149610361764361181, 4138.77, -679.3352, -2.629443, 0.0166641, 0.1456619, 137.1706, 1.845477, 1.454142, 8.815194
 
28.38055, -0.005102649, -0.04148497, 7.965442, 0, 0.013930448027569373986776, 4132.655, -679.3352, -2.629443, 0.0166641, 0.1456619, 137.0786, 1.845477, 1.454142, 8.815194
 
28.39055, -0.005111453, -0.041536, 7.959008, 0, 0.013959122320058394434592, 4126.548, -679.3352, -2.629443, 0.0166641, 0.1456619, 136.9867, 1.845477, 1.454142, 8.815194
 
28.40055, -0.005120728, -0.04158711, 7.952581, 0, 0.013988015700968021701233, 4120.45, -679.3352, -2.629443, 0.0166641, 0.1456619, 136.8948, 1.845477, 1.454142, 8.815194
 
28.41055, -0.005128167, -0.04163832, 7.946157, 0, 0.014016374506131368329941, 4114.36, -679.3352, -2.629443, 0.0166641, 0.1456619, 136.803, 1.845477, 1.454142, 8.815194
 
28.42056, -0.005132613, -0.0416896, 7.939741, 0, 0.014043813139928166319584, 4108.278, -679.3352, -2.629443, 0.0166641, 0.1456619, 136.7112, 1.845477, 1.454142, 8.815194
 
28.43056, -0.005138704, -0.04174093, 7.933327, 0, 0.014071838930692190583678, 4102.205, -679.3352, -2.629443, 0.0166641, 0.1456619, 136.6194, 1.845477, 1.454142, 8.815194
 
28.44056, -0.005147112, -0.04179232, 7.926919, 0, 0.014100679730380872213801, 4096.139, -679.3352, -2.629443, 0.0166641, 0.1456619, 136.5277, 1.845477, 1.454142, 8.815194
 
28.45056, -0.005156102, -0.04184379, 7.920518, 0, 0.014129783436174282026514, 4090.084, -679.3352, -2.629443, 0.0166641, 0.1456619, 136.4361, 1.845477, 1.454142, 8.815194
 
28.46056, -0.005163232, -0.04189535, 7.914122, 0, 0.014158343802684586928541, 4084.037, -679.3352, -2.629443, 0.0166641, 0.1456619, 136.3444, 1.845477, 1.454142, 8.815194
 
28.47056, -0.005168659, -0.04194698, 7.907728, 0, 0.014186395884059084010894, 4077.996, -679.3352, -2.629443, 0.0166641, 0.1456619, 136.2528, 1.845477, 1.454142, 8.815194
 
28.48056, -0.005174765, -0.04199867, 7.90134, 0, 0.014214728398611957821343, 4071.964, -679.3352, -2.629443, 0.0166641, 0.1456619, 136.1613, 1.845477, 1.454142, 8.815194
 
28.49056, -0.005182421, -0.04205042, 7.894959, 0, 0.014243621779521585087984, 4065.942, -679.3352, -2.629443, 0.0166641, 0.1456619, 136.0698, 1.845477, 1.454142, 8.815194
 
28.50056, -0.005189146, -0.04210224, 7.888581, 0, 0.014272278544936956990294, 4059.927, -679.3352, -2.629443, 0.0166641, 0.1456619, 135.9784, 1.845477, 1.454142, 8.815194
 
28.51056, -0.005196923, -0.04215414, 7.882212, 0, 0.014301338433046245439242, 4053.922, -679.3352, -2.629443, 0.0166641, 0.1456619, 135.8869, 1.845477, 1.454142, 8.815194
 
28.52056, -0.005200854, -0.0422061, 7.875844, 0, 0.014329180189536959975523, 4047.923, -679.3352, -2.629443, 0.0166641, 0.1456619, 135.7956, 1.845477, 1.454142, 8.815194
 
28.53056, -0.005208206, -0.04225811, 7.869482, 0, 0.014358213787035775606212, 4041.933, -679.3352, -2.629443, 0.0166641, 0.1456619, 135.7043, 1.845477, 1.454142, 8.815194
 
28.54056, -0.005217493, -0.0423102, 7.863126, 0, 0.014387965994554181602647, 4035.952, -679.3352, -2.629443, 0.0166641, 0.1456619, 135.613, 1.845477, 1.454142, 8.815194
 
28.55056, -0.005228278, -0.04236237, 7.856774, 0, 0.014418279068429341055274, 4029.979, -679.3352, -2.629443, 0.0166641, 0.1456619, 135.5217, 1.845477, 1.454142, 8.815194
 
28.56056, -0.005234885, -0.04241466, 7.850428, 0, 0.014447268848244035322198, 4024.013, -679.3352, -2.629443, 0.0166641, 0.1456619, 135.4305, 1.845477, 1.454142, 8.815194
 
28.57056, -0.005240713, -0.04246701, 7.844087, 0, 0.014476057066711771315803, 4018.056, -679.3352, -2.629443, 0.0166641, 0.1456619, 135.3394, 1.845477, 1.454142, 8.815194
 
28.58056, -0.005248139, -0.04251941, 7.837751, 0, 0.014505432442146733583859, 4012.108, -679.3352, -2.629443, 0.0166641, 0.1456619, 135.2483, 1.845477, 1.454142, 8.815194
 
28.59056, -0.00525758, -0.04257189, 7.831418, 0, 0.01453555271821175903592, 4006.167, -679.3352, -2.629443, 0.0166641, 0.1456619, 135.1572, 1.845477, 1.454142, 8.815194
 
28.60056, -0.005266834, -0.04262447, 7.825093, 0, 0.014565681757813608760734, 4000.236, -679.3352, -2.629443, 0.0166641, 0.1456619, 135.0662, 1.845477, 1.454142, 8.815194
 
28.61056, -0.005274875, -0.04267714, 7.818772, 0, 0.014595469019479311848181, 3994.312, -679.3352, -2.629443, 0.0166641, 0.1456619, 134.9752, 1.845477, 1.454142, 8.815194
 
28.62056, -0.005280433, -0.04272989, 7.812457, 0, 0.014624485089904478933364, 3988.396, -679.3352, -2.629443, 0.0166641, 0.1456619, 134.8842, 1.845477, 1.454142, 8.815194
 
28.63056, -0.005287687, -0.04278269, 7.806147, 0, 0.01465412337144416938401, 3982.49, -679.3352, -2.629443, 0.0166641, 0.1456619, 134.7934, 1.845477, 1.454142, 8.815194
 
28.64056, -0.00529776, -0.04283557, 7.799842, 0, 0.014684786986792299746757, 3976.592, -679.3352, -2.629443, 0.0166641, 0.1456619, 134.7025, 1.845477, 1.454142, 8.815194
 
28.65056, -0.00530491, -0.04288855, 7.793539, 0, 0.014714530430773881470439, 3970.7, -679.3352, -2.629443, 0.0166641, 0.1456619, 134.6117, 1.845477, 1.454142, 8.815194
 
28.66056, -0.005313787, -0.0429416, 7.787244, 0, 0.014744922376480459377843, 3964.818, -679.3352, -2.629443, 0.0166641, 0.1456619, 134.521, 1.845477, 1.454142, 8.815194
 
28.67056, -0.005318745, -0.04299473, 7.780955, 0, 0.014774052372884342008815, 3958.944, -679.3352, -2.629443, 0.0166641, 0.1456619, 134.4302, 1.845477, 1.454142, 8.815194
 
28.68056, -0.005325499, -0.04304792, 7.774668, 0, 0.014803839634550045096262, 3953.077, -679.3352, -2.629443, 0.0166641, 0.1456619, 134.3396, 1.845477, 1.454142, 8.815194
 
28.69056, -0.005334435, -0.04310118, 7.768389, 0, 0.014834441905140405549738, 3947.22, -679.3352, -2.629443, 0.0166641, 0.1456619, 134.2489, 1.845477, 1.454142, 8.815194
 
28.70056, -0.005341278, -0.04315452, 7.762113, 0, 0.014864386910468945546739, 3941.37, -679.3352, -2.629443, 0.0166641, 0.1456619, 134.1584, 1.845477, 1.454142, 8.815194
 
28.71056, -0.005349242, -0.04320794, 7.755844, 0, 0.014894787619712347726896, 3935.529, -679.3352, -2.629443, 0.0166641, 0.1456619, 134.0678, 1.845477, 1.454142, 8.815194
 
28.72056, -0.005355168, -0.04326143, 7.749579, 0, 0.014924548590767577996084, 3929.695, -679.3352, -2.629443, 0.0166641, 0.1456619, 133.9773, 1.845477, 1.454142, 8.815194
 
28.73056, -0.005365459, -0.04331498, 7.743318, 0, 0.014955869471377528815306, 3923.87, -679.3352, -2.629443, 0.0166641, 0.1456619, 133.8869, 1.845477, 1.454142, 8.815194
 
28.74056, -0.005375488, -0.04336863, 7.737065, 0, 0.014987181588450655361775, 3918.054, -679.3352, -2.629443, 0.0166641, 0.1456619, 133.7965, 1.845477, 1.454142, 8.815194
 
28.75056, -0.005381755, -0.04342239, 7.730814, 0, 0.015017266810368383722824, 3912.244, -679.3352, -2.629443, 0.0166641, 0.1456619, 133.7061, 1.845477, 1.454142, 8.815194
 
28.76056, -0.005389943, -0.04347621, 7.724569, 0, 0.015048070642305702449619, 3906.443, -679.3352, -2.629443, 0.0166641, 0.1456619, 133.6158, 1.845477, 1.454142, 8.815194
 
28.77056, -0.005394442, -0.04353011, 7.71833, 0, 0.0150776651061612715365, 3900.651, -679.3352, -2.629443, 0.0166641, 0.1456619, 133.5255, 1.845477, 1.454142, 8.815194
 
28.78056, -0.005398814, -0.04358406, 7.712096, 0, 0.015107277097090489168887, 3894.866, -679.3352, -2.629443, 0.0166641, 0.1456619, 133.4353, 1.845477, 1.454142, 8.815194
 
28.79056, -0.005407664, -0.04363804, 7.705868, 0, 0.01513848405172172444232, 3889.091, -679.3352, -2.629443, 0.0166641, 0.1456619, 133.3451, 1.845477, 1.454142, 8.815194
 
28.80056, -0.005414608, -0.04369212, 7.699642, 0, 0.015169103849385733441302, 3883.322, -679.3352, -2.629443, 0.0166641, 0.1456619, 133.2549, 1.845477, 1.454142, 8.815194
 
28.81056, -0.00542287, -0.04374627, 7.693424, 0, 0.015200249459259198805464, 3877.562, -679.3352, -2.629443, 0.0166641, 0.1456619, 133.1649, 1.845477, 1.454142, 8.815194
 
28.82056, -0.005429985, -0.0438005, 7.687206, 0, 0.015231062054733341805012, 3871.808, -679.3352, -2.629443, 0.0166641, 0.1456619, 133.0748, 1.845477, 1.454142, 8.815194
 
28.83056, -0.005437751, -0.0438548, 7.680998, 0, 0.015262163846922685805409, 3866.064, -679.3352, -2.629443, 0.0166641, 0.1456619, 132.9848, 1.845477, 1.454142, 8.815194
 
28.84056, -0.005447918, -0.04390917, 7.674792, 0, 0.015294168283404929899365, 3860.327, -679.3352, -2.629443, 0.0166641, 0.1456619, 132.8948, 1.845477, 1.454142, 8.815194
 
28.85056, -0.005459089, -0.04396365, 7.668594, 0, 0.015326610896728387630971, 3854.599, -679.3352, -2.629443, 0.0166641, 0.1456619, 132.8049, 1.845477, 1.454142, 8.815194
 
28.86057, -0.005469517, -0.04401824, 7.6624, 0, 0.0153588607122416237266427573, 3848.879, -679.3352, -2.629443, 0.0166641, 0.1456619, 132.715, 1.845477, 1.454142, 8.815194
 
28.87057, -0.005474945, -0.04407294, 7.656209, 0, 0.0153894366922216866325962427, 3843.166, -679.3352, -2.629443, 0.0166641, 0.1456619, 132.6251, 1.845477, 1.454142, 8.815194
 
28.88057, -0.005482537, -0.04412769, 7.650025, 0, 0.015420836444662968271227, 3837.462, -679.3352, -2.629443, 0.0166641, 0.1456619, 132.5354, 1.845477, 1.454142, 8.815194
 
28.89057, -0.005492601, -0.04418251, 7.643846, 0, 0.015453173895544534729797, 3831.766, -679.3352, -2.629443, 0.0166641, 0.1456619, 132.4456, 1.845477, 1.454142, 8.815194
 
28.90057, -0.005503065, -0.04423744, 7.637671, 0, 0.015485721671309883734439, 3826.077, -679.3352, -2.629443, 0.0166641, 0.1456619, 132.3559, 1.845477, 1.454142, 8.815194
 
28.91057, -0.0055136, -0.04429247, 7.631502, 0, 0.0155183746095172116474852427, 3820.397, -679.3352, -2.629443, 0.0166641, 0.1456619, 132.2662, 1.845477, 1.454142, 8.815194
 
28.92057, -0.005519237, -0.0443476, 7.625337, 0, 0.0155493712392644891041097573, 3814.724, -679.3352, -2.629443, 0.0166641, 0.1456619, 132.1766, 1.845477, 1.454142, 8.815194
 
28.93057, -0.005526426, -0.0444028, 7.619179, 0, 0.015580981316589728559549, 3809.06, -679.3352, -2.629443, 0.0166641, 0.1456619, 132.087, 1.845477, 1.454142, 8.815194
 
28.94057, -0.005532024, -0.04445806, 7.613023, 0, 0.0156120918723158091973307573, 3803.403, -679.3352, -2.629443, 0.0166641, 0.1456619, 131.9975, 1.845477, 1.454142, 8.815194
 
28.95057, -0.005544051, -0.04451338, 7.606874, 0, 0.0156455422923741459309, 3797.754, -679.3352, -2.629443, 0.0166641, 0.1456619, 131.908, 1.845477, 1.454142, 8.815194
 
28.96057, -0.005553016, -0.04456882, 7.600731, 0, 0.015677993669234427935259, 3792.115, -679.3352, -2.629443, 0.0166641, 0.1456619, 131.8186, 1.845477, 1.454142, 8.815194
 
28.97057, -0.005559372, -0.04462435, 7.594592, 0, 0.015709577455949106937071, 3786.482, -679.3352, -2.629443, 0.0166641, 0.1456619, 131.7292, 1.845477, 1.454142, 8.815194
 
28.98057, -0.005567729, -0.04467994, 7.588457, 0, 0.015741949960977970486653, 3780.857, -679.3352, -2.629443, 0.0166641, 0.1456619, 131.6398, 1.845477, 1.454142, 8.815194
 
28.99057, -0.005572755, -0.04473562, 7.582326, 0, 0.0157731919697564152157297573, 3775.239, -679.3352, -2.629443, 0.0166641, 0.1456619, 131.5505, 1.845477, 1.454142, 8.815194
 
29.00057, -0.005584287, -0.04479135, 7.576202, 0, 0.0158068264240881493124802427, 3769.631, -679.3352, -2.629443, 0.0166641, 0.1456619, 131.4612, 1.845477, 1.454142, 8.815194
 
29.01057, -0.005593633, -0.04484719, 7.570083, 0, 0.015839759795473678682886, 3764.03, -679.3352, -2.629443, 0.0166641, 0.1456619, 131.372, 1.845477, 1.454142, 8.815194
 
29.02057, -0.005599014, -0.04490313, 7.56397, 0, 0.0158713348186514457765767573, 3758.438, -679.3352, -2.629443, 0.0166641, 0.1456619, 131.2829, 1.845477, 1.454142, 8.815194
 
29.03057, -0.005607855, -0.04495912, 7.557859, 0, 0.015904224372353029053954, 3752.851, -679.3352, -2.629443, 0.0166641, 0.1456619, 131.1937, 1.845477, 1.454142, 8.815194
 
29.04057, -0.005616306, -0.04501519, 7.551754, 0, 0.0159370438177600181493072427, 3747.273, -679.3352, -2.629443, 0.0166641, 0.1456619, 131.1046, 1.845477, 1.454142, 8.815194
 
29.05057, -0.0056271, -0.04507136, 7.545656, 0, 0.015970783434533380612989, 3741.705, -679.3352, -2.629443, 0.0166641, 0.1456619, 131.0156, 1.845477, 1.454142, 8.815194
 
29.06057, -0.00563649, -0.04512763, 7.539561, 0, 0.016004093638002441347142, 3736.143, -679.3352, -2.629443, 0.0166641, 0.1456619, 130.9266, 1.845477, 1.454142, 8.815194
 
29.07057, -0.005646214, -0.04518399, 7.533471, 0, 0.016037605402818460354614, 3730.588, -679.3352, -2.629443, 0.0166641, 0.1456619, 130.8376, 1.845477, 1.454142, 8.815194
 
29.08057, -0.005653907, -0.04524045, 7.527387, 0, 0.016070451138835834632858, 3725.042, -679.3352, -2.629443, 0.0166641, 0.1456619, 130.7487, 1.845477, 1.454142, 8.815194
 
29.09057, -0.00566163, -0.04529699, 7.521306, 0, 0.0161033845102213640032637573, 3719.502, -679.3352, -2.629443, 0.0166641, 0.1456619, 130.6598, 1.845477, 1.454142, 8.815194
 
29.10057, -0.005669104, -0.04535361, 7.51523, 0, 0.016136291590996595826147, 3713.971, -679.3352, -2.629443, 0.0166641, 0.1456619, 130.571, 1.845477, 1.454142, 8.815194
 
29.11057, -0.005680728, -0.0454103, 7.509161, 0, 0.016170776108400109109202, 3708.448, -679.3352, -2.629443, 0.0166641, 0.1456619, 130.4822, 1.845477, 1.454142, 8.815194
 
29.12057, -0.005691435, -0.0454671, 7.503095, 0, 0.0162050152467726303905412427, 3702.934, -679.3352, -2.629443, 0.0166641, 0.1456619, 130.3935, 1.845477, 1.454142, 8.815194
 
29.13057, -0.005698022, -0.04552402, 7.497034, 0, 0.016237834692179444215158, 3697.426, -679.3352, -2.629443, 0.0166641, 0.1456619, 130.3048, 1.845477, 1.454142, 8.815194
 
29.14057, -0.005706911, -0.045581, 7.490979, 0, 0.0162715567818791581333337573, 3691.926, -679.3352, -2.629443, 0.0166641, 0.1456619, 130.2162, 1.845477, 1.454142, 8.815194
 
29.15057, -0.005713179, -0.04563807, 7.484928, 0, 0.016304393754359795774193, 3686.434, -679.3352, -2.629443, 0.0166641, 0.1456619, 130.1276, 1.845477, 1.454142, 8.815194
 
29.16057, -0.005724718, -0.0456952, 7.478886, 0, 0.0163392288132361923319997573, 3680.951, -679.3352, -2.629443, 0.0166641, 0.1456619, 130.039, 1.845477, 1.454142, 8.815194
 
29.17057, -0.005734013, -0.04575245, 7.472842, 0, 0.0163733189714826133411697573, 3675.473, -679.3352, -2.629443, 0.0166641, 0.1456619, 129.9505, 1.845477, 1.454142, 8.815194
 
29.18057, -0.005743872, -0.04580979, 7.46681, 0, 0.016407698326444322986557, 3670.006, -679.3352, -2.629443, 0.0166641, 0.1456619, 129.862, 1.845477, 1.454142, 8.815194
 
29.19057, -0.005752593, -0.04586723, 7.460777, 0, 0.0164417446670065349965937573, 3664.544, -679.3352, -2.629443, 0.0166641, 0.1456619, 129.7736, 1.845477, 1.454142, 8.815194
 
29.20057, -0.005758789, -0.04592475, 7.454753, 0, 0.01647492341742331927482, 3659.092, -679.3352, -2.629443, 0.0166641, 0.1456619, 129.6852, 1.845477, 1.454142, 8.815194
 
29.21057, -0.005770335, -0.04598234, 7.448733, 0, 0.016510144071920071469127, 3653.647, -679.3352, -2.629443, 0.0166641, 0.1456619, 129.5969, 1.845477, 1.454142, 8.815194
 
29.22057, -0.005779061, -0.04604005, 7.442718, 0, 0.016544409500902977933357, 3648.209, -679.3352, -2.629443, 0.0166641, 0.1456619, 129.5086, 1.845477, 1.454142, 8.815194
 
29.23057, -0.005790164, -0.04609784, 7.436708, 0, 0.016579638918936554400417, 3642.78, -679.3352, -2.629443, 0.0166641, 0.1456619, 129.4204, 1.845477, 1.454142, 8.815194
 
29.24057, -0.005797752, -0.04615574, 7.430701, 0, 0.0166136414418148203174252427, 3637.356, -679.3352, -2.629443, 0.0166641, 0.1456619, 129.3322, 1.845477, 1.454142, 8.815194
 
29.25057, -0.00580541, -0.04621372, 7.424701, 0, 0.01664774036359797796398, 3631.943, -679.3352, -2.629443, 0.0166641, 0.1456619, 129.244, 1.845477, 1.454142, 8.815194
 
29.26057, -0.005816744, -0.04627177, 7.418707, 0, 0.0166832765054204916127632427, 3626.537, -679.3352, -2.629443, 0.0166641, 0.1456619, 129.1559, 1.845477, 1.454142, 8.815194
 
29.27057, -0.00582567, -0.04632994, 7.412715, 0, 0.016718006401854996897534, 3621.137, -679.3352, -2.629443, 0.0166641, 0.1456619, 129.0679, 1.845477, 1.454142, 8.815194
 
29.28057, -0.005835352, -0.04638819, 7.40673, 0, 0.016753086839762560727793, 3615.746, -679.3352, -2.629443, 0.0166641, 0.1456619, 128.9799, 1.845477, 1.454142, 8.815194
 
29.29058, -0.005846477, -0.04644655, 7.400748, 0, 0.0167887982523215598316362427, 3610.362, -679.3352, -2.629443, 0.0166641, 0.1456619, 128.8919, 1.845477, 1.454142, 8.815194
 
29.30058, -0.005854959, -0.04650501, 7.394771, 0, 0.016823598257050659298431, 3604.985, -679.3352, -2.629443, 0.0166641, 0.1456619, 128.804, 1.845477, 1.454142, 8.815194
 
29.31058, -0.005861143, -0.04656356, 7.388801, 0, 0.016857618307002486125577, 3599.616, -679.3352, -2.629443, 0.0166641, 0.1456619, 128.7161, 1.845477, 1.454142, 8.815194
 
29.32058, -0.005872181, -0.04662217, 7.382834, 0, 0.0168935137538346196864967573, 3594.256, -679.3352, -2.629443, 0.0166641, 0.1456619, 128.6283, 1.845477, 1.454142, 8.815194
 
29.33058, -0.00588159, -0.04668089, 7.376872, 0, 0.0169288921519943840610942427, 3588.902, -679.3352, -2.629443, 0.0166641, 0.1456619, 128.5405, 1.845477, 1.454142, 8.815194
 
29.34058, -0.00589188, -0.04673971, 7.370916, 0, 0.016964682436384626348978, 3583.556, -679.3352, -2.629443, 0.0166641, 0.1456619, 128.4527, 1.845477, 1.454142, 8.815194
 
29.35058, -0.005899276, -0.04679863, 7.364964, 0, 0.0169994649140402525410032427, 3578.217, -679.3352, -2.629443, 0.0166641, 0.1456619, 128.365, 1.845477, 1.454142, 8.815194
 
29.36058, -0.005908625, -0.04685762, 7.359016, 0, 0.017035053637083536555568, 3572.886, -679.3352, -2.629443, 0.0166641, 0.1456619, 128.2773, 1.845477, 1.454142, 8.815194
 
29.37058, -0.005919749, -0.04691671, 7.353075, 0, 0.0170713872607568837541377573, 3567.564, -679.3352, -2.629443, 0.0166641, 0.1456619, 128.1897, 1.845477, 1.454142, 8.815194
 
29.38058, -0.005928679, -0.04697591, 7.347139, 0, 0.0171069847473372549475602427, 3562.249, -679.3352, -2.629443, 0.0166641, 0.1456619, 128.1022, 1.845477, 1.454142, 8.815194
 
29.39058, -0.005940288, -0.04703519, 7.341207, 0, 0.017143677676020397329003, 3556.941, -679.3352, -2.629443, 0.0166641, 0.1456619, 128.0146, 1.845477, 1.454142, 8.815194
 
29.40058, -0.005951179, -0.0470946, 7.335279, 0, 0.017180177806893493345248, 3551.64, -679.3352, -2.629443, 0.0166641, 0.1456619, 127.9272, 1.845477, 1.454142, 8.815194
 
29.41058, -0.00595892, -0.04715411, 7.329357, 0, 0.017215573732126730994615, 3546.347, -679.3352, -2.629443, 0.0166641, 0.1456619, 127.8397, 1.845477, 1.454142, 8.815194
 
29.42058, -0.005965638, -0.0472137, 7.323438, 0, 0.0172506454064975581874892427, 3541.061, -679.3352, -2.629443, 0.0166641, 0.1456619, 127.7523, 1.845477, 1.454142, 8.815194
 
29.43058, -0.00597698, -0.04727336, 7.317526, 0, 0.0172875574236013950231252427, 3535.784, -679.3352, -2.629443, 0.0166641, 0.1456619, 127.665, 1.845477, 1.454142, 8.815194
 
29.44058, -0.005986269, -0.04733313, 7.311623, 0, 0.0173237683577592900385212427, 3530.516, -679.3352, -2.629443, 0.0166641, 0.1456619, 127.5777, 1.845477, 1.454142, 8.815194
 
29.45058, -0.005993526, -0.04739299, 7.305718, 0, 0.017359286972507979871062, 3525.252, -679.3352, -2.629443, 0.0166641, 0.1456619, 127.4905, 1.845477, 1.454142, 8.815194
 
29.46058, -0.006001277, -0.04745292, 7.29982, 0, 0.0173950597298247488841762427, 3519.998, -679.3352, -2.629443, 0.0166641, 0.1456619, 127.4033, 1.845477, 1.454142, 8.815194
 
29.47058, -0.006007703, -0.04751294, 7.29393, 0, 0.017430403073836953261657, 3514.751, -679.3352, -2.629443, 0.0166641, 0.1456619, 127.3161, 1.845477, 1.454142, 8.815194
 
29.48058, -0.006015314, -0.04757302, 7.28804, 0, 0.017466272230058701639686, 3509.51, -679.3352, -2.629443, 0.0166641, 0.1456619, 127.229, 1.845477, 1.454142, 8.815194
 
29.49058, -0.006026972, -0.04763317, 7.282156, 0, 0.01750376264059294047702, 3504.277, -679.3352, -2.629443, 0.0166641, 0.1456619, 127.142, 1.845477, 1.454142, 8.815194
 
29.50058, -0.006036385, -0.04769344, 7.276281, 0, 0.017540490623423467584843, 3499.053, -679.3352, -2.629443, 0.0166641, 0.1456619, 127.0549, 1.845477, 1.454142, 8.815194
 
29.51058, -0.006043496, -0.0477538, 7.270405, 0, 0.017576403597329337326637, 3493.834, -679.3352, -2.629443, 0.0166641, 0.1456619, 126.968, 1.845477, 1.454142, 8.815194
 
29.52058, -0.006051222, -0.04781424, 7.264537, 0, 0.0176126232950239689794177573, 3488.624, -679.3352, -2.629443, 0.0166641, 0.1456619, 126.881, 1.845477, 1.454142, 8.815194
 
29.53058, -0.006057105, -0.04787475, 7.258676, 0, 0.017648212018067428264719, 3483.422, -679.3352, -2.629443, 0.0166641, 0.1456619, 126.7942, 1.845477, 1.454142, 8.815194
 
29.54058, -0.006067776, -0.04793532, 7.252815, 0, 0.017685719955675315647559, 3478.227, -679.3352, -2.629443, 0.0166641, 0.1456619, 126.7073, 1.845477, 1.454142, 8.815194
 
29.55058, -0.006077644, -0.047996, 7.246964, 0, 0.0177230000413258595741892427, 3473.04, -679.3352, -2.629443, 0.0166641, 0.1456619, 126.6205, 1.845477, 1.454142, 8.815194
 
29.56058, -0.006088812, -0.04805678, 7.241114, 0, 0.017760876047480278777287, 3467.859, -679.3352, -2.629443, 0.0166641, 0.1456619, 126.5338, 1.845477, 1.454142, 8.815194
 
29.57058, -0.006095805, -0.04811767, 7.23527, 0, 0.017797218434690537883978, 3462.686, -679.3352, -2.629443, 0.0166641, 0.1456619, 126.4471, 1.845477, 1.454142, 8.815194
 
29.58058, -0.006104182, -0.04817862, 7.229431, 0, 0.017834165505941671810626, 3457.521, -679.3352, -2.629443, 0.0166641, 0.1456619, 126.3605, 1.845477, 1.454142, 8.815194
 
29.59058, -0.006114675, -0.04823967, 7.223597, 0, 0.017872015221485705830833, 3452.363, -679.3352, -2.629443, 0.0166641, 0.1456619, 126.2739, 1.845477, 1.454142, 8.815194
 
29.60058, -0.006124074, -0.04830081, 7.217768, 0, 0.017909523159093593213673, 3447.213, -679.3352, -2.629443, 0.0166641, 0.1456619, 126.1873, 1.845477, 1.454142, 8.815194
 
29.61058, -0.006131865, -0.04836205, 7.211943, 0, 0.017946487757418375685827, 3442.07, -679.3352, -2.629443, 0.0166641, 0.1456619, 126.1008, 1.845477, 1.454142, 8.815194
 
29.62058, -0.006139017, -0.04842337, 7.206125, 0, 0.017983277085006672702921, 3436.935, -679.3352, -2.629443, 0.0166641, 0.1456619, 126.0143, 1.845477, 1.454142, 8.815194
 
29.63058, -0.006147243, -0.04848476, 7.200311, 0, 0.018020557170657128994183, 3431.806, -679.3352, -2.629443, 0.0166641, 0.1456619, 125.9279, 1.845477, 1.454142, 8.815194
 
29.64058, -0.00615187, -0.04854623, 7.194501, 0, 0.018056496435173471554236, 3426.685, -679.3352, -2.629443, 0.0166641, 0.1456619, 125.8415, 1.845477, 1.454142, 8.815194
 
29.65058, -0.006163512, -0.04860775, 7.188695, 0, 0.0180952750856207908508927573, 3421.572, -679.3352, -2.629443, 0.0166641, 0.1456619, 125.7552, 1.845477, 1.454142, 8.815194
 
29.66058, -0.006172491, -0.04866939, 7.182895, 0, 0.0181330897470175277800877573, 3416.465, -679.3352, -2.629443, 0.0166641, 0.1456619, 125.6689, 1.845477, 1.454142, 8.815194
 
29.67058, -0.00618064, -0.04873111, 7.177103, 0, 0.018170659029383272707567, 3411.368, -679.3352, -2.629443, 0.0166641, 0.1456619, 125.5827, 1.845477, 1.454142, 8.815194
 
29.68058, -0.006188259, -0.04879292, 7.17131, 0, 0.018208096858696565908383, 3406.275, -679.3352, -2.629443, 0.0166641, 0.1456619, 125.4965, 1.845477, 1.454142, 8.815194
 
29.69058, -0.006197455, -0.0488548, 7.165524, 0, 0.018246227007418976656686, 3401.19, -679.3352, -2.629443, 0.0166641, 0.1456619, 125.4104, 1.845477, 1.454142, 8.815194
 
29.70058, -0.006202784, -0.04891677, 7.159742, 0, 0.018282911172565382400744, 3396.113, -679.3352, -2.629443, 0.0166641, 0.1456619, 125.3243, 1.845477, 1.454142, 8.815194
 
29.71058, -0.006214165, -0.0489788, 7.153968, 0, 0.0183220666550961454257797573, 3391.044, -679.3352, -2.629443, 0.0166641, 0.1456619, 125.2382, 1.845477, 1.454142, 8.815194
 
29.72058, -0.006223397, -0.04904094, 7.148197, 0, 0.018360468473460196264794, 3385.981, -679.3352, -2.629443, 0.0166641, 0.1456619, 125.1522, 1.845477, 1.454142, 8.815194
 
29.73059, -0.006233587, -0.04910317, 7.14243, 0, 0.018399325995739021651596, 3380.926, -679.3352, -2.629443, 0.0166641, 0.1456619, 125.0663, 1.845477, 1.454142, 8.815194
 
29.74059, -0.00624169, -0.04916551, 7.13667, 0, 0.018437438617387783854393, 3375.879, -679.3352, -2.629443, 0.0166641, 0.1456619, 124.9804, 1.845477, 1.454142, 8.815194
 
29.75059, -0.006247701, -0.04922793, 7.130914, 0, 0.018474788811332834327679, 3370.839, -679.3352, -2.629443, 0.0166641, 0.1456619, 124.8945, 1.845477, 1.454142, 8.815194
 
29.76059, -0.006258153, -0.0492904, 7.125162, 0, 0.0185139968750845429892327573, 3365.806, -679.3352, -2.629443, 0.0166641, 0.1456619, 124.8087, 1.845477, 1.454142, 8.815194
 
29.77059, -0.006270033, -0.04935298, 7.119415, 0, 0.0185538622040981597426297573, 3360.78, -679.3352, -2.629443, 0.0166641, 0.1456619, 124.7229, 1.845477, 1.454142, 8.815194
 
29.78059, -0.006279476, -0.04941569, 7.113672, 0, 0.018592851179429436856095, 3355.761, -679.3352, -2.629443, 0.0166641, 0.1456619, 124.6372, 1.845477, 1.454142, 8.815194
 
29.79059, -0.006289364, -0.04947848, 7.107937, 0, 0.018632094297328530244029, 3350.75, -679.3352, -2.629443, 0.0166641, 0.1456619, 124.5515, 1.845477, 1.454142, 8.815194
 
29.80059, -0.00629791, -0.04954137, 7.102202, 0, 0.01867089047484958572156, 3345.745, -679.3352, -2.629443, 0.0166641, 0.1456619, 124.4659, 1.845477, 1.454142, 8.815194
 
29.81059, -0.006303858, -0.04960435, 7.096478, 0, 0.0187087138997832345588762427, 3340.75, -679.3352, -2.629443, 0.0166641, 0.1456619, 124.3803, 1.845477, 1.454142, 8.815194
 
29.82059, -0.006313678, -0.04966739, 7.090755, 0, 0.018748176106102847130267, 3335.761, -679.3352, -2.629443, 0.0166641, 0.1456619, 124.2948, 1.845477, 1.454142, 8.815194
 
29.83059, -0.006323236, -0.04973053, 7.085038, 0, 0.0187876207853488111561517573, 3330.779, -679.3352, -2.629443, 0.0166641, 0.1456619, 124.2093, 1.845477, 1.454142, 8.815194
 
29.84059, -0.006331681, -0.04979376, 7.079325, 0, 0.018826697396048330997147, 3325.804, -679.3352, -2.629443, 0.0166641, 0.1456619, 124.1239, 1.845477, 1.454142, 8.815194
 
29.85059, -0.006339507, -0.04985708, 7.073615, 0, 0.018865598736011277747714, 3320.835, -679.3352, -2.629443, 0.0166641, 0.1456619, 124.0385, 1.845477, 1.454142, 8.815194
 
29.86059, -0.006347318, -0.04992047, 7.067912, 0, 0.018904578947805642953058, 3315.874, -679.3352, -2.629443, 0.0166641, 0.1456619, 123.9531, 1.845477, 1.454142, 8.815194
 
29.87059, -0.006353278, -0.04998394, 7.062216, 0, 0.0189428843672646267917892427, 3310.922, -679.3352, -2.629443, 0.0166641, 0.1456619, 123.8678, 1.845477, 1.454142, 8.815194
 
29.88059, -0.006364885, -0.05004747, 7.056522, 0, 0.0189835647052027256404787573, 3305.976, -679.3352, -2.629443, 0.0166641, 0.1456619, 123.7826, 1.845477, 1.454142, 8.815194
 
29.89059, -0.006374017, -0.05011112, 7.050834, 0, 0.019023324871774538756208, 3301.037, -679.3352, -2.629443, 0.0166641, 0.1456619, 123.6973, 1.845477, 1.454142, 8.815194
 
29.90059, -0.006383402, -0.05017486, 7.04515, 0, 0.0190632778361563106017667573, 3296.105, -679.3352, -2.629443, 0.0166641, 0.1456619, 123.6122, 1.845477, 1.454142, 8.815194
 
29.91059, -0.006391036, -0.05023869, 7.039471, 0, 0.0191025998258869977152142427, 3291.18, -679.3352, -2.629443, 0.0166641, 0.1456619, 123.5271, 1.845477, 1.454142, 8.815194
 
29.92059, -0.006400425, -0.05030261, 7.033798, 0, 0.0191427192974685183784482427, 3286.264, -679.3352, -2.629443, 0.0166641, 0.1456619, 123.442, 1.845477, 1.454142, 8.815194
 
29.93059, -0.006410722, -0.05036661, 7.028128, 0, 0.0191833032365017254975912427, 3281.353, -679.3352, -2.629443, 0.0166641, 0.1456619, 123.357, 1.845477, 1.454142, 8.815194
 
29.94059, -0.006423015, -0.05043072, 7.022465, 0, 0.019224798583364569347678, 3276.451, -679.3352, -2.629443, 0.0166641, 0.1456619, 123.272, 1.845477, 1.454142, 8.815194
 
29.95059, -0.006431313, -0.05049495, 7.016804, 0, 0.0192647427842096921912202427, 3271.554, -679.3352, -2.629443, 0.0166641, 0.1456619, 123.1871, 1.845477, 1.454142, 8.815194
 
29.96059, -0.006442037, -0.05055926, 7.011149, 0, 0.019305773663620849585398, 3266.665, -679.3352, -2.629443, 0.0166641, 0.1456619, 123.1022, 1.845477, 1.454142, 8.815194
 
29.97059, -0.006450469, -0.05062369, 7.0055, 0, 0.01934594571642331588515, 3261.784, -679.3352, -2.629443, 0.0166641, 0.1456619, 123.0174, 1.845477, 1.454142, 8.815194
 
29.98059, -0.006462377, -0.05068819, 6.999856, 0, 0.0193876513881701175520452427, 3256.91, -679.3352, -2.629443, 0.0166641, 0.1456619, 122.9326, 1.845477, 1.454142, 8.815194
 
29.99059, -0.006473265, -0.05075281, 6.994214, 0, 0.01942902404551742158359, 3252.042, -679.3352, -2.629443, 0.0166641, 0.1456619, 122.8479, 1.845477, 1.454142, 8.815194
 
30.00059, -0.006485599, -0.05081755, 6.988579, 0, 0.019471097785810755070743, 3247.183, -679.3352, -2.629443, 0.0166641, 0.1456619, 122.7632, 1.845477, 1.454142, 8.815194
 
30.01059, -0.006495089, -0.0508824, 6.982948, 0, 0.019512084847537878736524, 3242.329, -679.3352, -2.629443, 0.0166641, 0.1456619, 122.6786, 1.845477, 1.454142, 8.815194
 
30.02059, -0.00650548, -0.05094735, 6.977322, 0, 0.019553536376716688858214, 3237.482, -679.3352, -2.629443, 0.0166641, 0.1456619, 122.594, 1.845477, 1.454142, 8.815194
 
30.03059, -0.006514308, -0.05101241, 6.971701, 0, 0.019594427039538745523712, 3232.644, -679.3352, -2.629443, 0.0166641, 0.1456619, 122.5094, 1.845477, 1.454142, 8.815194
 
30.04059, -0.00652608, -0.05107755, 6.966085, 0, 0.01963663223288444310216, 3227.812, -679.3352, -2.629443, 0.0166641, 0.1456619, 122.425, 1.845477, 1.454142, 8.815194
 
30.05059, -0.006537339, -0.05114281, 6.960472, 0, 0.0196787322637883370429402427, 3222.987, -679.3352, -2.629443, 0.0166641, 0.1456619, 122.3405, 1.845477, 1.454142, 8.815194
 
30.06059, -0.006548522, -0.05120819, 6.954866, 0, 0.0197208848759130889848702427, 3218.169, -679.3352, -2.629443, 0.0166641, 0.1456619, 122.2561, 1.845477, 1.454142, 8.815194
 
30.07059, -0.006557596, -0.05127367, 6.949264, 0, 0.019762257533260393016415, 3213.358, -679.3352, -2.629443, 0.0166641, 0.1456619, 122.1718, 1.845477, 1.454142, 8.815194
 
30.08059, -0.006567696, -0.05133925, 6.943668, 0, 0.0198041472392803291403867573, 3208.555, -679.3352, -2.629443, 0.0166641, 0.1456619, 122.0874, 1.845477, 1.454142, 8.815194
 
30.09059, -0.006575744, -0.05140493, 6.938073, 0, 0.019845265754059904532831, 3203.757, -679.3352, -2.629443, 0.0166641, 0.1456619, 122.0032, 1.845477, 1.454142, 8.815194
 
30.10059, -0.006588469, -0.05147069, 6.932489, 0, 0.019888434936456272114109, 3198.969, -679.3352, -2.629443, 0.0166641, 0.1456619, 121.919, 1.845477, 1.454142, 8.815194
 
30.11059, -0.006598127, -0.05153657, 6.926905, 0, 0.0199304210413812752383637573, 3194.186, -679.3352, -2.629443, 0.0166641, 0.1456619, 121.8348, 1.845477, 1.454142, 8.815194
 
30.12059, -0.006610499, -0.05160255, 6.921328, 0, 0.0199736340414617641834067573, 3189.411, -679.3352, -2.629443, 0.0166641, 0.1456619, 121.7507, 1.845477, 1.454142, 8.815194
 
30.13059, -0.006619241, -0.05166866, 6.915753, 0, 0.020015427348576808577832, 3184.642, -679.3352, -2.629443, 0.0166641, 0.1456619, 121.6666, 1.845477, 1.454142, 8.815194
 
30.14059, -0.00662972, -0.05173485, 6.910183, 0, 0.020058035664616422702918, 3179.879, -679.3352, -2.629443, 0.0166641, 0.1456619, 121.5826, 1.845477, 1.454142, 8.815194
 
30.15059, -0.006637665, -0.05180115, 6.904621, 0, 0.020099662464531718279668, 3175.125, -679.3352, -2.629443, 0.0166641, 0.1456619, 121.4987, 1.845477, 1.454142, 8.815194
 
30.16059, -0.006650979, -0.05186753, 6.899065, 0, 0.0201436554193896551350962427, 3170.379, -679.3352, -2.629443, 0.0166641, 0.1456619, 121.4148, 1.845477, 1.454142, 8.815194
 
30.1706, -0.00666113, -0.05193404, 6.893509, 0, 0.020186412715555194261615, 3165.638, -679.3352, -2.629443, 0.0166641, 0.1456619, 121.3309, 1.845477, 1.454142, 8.815194
 
30.1806, -0.006672474, -0.05200065, 6.887961, 0, 0.020229765932224871570706, 3160.905, -679.3352, -2.629443, 0.0166641, 0.1456619, 121.2471, 1.845477, 1.454142, 8.815194
 
30.1906, -0.006680929, -0.05206737, 6.882415, 0, 0.02027198865264421769466, 3156.177, -679.3352, -2.629443, 0.0166641, 0.1456619, 121.1633, 1.845477, 1.454142, 8.815194
 
30.2006, -0.006690633, -0.05213418, 6.876876, 0, 0.020314833584178087184077, 3151.458, -679.3352, -2.629443, 0.0166641, 0.1456619, 121.0795, 1.845477, 1.454142, 8.815194
 
30.2106, -0.006699546, -0.05220109, 6.871342, 0, 0.0203574243731439651282887573, 3146.745, -679.3352, -2.629443, 0.0166641, 0.1456619, 120.9959, 1.845477, 1.454142, 8.815194
 
30.2206, -0.006711065, -0.05226808, 6.865812, 0, 0.020401233293728592255904, 3142.04, -679.3352, -2.629443, 0.0166641, 0.1456619, 120.9122, 1.845477, 1.454142, 8.815194
 
30.2306, -0.006721381, -0.0523352, 6.860287, 0, 0.0204446215645454790206387573, 3137.341, -679.3352, -2.629443, 0.0166641, 0.1456619, 120.8287, 1.845477, 1.454142, 8.815194
 
30.2406, -0.006731385, -0.05240241, 6.854768, 0, 0.020487966017678419692345, 3132.65, -679.3352, -2.629443, 0.0166641, 0.1456619, 120.7451, 1.845477, 1.454142, 8.815194
 
30.2506, -0.006741254, -0.05246972, 6.849251, 0, 0.0205313542884953064570797573, 3127.964, -679.3352, -2.629443, 0.0166641, 0.1456619, 120.6616, 1.845477, 1.454142, 8.815194
 
30.2606, -0.006750677, -0.05253714, 6.843741, 0, 0.0205746373968705648548832427, 3123.287, -679.3352, -2.629443, 0.0166641, 0.1456619, 120.5782, 1.845477, 1.454142, 8.815194
 
30.2706, -0.006757978, -0.05260464, 6.838235, 0, 0.020617087969247254435047, 3118.616, -679.3352, -2.629443, 0.0166641, 0.1456619, 120.4948, 1.845477, 1.454142, 8.815194
 
30.2806, -0.006770211, -0.05267222, 6.832734, 0, 0.0206617644799774845652092427, 3113.952, -679.3352, -2.629443, 0.0166641, 0.1456619, 120.4115, 1.845477, 1.454142, 8.815194
 
30.2906, -0.006779553, -0.05273993, 6.827238, 0, 0.020705292967383559693992, 3109.295, -679.3352, -2.629443, 0.0166641, 0.1456619, 120.3282, 1.845477, 1.454142, 8.815194
 
30.3006, -0.006790325, -0.05280772, 6.821746, 0, 0.020749531301272488551136, 3104.645, -679.3352, -2.629443, 0.0166641, 0.1456619, 120.245, 1.845477, 1.454142, 8.815194
 
30.3106, -0.006799447, -0.05287563, 6.816258, 0, 0.02079315618758371831557, 3100.001, -679.3352, -2.629443, 0.0166641, 0.1456619, 120.1618, 1.845477, 1.454142, 8.815194
 
30.3206, -0.006808836, -0.05294362, 6.810776, 0, 0.020836991398778730626076, 3095.364, -679.3352, -2.629443, 0.0166641, 0.1456619, 120.0786, 1.845477, 1.454142, 8.815194
 
30.3306, -0.006818698, -0.05301171, 6.805299, 0, 0.020881115806688943937431, 3090.734, -679.3352, -2.629443, 0.0166641, 0.1456619, 119.9955, 1.845477, 1.454142, 8.815194
 
30.3406, -0.006830902, -0.0530799, 6.799827, 0, 0.02092636194731266416117, 3086.112, -679.3352, -2.629443, 0.0166641, 0.1456619, 119.9125, 1.845477, 1.454142, 8.815194
 
30.3506, -0.006843572, -0.05314821, 6.794357, 0, 0.0209719235752621458393852427, 3081.495, -679.3352, -2.629443, 0.0166641, 0.1456619, 119.8295, 1.845477, 1.454142, 8.815194
 
30.3606, -0.006853944, -0.05321664, 6.788895, 0, 0.021016573795381727880552, 3076.886, -679.3352, -2.629443, 0.0166641, 0.1456619, 119.7465, 1.845477, 1.454142, 8.815194
 
30.3706, -0.006861332, -0.05328518, 6.783438, 0, 0.021060014647419647917173, 3072.285, -679.3352, -2.629443, 0.0166641, 0.1456619, 119.6636, 1.845477, 1.454142, 8.815194
 
30.3806, -0.006869567, -0.05335379, 6.777985, 0, 0.02110391120337243013695, 3067.69, -679.3352, -2.629443, 0.0166641, 0.1456619, 119.5808, 1.845477, 1.454142, 8.815194
 
30.3906, -0.006876926, -0.05342249, 6.772536, 0, 0.021147509799073187083125, 3063.101, -679.3352, -2.629443, 0.0166641, 0.1456619, 119.498, 1.845477, 1.454142, 8.815194
 
30.4006, -0.006888187, -0.05349126, 6.767091, 0, 0.021192913683359744216418, 3058.519, -679.3352, -2.629443, 0.0166641, 0.1456619, 119.4152, 1.845477, 1.454142, 8.815194
 
30.4106, -0.006900048, -0.05356014, 6.761652, 0, 0.0212386943997296574427217573, 3053.945, -679.3352, -2.629443, 0.0166641, 0.1456619, 119.3325, 1.845477, 1.454142, 8.815194
 
30.4206, -0.00691088, -0.05362914, 6.756217, 0, 0.021284115811089950756889, 3049.376, -679.3352, -2.629443, 0.0166641, 0.1456619, 119.2498, 1.845477, 1.454142, 8.815194
 
30.4306, -0.006921766, -0.05369825, 6.750789, 0, 0.021329668675502520526983, 3044.815, -679.3352, -2.629443, 0.0166641, 0.1456619, 119.1672, 1.845477, 1.454142, 8.815194
 
30.4406, -0.006930077, -0.05376746, 6.745364, 0, 0.021374169915496177566717, 3040.26, -679.3352, -2.629443, 0.0166641, 0.1456619, 119.0847, 1.845477, 1.454142, 8.815194
 
30.4506, -0.006940103, -0.05383676, 6.739944, 0, 0.021419529982098613336245, 3035.713, -679.3352, -2.629443, 0.0166641, 0.1456619, 119.0022, 1.845477, 1.454142, 8.815194
 
30.4606, -0.006951634, -0.05390617, 6.73453, 0, 0.021465652476404760835284, 3031.173, -679.3352, -2.629443, 0.0166641, 0.1456619, 118.9197, 1.845477, 1.454142, 8.815194
 
30.4706, -0.006963703, -0.05397568, 6.729118, 0, 0.021512125512183879244443, 3026.638, -679.3352, -2.629443, 0.0166641, 0.1456619, 118.8373, 1.845477, 1.454142, 8.815194
 
30.4806, -0.00697285, -0.05404532, 6.723713, 0, 0.021557389179881248013688, 3022.111, -679.3352, -2.629443, 0.0166641, 0.1456619, 118.755, 1.845477, 1.454142, 8.815194
 
30.4906, -0.006984184, -0.05411505, 6.718312, 0, 0.021603739526144826604305, 3017.59, -679.3352, -2.629443, 0.0166641, 0.1456619, 118.6726, 1.845477, 1.454142, 8.815194
 
30.5006, -0.006992046, -0.05418489, 6.712914, 0, 0.0216486351252954882825557573, 3013.076, -679.3352, -2.629443, 0.0166641, 0.1456619, 118.5904, 1.845477, 1.454142, 8.815194
 
30.5106, -0.007000003, -0.05425481, 6.707524, 0, 0.0216936446504251284127002427, 3008.57, -679.3352, -2.629443, 0.0166641, 0.1456619, 118.5082, 1.845477, 1.454142, 8.815194
 
30.5206, -0.007011301, -0.05432481, 6.702138, 0, 0.0217402579027934351859072427, 3004.07, -679.3352, -2.629443, 0.0166641, 0.1456619, 118.426, 1.845477, 1.454142, 8.815194
 
30.5306, -0.007022688, -0.05439492, 6.696757, 0, 0.021787011371750842687794, 2999.577, -679.3352, -2.629443, 0.0166641, 0.1456619, 118.3439, 1.845477, 1.454142, 8.815194
 
30.5406, -0.007031698, -0.05446515, 6.691379, 0, 0.021832800851657667822219, 2995.09, -679.3352, -2.629443, 0.0166641, 0.1456619, 118.2619, 1.845477, 1.454142, 8.815194
 
30.5506, -0.007041985, -0.05453547, 6.686007, 0, 0.021879265123899961958625, 2990.609, -679.3352, -2.629443, 0.0166641, 0.1456619, 118.1798, 1.845477, 1.454142, 8.815194
 
30.5606, -0.007052565, -0.05460589, 6.680639, 0, 0.021925957248099687186609, 2986.136, -679.3352, -2.629443, 0.0166641, 0.1456619, 118.0979, 1.845477, 1.454142, 8.815194
 
30.5706, -0.007061865, -0.05467641, 6.675275, 0, 0.0219721673777739897778097573, 2981.669, -679.3352, -2.629443, 0.0166641, 0.1456619, 118.016, 1.845477, 1.454142, 8.815194
 
30.5806, -0.007074886, -0.05474703, 6.669919, 0, 0.0220201652689605316459907573, 2977.21, -679.3352, -2.629443, 0.0166641, 0.1456619, 117.9341, 1.845477, 1.454142, 8.815194
 
30.5906, -0.007085614, -0.05481778, 6.664565, 0, 0.022067234225243788237722, 2972.756, -679.3352, -2.629443, 0.0166641, 0.1456619, 117.8523, 1.845477, 1.454142, 8.815194
 
30.60061, -0.007098154, -0.05488864, 6.659215, 0, 0.0221152321164302424705347573, 2968.31, -679.3352, -2.629443, 0.0166641, 0.1456619, 117.7705, 1.845477, 1.454142, 8.815194
 
30.61061, -0.007105857, -0.05495962, 6.653872, 0, 0.022161135522315870786117, 2963.87, -679.3352, -2.629443, 0.0166641, 0.1456619, 117.6888, 1.845477, 1.454142, 8.815194
 
30.62061, -0.007115996, -0.05503068, 6.648533, 0, 0.022208239532746336833492, 2959.437, -679.3352, -2.629443, 0.0166641, 0.1456619, 117.6071, 1.845477, 1.454142, 8.815194
 
30.63061, -0.007123945, -0.05510184, 6.643197, 0, 0.022254440898883902787308, 2955.009, -679.3352, -2.629443, 0.0166641, 0.1456619, 117.5255, 1.845477, 1.454142, 8.815194
 
30.64061, -0.007132808, -0.05517308, 6.637869, 0, 0.0223011505501571889254297573, 2950.59, -679.3352, -2.629443, 0.0166641, 0.1456619, 117.444, 1.845477, 1.454142, 8.815194
 
30.65061, -0.007143032, -0.05524441, 6.632545, 0, 0.022348578811450240700034, 2946.177, -679.3352, -2.629443, 0.0166641, 0.1456619, 117.3625, 1.845477, 1.454142, 8.815194
 
30.66061, -0.007154724, -0.05531584, 6.627223, 0, 0.022396778263983740841534, 2941.771, -679.3352, -2.629443, 0.0166641, 0.1456619, 117.281, 1.845477, 1.454142, 8.815194
 
30.67061, -0.007163725, -0.05538739, 6.621909, 0, 0.0224438559838036464352817573, 2937.371, -679.3352, -2.629443, 0.0166641, 0.1456619, 117.1996, 1.845477, 1.454142, 8.815194
 
30.68061, -0.007173697, -0.05545902, 6.616599, 0, 0.022491468279370007937699, 2932.978, -679.3352, -2.629443, 0.0166641, 0.1456619, 117.1182, 1.845477, 1.454142, 8.815194
 
30.69061, -0.007182157, -0.05553076, 6.611295, 0, 0.022538484654432231257544, 2928.593, -679.3352, -2.629443, 0.0166641, 0.1456619, 117.0369, 1.845477, 1.454142, 8.815194
 
30.70061, -0.007193835, -0.05560258, 6.605995, 0, 0.022587087229659647945682, 2924.213, -679.3352, -2.629443, 0.0166641, 0.1456619, 116.9557, 1.845477, 1.454142, 8.815194
 
30.71061, -0.007206503, -0.05567452, 6.600698, 0, 0.0226362506712439057253802427, 2919.84, -679.3352, -2.629443, 0.0166641, 0.1456619, 116.8745, 1.845477, 1.454142, 8.815194
 
30.72061, -0.007216117, -0.05574659, 6.595405, 0, 0.022684117109377995866898, 2915.473, -679.3352, -2.629443, 0.0166641, 0.1456619, 116.7933, 1.845477, 1.454142, 8.815194
 
30.73061, -0.007226786, -0.05581875, 6.590119, 0, 0.022732570704479399918235, 2911.113, -679.3352, -2.629443, 0.0166641, 0.1456619, 116.7122, 1.845477, 1.454142, 8.815194
 
30.74061, -0.007236485, -0.05589101, 6.584836, 0, 0.022780682521644657332205, 2906.759, -679.3352, -2.629443, 0.0166641, 0.1456619, 116.6311, 1.845477, 1.454142, 8.815194
 
30.75061, -0.007246267, -0.05596338, 6.579562, 0, 0.0228289257918621912021017573, 2902.414, -679.3352, -2.629443, 0.0166641, 0.1456619, 116.5501, 1.845477, 1.454142, 8.815194
 
30.76061, -0.007257428, -0.05603584, 6.57429, 0, 0.0228779139627098758913717573, 2898.074, -679.3352, -2.629443, 0.0166641, 0.1456619, 116.4692, 1.845477, 1.454142, 8.815194
 
30.77061, -0.007270257, -0.05610842, 6.569023, 0, 0.02292777848724007549131, 2893.741, -679.3352, -2.629443, 0.0166641, 0.1456619, 116.3883, 1.845477, 1.454142, 8.815194
 
30.78061, -0.007278468, -0.05618112, 6.563758, 0, 0.0229756098712268685418157573, 2889.413, -679.3352, -2.629443, 0.0166641, 0.1456619, 116.3075, 1.845477, 1.454142, 8.815194
 
30.79061, -0.007289419, -0.05625391, 6.558501, 0, 0.023024817130495247685279, 2885.094, -679.3352, -2.629443, 0.0166641, 0.1456619, 116.2267, 1.845477, 1.454142, 8.815194
 
30.80061, -0.007296934, -0.0563268, 6.553247, 0, 0.0230725258249665009172427573, 2880.779, -679.3352, -2.629443, 0.0166641, 0.1456619, 116.1459, 1.845477, 1.454142, 8.815194
 
30.81061, -0.007306674, -0.05639977, 6.548, 0, 0.0231213562521513486969587573, 2876.473, -679.3352, -2.629443, 0.0166641, 0.1456619, 116.0652, 1.845477, 1.454142, 8.815194
 
30.82061, -0.007314133, -0.05647284, 6.542757, 0, 0.023169222690285614109213, 2872.173, -679.3352, -2.629443, 0.0166641, 0.1456619, 115.9846, 1.845477, 1.454142, 8.815194
 
30.83061, -0.007325027, -0.05654598, 6.537519, 0, 0.023218789254563700800181, 2867.879, -679.3352, -2.629443, 0.0166641, 0.1456619, 115.904, 1.845477, 1.454142, 8.815194
 
30.84061, -0.00733412, -0.05661923, 6.532286, 0, 0.0232676196817486362152652427, 2863.593, -679.3352, -2.629443, 0.0166641, 0.1456619, 115.8235, 1.845477, 1.454142, 8.815194
 
30.85061, -0.007344476, -0.05669257, 6.527053, 0, 0.0233171511918794258152212427, 2859.31, -679.3352, -2.629443, 0.0166641, 0.1456619, 115.743, 1.845477, 1.454142, 8.815194
 
30.86061, -0.007355007, -0.05676601, 6.521831, 0, 0.023366857972746613234869, 2855.037, -679.3352, -2.629443, 0.0166641, 0.1456619, 115.6625, 1.845477, 1.454142, 8.815194
 
30.87061, -0.007362787, -0.05683956, 6.516609, 0, 0.02341538167614261146823, 2850.768, -679.3352, -2.629443, 0.0166641, 0.1456619, 115.5821, 1.845477, 1.454142, 8.815194
 
30.88061, -0.007372928, -0.05691319, 6.511395, 0, 0.0234650972205467984313672427, 2846.507, -679.3352, -2.629443, 0.0166641, 0.1456619, 115.5018, 1.845477, 1.454142, 8.815194
 
30.89061, -0.007383067, -0.05698692, 6.506186, 0, 0.023514926690929525669557, 2842.253, -679.3352, -2.629443, 0.0166641, 0.1456619, 115.4215, 1.845477, 1.454142, 8.815194
 
30.90061, -0.007394008, -0.05706075, 6.500979, 0, 0.023565246919374499817283, 2838.005, -679.3352, -2.629443, 0.0166641, 0.1456619, 115.3413, 1.845477, 1.454142, 8.815194
 
30.91061, -0.007403826, -0.05713469, 6.495779, 0, 0.0236151289709781726919907573, 2833.763, -679.3352, -2.629443, 0.0166641, 0.1456619, 115.2611, 1.845477, 1.454142, 8.815194
 
30.92061, -0.007413937, -0.05720873, 6.490585, 0, 0.023665265165149924747272, 2829.529, -679.3352, -2.629443, 0.0166641, 0.1456619, 115.181, 1.845477, 1.454142, 8.815194
 
30.93061, -0.007421874, -0.05728287, 6.485392, 0, 0.023714463660881391982614, 2825.299, -679.3352, -2.629443, 0.0166641, 0.1456619, 115.1009, 1.845477, 1.454142, 8.815194
 
30.94061, -0.007430703, -0.05735709, 6.480205, 0, 0.023764179205285491310383, 2821.077, -679.3352, -2.629443, 0.0166641, 0.1456619, 115.0209, 1.845477, 1.454142, 8.815194
 
30.95061, -0.007443218, -0.0574314, 6.475026, 0, 0.023815761383033160734541, 2816.863, -679.3352, -2.629443, 0.0166641, 0.1456619, 114.9409, 1.845477, 1.454142, 8.815194
 
30.96061, -0.007454051, -0.05750583, 6.469847, 0, 0.0238666512413716249758437573, 2812.653, -679.3352, -2.629443, 0.0166641, 0.1456619, 114.861, 1.845477, 1.454142, 8.815194
 
30.97061, -0.007465357, -0.05758037, 6.464675, 0, 0.0239178741141094992171287573, 2808.45, -679.3352, -2.629443, 0.0166641, 0.1456619, 114.7811, 1.845477, 1.454142, 8.815194
 
30.98061, -0.007474557, -0.05765502, 6.459509, 0, 0.023968203106091385272976, 2804.254, -679.3352, -2.629443, 0.0166641, 0.1456619, 114.7013, 1.845477, 1.454142, 8.815194
 
30.99061, -0.007485746, -0.05772977, 6.454345, 0, 0.024019592486028920696568, 2800.064, -679.3352, -2.629443, 0.0166641, 0.1456619, 114.6215, 1.845477, 1.454142, 8.815194
 
31.00061, -0.007492331, -0.05780462, 6.449186, 0, 0.0240688610900548944785657573, 2795.88, -679.3352, -2.629443, 0.0166641, 0.1456619, 114.5418, 1.845477, 1.454142, 8.815194
 
31.01061, -0.007501512, -0.05787954, 6.444036, 0, 0.0241194705152150696271407573, 2791.705, -679.3352, -2.629443, 0.0166641, 0.1456619, 114.4622, 1.845477, 1.454142, 8.815194
 
31.02061, -0.007511888, -0.05795456, 6.438885, 0, 0.0241707634962475380504497573, 2787.533, -679.3352, -2.629443, 0.0166641, 0.1456619, 114.3826, 1.845477, 1.454142, 8.815194
 
31.03061, -0.007523296, -0.05802968, 6.433743, 0, 0.0242226699248577055664687573, 2783.37, -679.3352, -2.629443, 0.0166641, 0.1456619, 114.303, 1.845477, 1.454142, 8.815194
 
31.04062, -0.007534742, -0.05810491, 6.428604, 0, 0.024274707806520324809151, 2779.212, -679.3352, -2.629443, 0.0166641, 0.1456619, 114.2235, 1.845477, 1.454142, 8.815194
 
31.05062, -0.007543704, -0.05818026, 6.423471, 0, 0.024325641482542998049587, 2775.062, -679.3352, -2.629443, 0.0166641, 0.1456619, 114.1441, 1.845477, 1.454142, 8.815194
 
31.06062, -0.007552277, -0.0582557, 6.418342, 0, 0.0243764962867343404706142427, 2770.917, -679.3352, -2.629443, 0.0166641, 0.1456619, 114.0647, 1.845477, 1.454142, 8.815194
 
31.07062, -0.007559905, -0.05833122, 6.413215, 0, 0.024426974258842063892526, 2766.778, -679.3352, -2.629443, 0.0166641, 0.1456619, 113.9853, 1.845477, 1.454142, 8.815194
 
31.08062, -0.007571863, -0.05840682, 6.408098, 0, 0.024479669405766415956315, 2762.647, -679.3352, -2.629443, 0.0166641, 0.1456619, 113.9061, 1.845477, 1.454142, 8.815194
 
31.09062, -0.007581979, -0.05848254, 6.402982, 0, 0.0245315845979134953804552427, 2758.521, -679.3352, -2.629443, 0.0166641, 0.1456619, 113.8268, 1.845477, 1.454142, 8.815194
 
31.10062, -0.007593202, -0.05855836, 6.397871, 0, 0.0245841395282486590801962427, 2754.402, -679.3352, -2.629443, 0.0166641, 0.1456619, 113.7476, 1.845477, 1.454142, 8.815194
 
31.11062, -0.007602037, -0.05863429, 6.392766, 0, 0.024635642834164822414209, 2750.29, -679.3352, -2.629443, 0.0166641, 0.1456619, 113.6685, 1.845477, 1.454142, 8.815194
 
31.12062, -0.007611082, -0.05871031, 6.387665, 0, 0.024687347701428031656909, 2746.184, -679.3352, -2.629443, 0.0166641, 0.1456619, 113.5894, 1.845477, 1.454142, 8.815194
 
31.13062, -0.007618337, -0.05878643, 6.382571, 0, 0.024738263850377056351839, 2742.085, -679.3352, -2.629443, 0.0166641, 0.1456619, 113.5104, 1.845477, 1.454142, 8.815194
 
31.14062, -0.007630997, -0.05886261, 6.377481, 0, 0.024791949276962551236717, 2737.991, -679.3352, -2.629443, 0.0166641, 0.1456619, 113.4314, 1.845477, 1.454142, 8.815194
 
31.15062, -0.007642834, -0.05893892, 6.372395, 0, 0.0248453455068327574853777573, 2733.905, -679.3352, -2.629443, 0.0166641, 0.1456619, 113.3525, 1.845477, 1.454142, 8.815194
 
31.16062, -0.007652893, -0.05901534, 6.367311, 0, 0.024897979308999427275264, 2729.823, -679.3352, -2.629443, 0.0166641, 0.1456619, 113.2737, 1.845477, 1.454142, 8.815194
 
31.17062, -0.007663711, -0.05909187, 6.362236, 0, 0.0249511038692280810685817573, 2725.749, -679.3352, -2.629443, 0.0166641, 0.1456619, 113.1948, 1.845477, 1.454142, 8.815194
 
31.18062, -0.00767233, -0.05916851, 6.357163, 0, 0.0250032381497958549469152427, 2721.681, -679.3352, -2.629443, 0.0166641, 0.1456619, 113.1161, 1.845477, 1.454142, 8.815194
 
31.19062, -0.00768277, -0.05924523, 6.352098, 0, 0.025056380237098157285739, 2717.62, -679.3352, -2.629443, 0.0166641, 0.1456619, 113.0374, 1.845477, 1.454142, 8.815194
 
31.20062, -0.007694126, -0.05932206, 6.347034, 0, 0.025110083190757300716123, 2713.564, -679.3352, -2.629443, 0.0166641, 0.1456619, 112.9587, 1.845477, 1.454142, 8.815194
 
31.21062, -0.007705296, -0.059399, 6.341977, 0, 0.0251638211985636536021507573, 2709.516, -679.3352, -2.629443, 0.0166641, 0.1456619, 112.8801, 1.845477, 1.454142, 8.815194
 
31.22062, -0.007717809, -0.05947606, 6.336924, 0, 0.025218339161147542033932, 2705.473, -679.3352, -2.629443, 0.0166641, 0.1456619, 112.8016, 1.845477, 1.454142, 8.815194
 
31.23062, -0.007727638, -0.05955323, 6.331876, 0, 0.0252716302285758570095567573, 2701.437, -679.3352, -2.629443, 0.0166641, 0.1456619, 112.7231, 1.845477, 1.454142, 8.815194
 
31.24062, -0.007739875, -0.05963051, 6.326832, 0, 0.025326244590064812441621, 2697.406, -679.3352, -2.629443, 0.0166641, 0.1456619, 112.6447, 1.845477, 1.454142, 8.815194
 
31.25062, -0.007747456, -0.05970791, 6.321793, 0, 0.025378633013200314959055, 2693.383, -679.3352, -2.629443, 0.0166641, 0.1456619, 112.5663, 1.845477, 1.454142, 8.815194
 
31.26062, -0.007756991, -0.05978538, 6.316761, 0, 0.0254320993513651153897397573, 2689.366, -679.3352, -2.629443, 0.0166641, 0.1456619, 112.488, 1.845477, 1.454142, 8.815194
 
31.27062, -0.00776807, -0.05986296, 6.311731, 0, 0.0254864508067494302745822427, 2685.355, -679.3352, -2.629443, 0.0166641, 0.1456619, 112.4097, 1.845477, 1.454142, 8.815194
 
31.28062, -0.00777909, -0.05994064, 6.306706, 0, 0.02554088989750172498085, 2681.351, -679.3352, -2.629443, 0.0166641, 0.1456619, 112.3315, 1.845477, 1.454142, 8.815194
 
31.29062, -0.007789054, -0.06001843, 6.301688, 0, 0.0255949083384864545949737573, 2677.352, -679.3352, -2.629443, 0.0166641, 0.1456619, 112.2533, 1.845477, 1.454142, 8.815194
 
31.30062, -0.007799, -0.06009632, 6.296674, 0, 0.02564903194191325075287, 2673.36, -679.3352, -2.629443, 0.0166641, 0.1456619, 112.1752, 1.845477, 1.454142, 8.815194
 
31.31062, -0.007809961, -0.06017431, 6.291662, 0, 0.025703768992917658368108, 2669.374, -679.3352, -2.629443, 0.0166641, 0.1456619, 112.0971, 1.845477, 1.454142, 8.815194
 
31.32062, -0.007818916, -0.06025241, 6.286656, 0, 0.02575761216316599016254, 2665.393, -679.3352, -2.629443, 0.0166641, 0.1456619, 112.0191, 1.845477, 1.454142, 8.815194
 
31.33062, -0.007828936, -0.0603306, 6.281656, 0, 0.025812095071602493867941, 2661.42, -679.3352, -2.629443, 0.0166641, 0.1456619, 111.9412, 1.845477, 1.454142, 8.815194
 
31.34062, -0.007840076, -0.06040889, 6.276662, 0, 0.0258672527723743789399547573, 2657.454, -679.3352, -2.629443, 0.0166641, 0.1456619, 111.8633, 1.845477, 1.454142, 8.815194
 
31.35062, -0.007851753, -0.06048729, 6.27167, 0, 0.0259228135958402681939747573, 2653.493, -679.3352, -2.629443, 0.0166641, 0.1456619, 111.7854, 1.845477, 1.454142, 8.815194
 
31.36062, -0.007864002, -0.06056581, 6.266684, 0, 0.025978777542000161630001, 2649.538, -679.3352, -2.629443, 0.0166641, 0.1456619, 111.7076, 1.845477, 1.454142, 8.815194
 
31.37062, -0.007873844, -0.06064445, 6.261702, 0, 0.026033637282520109063781, 2645.589, -679.3352, -2.629443, 0.0166641, 0.1456619, 111.6299, 1.845477, 1.454142, 8.815194
 
31.38062, -0.007884307, -0.06072319, 6.256726, 0, 0.0260889176728075339543367573, 2641.647, -679.3352, -2.629443, 0.0166641, 0.1456619, 111.5522, 1.845477, 1.454142, 8.815194
 
31.39062, -0.007894417, -0.06080203, 6.251754, 0, 0.026144127954800539933605, 2637.711, -679.3352, -2.629443, 0.0166641, 0.1456619, 111.4746, 1.845477, 1.454142, 8.815194
 
31.40062, -0.00790671, -0.06088097, 6.246788, 0, 0.0262005738954857683710462427, 2633.781, -679.3352, -2.629443, 0.0166641, 0.1456619, 111.397, 1.845477, 1.454142, 8.815194
 
31.41062, -0.007920167, -0.06096004, 6.241825, 0, 0.0262577384461903242681287573, 2629.858, -679.3352, -2.629443, 0.0166641, 0.1456619, 111.3195, 1.845477, 1.454142, 8.815194
 
31.42062, -0.007931772, -0.06103924, 6.236866, 0, 0.0263140879879705733406552427, 2625.94, -679.3352, -2.629443, 0.0166641, 0.1456619, 111.242, 1.845477, 1.454142, 8.815194
 
31.43062, -0.007944576, -0.06111856, 6.231915, 0, 0.026371164903306974145576, 2622.029, -679.3352, -2.629443, 0.0166641, 0.1456619, 111.1646, 1.845477, 1.454142, 8.815194
 
31.44062, -0.007953574, -0.06119801, 6.226966, 0, 0.0264264102394472772158562427, 2618.124, -679.3352, -2.629443, 0.0166641, 0.1456619, 111.0872, 1.845477, 1.454142, 8.815194
 
31.45062, -0.007964828, -0.06127754, 6.222022, 0, 0.0264829262884270121999532427, 2614.225, -679.3352, -2.629443, 0.0166641, 0.1456619, 111.0099, 1.845477, 1.454142, 8.815194
 
31.46062, -0.00797334, -0.06135719, 6.217084, 0, 0.026538136570419842908485, 2610.333, -679.3352, -2.629443, 0.0166641, 0.1456619, 110.9327, 1.845477, 1.454142, 8.815194
 
31.47062, -0.007986139, -0.06143692, 6.212151, 0, 0.026595677953208017804683, 2606.447, -679.3352, -2.629443, 0.0166641, 0.1456619, 110.8555, 1.845477, 1.454142, 8.815194
 
31.48063, -0.007999714, -0.06151678, 6.207221, 0, 0.026653736384668824793308, 2602.566, -679.3352, -2.629443, 0.0166641, 0.1456619, 110.7784, 1.845477, 1.454142, 8.815194
 
31.49063, -0.008010561, -0.06159678, 6.202298, 0, 0.026710524103290112232748, 2598.692, -679.3352, -2.629443, 0.0166641, 0.1456619, 110.7013, 1.845477, 1.454142, 8.815194
 
31.50063, -0.008022237, -0.06167689, 6.197378, 0, 0.026767846397657680310121, 2594.824, -679.3352, -2.629443, 0.0166641, 0.1456619, 110.6243, 1.845477, 1.454142, 8.815194
 
31.51063, -0.008032733, -0.06175711, 6.192461, 0, 0.026824686697499913386079, 2590.962, -679.3352, -2.629443, 0.0166641, 0.1456619, 110.5473, 1.845477, 1.454142, 8.815194
 
31.52063, -0.008043078, -0.06183744, 6.187551, 0, 0.0268815620514895311884172427, 2587.105, -679.3352, -2.629443, 0.0166641, 0.1456619, 110.4704, 1.845477, 1.454142, 8.815194
 
31.53063, -0.008054826, -0.06191787, 6.182647, 0, 0.026939278705014103904307, 2583.257, -679.3352, -2.629443, 0.0166641, 0.1456619, 110.3935, 1.845477, 1.454142, 8.815194
 
31.54063, -0.008066927, -0.06199842, 6.177746, 0, 0.02699730208232761380192, 2579.413, -679.3352, -2.629443, 0.0166641, 0.1456619, 110.3167, 1.845477, 1.454142, 8.815194
 
31.55063, -0.008080433, -0.06207908, 6.172851, 0, 0.0270561842862498147939587573, 2575.576, -679.3352, -2.629443, 0.0166641, 0.1456619, 110.24, 1.845477, 1.454142, 8.815194
 
31.56063, -0.008091336, -0.06215989, 6.16796, 0, 0.027113839595016792871314, 2571.745, -679.3352, -2.629443, 0.0166641, 0.1456619, 110.1633, 1.845477, 1.454142, 8.815194
 
31.57063, -0.008103178, -0.0622408, 6.163073, 0, 0.027172099587824558133258, 2567.92, -679.3352, -2.629443, 0.0166641, 0.1456619, 110.0866, 1.845477, 1.454142, 8.815194
 
31.58063, -0.008112972, -0.06232183, 6.158192, 0, 0.027229404355118477665125, 2564.101, -679.3352, -2.629443, 0.0166641, 0.1456619, 110.0101, 1.845477, 1.454142, 8.815194
 
31.59063, -0.008122751, -0.06240296, 6.153316, 0, 0.027286814284854288470028, 2560.288, -679.3352, -2.629443, 0.0166641, 0.1456619, 109.9335, 1.845477, 1.454142, 8.815194
 
31.60063, -0.008137002, -0.06248419, 6.148446, 0, 0.027346695531974544191277, 2556.483, -679.3352, -2.629443, 0.0166641, 0.1456619, 109.8571, 1.845477, 1.454142, 8.815194
 
31.61063, -0.008149221, -0.06256556, 6.143578, 0, 0.027405639080654602727955, 2552.682, -679.3352, -2.629443, 0.0166641, 0.1456619, 109.7807, 1.845477, 1.454142, 8.815194
 
31.62063, -0.008161462, -0.06264705, 6.138715, 0, 0.027464722845923849628681, 2548.888, -679.3352, -2.629443, 0.0166641, 0.1456619, 109.7043, 1.845477, 1.454142, 8.815194
 
31.63063, -0.008171744, -0.06272867, 6.133859, 0, 0.027522895203363372163095, 2545.1, -679.3352, -2.629443, 0.0166641, 0.1456619, 109.628, 1.845477, 1.454142, 8.815194
 
31.64063, -0.008183076, -0.06281038, 6.129006, 0, 0.027581733589601539426737, 2541.318, -679.3352, -2.629443, 0.0166641, 0.1456619, 109.5518, 1.845477, 1.454142, 8.815194
 
31.65063, -0.008194488, -0.06289221, 6.124158, 0, 0.027640747246576192145439, 2537.541, -679.3352, -2.629443, 0.0166641, 0.1456619, 109.4756, 1.845477, 1.454142, 8.815194
 
31.66063, -0.008204992, -0.06297415, 6.119315, 0, 0.0276993928350043130438832427, 2533.771, -679.3352, -2.629443, 0.0166641, 0.1456619, 109.3994, 1.845477, 1.454142, 8.815194
 
31.67063, -0.008218558, -0.06305621, 6.114478, 0, 0.027759782367260288949438, 2530.008, -679.3352, -2.629443, 0.0166641, 0.1456619, 109.3234, 1.845477, 1.454142, 8.815194
 
31.68063, -0.008229729, -0.0631384, 6.109644, 0, 0.027819032639729197032471, 2526.25, -679.3352, -2.629443, 0.0166641, 0.1456619, 109.2474, 1.845477, 1.454142, 8.815194
 
31.69063, -0.008241044, -0.06322069, 6.104814, 0, 0.027878484473545063388823, 2522.498, -679.3352, -2.629443, 0.0166641, 0.1456619, 109.1714, 1.845477, 1.454142, 8.815194
 
31.70063, -0.008254019, -0.06330311, 6.09999, 0, 0.0279389441140958087471382427, 2518.752, -679.3352, -2.629443, 0.0166641, 0.1456619, 109.0955, 1.845477, 1.454142, 8.815194
 
31.71063, -0.008264656, -0.06338564, 6.095171, 0, 0.027998282021932871922333, 2515.012, -679.3352, -2.629443, 0.0166641, 0.1456619, 109.0196, 1.845477, 1.454142, 8.815194
 
31.72063, -0.008276002, -0.06346829, 6.090358, 0, 0.028058119451369006279817, 2511.279, -679.3352, -2.629443, 0.0166641, 0.1456619, 108.9438, 1.845477, 1.454142, 8.815194
 
31.73063, -0.008285086, -0.06355105, 6.085549, 0, 0.028116861438702106543176, 2507.552, -679.3352, -2.629443, 0.0166641, 0.1456619, 108.8681, 1.845477, 1.454142, 8.815194
 
31.74063, -0.008298298, -0.0636339, 6.080744, 0, 0.028177934526830463358833, 2503.83, -679.3352, -2.629443, 0.0166641, 0.1456619, 108.7924, 1.845477, 1.454142, 8.815194
 
31.75063, -0.008311742, -0.06371689, 6.075943, 0, 0.02823927052106354835708, 2500.114, -679.3352, -2.629443, 0.0166641, 0.1456619, 108.7168, 1.845477, 1.454142, 8.815194
 
31.76063, -0.008322948, -0.06380001, 6.071148, 0, 0.0282995373638039844440927573, 2496.404, -679.3352, -2.629443, 0.0166641, 0.1456619, 108.6412, 1.845477, 1.454142, 8.815194
 
31.77063, -0.008334465, -0.06388324, 6.066358, 0, 0.028360084639722972529938, 2492.701, -679.3352, -2.629443, 0.0166641, 0.1456619, 108.5657, 1.845477, 1.454142, 8.815194
 
31.78063, -0.008344275, -0.06396658, 6.061573, 0, 0.028419825670254039887139, 2489.004, -679.3352, -2.629443, 0.0166641, 0.1456619, 108.4902, 1.845477, 1.454142, 8.815194
 
31.79063, -0.00835441, -0.06405002, 6.056792, 0, 0.0284798734245740444260632427, 2485.312, -679.3352, -2.629443, 0.0166641, 0.1456619, 108.4148, 1.845477, 1.454142, 8.815194
 
31.80063, -0.008365897, -0.06413356, 6.052016, 0, 0.0285407624784290915139072427, 2481.626, -679.3352, -2.629443, 0.0166641, 0.1456619, 108.3395, 1.845477, 1.454142, 8.815194
 
31.81063, -0.008377622, -0.06421722, 6.047244, 0, 0.028601914438388779148973, 2477.947, -679.3352, -2.629443, 0.0166641, 0.1456619, 108.2642, 1.845477, 1.454142, 8.815194
 
31.82063, -0.008390693, -0.064301, 6.042479, 0, 0.028663916461420508876448, 2474.274, -679.3352, -2.629443, 0.0166641, 0.1456619, 108.189, 1.845477, 1.454142, 8.815194
 
31.83063, -0.008400669, -0.06438491, 6.037717, 0, 0.028724367338434342326642, 2470.606, -679.3352, -2.629443, 0.0166641, 0.1456619, 108.1138, 1.845477, 1.454142, 8.815194
 
31.84063, -0.008412045, -0.06446891, 6.03296, 0, 0.028785703332667427324889, 2466.945, -679.3352, -2.629443, 0.0166641, 0.1456619, 108.0387, 1.845477, 1.454142, 8.815194
 
31.85063, -0.008424322, -0.06455303, 6.028209, 0, 0.028847652774478211415846, 2463.289, -679.3352, -2.629443, 0.0166641, 0.1456619, 107.9637, 1.845477, 1.454142, 8.815194
 
31.86063, -0.008434058, -0.06463727, 6.02346, 0, 0.028908340266986300230371, 2459.639, -679.3352, -2.629443, 0.0166641, 0.1456619, 107.8886, 1.845477, 1.454142, 8.815194
 
31.87063, -0.008444776, -0.06472161, 6.018718, 0, 0.0289696762612192975932497573, 2455.995, -679.3352, -2.629443, 0.0166641, 0.1456619, 107.8137, 1.845477, 1.454142, 8.815194
 
31.88063, -0.008455353, -0.06480606, 6.013981, 0, 0.0290310648366733282280147573, 2452.358, -679.3352, -2.629443, 0.0166641, 0.1456619, 107.7389, 1.845477, 1.454142, 8.815194
 
31.89063, -0.008466909, -0.06489062, 6.00925, 0, 0.029093110677389266954623, 2448.727, -679.3352, -2.629443, 0.0166641, 0.1456619, 107.664, 1.845477, 1.454142, 8.815194
 
31.90063, -0.008479956, -0.06497528, 6.004521, 0, 0.029156102980082139503187, 2445.101, -679.3352, -2.629443, 0.0166641, 0.1456619, 107.5893, 1.845477, 1.454142, 8.815194
 
31.91063, -0.008490026, -0.06506009, 5.999798, 0, 0.029217587954441237138235, 2441.481, -679.3352, -2.629443, 0.0166641, 0.1456619, 107.5146, 1.845477, 1.454142, 8.815194
 
31.92064, -0.008501637, -0.06514499, 5.99508, 0, 0.0292800456813879166842342427, 2437.867, -679.3352, -2.629443, 0.0166641, 0.1456619, 107.4399, 1.845477, 1.454142, 8.815194
 
31.93064, -0.008509882, -0.06523, 5.990368, 0, 0.02934075946450639068165, 2434.26, -679.3352, -2.629443, 0.0166641, 0.1456619, 107.3653, 1.845477, 1.454142, 8.815194
 
31.94064, -0.008522027, -0.06531511, 5.98566, 0, 0.029403743003662438957461, 2430.659, -679.3352, -2.629443, 0.0166641, 0.1456619, 107.2908, 1.845477, 1.454142, 8.815194
 
31.95064, -0.008536206, -0.06540032, 5.980955, 0, 0.029467997255658006782457, 2427.063, -679.3352, -2.629443, 0.0166641, 0.1456619, 107.2163, 1.845477, 1.454142, 8.815194
 
31.96064, -0.008546072, -0.06548569, 5.976256, 0, 0.029529990515152912237179, 2423.473, -679.3352, -2.629443, 0.0166641, 0.1456619, 107.1419, 1.845477, 1.454142, 8.815194
 
31.97064, -0.008558029, -0.06557114, 5.971562, 0, 0.029593263251024161513839, 2419.889, -679.3352, -2.629443, 0.0166641, 0.1456619, 107.0676, 1.845477, 1.454142, 8.815194
 
31.98064, -0.008567171, -0.06565672, 5.966874, 0, 0.0296550900033193181508857573, 2416.311, -679.3352, -2.629443, 0.0166641, 0.1456619, 106.9933, 1.845477, 1.454142, 8.815194
 
31.99064, -0.008576985, -0.0657424, 5.962188, 0, 0.0297174162772137212409582427, 2412.738, -679.3352, -2.629443, 0.0166641, 0.1456619, 106.919, 1.845477, 1.454142, 8.815194
 
32.00064, -0.008587518, -0.06582817, 5.95751, 0, 0.029780259599780493517353, 2409.172, -679.3352, -2.629443, 0.0166641, 0.1456619, 106.8449, 1.845477, 1.454142, 8.815194
 
32.01064, -0.008599509, -0.06591404, 5.952837, 0, 0.029844040620787550613687, 2405.613, -679.3352, -2.629443, 0.0166641, 0.1456619, 106.7707, 1.845477, 1.454142, 8.815194
 
32.02063, -0.008611258, -0.06600004, 5.948166, 0, 0.029907812878257783437268, 2402.059, -679.3352, -2.629443, 0.0166641, 0.1456619, 106.6967, 1.845477, 1.454142, 8.815194
 
32.03063, -0.008621224, -0.06608615, 5.943502, 0, 0.0299707175455825008936702427, 2398.51, -679.3352, -2.629443, 0.0166641, 0.1456619, 106.6227, 1.845477, 1.454142, 8.815194
 
32.04063, -0.008631484, -0.06617236, 5.938841, 0, 0.030033902646085419807432, 2394.967, -679.3352, -2.629443, 0.0166641, 0.1456619, 106.5487, 1.845477, 1.454142, 8.815194
 
32.05063, -0.00864299, -0.06625868, 5.934186, 0, 0.030097920282586732268097, 2391.431, -679.3352, -2.629443, 0.0166641, 0.1456619, 106.4749, 1.845477, 1.454142, 8.815194
 
32.06063, -0.008651846, -0.0663451, 5.929535, 0, 0.0301605620438067215419092427, 2387.899, -679.3352, -2.629443, 0.0166641, 0.1456619, 106.401, 1.845477, 1.454142, 8.815194
 
32.07063, -0.008661479, -0.06643162, 5.924888, 0, 0.030223764671383289001177, 2384.373, -679.3352, -2.629443, 0.0166641, 0.1456619, 106.3272, 1.845477, 1.454142, 8.815194
 
32.08062, -0.008671514, -0.06651823, 5.920249, 0, 0.030287300313359266460427, 2380.855, -679.3352, -2.629443, 0.0166641, 0.1456619, 106.2535, 1.845477, 1.454142, 8.815194
 
32.09062, -0.008683083, -0.06660495, 5.915612, 0, 0.030351834998533211013519, 2377.341, -679.3352, -2.629443, 0.0166641, 0.1456619, 106.1799, 1.845477, 1.454142, 8.815194
 
32.10062, -0.008694584, -0.06669178, 5.910981, 0, 0.0304164573190754859295092427, 2373.834, -679.3352, -2.629443, 0.0166641, 0.1456619, 106.1063, 1.845477, 1.454142, 8.815194
 
32.11062, -0.008704399, -0.06677873, 5.906355, 0, 0.030480247103619279663228, 2370.333, -679.3352, -2.629443, 0.0166641, 0.1456619, 106.0328, 1.845477, 1.454142, 8.815194
 
32.12062, -0.008714673, -0.06686577, 5.901731, 0, 0.0305444312473202533062, 2366.835, -679.3352, -2.629443, 0.0166641, 0.1456619, 105.9593, 1.845477, 1.454142, 8.815194
 
32.13062, -0.008725369, -0.06695292, 5.897115, 0, 0.0306089659324941102239237573, 2363.346, -679.3352, -2.629443, 0.0166641, 0.1456619, 105.8859, 1.845477, 1.454142, 8.815194
 
32.14061, -0.00873401, -0.06704018, 5.892502, 0, 0.030672457756786053954777, 2359.861, -679.3352, -2.629443, 0.0166641, 0.1456619, 105.8125, 1.845477, 1.454142, 8.815194
 
32.15061, -0.008743608, -0.06712752, 5.887895, 0, 0.03073661560987655477949, 2356.382, -679.3352, -2.629443, 0.0166641, 0.1456619, 105.7392, 1.845477, 1.454142, 8.815194
 
32.16061, -0.008756858, -0.06721495, 5.883295, 0, 0.030802973110709948065206, 2352.911, -679.3352, -2.629443, 0.0166641, 0.1456619, 105.666, 1.845477, 1.454142, 8.815194
 
32.17061, -0.008768118, -0.06730252, 5.878695, 0, 0.0308683315683454618924482427, 2349.443, -679.3352, -2.629443, 0.0166641, 0.1456619, 105.5928, 1.845477, 1.454142, 8.815194
 
32.18061, -0.008779409, -0.0673902, 5.874104, 0, 0.030933839006106813085755, 2345.983, -679.3352, -2.629443, 0.0166641, 0.1456619, 105.5197, 1.845477, 1.454142, 8.815194
 
32.19061, -0.008788224, -0.06747799, 5.869518, 0, 0.030998049440418259546986, 2342.528, -679.3352, -2.629443, 0.0166641, 0.1456619, 105.4467, 1.845477, 1.454142, 8.815194
 
32.2006, -0.008798546, -0.06756587, 5.864933, 0, 0.031063241390854024556553, 2339.078, -679.3352, -2.629443, 0.0166641, 0.1456619, 105.3737, 1.845477, 1.454142, 8.815194
 
32.2106, -0.008809456, -0.06765386, 5.860354, 0, 0.031128897808741476022029, 2335.634, -679.3352, -2.629443, 0.0166641, 0.1456619, 105.3007, 1.845477, 1.454142, 8.815194
 
32.2206, -0.008817506, -0.06774195, 5.855783, 0, 0.0311930206076845921203617573, 2332.197, -679.3352, -2.629443, 0.0166641, 0.1456619, 105.2279, 1.845477, 1.454142, 8.815194
 
32.2306, -0.008829318, -0.06783013, 5.851213, 0, 0.0312594482168127548588382427, 2328.765, -679.3352, -2.629443, 0.0166641, 0.1456619, 105.1551, 1.845477, 1.454142, 8.815194
 
32.2406, -0.008842191, -0.06791843, 5.84665, 0, 0.031326620726570717875215, 2325.339, -679.3352, -2.629443, 0.0166641, 0.1456619, 105.0823, 1.845477, 1.454142, 8.815194
 
32.2506, -0.00885268, -0.06800685, 5.842092, 0, 0.031392540050562897523281, 2321.919, -679.3352, -2.629443, 0.0166641, 0.1456619, 105.0096, 1.845477, 1.454142, 8.815194
 
32.26059, -0.008864307, -0.06809538, 5.837537, 0, 0.031459248092869261719117, 2318.504, -679.3352, -2.629443, 0.0166641, 0.1456619, 104.937, 1.845477, 1.454142, 8.815194
 
32.27059, -0.008872701, -0.06818402, 5.832988, 0, 0.031524203427810771364353, 2315.095, -679.3352, -2.629443, 0.0166641, 0.1456619, 104.8644, 1.845477, 1.454142, 8.815194
 
32.28059, -0.008882247, -0.06827275, 5.828446, 0, 0.031589938717529641284606, 2311.693, -679.3352, -2.629443, 0.0166641, 0.1456619, 104.7919, 1.845477, 1.454142, 8.815194
 
32.29059, -0.008895167, -0.06836157, 5.823906, 0, 0.0316577772560864243009472427, 2308.295, -679.3352, -2.629443, 0.0166641, 0.1456619, 104.7195, 1.845477, 1.454142, 8.815194
 
32.30059, -0.008905331, -0.06845053, 5.819373, 0, 0.031724134756919729951295, 2304.904, -679.3352, -2.629443, 0.0166641, 0.1456619, 104.6471, 1.845477, 1.454142, 8.815194
 
32.31059, -0.008917166, -0.06853958, 5.814846, 0, 0.031791587699856157331136, 2301.52, -679.3352, -2.629443, 0.0166641, 0.1456619, 104.5748, 1.845477, 1.454142, 8.815194
 
32.32058, -0.008925836, -0.06862875, 5.810319, 0, 0.0318573229895751148867572427, 2298.139, -679.3352, -2.629443, 0.0166641, 0.1456619, 104.5025, 1.845477, 1.454142, 8.815194
 
32.33058, -0.008936154, -0.06871801, 5.8058, 0, 0.031924153721396931265767, 2294.765, -679.3352, -2.629443, 0.0166641, 0.1456619, 104.4303, 1.845477, 1.454142, 8.815194
 
32.34058, -0.008947264, -0.06880737, 5.801287, 0, 0.031991562846649237281843, 2291.397, -679.3352, -2.629443, 0.0166641, 0.1456619, 104.3582, 1.845477, 1.454142, 8.815194
 
32.35058, -0.008956135, -0.06889684, 5.796775, 0, 0.032057797657967090749017, 2288.033, -679.3352, -2.629443, 0.0166641, 0.1456619, 104.2861, 1.845477, 1.454142, 8.815194
 
32.36058, -0.008965395, -0.06898641, 5.79227, 0, 0.032124365483684266580805, 2284.676, -679.3352, -2.629443, 0.0166641, 0.1456619, 104.2141, 1.845477, 1.454142, 8.815194
 
32.37057, -0.008977688, -0.06907606, 5.787772, 0, 0.0321928437604290462373787573, 2281.326, -679.3352, -2.629443, 0.0166641, 0.1456619, 104.1421, 1.845477, 1.454142, 8.815194
 
32.38057, -0.008987401, -0.06916584, 5.783276, 0, 0.0322599373983558537050832427, 2277.98, -679.3352, -2.629443, 0.0166641, 0.1456619, 104.0702, 1.845477, 1.454142, 8.815194
 
32.39057, -0.008998394, -0.06925572, 5.778785, 0, 0.0323279161535017374501042427, 2274.64, -679.3352, -2.629443, 0.0166641, 0.1456619, 103.9984, 1.845477, 1.454142, 8.815194
 
32.40057, -0.009010266, -0.0693457, 5.774301, 0, 0.0323965434103724421081107573, 2271.306, -679.3352, -2.629443, 0.0166641, 0.1456619, 103.9266, 1.845477, 1.454142, 8.815194
 
32.41057, -0.00901955, -0.0694358, 5.769818, 0, 0.0324637685013514383963737573, 2267.977, -679.3352, -2.629443, 0.0166641, 0.1456619, 103.8549, 1.845477, 1.454142, 8.815194
 
32.42057, -0.009029306, -0.06952599, 5.765342, 0, 0.03253138795148761459389, 2264.654, -679.3352, -2.629443, 0.0166641, 0.1456619, 103.7832, 1.845477, 1.454142, 8.815194
 
32.43056, -0.00903746, -0.06961629, 5.760873, 0, 0.0325981748656254848798712427, 2261.337, -679.3352, -2.629443, 0.0166641, 0.1456619, 103.7117, 1.845477, 1.454142, 8.815194
 
32.44056, -0.009046553, -0.06970666, 5.756405, 0, 0.0326656453356355608052182427, 2258.025, -679.3352, -2.629443, 0.0166641, 0.1456619, 103.6401, 1.845477, 1.454142, 8.815194
 
32.45056, -0.009058723, -0.06979713, 5.751945, 0, 0.0327350700743572742837477573, 2254.72, -679.3352, -2.629443, 0.0166641, 0.1456619, 103.5687, 1.845477, 1.454142, 8.815194
 
32.46056, -0.009068445, -0.06988771, 5.74749, 0, 0.032803162755481961209926, 2251.421, -679.3352, -2.629443, 0.0166641, 0.1456619, 103.4973, 1.845477, 1.454142, 8.815194
 
32.47056, -0.009078702, -0.06997839, 5.743041, 0, 0.032871693613447774138386, 2248.127, -679.3352, -2.629443, 0.0166641, 0.1456619, 103.426, 1.845477, 1.454142, 8.815194
 
32.48056, -0.009086986, -0.07006918, 5.738594, 0, 0.032939172846994674336486, 2244.839, -679.3352, -2.629443, 0.0166641, 0.1456619, 103.3547, 1.845477, 1.454142, 8.815194
 
32.49055, -0.009096703, -0.07016005, 5.734151, 0, 0.033007633596665893082922, 2241.555, -679.3352, -2.629443, 0.0166641, 0.1456619, 103.2835, 1.845477, 1.454142, 8.815194
 
32.50055, -0.009105676, -0.07025101, 5.729717, 0, 0.0330757525684008775566227573, 2238.279, -679.3352, -2.629443, 0.0166641, 0.1456619, 103.2123, 1.845477, 1.454142, 8.815194
 
32.51055, -0.009115734, -0.07034206, 5.725286, 0, 0.03314466025845022184883, 2235.008, -679.3352, -2.629443, 0.0166641, 0.1456619, 103.1413, 1.845477, 1.454142, 8.815194
 
32.52055, -0.009126824, -0.07043322, 5.720859, 0, 0.033214312849129541689674, 2231.742, -679.3352, -2.629443, 0.0166641, 0.1456619, 103.0702, 1.845477, 1.454142, 8.815194
 
32.53055, -0.00913896, -0.07052449, 5.716438, 0, 0.033284736631049397532782, 2228.482, -679.3352, -2.629443, 0.0166641, 0.1456619, 102.9993, 1.845477, 1.454142, 8.815194
 
32.54055, -0.009148335, -0.07061588, 5.712022, 0, 0.033353626794025005644115, 2225.228, -679.3352, -2.629443, 0.0166641, 0.1456619, 102.9284, 1.845477, 1.454142, 8.815194
 
32.55054, -0.009157871, -0.07070737, 5.707608, 0, 0.0334227360454211329389047573, 2221.978, -679.3352, -2.629443, 0.0166641, 0.1456619, 102.8575, 1.845477, 1.454142, 8.815194
 
32.56054, -0.009169437, -0.07079894, 5.703202, 0, 0.0334931948814884611437612427, 2218.735, -679.3352, -2.629443, 0.0166641, 0.1456619, 102.7868, 1.845477, 1.454142, 8.815194
 
32.57054, -0.009177312, -0.07089064, 5.698799, 0, 0.0335615504687177886171612427, 2215.497, -679.3352, -2.629443, 0.0166641, 0.1456619, 102.716, 1.845477, 1.454142, 8.815194
 
32.58054, -0.009186815, -0.07098241, 5.694401, 0, 0.0336310102615867991867027573, 2212.264, -679.3352, -2.629443, 0.0166641, 0.1456619, 102.6454, 1.845477, 1.454142, 8.815194
 
32.59054, -0.009199599, -0.07107428, 5.690011, 0, 0.033702590830367546668575, 2209.039, -679.3352, -2.629443, 0.0166641, 0.1456619, 102.5748, 1.845477, 1.454142, 8.815194
 
32.60054, -0.009210138, -0.07116627, 5.685623, 0, 0.0337729357404560716922742427, 2205.818, -679.3352, -2.629443, 0.0166641, 0.1456619, 102.5043, 1.845477, 1.454142, 8.815194
 
32.61053, -0.009221346, -0.07125837, 5.681242, 0, 0.033843823989827526355923, 2202.604, -679.3352, -2.629443, 0.0166641, 0.1456619, 102.4339, 1.845477, 1.454142, 8.815194
 
32.62053, -0.009230343, -0.07135059, 5.676864, 0, 0.033913494107580494742273, 2199.394, -679.3352, -2.629443, 0.0166641, 0.1456619, 102.3635, 1.845477, 1.454142, 8.815194
 
32.63053, -0.009240112, -0.07144289, 5.672491, 0, 0.0339837689093742503132117573, 2196.189, -679.3352, -2.629443, 0.0166641, 0.1456619, 102.2931, 1.845477, 1.454142, 8.815194
 
32.64053, -0.009250178, -0.0715353, 5.668125, 0, 0.034054332907883382155736, 2192.991, -679.3352, -2.629443, 0.0166641, 0.1456619, 102.2229, 1.845477, 1.454142, 8.815194
 
32.65053, -0.009258596, -0.0716278, 5.663761, 0, 0.034124011789173174814839, 2189.799, -679.3352, -2.629443, 0.0166641, 0.1456619, 102.1527, 1.845477, 1.454142, 8.815194
 
32.66053, -0.009269859, -0.07172038, 5.659403, 0, 0.034195574830880186115837, 2186.612, -679.3352, -2.629443, 0.0166641, 0.1456619, 102.0825, 1.845477, 1.454142, 8.815194
 
32.67052, -0.009282358, -0.07181308, 5.655053, 0, 0.034268022989806448964888, 2183.431, -679.3352, -2.629443, 0.0166641, 0.1456619, 102.0125, 1.845477, 1.454142, 8.815194
 
32.68052, -0.009292308, -0.07190591, 5.650706, 0, 0.0343390426922303553552, 2180.255, -679.3352, -2.629443, 0.0166641, 0.1456619, 101.9425, 1.845477, 1.454142, 8.815194
 
32.69052, -0.009302188, -0.07199883, 5.646363, 0, 0.034410150030022504473042, 2177.085, -679.3352, -2.629443, 0.0166641, 0.1456619, 101.8725, 1.845477, 1.454142, 8.815194
 
32.70052, -0.009313844, -0.07209186, 5.642024, 0, 0.034482484262970051776304, 2173.919, -679.3352, -2.629443, 0.0166641, 0.1456619, 101.8026, 1.845477, 1.454142, 8.815194
 
32.71052, -0.009322519, -0.07218499, 5.637691, 0, 0.034553092079163217347225, 2170.76, -679.3352, -2.629443, 0.0166641, 0.1456619, 101.7328, 1.845477, 1.454142, 8.815194
 
32.72052, -0.009332518, -0.07227822, 5.633363, 0, 0.0346246551208703162835912427, 2167.606, -679.3352, -2.629443, 0.0166641, 0.1456619, 101.6631, 1.845477, 1.454142, 8.815194
 
32.73051, -0.009340069, -0.07237154, 5.62904, 0, 0.034694807233148532035988, 2164.459, -679.3352, -2.629443, 0.0166641, 0.1456619, 101.5934, 1.845477, 1.454142, 8.815194
 
32.74051, -0.009350556, -0.07246494, 5.624722, 0, 0.0347669136141387358830402427, 2161.316, -679.3352, -2.629443, 0.0166641, 0.1456619, 101.5238, 1.845477, 1.454142, 8.815194
 
32.75051, -0.009362445, -0.07255845, 5.620409, 0, 0.034840027801863555825951, 2158.179, -679.3352, -2.629443, 0.0166641, 0.1456619, 101.4542, 1.845477, 1.454142, 8.815194
 
32.76051, -0.009375268, -0.07265207, 5.6161, 0, 0.0349138693631447904073607573, 2155.048, -679.3352, -2.629443, 0.0166641, 0.1456619, 101.3847, 1.845477, 1.454142, 8.815194
 
32.77051, -0.009384774, -0.07274582, 5.611798, 0, 0.0349857654192512993437092427, 2151.922, -679.3352, -2.629443, 0.0166641, 0.1456619, 101.3153, 1.845477, 1.454142, 8.815194
 
32.78051, -0.009395234, -0.07283967, 5.607498, 0, 0.035058397612450784285205, 2148.801, -679.3352, -2.629443, 0.0166641, 0.1456619, 101.2459, 1.845477, 1.454142, 8.815194
 
32.7905, -0.009406696, -0.07293362, 5.603206, 0, 0.035131783469817244318827, 2145.686, -679.3352, -2.629443, 0.0166641, 0.1456619, 101.1766, 1.845477, 1.454142, 8.815194
 
32.8005, -0.009415723, -0.07302769, 5.598917, 0, 0.0352037759248287326200902427, 2142.577, -679.3352, -2.629443, 0.0166641, 0.1456619, 101.1074, 1.845477, 1.454142, 8.815194
 
32.8105, -0.009428291, -0.07312185, 5.594636, 0, 0.0352781257712458626565422427, 2139.474, -679.3352, -2.629443, 0.0166641, 0.1456619, 101.0382, 1.845477, 1.454142, 8.815194
 
32.8205, -0.009440972, -0.07321613, 5.590356, 0, 0.0353526771790097756955767573, 2136.375, -679.3352, -2.629443, 0.0166641, 0.1456619, 100.9691, 1.845477, 1.454142, 8.815194
 
32.8305, -0.009451319, -0.07331053, 5.586083, 0, 0.035425905292713486455013, 2133.282, -679.3352, -2.629443, 0.0166641, 0.1456619, 100.9001, 1.845477, 1.454142, 8.815194
 
32.8405, -0.009463127, -0.07340504, 5.581815, 0, 0.0355001850308361099448092427, 2130.196, -679.3352, -2.629443, 0.0166641, 0.1456619, 100.8311, 1.845477, 1.454142, 8.815194
 
32.85049, -0.009472542, -0.07349967, 5.577551, 0, 0.035573088893677147341648, 2127.114, -679.3352, -2.629443, 0.0166641, 0.1456619, 100.7622, 1.845477, 1.454142, 8.815194
 
32.86049, -0.009482706, -0.0735944, 5.573292, 0, 0.035646597440559147193812, 2124.037, -679.3352, -2.629443, 0.0166641, 0.1456619, 100.6933, 1.845477, 1.454142, 8.815194
 
32.87049, -0.009493066, -0.07368922, 5.569039, 0, 0.035720360130009050955813, 2120.966, -679.3352, -2.629443, 0.0166641, 0.1456619, 100.6246, 1.845477, 1.454142, 8.815194
 
32.88049, -0.00950119, -0.07378415, 5.56479, 0, 0.03579282581600896235037, 2117.901, -679.3352, -2.629443, 0.0166641, 0.1456619, 100.5559, 1.845477, 1.454142, 8.815194
 
32.89049, -0.009512451, -0.07387916, 5.560547, 0, 0.0358674035143834358430317573, 2114.842, -679.3352, -2.629443, 0.0166641, 0.1456619, 100.4872, 1.845477, 1.454142, 8.815194
 
32.90049, -0.009524347, -0.07397428, 5.556309, 0, 0.035942533315578013789869, 2111.788, -679.3352, -2.629443, 0.0166641, 0.1456619, 100.4187, 1.845477, 1.454142, 8.815194
 
32.91048, -0.009534506, -0.07406952, 5.552077, 0, 0.036016681600648185553002, 2108.74, -679.3352, -2.629443, 0.0166641, 0.1456619, 100.3501, 1.845477, 1.454142, 8.815194
 
32.92048, -0.009544498, -0.07416487, 5.547849, 0, 0.0360908737034024786799, 2105.696, -679.3352, -2.629443, 0.0166641, 0.1456619, 100.2817, 1.845477, 1.454142, 8.815194
 
32.93048, -0.009555664, -0.07426031, 5.543624, 0, 0.036165924632765550536592, 2102.658, -679.3352, -2.629443, 0.0166641, 0.1456619, 100.2133, 1.845477, 1.454142, 8.815194
 
32.94048, -0.009564652, -0.07435586, 5.539405, 0, 0.036239731139899575662358, 2099.625, -679.3352, -2.629443, 0.0166641, 0.1456619, 100.145, 1.845477, 1.454142, 8.815194
 
32.95048, -0.009574022, -0.07445151, 5.535191, 0, 0.03631390571558022024375, 2096.598, -679.3352, -2.629443, 0.0166641, 0.1456619, 100.0767, 1.845477, 1.454142, 8.815194
 
32.96048, -0.009584131, -0.07454725, 5.530983, 0, 0.036388667448228091099593, 2093.577, -679.3352, -2.629443, 0.0166641, 0.1456619, 100.0086, 1.845477, 1.454142, 8.815194
 
32.97047, -0.009594979, -0.07464309, 5.526779, 0, 0.036464042628453661048146, 2090.561, -679.3352, -2.629443, 0.0166641, 0.1456619, 99.94044, 1.845477, 1.454142, 8.815194
 
32.98047, -0.009606156, -0.07473904, 5.522581, 0, 0.0365397683501522895421872427, 2087.551, -679.3352, -2.629443, 0.0166641, 0.1456619, 99.8724, 1.845477, 1.454142, 8.815194
 
32.99047, -0.009618561, -0.0748351, 5.518387, 0, 0.0366164230067540280419417573, 2084.546, -679.3352, -2.629443, 0.0166641, 0.1456619, 99.80443, 1.845477, 1.454142, 8.815194
 
33.00047, -0.009627962, -0.07493129, 5.514198, 0, 0.036691281138307053533436, 2081.546, -679.3352, -2.629443, 0.0166641, 0.1456619, 99.73651, 1.845477, 1.454142, 8.815194
 
33.01047, -0.009638712, -0.07502756, 5.510015, 0, 0.036767147076594782756157, 2078.552, -679.3352, -2.629443, 0.0166641, 0.1456619, 99.66865, 1.845477, 1.454142, 8.815194
 
33.02047, -0.009649531, -0.07512395, 5.505836, 0, 0.0368431795220820855258167573, 2075.563, -679.3352, -2.629443, 0.0166641, 0.1456619, 99.60087, 1.845477, 1.454142, 8.815194
 
33.03046, -0.009658216, -0.07522044, 5.501665, 0, 0.036917950018266868289781, 2072.581, -679.3352, -2.629443, 0.0166641, 0.1456619, 99.53316, 1.845477, 1.454142, 8.815194
 
33.04046, -0.009669769, -0.07531703, 5.497495, 0, 0.036994718600847497606061, 2069.602, -679.3352, -2.629443, 0.0166641, 0.1456619, 99.46552, 1.845477, 1.454142, 8.815194
 
33.05046, -0.009682614, -0.07541373, 5.493334, 0, 0.03707247746308926974343, 2066.631, -679.3352, -2.629443, 0.0166641, 0.1456619, 99.39796, 1.845477, 1.454142, 8.815194
 
33.06046, -0.009692935, -0.07551055, 5.489175, 0, 0.0371487289969973546026512427, 2063.664, -679.3352, -2.629443, 0.0166641, 0.1456619, 99.33044, 1.845477, 1.454142, 8.815194
 
33.07046, -0.00970386, -0.07560749, 5.485021, 0, 0.037225515106651544829069, 2060.702, -679.3352, -2.629443, 0.0166641, 0.1456619, 99.26299, 1.845477, 1.454142, 8.815194
 
33.08046, -0.009714853, -0.07570452, 5.480873, 0, 0.037302476487042308145915, 2057.746, -679.3352, -2.629443, 0.0166641, 0.1456619, 99.19562, 1.845477, 1.454142, 8.815194
 
33.09045, -0.009724258, -0.07580167, 5.476729, 0, 0.0373785264596034347318172427, 2054.795, -679.3352, -2.629443, 0.0166641, 0.1456619, 99.1283, 1.845477, 1.454142, 8.815194
 
33.10045, -0.009733851, -0.07589892, 5.472591, 0, 0.03745483057473228995682, 2051.85, -679.3352, -2.629443, 0.0166641, 0.1456619, 99.06107, 1.845477, 1.454142, 8.815194
 
33.11045, -0.009746761, -0.07599626, 5.468459, 0, 0.0375334395000459289158617573, 2048.911, -679.3352, -2.629443, 0.0166641, 0.1456619, 98.99392, 1.845477, 1.454142, 8.815194
 
33.12045, -0.00975761, -0.07609373, 5.464333, 0, 0.0376108478208147301431107573, 2045.977, -679.3352, -2.629443, 0.0166641, 0.1456619, 98.92682, 1.845477, 1.454142, 8.815194
 
33.13045, -0.009768755, -0.0761913, 5.460208, 0, 0.037688589155982941370342, 2043.047, -679.3352, -2.629443, 0.0166641, 0.1456619, 98.85978, 1.845477, 1.454142, 8.815194
 
33.14045, -0.009780426, -0.07628898, 5.45609, 0, 0.037766803722139575690867, 2040.124, -679.3352, -2.629443, 0.0166641, 0.1456619, 98.79282, 1.845477, 1.454142, 8.815194
 
33.15044, -0.009790177, -0.07638679, 5.451979, 0, 0.037843896555582703099008, 2037.206, -679.3352, -2.629443, 0.0166641, 0.1456619, 98.72592, 1.845477, 1.454142, 8.815194
 
33.16044, -0.009800576, -0.07648469, 5.447872, 0, 0.037921541491845759690588, 2034.293, -679.3352, -2.629443, 0.0166641, 0.1456619, 98.6591, 1.845477, 1.454142, 8.815194
 
33.17044, -0.009808213, -0.07658269, 5.443769, 0, 0.0379974950655018192762072427, 2031.385, -679.3352, -2.629443, 0.0166641, 0.1456619, 98.59233, 1.845477, 1.454142, 8.815194
 
33.18044, -0.009816141, -0.07668077, 5.43967, 0, 0.038073746599409728864692, 2028.483, -679.3352, -2.629443, 0.0166641, 0.1456619, 98.52563, 1.845477, 1.454142, 8.815194
 
33.19044, -0.009826031, -0.07677893, 5.435577, 0, 0.0381514353533568191846687573, 2025.586, -679.3352, -2.629443, 0.0166641, 0.1456619, 98.45901, 1.845477, 1.454142, 8.815194
 
33.20044, -0.009838043, -0.07687719, 5.43149, 0, 0.03823066648978515677991, 2022.695, -679.3352, -2.629443, 0.0166641, 0.1456619, 98.39246, 1.845477, 1.454142, 8.815194
 
33.21043, -0.009847819, -0.07697557, 5.427408, 0, 0.0383085392780057320984362427, 2019.809, -679.3352, -2.629443, 0.0166641, 0.1456619, 98.32598, 1.845477, 1.454142, 8.815194
 
33.22043, -0.00985783, -0.07707405, 5.423331, 0, 0.0383867012629414207824432427, 2016.929, -679.3352, -2.629443, 0.0166641, 0.1456619, 98.25958, 1.845477, 1.454142, 8.815194
 
33.23043, -0.009866019, -0.07717263, 5.419259, 0, 0.03846377656931081200971, 2014.053, -679.3352, -2.629443, 0.0166641, 0.1456619, 98.19324, 1.845477, 1.454142, 8.815194
 
33.24043, -0.009875055, -0.07727129, 5.415191, 0, 0.0385415441950893207844637573, 2011.183, -679.3352, -2.629443, 0.0166641, 0.1456619, 98.12695, 1.845477, 1.454142, 8.815194
 
33.25043, -0.009884737, -0.07737004, 5.411129, 0, 0.038619872687224758286146, 2008.318, -679.3352, -2.629443, 0.0166641, 0.1456619, 98.06073, 1.845477, 1.454142, 8.815194
 
33.26043, -0.009894816, -0.07746889, 5.407072, 0, 0.038698595538517200426345, 2005.459, -679.3352, -2.629443, 0.0166641, 0.1456619, 97.99461, 1.845477, 1.454142, 8.815194
 
33.27042, -0.009905411, -0.07756784, 5.403022, 0, 0.038777791620798153295206, 2002.606, -679.3352, -2.629443, 0.0166641, 0.1456619, 97.92854, 1.845477, 1.454142, 8.815194
 
33.28042, -0.009916265, -0.07766689, 5.398974, 0, 0.038857311953941604255928, 1999.757, -679.3352, -2.629443, 0.0166641, 0.1456619, 97.86254, 1.845477, 1.454142, 8.815194
 
33.29042, -0.009927643, -0.07776605, 5.394933, 0, 0.038937305518073565945312, 1996.914, -679.3352, -2.629443, 0.0166641, 0.1456619, 97.79662, 1.845477, 1.454142, 8.815194
 
33.30042, -0.009937174, -0.07786533, 5.390897, 0, 0.039016194876565669267818, 1994.077, -679.3352, -2.629443, 0.0166641, 0.1456619, 97.73077, 1.845477, 1.454142, 8.815194
 
33.31042, -0.009946744, -0.0779647, 5.386864, 0, 0.0390952507422573461372627573, 1991.243, -679.3352, -2.629443, 0.0166641, 0.1456619, 97.66496, 1.845477, 1.454142, 8.815194
 
33.32042, -0.009956771, -0.07806417, 5.382839, 0, 0.039174736021253587642341, 1988.417, -679.3352, -2.629443, 0.0166641, 0.1456619, 97.59924, 1.845477, 1.454142, 8.815194
 
33.33041, -0.009965474, -0.07816374, 5.378816, 0, 0.03925345887254602978254, 1985.594, -679.3352, -2.629443, 0.0166641, 0.1456619, 97.53358, 1.845477, 1.454142, 8.815194
 
33.34041, -0.009973801, -0.07826339, 5.374801, 0, 0.0393320327437123716505697573, 1982.777, -679.3352, -2.629443, 0.0166641, 0.1456619, 97.46801, 1.845477, 1.454142, 8.815194
 
33.35041, -0.009985724, -0.07836313, 5.370791, 0, 0.039413191858242049251471, 1979.967, -679.3352, -2.629443, 0.0166641, 0.1456619, 97.40251, 1.845477, 1.454142, 8.815194
 
33.36041, -0.009994222, -0.07846299, 5.366785, 0, 0.0394921600885654833933857573, 1977.161, -679.3352, -2.629443, 0.0166641, 0.1456619, 97.33708, 1.845477, 1.454142, 8.815194
 
33.37041, -0.01000449, -0.07856293, 5.362785, 0, 0.039572442849412733718987, 1974.361, -679.3352, -2.629443, 0.0166641, 0.1456619, 97.27173, 1.845477, 1.454142, 8.815194
 
33.38041, -0.01001234, -0.07866298, 5.35879, 0, 0.039651218281926121495704, 1971.566, -679.3352, -2.629443, 0.0166641, 0.1456619, 97.20644, 1.845477, 1.454142, 8.815194
 
33.3904, -0.01002024, -0.0787631, 5.354798, 0, 0.0397301426945656095445902427, 1968.775, -679.3352, -2.629443, 0.0166641, 0.1456619, 97.1412, 1.845477, 1.454142, 8.815194
 
33.4004, -0.01002916, -0.0788633, 5.350813, 0, 0.039809899643203228234275, 1965.99, -679.3352, -2.629443, 0.0166641, 0.1456619, 97.07604, 1.845477, 1.454142, 8.815194
 
33.4104, -0.01003891, -0.07896359, 5.346832, 0, 0.039890340147713227834062, 1963.21, -679.3352, -2.629443, 0.0166641, 0.1456619, 97.01096, 1.845477, 1.454142, 8.815194
 
33.4204, -0.01004633, -0.07906398, 5.342859, 0, 0.0399692996145000129739602427, 1960.437, -679.3352, -2.629443, 0.0166641, 0.1456619, 96.94595, 1.845477, 1.454142, 8.815194
 
33.4304, -0.01005688, -0.07916445, 5.338888, 0, 0.0400505463643976703962867573, 1957.668, -679.3352, -2.629443, 0.0166641, 0.1456619, 96.88101, 1.845477, 1.454142, 8.815194
 
33.4404, -0.01006765, -0.07926501, 5.334924, 0, 0.040132073547473967452814, 1954.905, -679.3352, -2.629443, 0.0166641, 0.1456619, 96.81615, 1.845477, 1.454142, 8.815194
 
33.45039, -0.01007597, -0.07936569, 5.330966, 0, 0.0402120408209955439593072427, 1952.147, -679.3352, -2.629443, 0.0166641, 0.1456619, 96.75136, 1.845477, 1.454142, 8.815194
 
33.46039, -0.01008451, -0.07946645, 5.327009, 0, 0.0402922972912320585605447573, 1949.393, -679.3352, -2.629443, 0.0166641, 0.1456619, 96.68663, 1.845477, 1.454142, 8.815194
 
33.47039, -0.01009405, -0.0795673, 5.323061, 0, 0.0403733600068565815257947573, 1946.645, -679.3352, -2.629443, 0.0166641, 0.1456619, 96.62197, 1.845477, 1.454142, 8.815194
 
33.48039, -0.01010094, -0.07966824, 5.319117, 0, 0.040452705069263634666825, 1943.903, -679.3352, -2.629443, 0.0166641, 0.1456619, 96.55739, 1.845477, 1.454142, 8.815194
 
33.49039, -0.01010882, -0.07976925, 5.315176, 0, 0.0405328739041321694466372427, 1941.165, -679.3352, -2.629443, 0.0166641, 0.1456619, 96.49286, 1.845477, 1.454142, 8.815194
 
33.50039, -0.01011701, -0.07987034, 5.311242, 0, 0.040613366989863027047574, 1938.432, -679.3352, -2.629443, 0.0166641, 0.1456619, 96.42841, 1.845477, 1.454142, 8.815194
 
33.51038, -0.01012284, -0.07997151, 5.307315, 0, 0.040692326456649724552104, 1935.706, -679.3352, -2.629443, 0.0166641, 0.1456619, 96.36405, 1.845477, 1.454142, 8.815194
 
33.52038, -0.01013227, -0.08007274, 5.303391, 0, 0.040773914984483703882534, 1932.984, -679.3352, -2.629443, 0.0166641, 0.1456619, 96.29976, 1.845477, 1.454142, 8.815194
 
33.53038, -0.01014239, -0.08017406, 5.299473, 0, 0.0408560994328218213955362427, 1930.268, -679.3352, -2.629443, 0.0166641, 0.1456619, 96.23555, 1.845477, 1.454142, 8.815194
 
33.54038, -0.01015027, -0.08027548, 5.295561, 0, 0.0409368554246574948144312427, 1927.558, -679.3352, -2.629443, 0.0166641, 0.1456619, 96.17139, 1.845477, 1.454142, 8.815194
 
33.55038, -0.01015761, -0.08037698, 5.291652, 0, 0.041017366037462000960874, 1924.851, -679.3352, -2.629443, 0.0166641, 0.1456619, 96.10731, 1.845477, 1.454142, 8.815194
 
33.56038, -0.01016616, -0.08047856, 5.28775, 0, 0.041098831875780440472762, 1922.151, -679.3352, -2.629443, 0.0166641, 0.1456619, 96.04329, 1.845477, 1.454142, 8.815194
 
33.57037, -0.01017542, -0.08058022, 5.283851, 0, 0.0411809286887501399874977573, 1919.455, -679.3352, -2.629443, 0.0166641, 0.1456619, 95.97935, 1.845477, 1.454142, 8.815194
 
33.58037, -0.01018204, -0.08068197, 5.27996, 0, 0.0412612727943550725870017573, 1916.765, -679.3352, -2.629443, 0.0166641, 0.1456619, 95.9155, 1.845477, 1.454142, 8.815194
 
33.59037, -0.01019191, -0.08078379, 5.276073, 0, 0.041344035636123592101702, 1914.08, -679.3352, -2.629443, 0.0166641, 0.1456619, 95.85171, 1.845477, 1.454142, 8.815194
 
33.60037, -0.01020251, -0.08088571, 5.272191, 0, 0.041427438216080195892003, 1911.401, -679.3352, -2.629443, 0.0166641, 0.1456619, 95.788, 1.845477, 1.454142, 8.815194
 
33.61037, -0.01021012, -0.08098774, 5.268315, 0, 0.0415088690002514259482472427, 1908.727, -679.3352, -2.629443, 0.0166641, 0.1456619, 95.72437, 1.845477, 1.454142, 8.815194
 
33.62037, -0.01021932, -0.08108984, 5.264443, 0, 0.041591544206651527464681, 1906.057, -679.3352, -2.629443, 0.0166641, 0.1456619, 95.66079, 1.845477, 1.454142, 8.815194
 
33.63036, -0.01022931, -0.08119203, 5.260576, 0, 0.0416749029689239222558487573, 1903.393, -679.3352, -2.629443, 0.0166641, 0.1456619, 95.59729, 1.845477, 1.454142, 8.815194
 
33.64036, -0.01023584, -0.08129433, 5.256715, 0, 0.041755939393938060038208, 1900.734, -679.3352, -2.629443, 0.0166641, 0.1456619, 95.53386, 1.845477, 1.454142, 8.815194
 
33.65036, -0.01024327, -0.08139668, 5.252859, 0, 0.0418377294831189100065887573, 1898.079, -679.3352, -2.629443, 0.0166641, 0.1456619, 95.4705, 1.845477, 1.454142, 8.815194
 
33.66036, -0.01025155, -0.08149911, 5.249008, 0, 0.0419202294187827889740672427, 1895.431, -679.3352, -2.629443, 0.0166641, 0.1456619, 95.40724, 1.845477, 1.454142, 8.815194
 
33.67036, -0.01025985, -0.08160163, 5.245163, 0, 0.0420028608074986814913677573, 1892.789, -679.3352, -2.629443, 0.0166641, 0.1456619, 95.34405, 1.845477, 1.454142, 8.815194
 
33.68036, -0.01026849, -0.08170423, 5.241323, 0, 0.042085860264761456370399, 1890.151, -679.3352, -2.629443, 0.0166641, 0.1456619, 95.28092, 1.845477, 1.454142, 8.815194
 
33.69035, -0.01027842, -0.08180691, 5.237487, 0, 0.042169928873516704889928, 1887.517, -679.3352, -2.629443, 0.0166641, 0.1456619, 95.21786, 1.845477, 1.454142, 8.815194
 
33.70035, -0.01028798, -0.08190969, 5.233659, 0, 0.042253848502145940772656, 1884.89, -679.3352, -2.629443, 0.0166641, 0.1456619, 95.15488, 1.845477, 1.454142, 8.815194
 
33.71035, -0.01029548, -0.08201257, 5.229834, 0, 0.0423364185461041510160537573, 1882.267, -679.3352, -2.629443, 0.0166641, 0.1456619, 95.09196, 1.845477, 1.454142, 8.815194
 
33.72035, -0.01030418, -0.08211552, 5.226014, 0, 0.04241998763326050362403, 1879.649, -679.3352, -2.629443, 0.0166641, 0.1456619, 95.02911, 1.845477, 1.454142, 8.815194
 
33.73035, -0.01031342, -0.08221857, 5.222199, 0, 0.0425040474784790155061742427, 1877.036, -679.3352, -2.629443, 0.0166641, 0.1456619, 94.96635, 1.845477, 1.454142, 8.815194
 
33.74035, -0.01031943, -0.0823217, 5.218391, 0, 0.042585898912417635383826, 1874.43, -679.3352, -2.629443, 0.0166641, 0.1456619, 94.90368, 1.845477, 1.454142, 8.815194
 
33.75034, -0.01032877, -0.08242489, 5.214587, 0, 0.04267027424496173344971, 1871.828, -679.3352, -2.629443, 0.0166641, 0.1456619, 94.84107, 1.845477, 1.454142, 8.815194
 
33.76034, -0.01033948, -0.08252818, 5.21079, 0, 0.042755762546682514155225, 1869.232, -679.3352, -2.629443, 0.0166641, 0.1456619, 94.77855, 1.845477, 1.454142, 8.815194
 
33.77034, -0.01034613, -0.08263157, 5.206995, 0, 0.0428384552801562642171647573, 1866.64, -679.3352, -2.629443, 0.0166641, 0.1456619, 94.71609, 1.845477, 1.454142, 8.815194
 
33.78034, -0.01035454, -0.08273503, 5.203209, 0, 0.042922523888911600372062, 1864.053, -679.3352, -2.629443, 0.0166641, 0.1456619, 94.6537, 1.845477, 1.454142, 8.815194
 
33.79034, -0.01036387, -0.08283858, 5.199427, 0, 0.043007389979517857712114, 1861.473, -679.3352, -2.629443, 0.0166641, 0.1456619, 94.59139, 1.845477, 1.454142, 8.815194
 
33.80033, -0.01037001, -0.08294222, 5.195647, 0, 0.0430900651859179592285477573, 1858.895, -679.3352, -2.629443, 0.0166641, 0.1456619, 94.52915, 1.845477, 1.454142, 8.815194
 
33.81033, -0.01037675, -0.08304591, 5.191876, 0, 0.043173292495138165199157, 1856.324, -679.3352, -2.629443, 0.0166641, 0.1456619, 94.46698, 1.845477, 1.454142, 8.815194
 
33.82033, -0.01038481, -0.08314968, 5.188108, 0, 0.043257580192314020537511, 1853.758, -679.3352, -2.629443, 0.0166641, 0.1456619, 94.40489, 1.845477, 1.454142, 8.815194
 
33.83033, -0.01039021, -0.08325353, 5.184348, 0, 0.0433400538373673390513622427, 1851.198, -679.3352, -2.629443, 0.0166641, 0.1456619, 94.34289, 1.845477, 1.454142, 8.815194
 
33.84033, -0.01039864, -0.08335743, 5.180593, 0, 0.0434248410561421779366372427, 1848.643, -679.3352, -2.629443, 0.0166641, 0.1456619, 94.28096, 1.845477, 1.454142, 8.815194
 
33.85033, -0.01040683, -0.08346142, 5.176841, 0, 0.0435095756936960711853942427, 1846.092, -679.3352, -2.629443, 0.0166641, 0.1456619, 94.2191, 1.845477, 1.454142, 8.815194
 
33.86032, -0.01041682, -0.08356549, 5.173095, 0, 0.043595756314825881803028, 1843.546, -679.3352, -2.629443, 0.0166641, 0.1456619, 94.15732, 1.845477, 1.454142, 8.815194
 
33.87032, -0.01042337, -0.08366966, 5.169354, 0, 0.043679526963329105048955, 1841.006, -679.3352, -2.629443, 0.0166641, 0.1456619, 94.09561, 1.845477, 1.454142, 8.815194
 
33.88032, -0.01043089, -0.08377389, 5.165619, 0, 0.043764147674904282751923, 1838.471, -679.3352, -2.629443, 0.0166641, 0.1456619, 94.03397, 1.845477, 1.454142, 8.815194
 
33.89032, -0.01043907, -0.0838782, 5.16189, 0, 0.0438493467799097748212207573, 1835.941, -679.3352, -2.629443, 0.0166641, 0.1456619, 93.97241, 1.845477, 1.454142, 8.815194
 
33.90032, -0.01044501, -0.08398259, 5.158164, 0, 0.043933038556581667247739, 1833.415, -679.3352, -2.629443, 0.0166641, 0.1456619, 93.91092, 1.845477, 1.454142, 8.815194
 
33.91032, -0.01045081, -0.08408704, 5.154447, 0, 0.044016712806179823493383, 1830.896, -679.3352, -2.629443, 0.0166641, 0.1456619, 93.84952, 1.845477, 1.454142, 8.815194
 
33.92031, -0.01046049, -0.08419155, 5.150733, 0, 0.044103357894761408202294, 1828.382, -679.3352, -2.629443, 0.0166641, 0.1456619, 93.78821, 1.845477, 1.454142, 8.815194
 
33.93031, -0.0104671, -0.08429615, 5.147025, 0, 0.04418785591682104608672, 1825.872, -679.3352, -2.629443, 0.0166641, 0.1456619, 93.72697, 1.845477, 1.454142, 8.815194
 
33.94031, -0.01047475, -0.08440083, 5.143322, 0, 0.0442732478196368474273202427, 1823.368, -679.3352, -2.629443, 0.0166641, 0.1456619, 93.66579, 1.845477, 1.454142, 8.815194
 
33.95031, -0.01048273, -0.08450557, 5.139624, 0, 0.0443590077909991805881782427, 1820.868, -679.3352, -2.629443, 0.0166641, 0.1456619, 93.60468, 1.845477, 1.454142, 8.815194
 
33.96031, -0.01049145, -0.0846104, 5.135931, 0, 0.044445425027623246570143, 1818.373, -679.3352, -2.629443, 0.0166641, 0.1456619, 93.54366, 1.845477, 1.454142, 8.815194
 
33.97031, -0.01049747, -0.08471531, 5.132244, 0, 0.0445299581038300939102127573, 1815.884, -679.3352, -2.629443, 0.0166641, 0.1456619, 93.48271, 1.845477, 1.454142, 8.815194
 
33.9803, -0.01050435, -0.08482029, 5.12856, 0, 0.044615244844204003977777, 1813.399, -679.3352, -2.629443, 0.0166641, 0.1456619, 93.42183, 1.845477, 1.454142, 8.815194
 
33.9903, -0.01051183, -0.08492533, 5.124885, 0, 0.044701092450934579866165, 1810.92, -679.3352, -2.629443, 0.0166641, 0.1456619, 93.36103, 1.845477, 1.454142, 8.815194
 
34.0003, -0.01051681, -0.08503045, 5.121213, 0, 0.0447851785867634769312, 1808.446, -679.3352, -2.629443, 0.0166641, 0.1456619, 93.30032, 1.845477, 1.454142, 8.815194
 
34.0103, -0.0105242, -0.08513562, 5.117548, 0, 0.0448711664100831535482677573, 1805.977, -679.3352, -2.629443, 0.0166641, 0.1456619, 93.23969, 1.845477, 1.454142, 8.815194
 
34.0203, -0.010533, -0.08524086, 5.113886, 0, 0.0449583285473373703496057573, 1803.513, -679.3352, -2.629443, 0.0166641, 0.1456619, 93.17913, 1.845477, 1.454142, 8.815194
 
34.0303, -0.01054187, -0.08534618, 5.110232, 0, 0.045045665955328160241372, 1801.054, -679.3352, -2.629443, 0.0166641, 0.1456619, 93.11864, 1.845477, 1.454142, 8.815194
 
34.04029, -0.01054778, -0.0854516, 5.106582, 0, 0.04513090011448103703705, 1798.6, -679.3352, -2.629443, 0.0166641, 0.1456619, 93.05824, 1.845477, 1.454142, 8.815194
 
34.05029, -0.01055513, -0.08555708, 5.102936, 0, 0.0452173348781787515645207573, 1796.151, -679.3352, -2.629443, 0.0166641, 0.1456619, 92.9979, 1.845477, 1.454142, 8.815194
 
34.06029, -0.01056308, -0.08566263, 5.099298, 0, 0.0453043217446964829107987573, 1793.707, -679.3352, -2.629443, 0.0166641, 0.1456619, 92.93765, 1.845477, 1.454142, 8.815194
 
34.07029, -0.01056795, -0.08576827, 5.095665, 0, 0.045389100199934585158689, 1791.269, -679.3352, -2.629443, 0.0166641, 0.1456619, 92.87749, 1.845477, 1.454142, 8.815194
 
34.08029, -0.01057641, -0.08587395, 5.092037, 0, 0.045476691750493191324924, 1788.836, -679.3352, -2.629443, 0.0166641, 0.1456619, 92.81741, 1.845477, 1.454142, 8.815194
 
34.09029, -0.01058531, -0.08597971, 5.088414, 0, 0.0455647302414299230369302427, 1786.408, -679.3352, -2.629443, 0.0166641, 0.1456619, 92.75741, 1.845477, 1.454142, 8.815194
 
34.10028, -0.01059129, -0.08608556, 5.084797, 0, 0.045650683010602302562986, 1783.984, -679.3352, -2.629443, 0.0166641, 0.1456619, 92.69748, 1.845477, 1.454142, 8.815194
 
34.11028, -0.01059773, -0.08619147, 5.081184, 0, 0.045737109010763280453072, 1781.566, -679.3352, -2.629443, 0.0166641, 0.1456619, 92.63762, 1.845477, 1.454142, 8.815194
 
34.12028, -0.0106055, -0.08629744, 5.077577, 0, 0.0458246392165642043454042427, 1779.152, -679.3352, -2.629443, 0.0166641, 0.1456619, 92.57784, 1.845477, 1.454142, 8.815194
 
34.13028, -0.01061359, -0.0864035, 5.073976, 0, 0.0459125287273746605145047573, 1776.744, -679.3352, -2.629443, 0.0166641, 0.1456619, 92.51814, 1.845477, 1.454142, 8.815194
 
34.14028, -0.01061927, -0.08650963, 5.070379, 0, 0.0459987005849677344947537573, 1774.34, -679.3352, -2.629443, 0.0166641, 0.1456619, 92.4585, 1.845477, 1.454142, 8.815194
 
34.15028, -0.01062497, -0.08661582, 5.066789, 0, 0.0460850038956131725662977573, 1771.941, -679.3352, -2.629443, 0.0166641, 0.1456619, 92.39895, 1.845477, 1.454142, 8.815194
 
34.16027, -0.01063168, -0.08672208, 5.063203, 0, 0.046172157269330652730251, 1769.548, -679.3352, -2.629443, 0.0166641, 0.1456619, 92.3395, 1.845477, 1.454142, 8.815194
 
34.17027, -0.01063847, -0.0868284, 5.059625, 0, 0.046259485913784530713896, 1767.161, -679.3352, -2.629443, 0.0166641, 0.1456619, 92.28013, 1.845477, 1.454142, 8.815194
 
34.18027, -0.01064543, -0.08693478, 5.05605, 0, 0.0463470687008062249720097573, 1764.777, -679.3352, -2.629443, 0.0166641, 0.1456619, 92.22083, 1.845477, 1.454142, 8.815194
 
34.19027, -0.01065325, -0.08704124, 5.052482, 0, 0.046435396388458157684865, 1762.399, -679.3352, -2.629443, 0.0166641, 0.1456619, 92.16161, 1.845477, 1.454142, 8.815194
 
34.20027, -0.01065838, -0.08714777, 5.048918, 0, 0.0465217960980085751213237573, 1760.026, -679.3352, -2.629443, 0.0166641, 0.1456619, 92.10247, 1.845477, 1.454142, 8.815194
 
34.21027, -0.01066389, -0.08725435, 5.045361, 0, 0.0466085814031793481942827573, 1757.658, -679.3352, -2.629443, 0.0166641, 0.1456619, 92.0434, 1.845477, 1.454142, 8.815194
 
34.22026, -0.0106701, -0.08736099, 5.041806, 0, 0.046696006446538380813579, 1755.294, -679.3352, -2.629443, 0.0166641, 0.1456619, 91.9844, 1.845477, 1.454142, 8.815194
 
34.23026, -0.01067672, -0.08746769, 5.03826, 0, 0.046783852139664890889651, 1752.936, -679.3352, -2.629443, 0.0166641, 0.1456619, 91.92549, 1.845477, 1.454142, 8.815194
 
34.24026, -0.01068068, -0.08757446, 5.034716, 0, 0.04686976109115323668731, 1750.582, -679.3352, -2.629443, 0.0166641, 0.1456619, 91.86665, 1.845477, 1.454142, 8.815194
 
34.25026, -0.01068556, -0.08768126, 5.03118, 0, 0.046956449997418942759986, 1748.234, -679.3352, -2.629443, 0.0166641, 0.1456619, 91.80791, 1.845477, 1.454142, 8.815194
 
34.26026, -0.01069357, -0.08778812, 5.02765, 0, 0.047045671565826863658279, 1745.891, -679.3352, -2.629443, 0.0166641, 0.1456619, 91.74926, 1.845477, 1.454142, 8.815194
 
34.27026, -0.01069927, -0.08789506, 5.024126, 0, 0.0471332017716277875506112427, 1743.553, -679.3352, -2.629443, 0.0166641, 0.1456619, 91.69068, 1.845477, 1.454142, 8.815194
 
34.28025, -0.01070506, -0.08800205, 5.020605, 0, 0.04722091601170184590002, 1741.22, -679.3352, -2.629443, 0.0166641, 0.1456619, 91.63217, 1.845477, 1.454142, 8.815194
 
34.29025, -0.0107119, -0.0881091, 5.017089, 0, 0.0473095679502161014339997573, 1738.891, -679.3352, -2.629443, 0.0166641, 0.1456619, 91.57374, 1.845477, 1.454142, 8.815194
 
34.30025, -0.01071887, -0.08821622, 5.013581, 0, 0.0473984039230037543311607573, 1736.568, -679.3352, -2.629443, 0.0166641, 0.1456619, 91.5154, 1.845477, 1.454142, 8.815194
 
34.31025, -0.01072355, -0.08832341, 5.010078, 0, 0.04748557482379488304062, 1734.249, -679.3352, -2.629443, 0.0166641, 0.1456619, 91.45712, 1.845477, 1.454142, 8.815194
 
34.32025, -0.01072883, -0.08843064, 5.006578, 0, 0.0475733065909427652062712427, 1731.935, -679.3352, -2.629443, 0.0166641, 0.1456619, 91.39893, 1.845477, 1.454142, 8.815194
 
34.33025, -0.01073474, -0.08853793, 5.003085, 0, 0.0476616255150576107402687573, 1729.627, -679.3352, -2.629443, 0.0166641, 0.1456619, 91.34083, 1.845477, 1.454142, 8.815194
 
34.34024, -0.0107394, -0.08864528, 5, 0, 0.047752214195210205823398, 1727.324, -679.3352, -2.629443, 0.0166641, 0.1456619, 91.28282, 1.845477, 1.454142, 8.815194
 
34.35024, -0.0107103, -0.08875267, 5, 0, 0.047840769734819481992463, 1725.025, -679.3352, -2.629443, 0.0166641, 0.1456619, 91.22488, 1.845477, 1.454142, 8.815194
 
34.36024, -0.01068216, -0.08885977, 5, 0, 0.0479300438844484361626422427, 1722.732, -679.3352, -2.629443, 0.0166641, 0.1456619, 91.16702, 1.845477, 1.454142, 8.815194
 
34.37024, -0.01065463, -0.08896659, 5, 0, 0.0480197825015289891533622427, 1720.443, -679.3352, -2.629443, 0.0166641, 0.1456619, 91.10925, 1.845477, 1.454142, 8.815194
 
34.38024, -0.01062502, -0.08907314, 5, 0, 0.0481078648101497545937652427, 1718.159, -679.3352, -2.629443, 0.0166641, 0.1456619, 91.05156, 1.845477, 1.454142, 8.815194
 
34.39024, -0.01059544, -0.08917939, 5, 0, 0.0481959295916966962179257573, 1715.88, -679.3352, -2.629443, 0.0166641, 0.1456619, 90.99393, 1.845477, 1.454142, 8.815194
 
34.40023, -0.01056744, -0.08928534, 5, 0, 0.048285212504862474660858, 1713.606, -679.3352, -2.629443, 0.0166641, 0.1456619, 90.93639, 1.845477, 1.454142, 8.815194
 
34.41023, -0.01054063, -0.08939102, 5, 0, 0.048375398062321065561981, 1711.337, -679.3352, -2.629443, 0.0166641, 0.1456619, 90.87893, 1.845477, 1.454142, 8.815194
 
34.42023, -0.01051158, -0.08949642, 5, 0, 0.0484637958582674171861237573, 1709.073, -679.3352, -2.629443, 0.0166641, 0.1456619, 90.82156, 1.845477, 1.454142, 8.815194
 
34.43023, -0.01048567, -0.08960153, 5, 0, 0.0485546299174510042709687573, 1706.814, -679.3352, -2.629443, 0.0166641, 0.1456619, 90.76428, 1.845477, 1.454142, 8.815194
 
34.44023, -0.01046077, -0.08970639, 5, 0, 0.048646235167875214993446, 1704.561, -679.3352, -2.629443, 0.0166641, 0.1456619, 90.70709, 1.845477, 1.454142, 8.815194
 
34.45023, -0.01043359, -0.089811, 5, 0, 0.04873604389325036216619, 1702.312, -679.3352, -2.629443, 0.0166641, 0.1456619, 90.64997, 1.845477, 1.454142, 8.815194
 
34.46022, -0.01040742, -0.08991534, 5, 0, 0.0488266325734029572493192427, 1700.067, -679.3352, -2.629443, 0.0166641, 0.1456619, 90.59293, 1.845477, 1.454142, 8.815194
 
34.47022, -0.01038271, -0.09001941, 5, 0, 0.0489183692768792691569867573, 1697.828, -679.3352, -2.629443, 0.0166641, 0.1456619, 90.53596, 1.845477, 1.454142, 8.815194
 
34.48022, -0.01035951, -0.09012324, 5, 0, 0.0490112715307535598822762427, 1695.594, -679.3352, -2.629443, 0.0166641, 0.1456619, 90.47909, 1.845477, 1.454142, 8.815194
 
34.49022, -0.01033373, -0.09022683, 5, 0, 0.0491021494076210930601497573, 1693.363, -679.3352, -2.629443, 0.0166641, 0.1456619, 90.42229, 1.845477, 1.454142, 8.815194
 
34.50022, -0.01030945, -0.09033017, 5, 0, 0.04919420159842334169303, 1691.138, -679.3352, -2.629443, 0.0166641, 0.1456619, 90.36556, 1.845477, 1.454142, 8.815194
 
34.51022, -0.01028633, -0.09043326, 5, 0, 0.049287138906444754238595, 1688.919, -679.3352, -2.629443, 0.0166641, 0.1456619, 90.30894, 1.845477, 1.454142, 8.815194
 
34.52021, -0.01026615, -0.09053613, 5, 0, 0.049382451132945544700223, 1686.704, -679.3352, -2.629443, 0.0166641, 0.1456619, 90.2524, 1.845477, 1.454142, 8.815194
 
34.53021, -0.01024487, -0.09063879, 5, 0, 0.049476869478690259341045, 1684.495, -679.3352, -2.629443, 0.0166641, 0.1456619, 90.19595, 1.845477, 1.454142, 8.815194
 
34.54021, -0.01022458, -0.09074123, 5, 0, 0.049572102833359631347896, 1682.29, -679.3352, -2.629443, 0.0166641, 0.1456619, 90.13957, 1.845477, 1.454142, 8.815194
 
34.55021, -0.0102062, -0.09084348, 5, 0, 0.0496689048611204605421657573, 1680.089, -679.3352, -2.629443, 0.0166641, 0.1456619, 90.08328, 1.845477, 1.454142, 8.815194
 
34.56021, -0.01018499, -0.09094554, 5, 0, 0.049763437132843978364145, 1677.894, -679.3352, -2.629443, 0.0166641, 0.1456619, 90.02707, 1.845477, 1.454142, 8.815194
 
34.57021, -0.01016556, -0.09104739, 5, 0, 0.049859406624606589282248, 1675.704, -679.3352, -2.629443, 0.0166641, 0.1456619, 89.97094, 1.845477, 1.454142, 8.815194
 
34.5802, -0.01014754, -0.09114905, 5, 0, 0.0499565679573772136593907573, 1673.517, -679.3352, -2.629443, 0.0166641, 0.1456619, 89.91488, 1.845477, 1.454142, 8.815194
 
34.5902, -0.01013072, -0.09125052, 5, 0, 0.0500546932791986833101, 1671.337, -679.3352, -2.629443, 0.0166641, 0.1456619, 89.85891, 1.845477, 1.454142, 8.815194
 
34.6002, -0.01011231, -0.09135183, 5, 0, 0.0501515566517172824136407573, 1669.161, -679.3352, -2.629443, 0.0166641, 0.1456619, 89.80305, 1.845477, 1.454142, 8.815194
 
34.6102, -0.0100976, -0.09145296, 5, 0, 0.05025143468090360661495, 1666.991, -679.3352, -2.629443, 0.0166641, 0.1456619, 89.74726, 1.845477, 1.454142, 8.815194
 
34.6202, -0.01008413, -0.09155393, 5, 0, 0.050352364334508755911251, 1664.825, -679.3352, -2.629443, 0.0166641, 0.1456619, 89.69157, 1.845477, 1.454142, 8.815194
 
34.6302, -0.01006894, -0.09165478, 5, 0, 0.050451953166979791476343, 1662.665, -679.3352, -2.629443, 0.0166641, 0.1456619, 89.63596, 1.845477, 1.454142, 8.815194
 
34.64019, -0.01005516, -0.09175546, 5, 0, 0.050552742603995752408596, 1660.508, -679.3352, -2.629443, 0.0166641, 0.1456619, 89.58041, 1.845477, 1.454142, 8.815194
 
34.65019, -0.01004373, -0.09185602, 5, 0, 0.050655512600333998983027, 1658.357, -679.3352, -2.629443, 0.0166641, 0.1456619, 89.52496, 1.845477, 1.454142, 8.815194
 
34.66019, -0.01003345, -0.09195645, 5, 0, 0.0507592728763334760139152427, 1656.21, -679.3352, -2.629443, 0.0166641, 0.1456619, 89.46959, 1.845477, 1.454142, 8.815194
 
34.67019, -0.01002124, -0.09205679, 5, 0, 0.050861517060462178587798, 1654.068, -679.3352, -2.629443, 0.0166641, 0.1456619, 89.4143, 1.845477, 1.454142, 8.815194
 
34.68019, -0.01001095, -0.092157, 5, 0, 0.050965382498903459256354, 1651.932, -679.3352, -2.629443, 0.0166641, 0.1456619, 89.35911, 1.845477, 1.454142, 8.815194
 
34.69019, -0.01000361, -0.0922571, 5, 0, 0.0510717367818029210221302427, 1649.801, -679.3352, -2.629443, 0.0166641, 0.1456619, 89.30402, 1.845477, 1.454142, 8.815194
 
34.70018, -0.009994798, -0.09235714, 5, 0, 0.051176960568451876332033, 1647.675, -679.3352, -2.629443, 0.0166641, 0.1456619, 89.24901, 1.845477, 1.454142, 8.815194
 
34.71018, -0.009988001, -0.09245709, 5, 0, 0.051283945826002598100657, 1645.553, -679.3352, -2.629443, 0.0166641, 0.1456619, 89.19408, 1.845477, 1.454142, 8.815194
 
34.72018, -0.0099821, -0.09255698, 5, 0, 0.051391763619551625780816, 1643.435, -679.3352, -2.629443, 0.0166641, 0.1456619, 89.13921, 1.845477, 1.454142, 8.815194
 
34.73018, -0.009978081, -0.0926568, 5, 0, 0.0515012201944868801011542427, 1641.323, -679.3352, -2.629443, 0.0166641, 0.1456619, 89.08445, 1.845477, 1.454142, 8.815194
 
34.74018, -0.009971804, -0.09275658, 5, 0, 0.0516089240620570169647877573, 1639.216, -679.3352, -2.629443, 0.0166641, 0.1456619, 89.02977, 1.845477, 1.454142, 8.815194
 
34.75018, -0.009968285, -0.0928563, 5, 0, 0.051719029138717267468848, 1637.112, -679.3352, -2.629443, 0.0166641, 0.1456619, 88.97517, 1.845477, 1.454142, 8.815194
 
34.76017, -0.009965636, -0.09295598, 5, 0, 0.0518299755149124728864597573, 1635.014, -679.3352, -2.629443, 0.0166641, 0.1456619, 88.92064, 1.845477, 1.454142, 8.815194
 
34.77017, -0.009964383, -0.09305564, 5, 0, 0.051942166313336900305734, 1632.92, -679.3352, -2.629443, 0.0166641, 0.1456619, 88.8662, 1.845477, 1.454142, 8.815194
 
34.78017, -0.009961664, -0.09315528, 5, 0, 0.052053244142584557450009, 1630.833, -679.3352, -2.629443, 0.0166641, 0.1456619, 88.81188, 1.845477, 1.454142, 8.815194
 
34.79017, -0.009962589, -0.09325489, 5, 0, 0.052167485608625777058117, 1628.75, -679.3352, -2.629443, 0.0166641, 0.1456619, 88.75764, 1.845477, 1.454142, 8.815194
 
34.80017, -0.009964667, -0.09335452, 5, 0, 0.0522828225167701183957182427, 1626.671, -679.3352, -2.629443, 0.0166641, 0.1456619, 88.70348, 1.845477, 1.454142, 8.815194
 
34.81017, -0.009965396, -0.09345417, 5, 0, 0.052397195435863614459753, 1624.598, -679.3352, -2.629443, 0.0166641, 0.1456619, 88.64941, 1.845477, 1.454142, 8.815194
 
34.82016, -0.009967619, -0.09355382, 5, 0, 0.0525129442302386966167452427, 1622.529, -679.3352, -2.629443, 0.0166641, 0.1456619, 88.59542, 1.845477, 1.454142, 8.815194
 
34.83016, -0.009971427, -0.09365349, 5, 0, 0.052630174062336905598258, 1620.465, -679.3352, -2.629443, 0.0166641, 0.1456619, 88.5415, 1.845477, 1.454142, 8.815194
 
34.84016, -0.009976283, -0.0937532, 5, 0, 0.052748437991780466399993, 1618.405, -679.3352, -2.629443, 0.0166641, 0.1456619, 88.48769, 1.845477, 1.454142, 8.815194
 
34.85016, -0.009979842, -0.09385297, 5, 0, 0.052865808040467951380922, 1616.35, -679.3352, -2.629443, 0.0166641, 0.1456619, 88.43395, 1.845477, 1.454142, 8.815194
 
34.86016, -0.009984594, -0.09395277, 5, 0, 0.052984326112479416092494, 1614.3, -679.3352, -2.629443, 0.0166641, 0.1456619, 88.38029, 1.845477, 1.454142, 8.815194
 
34.87016, -0.009991152, -0.09405261, 5, 0, 0.053104509256487492627136, 1612.255, -679.3352, -2.629443, 0.0166641, 0.1456619, 88.32674, 1.845477, 1.454142, 8.815194
 
34.88015, -0.01000048, -0.09415253, 5, 0, 0.053227172481416838350877, 1610.216, -679.3352, -2.629443, 0.0166641, 0.1456619, 88.27329, 1.845477, 1.454142, 8.815194
 
34.89015, -0.01000821, -0.09425253, 5, 0, 0.0533486964465591162520962427, 1608.181, -679.3352, -2.629443, 0.0166641, 0.1456619, 88.21992, 1.845477, 1.454142, 8.815194
 
34.90015, -0.01001782, -0.09435261, 5, 0, 0.053471999409676546251438, 1606.15, -679.3352, -2.629443, 0.0166641, 0.1456619, 88.16663, 1.845477, 1.454142, 8.815194
 
34.91015, -0.0100287, -0.09445279, 5, 0, 0.053596581849170407708086, 1604.125, -679.3352, -2.629443, 0.0166641, 0.1456619, 88.11343, 1.845477, 1.454142, 8.815194
 
34.92015, -0.010038, -0.09455308, 5, 0, 0.0537200162653402017987227573, 1602.104, -679.3352, -2.629443, 0.0166641, 0.1456619, 88.06032, 1.845477, 1.454142, 8.815194
 
34.93015, -0.01004806, -0.09465346, 5, 0, 0.0538443270351926860707642427, 1600.087, -679.3352, -2.629443, 0.0166641, 0.1456619, 88.00729, 1.845477, 1.454142, 8.815194
 
34.94014, -0.01005988, -0.09475394, 5, 0, 0.0539702941135047826223862427, 1598.076, -679.3352, -2.629443, 0.0166641, 0.1456619, 87.95433, 1.845477, 1.454142, 8.815194
 
34.95014, -0.01007248, -0.09485453, 5, 0, 0.0540971463090359554513247573, 1596.069, -679.3352, -2.629443, 0.0166641, 0.1456619, 87.90148, 1.845477, 1.454142, 8.815194
 
34.96014, -0.0100841, -0.09495526, 5, 0, 0.0542233675299159559127837573, 1594.068, -679.3352, -2.629443, 0.0166641, 0.1456619, 87.84873, 1.845477, 1.454142, 8.815194
 
34.97014, -0.01009852, -0.0950561, 5, 0, 0.054352217811843325835511, 1592.07, -679.3352, -2.629443, 0.0166641, 0.1456619, 87.79604, 1.845477, 1.454142, 8.815194
 
34.98014, -0.01011261, -0.09515709, 5, 0, 0.0544809892219391020327247573, 1590.078, -679.3352, -2.629443, 0.0166641, 0.1456619, 87.74345, 1.845477, 1.454142, 8.815194
 
34.99014, -0.01012981, -0.09525821, 5, 0, 0.054612617545039766418153, 1588.091, -679.3352, -2.629443, 0.0166641, 0.1456619, 87.69097, 1.845477, 1.454142, 8.815194
 
35.00013, -0.01014462, -0.09535951, 5, 0, 0.054742466870165015799354, 1586.109, -679.3352, -2.629443, 0.0166641, 0.1456619, 87.63857, 1.845477, 1.454142, 8.815194
 
35.01013, -0.01016134, -0.09546096, 5, 0, 0.0548742091192442204598347573, 1584.13, -679.3352, -2.629443, 0.0166641, 0.1456619, 87.58624, 1.845477, 1.454142, 8.815194
 
35.02013, -0.01017857, -0.09556257, 5, 0, 0.0550065998700486842101422427, 1582.157, -679.3352, -2.629443, 0.0166641, 0.1456619, 87.53402, 1.845477, 1.454142, 8.815194
 
35.03013, -0.01019442, -0.09566435, 5, 0, 0.055138052922412687869774, 1580.189, -679.3352, -2.629443, 0.0166641, 0.1456619, 87.48188, 1.845477, 1.454142, 8.815194
 
35.04013, -0.01021119, -0.0957663, 5, 0, 0.055270548835658867622381, 1578.225, -679.3352, -2.629443, 0.0166641, 0.1456619, 87.42982, 1.845477, 1.454142, 8.815194
 
35.05013, -0.01022939, -0.09586841, 5, 0, 0.055404543313701998015751, 1576.266, -679.3352, -2.629443, 0.0166641, 0.1456619, 87.37785, 1.845477, 1.454142, 8.815194
 
35.06012, -0.01024794, -0.09597071, 5, 0, 0.0555390723674913214116857573, 1574.311, -679.3352, -2.629443, 0.0166641, 0.1456619, 87.32597, 1.845477, 1.454142, 8.815194
 
35.07012, -0.01026464, -0.09607319, 5, 0, 0.055672243073073057801642, 1572.362, -679.3352, -2.629443, 0.0166641, 0.1456619, 87.2742, 1.845477, 1.454142, 8.815194
 
35.08012, -0.0102841, -0.09617583, 5, 0, 0.05580804283970198838213, 1570.418, -679.3352, -2.629443, 0.0166641, 0.1456619, 87.22252, 1.845477, 1.454142, 8.815194
 
35.09012, -0.01030473, -0.09627867, 5, 0, 0.0559451045556337018744182427, 1568.478, -679.3352, -2.629443, 0.0166641, 0.1456619, 87.17093, 1.845477, 1.454142, 8.815194
 
35.10012, -0.01032307, -0.09638172, 5, 0, 0.0560804661454214188172562427, 1566.543, -679.3352, -2.629443, 0.0166641, 0.1456619, 87.11942, 1.845477, 1.454142, 8.815194
 
35.11012, -0.01034257, -0.09648495, 5, 0, 0.056217098448048567673911, 1564.613, -679.3352, -2.629443, 0.0166641, 0.1456619, 87.06801, 1.845477, 1.454142, 8.815194
 
35.12011, -0.01036322, -0.09658838, 5, 0, 0.0563549926999784118069977573, 1562.687, -679.3352, -2.629443, 0.0166641, 0.1456619, 87.01667, 1.845477, 1.454142, 8.815194
 
35.13011, -0.01038397, -0.09669201, 5, 0, 0.056493228729844577848188, 1560.766, -679.3352, -2.629443, 0.0166641, 0.1456619, 86.96543, 1.845477, 1.454142, 8.815194
 
35.14011, -0.01040302, -0.09679585, 5, 0, 0.0566302729187024675242337573, 1558.849, -679.3352, -2.629443, 0.0166641, 0.1456619, 86.91428, 1.845477, 1.454142, 8.815194
 
35.15011, -0.01042368, -0.09689988, 5, 0, 0.056768990943093968566839, 1556.937, -679.3352, -2.629443, 0.0166641, 0.1456619, 86.86321, 1.845477, 1.454142, 8.815194
 
35.16011, -0.01044443, -0.09700412, 5, 0, 0.0569080507454216162468112427, 1555.03, -679.3352, -2.629443, 0.0166641, 0.1456619, 86.81223, 1.845477, 1.454142, 8.815194
 
35.1701, -0.01046634, -0.09710856, 5, 0, 0.0570483812605886958406002427, 1553.128, -679.3352, -2.629443, 0.0166641, 0.1456619, 86.76134, 1.845477, 1.454142, 8.815194
 
35.1801, -0.01048596, -0.09721322, 5, 0, 0.057186976595464481793927, 1551.23, -679.3352, -2.629443, 0.0166641, 0.1456619, 86.71057, 1.845477, 1.454142, 8.815194
 
35.1901, -0.01050773, -0.09731808, 5, 0, 0.057327718996862302207107, 1549.338, -679.3352, -2.629443, 0.0166641, 0.1456619, 86.65988, 1.845477, 1.454142, 8.815194
 
35.2001, -0.01053055, -0.09742316, 5, 0, 0.0574696620028051356228162427, 1547.45, -679.3352, -2.629443, 0.0166641, 0.1456619, 86.60928, 1.845477, 1.454142, 8.815194
 
35.2101, -0.01055397, -0.09752847, 5, 0, 0.057612411254135626861065, 1545.567, -679.3352, -2.629443, 0.0166641, 0.1456619, 86.55878, 1.845477, 1.454142, 8.815194
 
35.2201, -0.01057507, -0.097634, 5, 0, 0.0577534165616382630922032427, 1543.688, -679.3352, -2.629443, 0.0166641, 0.1456619, 86.50835, 1.845477, 1.454142, 8.815194
 
35.23009, -0.01059673, -0.09773976, 5, 0, 0.057895193060381260054869, 1541.814, -679.3352, -2.629443, 0.0166641, 0.1456619, 86.45802, 1.845477, 1.454142, 8.815194
 
35.24009, -0.01061962, -0.09784573, 5, 0, 0.0580383454344056678397557573, 1539.944, -679.3352, -2.629443, 0.0166641, 0.1456619, 86.40778, 1.845477, 1.454142, 8.815194
 
35.25009, -0.01064262, -0.09795192, 5, 0, 0.058181865876976870351005, 1538.08, -679.3352, -2.629443, 0.0166641, 0.1456619, 86.35763, 1.845477, 1.454142, 8.815194
 
35.26009, -0.01066306, -0.09805834, 5, 0, 0.058323423287299348130214, 1536.219, -679.3352, -2.629443, 0.0166641, 0.1456619, 86.30757, 1.845477, 1.454142, 8.815194
 
35.27009, -0.01068454, -0.09816498, 5, 0, 0.058466128720945805640066, 1534.365, -679.3352, -2.629443, 0.0166641, 0.1456619, 86.25762, 1.845477, 1.454142, 8.815194
 
35.28009, -0.01070758, -0.09827182, 5, 0, 0.058610472935978402154729, 1532.515, -679.3352, -2.629443, 0.0166641, 0.1456619, 86.20777, 1.845477, 1.454142, 8.815194
 
35.29008, -0.01072826, -0.0983789, 5, 0, 0.05875302938949884702778, 1530.67, -679.3352, -2.629443, 0.0166641, 0.1456619, 86.158, 1.845477, 1.454142, 8.815194
 
35.30008, -0.01074974, -0.09848618, 5, 0, 0.0588965761226805223572882427, 1528.829, -679.3352, -2.629443, 0.0166641, 0.1456619, 86.10833, 1.845477, 1.454142, 8.815194
 
35.31008, -0.01077144, -0.09859367, 5, 0, 0.0590405785597767969638477573, 1526.992, -679.3352, -2.629443, 0.0166641, 0.1456619, 86.05874, 1.845477, 1.454142, 8.815194
 
35.32008, -0.01079366, -0.09870139, 5, 0, 0.0591853171339666610231322427, 1525.161, -679.3352, -2.629443, 0.0166641, 0.1456619, 86.00925, 1.845477, 1.454142, 8.815194
 
35.33008, -0.01081329, -0.09880932, 5, 0, 0.059328048858223503715875, 1523.334, -679.3352, -2.629443, 0.0166641, 0.1456619, 85.95985, 1.845477, 1.454142, 8.815194
 
35.34008, -0.01083356, -0.09891745, 5, 0, 0.0594717007538470703184192427, 1521.509, -679.3352, -2.629443, 0.0166641, 0.1456619, 85.91047, 1.845477, 1.454142, 8.815194
 
35.35007, -0.01085399, -0.09902579, 5, 0, 0.059615773299238026742371, 1519.689, -679.3352, -2.629443, 0.0166641, 0.1456619, 85.86118, 1.845477, 1.454142, 8.815194
 
35.36007, -0.01087466, -0.09913433, 5, 0, 0.0597603190756174938949847573, 1517.873, -679.3352, -2.629443, 0.0166641, 0.1456619, 85.81198, 1.845477, 1.454142, 8.815194
 
35.37007, -0.0108925, -0.09924308, 5, 0, 0.059902638913643771039073, 1516.062, -679.3352, -2.629443, 0.0166641, 0.1456619, 85.76287, 1.845477, 1.454142, 8.815194
 
35.38007, -0.01091061, -0.09935201, 5, 0, 0.0600454232191217346390702427, 1514.255, -679.3352, -2.629443, 0.0166641, 0.1456619, 85.71385, 1.845477, 1.454142, 8.815194
 
35.39007, -0.0109297, -0.09946112, 5, 0, 0.060189346784386678426221, 1512.453, -679.3352, -2.629443, 0.0166641, 0.1456619, 85.66492, 1.845477, 1.454142, 8.815194
 
35.40007, -0.01094863, -0.09957042, 5, 0, 0.060333314167335831212505, 1510.657, -679.3352, -2.629443, 0.0166641, 0.1456619, 85.61611, 1.845477, 1.454142, 8.815194
 
35.41006, -0.0109666, -0.0996799, 5, 0, 0.060476703156854581997091, 1508.865, -679.3352, -2.629443, 0.0166641, 0.1456619, 85.5674, 1.845477, 1.454142, 8.815194
 
35.42006, -0.01098485, -0.09978957, 5, 0, 0.060620591667972316328598, 1507.077, -679.3352, -2.629443, 0.0166641, 0.1456619, 85.51877, 1.845477, 1.454142, 8.815194
 
35.43006, -0.01100329, -0.09989942, 5, 0, 0.0607649271194681762058762427, 1505.294, -679.3352, -2.629443, 0.0166641, 0.1456619, 85.47023, 1.845477, 1.454142, 8.815194
 
35.44006, -0.01102199, -0.1000094, 5, 0, 0.060909709511341898722821, 1503.516, -679.3352, -2.629443, 0.0166641, 0.1456619, 85.42179, 1.845477, 1.454142, 8.815194
 
35.45006, -0.01103806, -0.1001197, 5, 0, 0.0610523798908409715062927573, 1501.742, -679.3352, -2.629443, 0.0166641, 0.1456619, 85.37344, 1.845477, 1.454142, 8.815194
 
35.46006, -0.01105412, -0.10023, 5, 0, 0.061195286885834474924832, 1499.973, -679.3352, -2.629443, 0.0166641, 0.1456619, 85.32518, 1.845477, 1.454142, 8.815194
 
35.47005, -0.0110704, -0.1003406, 5, 0, 0.0613386232941322800729, 1498.208, -679.3352, -2.629443, 0.0166641, 0.1456619, 85.27701, 1.845477, 1.454142, 8.815194
 
35.48005, -0.01108691, -0.1004513, 5, 0, 0.061482397879271298858618, 1496.448, -679.3352, -2.629443, 0.0166641, 0.1456619, 85.22894, 1.845477, 1.454142, 8.815194
 
35.49005, -0.01110055, -0.1005622, 5, 0, 0.061623823836541412546532, 1494.693, -679.3352, -2.629443, 0.0166641, 0.1456619, 85.18096, 1.845477, 1.454142, 8.815194
 
35.50005, -0.01111416, -0.1006732, 5, 0, 0.061765425064548011689506, 1492.942, -679.3352, -2.629443, 0.0166641, 0.1456619, 85.13307, 1.845477, 1.454142, 8.815194
 
35.51005, -0.0111282, -0.1007843, 5, 0, 0.0619076572672060461060642427, 1491.195, -679.3352, -2.629443, 0.0166641, 0.1456619, 85.08527, 1.845477, 1.454142, 8.815194
 
35.52005, -0.01114205, -0.1008956, 5, 0, 0.062049889469863905251886, 1489.454, -679.3352, -2.629443, 0.0166641, 0.1456619, 85.03757, 1.845477, 1.454142, 8.815194
 
35.53004, -0.01115323, -0.101007, 5, 0, 0.06218991326124213529932, 1487.717, -679.3352, -2.629443, 0.0166641, 0.1456619, 84.98998, 1.845477, 1.454142, 8.815194
 
35.54004, -0.01116583, -0.1011185, 5, 0, 0.0623314005632701065318732427, 1485.985, -679.3352, -2.629443, 0.0166641, 0.1456619, 84.94249, 1.845477, 1.454142, 8.815194
 
35.55004, -0.01117866, -0.1012302, 5, 0, 0.0624732997515285556777127573, 1484.258, -679.3352, -2.629443, 0.0166641, 0.1456619, 84.89509, 1.845477, 1.454142, 8.815194
 
35.56004, -0.01119167, -0.101342, 5, 0, 0.062615567008333887185283, 1482.535, -679.3352, -2.629443, 0.0166641, 0.1456619, 84.84779, 1.845477, 1.454142, 8.815194
 
35.57004, -0.01120152, -0.1014539, 5, 0, 0.06275516138640772786782, 1480.817, -679.3352, -2.629443, 0.0166641, 0.1456619, 84.80058, 1.845477, 1.454142, 8.815194
 
35.58004, -0.01121135, -0.1015659, 5, 0, 0.0628949397987547906428017573, 1479.103, -679.3352, -2.629443, 0.0166641, 0.1456619, 84.75346, 1.845477, 1.454142, 8.815194
 
35.59003, -0.01122138, -0.101678, 5, 0, 0.063035059989038175325887, 1477.393, -679.3352, -2.629443, 0.0166641, 0.1456619, 84.70643, 1.845477, 1.454142, 8.815194
 
35.60003, -0.0112314, -0.1017903, 5, 0, 0.063175355450057957828664, 1475.689, -679.3352, -2.629443, 0.0166641, 0.1456619, 84.65951, 1.845477, 1.454142, 8.815194
 
35.61003, -0.01123828, -0.1019026, 5, 0, 0.063312969268809512869023, 1473.988, -679.3352, -2.629443, 0.0166641, 0.1456619, 84.61267, 1.845477, 1.454142, 8.815194
 
35.62003, -0.01124512, -0.102015, 5, 0, 0.0634506970135398710905392427, 1472.293, -679.3352, -2.629443, 0.0166641, 0.1456619, 84.56593, 1.845477, 1.454142, 8.815194
 
35.63003, -0.01125219, -0.1021274, 5, 0, 0.063588792826816673496945, 1470.601, -679.3352, -2.629443, 0.0166641, 0.1456619, 84.51928, 1.845477, 1.454142, 8.815194
 
35.64003, -0.01125944, -0.1022399, 5, 0, 0.0637272216544927982679647573, 1468.915, -679.3352, -2.629443, 0.0166641, 0.1456619, 84.47272, 1.845477, 1.454142, 8.815194
 
35.65002, -0.01126336, -0.1023525, 5, 0, 0.063862714697332966937466, 1467.233, -679.3352, -2.629443, 0.0166641, 0.1456619, 84.42627, 1.845477, 1.454142, 8.815194
 
35.66002, -0.01126722, -0.1024652, 5, 0, 0.063998312902614939244635, 1465.555, -679.3352, -2.629443, 0.0166641, 0.1456619, 84.37991, 1.845477, 1.454142, 8.815194
 
35.67002, -0.01127131, -0.1025778, 5, 0, 0.064134217831685761098159, 1463.882, -679.3352, -2.629443, 0.0166641, 0.1456619, 84.33366, 1.845477, 1.454142, 8.815194
 
35.68002, -0.01127699, -0.1026905, 5, 0, 0.064271717724458600592729, 1462.215, -679.3352, -2.629443, 0.0166641, 0.1456619, 84.28751, 1.845477, 1.454142, 8.815194
 
35.69002, -0.01127932, -0.1028033, 5, 0, 0.0644062467782479239886637573, 1460.552, -679.3352, -2.629443, 0.0166641, 0.1456619, 84.24146, 1.845477, 1.454142, 8.815194
 
35.70002, -0.01128156, -0.1029161, 5, 0, 0.064540845940332016837359, 1458.893, -679.3352, -2.629443, 0.0166641, 0.1456619, 84.1955, 1.845477, 1.454142, 8.815194
 
35.71001, -0.01128401, -0.1030289, 5, 0, 0.064675734299131223051535, 1457.239, -679.3352, -2.629443, 0.0166641, 0.1456619, 84.14964, 1.845477, 1.454142, 8.815194
 
35.72001, -0.0112864, -0.1031418, 5, 0, 0.064810692766225023447735, 1455.589, -679.3352, -2.629443, 0.0166641, 0.1456619, 84.10387, 1.845477, 1.454142, 8.815194
 
35.73001, -0.01128544, -0.1032546, 5, 0, 0.064942654103724922562409, 1453.944, -679.3352, -2.629443, 0.0166641, 0.1456619, 84.05821, 1.845477, 1.454142, 8.815194
 
35.74001, -0.01128492, -0.1033675, 5, 0, 0.0650751412534343656776312427, 1452.303, -679.3352, -2.629443, 0.0166641, 0.1456619, 84.01263, 1.845477, 1.454142, 8.815194
 
35.75001, -0.01128438, -0.1034803, 5, 0, 0.0652076809843644915232667573, 1450.666, -679.3352, -2.629443, 0.0166641, 0.1456619, 83.96715, 1.845477, 1.454142, 8.815194
 
35.76001, -0.01128357, -0.1035932, 5, 0, 0.065340062971632043365453, 1449.035, -679.3352, -2.629443, 0.0166641, 0.1456619, 83.92176, 1.845477, 1.454142, 8.815194
 
35.77, -0.01128268, -0.103706, 5, 0, 0.0654724800130468922986512427, 1447.407, -679.3352, -2.629443, 0.0166641, 0.1456619, 83.87647, 1.845477, 1.454142, 8.815194
 
35.78, -0.01127892, -0.1038188, 5, 0, 0.065602276756951108407966, 1445.785, -679.3352, -2.629443, 0.0166641, 0.1456619, 83.83128, 1.845477, 1.454142, 8.815194
 
35.79, -0.01127515, -0.1039316, 5, 0, 0.065732108555002709243661, 1444.167, -679.3352, -2.629443, 0.0166641, 0.1456619, 83.78621, 1.845477, 1.454142, 8.815194
 
35.8, -0.01127264, -0.1040444, 5, 0, 0.0658631847752832691749137573, 1442.554, -679.3352, -2.629443, 0.0166641, 0.1456619, 83.74123, 1.845477, 1.454142, 8.815194
 
35.81, -0.01127011, -0.1041571, 5, 0, 0.065994313576784950013421, 1440.946, -679.3352, -2.629443, 0.0166641, 0.1456619, 83.69636, 1.845477, 1.454142, 8.815194
 
35.82, -0.01126468, -0.1042698, 5, 0, 0.0661227870266287009370327573, 1439.342, -679.3352, -2.629443, 0.0166641, 0.1456619, 83.65158, 1.845477, 1.454142, 8.815194
 
35.82999, -0.0112594, -0.1043824, 5, 0, 0.066251479564893233950206, 1437.742, -679.3352, -2.629443, 0.0166641, 0.1456619, 83.6069, 1.845477, 1.454142, 8.815194
 
35.83999, -0.01125361, -0.104495, 5, 0, 0.066379733926316465690361, 1436.146, -679.3352, -2.629443, 0.0166641, 0.1456619, 83.5623, 1.845477, 1.454142, 8.815194
 
35.84999, -0.01124801, -0.1046076, 5, 0, 0.0665081986126233923412197573, 1434.556, -679.3352, -2.629443, 0.0166641, 0.1456619, 83.51781, 1.845477, 1.454142, 8.815194
 
35.85999, -0.01123934, -0.10472, 5, 0, 0.066633797622388957072584, 1432.97, -679.3352, -2.629443, 0.0166641, 0.1456619, 83.47343, 1.845477, 1.454142, 8.815194
 
35.86999, -0.01123104, -0.1048324, 5, 0, 0.066759799754848350715218, 1431.388, -679.3352, -2.629443, 0.0166641, 0.1456619, 83.42913, 1.845477, 1.454142, 8.815194
 
35.87999, -0.01122223, -0.1049448, 5, 0, 0.0668853461833927945393277573, 1429.811, -679.3352, -2.629443, 0.0166641, 0.1456619, 83.38493, 1.845477, 1.454142, 8.815194
 
35.88998, -0.01121385, -0.105057, 5, 0, 0.0670113483158521881819617573, 1428.238, -679.3352, -2.629443, 0.0166641, 0.1456619, 83.34083, 1.845477, 1.454142, 8.815194
 
35.89998, -0.01120542, -0.1051691, 5, 0, 0.067137271576480251005187, 1426.669, -679.3352, -2.629443, 0.0166641, 0.1456619, 83.29683, 1.845477, 1.454142, 8.815194
 
35.90998, -0.01119385, -0.1052812, 5, 0, 0.0672602765793458310016632427, 1425.105, -679.3352, -2.629443, 0.0166641, 0.1456619, 83.25292, 1.845477, 1.454142, 8.815194
 
35.91998, -0.01118229, -0.1053931, 5, 0, 0.0673832552916008505445122427, 1423.546, -679.3352, -2.629443, 0.0166641, 0.1456619, 83.20911, 1.845477, 1.454142, 8.815194
 
35.92998, -0.01117092, -0.1055049, 5, 0, 0.067506391747518619361547, 1421.992, -679.3352, -2.629443, 0.0166641, 0.1456619, 83.16542, 1.845477, 1.454142, 8.815194
 
35.93998, -0.011161, -0.1056166, 5, 0, 0.067630886551644238090665, 1420.442, -679.3352, -2.629443, 0.0166641, 0.1456619, 83.12184, 1.845477, 1.454142, 8.815194
 
35.94997, -0.0111479, -0.1057282, 5, 0, 0.067752384226175955538257, 1418.897, -679.3352, -2.629443, 0.0166641, 0.1456619, 83.07836, 1.845477, 1.454142, 8.815194
 
35.95997, -0.01113525, -0.1058397, 5, 0, 0.067874267496327940986981, 1417.356, -679.3352, -2.629443, 0.0166641, 0.1456619, 83.03497, 1.845477, 1.454142, 8.815194
 
35.96997, -0.01112225, -0.1059511, 5, 0, 0.067995826515617428343844, 1415.819, -679.3352, -2.629443, 0.0166641, 0.1456619, 82.99168, 1.845477, 1.454142, 8.815194
 
35.97997, -0.01110925, -0.1060623, 5, 0, 0.068117350480759618609695, 1414.288, -679.3352, -2.629443, 0.0166641, 0.1456619, 82.94849, 1.845477, 1.454142, 8.815194
 
35.98997, -0.01109358, -0.1061734, 5, 0, 0.0682362892025385607780427573, 1412.76, -679.3352, -2.629443, 0.0166641, 0.1456619, 82.9054, 1.845477, 1.454142, 8.815194
 
35.99997, -0.01107809, -0.1062843, 5, 0, 0.068355368140906866581175, 1411.237, -679.3352, -2.629443, 0.0166641, 0.1456619, 82.86241, 1.845477, 1.454142, 8.815194
 
36.00996, -0.01106275, -0.1063951, 5, 0, 0.068474534714643327476469, 1409.719, -679.3352, -2.629443, 0.0166641, 0.1456619, 82.81951, 1.845477, 1.454142, 8.815194
 
36.01996, -0.01104733, -0.1065057, 5, 0, 0.0685936048894746337361117573, 1408.204, -679.3352, -2.629443, 0.0166641, 0.1456619, 82.77672, 1.845477, 1.454142, 8.815194
 
36.02996, -0.01102884, -0.1066162, 5, 0, 0.068709660407638565439459, 1406.695, -679.3352, -2.629443, 0.0166641, 0.1456619, 82.73403, 1.845477, 1.454142, 8.815194
 
36.03996, -0.01101073, -0.1067265, 5, 0, 0.068826005122517610508287, 1405.19, -679.3352, -2.629443, 0.0166641, 0.1456619, 82.69144, 1.845477, 1.454142, 8.815194
 
36.04996, -0.01099276, -0.1068366, 5, 0, 0.068942454999838546850151, 1403.688, -679.3352, -2.629443, 0.0166641, 0.1456619, 82.64893, 1.845477, 1.454142, 8.815194
 
36.05996, -0.01097502, -0.1069465, 5, 0, 0.069059010039601374465051, 1402.193, -679.3352, -2.629443, 0.0166641, 0.1456619, 82.60656, 1.845477, 1.454142, 8.815194
 
36.06995, -0.01095865, -0.1070563, 5, 0, 0.069176783210982775992618, 1400.702, -679.3352, -2.629443, 0.0166641, 0.1456619, 82.5643, 1.845477, 1.454142, 8.815194
 
36.07995, -0.01093952, -0.1071659, 5, 0, 0.069291865976559125785014, 1399.215, -679.3352, -2.629443, 0.0166641, 0.1456619, 82.52213, 1.845477, 1.454142, 8.815194
 
36.08995, -0.01092061, -0.1072753, 5, 0, 0.069407088958724663941458, 1397.732, -679.3352, -2.629443, 0.0166641, 0.1456619, 82.48006, 1.845477, 1.454142, 8.815194
 
36.09995, -0.01090187, -0.1073845, 5, 0, 0.0695223557585742358262987573, 1396.255, -679.3352, -2.629443, 0.0166641, 0.1456619, 82.43809, 1.845477, 1.454142, 8.815194
 
36.10995, -0.01088341, -0.1074935, 5, 0, 0.0696378504103813264380857573, 1394.781, -679.3352, -2.629443, 0.0166641, 0.1456619, 82.39622, 1.845477, 1.454142, 8.815194
 
36.11995, -0.01086211, -0.1076023, 5, 0, 0.069750488149183791767763, 1393.312, -679.3352, -2.629443, 0.0166641, 0.1456619, 82.35446, 1.845477, 1.454142, 8.815194
 
36.12994, -0.01084111, -0.1077109, 5, 0, 0.0698633449764066886455287573, 1391.847, -679.3352, -2.629443, 0.0166641, 0.1456619, 82.31279, 1.845477, 1.454142, 8.815194
 
36.13994, -0.01082032, -0.1078193, 5, 0, 0.0699762806754612668841762427, 1390.387, -679.3352, -2.629443, 0.0166641, 0.1456619, 82.27122, 1.845477, 1.454142, 8.815194
 
36.14994, -0.01079988, -0.1079275, 5, 0, 0.0700894880441572223074302427, 1388.931, -679.3352, -2.629443, 0.0166641, 0.1456619, 82.22974, 1.845477, 1.454142, 8.815194
 
36.15994, -0.01077951, -0.1080355, 5, 0, 0.0702026428316320568234297573, 1387.479, -679.3352, -2.629443, 0.0166641, 0.1456619, 82.18839, 1.845477, 1.454142, 8.815194
 
36.16994, -0.01075647, -0.1081433, 5, 0, 0.0703131159768388391477477573, 1386.032, -679.3352, -2.629443, 0.0166641, 0.1456619, 82.14712, 1.845477, 1.454142, 8.815194
 
36.17994, -0.01073382, -0.1082509, 5, 0, 0.070423825737539964471765, 1384.589, -679.3352, -2.629443, 0.0166641, 0.1456619, 82.10596, 1.845477, 1.454142, 8.815194
 
36.18993, -0.01071174, -0.1083582, 5, 0, 0.070534947384471742979805, 1383.152, -679.3352, -2.629443, 0.0166641, 0.1456619, 82.06492, 1.845477, 1.454142, 8.815194
 
36.19993, -0.01069095, -0.1084654, 5, 0, 0.0706471907641171160355972427, 1381.719, -679.3352, -2.629443, 0.0166641, 0.1456619, 82.02399, 1.845477, 1.454142, 8.815194
 
36.20993, -0.01066765, -0.1085723, 5, 0, 0.070756866427472801904024, 1380.291, -679.3352, -2.629443, 0.0166641, 0.1456619, 81.98316, 1.845477, 1.454142, 8.815194
 
36.21993, -0.01064465, -0.1086789, 5, 0, 0.070866726125101885135632, 1378.866, -679.3352, -2.629443, 0.0166641, 0.1456619, 81.94243, 1.845477, 1.454142, 8.815194
 
36.22993, -0.0106218, -0.1087854, 5, 0, 0.0709766296404150020956367573, 1377.446, -679.3352, -2.629443, 0.0166641, 0.1456619, 81.90179, 1.845477, 1.454142, 8.815194
 
36.23993, -0.01059971, -0.1088916, 5, 0, 0.0710871203126954329654607573, 1376.031, -679.3352, -2.629443, 0.0166641, 0.1456619, 81.86127, 1.845477, 1.454142, 8.815194
 
36.24992, -0.01057648, -0.1089976, 5, 0, 0.0711963840898204656498647573, 1374.619, -679.3352, -2.629443, 0.0166641, 0.1456619, 81.82085, 1.845477, 1.454142, 8.815194
 
36.25992, -0.01055313, -0.1091034, 5, 0, 0.071305367433767209241541, 1373.213, -679.3352, -2.629443, 0.0166641, 0.1456619, 81.78053, 1.845477, 1.454142, 8.815194
 
36.26992, -0.01052933, -0.1092089, 5, 0, 0.071413789911357111741657, 1371.811, -679.3352, -2.629443, 0.0166641, 0.1456619, 81.7403, 1.845477, 1.454142, 8.815194
 
36.27992, -0.01050538, -0.1093142, 5, 0, 0.0715219144286949013328027573, 1370.413, -679.3352, -2.629443, 0.0166641, 0.1456619, 81.70019, 1.845477, 1.454142, 8.815194
 
36.28992, -0.01048146, -0.1094192, 5, 0, 0.071629960074201447739908, 1369.019, -679.3352, -2.629443, 0.0166641, 0.1456619, 81.66017, 1.845477, 1.454142, 8.815194
 
36.29992, -0.01045712, -0.1095241, 5, 0, 0.0717374185627407678725622427, 1367.63, -679.3352, -2.629443, 0.0166641, 0.1456619, 81.62026, 1.845477, 1.454142, 8.815194
 
36.30991, -0.01043257, -0.1096286, 5, 0, 0.071844535273343766097113, 1366.245, -679.3352, -2.629443, 0.0166641, 0.1456619, 81.58045, 1.845477, 1.454142, 8.815194
 
36.31991, -0.01040763, -0.109733, 5, 0, 0.071951064826979625682581, 1364.865, -679.3352, -2.629443, 0.0166641, 0.1456619, 81.54077, 1.845477, 1.454142, 8.815194
 
36.32991, -0.01038384, -0.109837, 5, 0, 0.072058567133202979543632, 1363.49, -679.3352, -2.629443, 0.0166641, 0.1456619, 81.5012, 1.845477, 1.454142, 8.815194
 
36.33991, -0.01035998, -0.1099409, 5, 0, 0.072165867878079375131364, 1362.119, -679.3352, -2.629443, 0.0166641, 0.1456619, 81.46172, 1.845477, 1.454142, 8.815194
 
36.34991, -0.01033598, -0.1100445, 5, 0, 0.072272853135630096899988, 1360.753, -679.3352, -2.629443, 0.0166641, 0.1456619, 81.42236, 1.845477, 1.454142, 8.815194
 
36.35991, -0.01031163, -0.1101478, 5, 0, 0.072379382689265956485456, 1359.39, -679.3352, -2.629443, 0.0166641, 0.1456619, 81.38309, 1.845477, 1.454142, 8.815194
 
36.3699, -0.01028711, -0.1102509, 5, 0, 0.072485552937892020888051, 1358.032, -679.3352, -2.629443, 0.0166641, 0.1456619, 81.34393, 1.845477, 1.454142, 8.815194
 
36.3799, -0.010263, -0.1103538, 5, 0, 0.072591959802012340654977, 1356.679, -679.3352, -2.629443, 0.0166641, 0.1456619, 81.30486, 1.845477, 1.454142, 8.815194
 
36.3899, -0.01023839, -0.1104565, 5, 0, 0.0726977532185550489645612427, 1355.33, -679.3352, -2.629443, 0.0166641, 0.1456619, 81.26591, 1.845477, 1.454142, 8.815194
 
36.3999, -0.01021395, -0.1105588, 5, 0, 0.072803537871560757730656, 1353.985, -679.3352, -2.629443, 0.0166641, 0.1456619, 81.22706, 1.845477, 1.454142, 8.815194
 
36.4099, -0.01018904, -0.110661, 5, 0, 0.072908665259304733675644, 1352.645, -679.3352, -2.629443, 0.0166641, 0.1456619, 81.18832, 1.845477, 1.454142, 8.815194
 
36.4199, -0.01016423, -0.1107629, 5, 0, 0.0730137663564381491670047573, 1351.308, -679.3352, -2.629443, 0.0166641, 0.1456619, 81.14967, 1.845477, 1.454142, 8.815194
 
36.42989, -0.01013943, -0.1108645, 5, 0, 0.073118683419298430201289, 1349.977, -679.3352, -2.629443, 0.0166641, 0.1456619, 81.11113, 1.845477, 1.454142, 8.815194
 
36.43989, -0.01011457, -0.1109659, 5, 0, 0.073223302521906598326603, 1348.651, -679.3352, -2.629443, 0.0166641, 0.1456619, 81.07272, 1.845477, 1.454142, 8.815194
 
36.44989, -0.01009088, -0.1110671, 5, 0, 0.073328955721860030636771, 1347.328, -679.3352, -2.629443, 0.0166641, 0.1456619, 81.03442, 1.845477, 1.454142, 8.815194
 
36.45989, -0.01006707, -0.111168, 5, 0, 0.073434328488635086218843, 1346.011, -679.3352, -2.629443, 0.0166641, 0.1456619, 80.99623, 1.845477, 1.454142, 8.815194
 
36.46989, -0.01004296, -0.1112686, 5, 0, 0.073539184206737509708488, 1344.698, -679.3352, -2.629443, 0.0166641, 0.1456619, 80.95814, 1.845477, 1.454142, 8.815194
 
36.47989, -0.01001938, -0.1113691, 5, 0, 0.073644460574607498290277, 1343.388, -679.3352, -2.629443, 0.0166641, 0.1456619, 80.92014, 1.845477, 1.454142, 8.815194
 
36.48988, -0.009995908, -0.1114693, 5, 0, 0.073749658070646068417289, 1342.083, -679.3352, -2.629443, 0.0166641, 0.1456619, 80.88226, 1.845477, 1.454142, 8.815194
 
36.49988, -0.009972047, -0.1115692, 5, 0, 0.0738542859367911484507242427, 1340.783, -679.3352, -2.629443, 0.0166641, 0.1456619, 80.84449, 1.845477, 1.454142, 8.815194
 
36.50988, -0.009948286, -0.1116689, 5, 0, 0.073958843694641459031399, 1339.487, -679.3352, -2.629443, 0.0166641, 0.1456619, 80.80682, 1.845477, 1.454142, 8.815194
 
36.51988, -0.009924323, -0.1117684, 5, 0, 0.074063024620408413519063, 1338.195, -679.3352, -2.629443, 0.0166641, 0.1456619, 80.76925, 1.845477, 1.454142, 8.815194
 
36.52988, -0.009900426, -0.1118677, 5, 0, 0.074167100383733476733691, 1336.908, -679.3352, -2.629443, 0.0166641, 0.1456619, 80.73179, 1.845477, 1.454142, 8.815194
 
36.53988, -0.009876819, -0.1119667, 5, 0, 0.0742712813095005188567232427, 1335.625, -679.3352, -2.629443, 0.0166641, 0.1456619, 80.69443, 1.845477, 1.454142, 8.815194
 
36.54987, -0.009853482, -0.1120654, 5, 0, 0.0743755673977091893466867573, 1334.346, -679.3352, -2.629443, 0.0166641, 0.1456619, 80.65718, 1.845477, 1.454142, 8.815194
 
36.55987, -0.009829922, -0.112164, 5, 0, 0.0744794678902977671062547573, 1333.072, -679.3352, -2.629443, 0.0166641, 0.1456619, 80.62003, 1.845477, 1.454142, 8.815194
 
36.56987, -0.009806413, -0.1122623, 5, 0, 0.074583184348613122773378, 1331.802, -679.3352, -2.629443, 0.0166641, 0.1456619, 80.58302, 1.845477, 1.454142, 8.815194
 
36.57987, -0.009784327, -0.1123603, 5, 0, 0.0746881539926941741734437573, 1330.537, -679.3352, -2.629443, 0.0166641, 0.1456619, 80.54612, 1.845477, 1.454142, 8.815194
 
36.58987, -0.009762031, -0.1124582, 5, 0, 0.074792746804691957115867, 1329.277, -679.3352, -2.629443, 0.0166641, 0.1456619, 80.50932, 1.845477, 1.454142, 8.815194
 
36.59986, -0.009740101, -0.1125558, 5, 0, 0.0748975236509628745153667573, 1328.021, -679.3352, -2.629443, 0.0166641, 0.1456619, 80.47263, 1.845477, 1.454142, 8.815194
 
36.60986, -0.009717684, -0.1126532, 5, 0, 0.075001669522582619547387, 1326.768, -679.3352, -2.629443, 0.0166641, 0.1456619, 80.43604, 1.845477, 1.454142, 8.815194
 
36.61986, -0.00969612, -0.1127504, 5, 0, 0.0751064638959271854923927573, 1325.521, -679.3352, -2.629443, 0.0166641, 0.1456619, 80.39957, 1.845477, 1.454142, 8.815194
 
36.62986, -0.009674032, -0.1128473, 5, 0, 0.0752105834769363700707857573, 1324.278, -679.3352, -2.629443, 0.0166641, 0.1456619, 80.3632, 1.845477, 1.454142, 8.815194
 
36.63986, -0.009652033, -0.1129441, 5, 0, 0.0753145891319670143741262427, 1323.039, -679.3352, -2.629443, 0.0166641, 0.1456619, 80.32693, 1.845477, 1.454142, 8.815194
 
36.64986, -0.009630391, -0.1130406, 5, 0, 0.075418805111881178317434, 1321.804, -679.3352, -2.629443, 0.0166641, 0.1456619, 80.29077, 1.845477, 1.454142, 8.815194
 
36.65985, -0.009608711, -0.1131369, 5, 0, 0.075522802003374823077285, 1320.573, -679.3352, -2.629443, 0.0166641, 0.1456619, 80.25472, 1.845477, 1.454142, 8.815194
 
36.66985, -0.009587052, -0.113233, 5, 0, 0.075626649914742455200335, 1319.347, -679.3352, -2.629443, 0.0166641, 0.1456619, 80.21878, 1.845477, 1.454142, 8.815194
 
36.67985, -0.009565325, -0.1133289, 5, 0, 0.075730226156468534868042, 1318.125, -679.3352, -2.629443, 0.0166641, 0.1456619, 80.18295, 1.845477, 1.454142, 8.815194
 
36.68985, -0.009543681, -0.1134245, 5, 0, 0.075833644654531777626195, 1316.909, -679.3352, -2.629443, 0.0166641, 0.1456619, 80.14724, 1.845477, 1.454142, 8.815194
 
36.69985, -0.009523497, -0.1135199, 5, 0, 0.07593841273726595838831, 1315.697, -679.3352, -2.629443, 0.0166641, 0.1456619, 80.11165, 1.845477, 1.454142, 8.815194
 
36.70985, -0.009503128, -0.1136152, 5, 0, 0.076042812751453519694799, 1314.488, -679.3352, -2.629443, 0.0166641, 0.1456619, 80.07616, 1.845477, 1.454142, 8.815194
 
36.71984, -0.009483048, -0.1137102, 5, 0, 0.076147291637472499456065, 1313.285, -679.3352, -2.629443, 0.0166641, 0.1456619, 80.04079, 1.845477, 1.454142, 8.815194
 
36.72984, -0.009462845, -0.113805, 5, 0, 0.076251516380923575307494, 1312.085, -679.3352, -2.629443, 0.0166641, 0.1456619, 80.00552, 1.845477, 1.454142, 8.815194
 
36.73984, -0.009442966, -0.1138997, 5, 0, 0.0763558813409639271583392427, 1310.89, -679.3352, -2.629443, 0.0166641, 0.1456619, 79.97036, 1.845477, 1.454142, 8.815194
 
36.74984, -0.009423335, -0.1139941, 5, 0, 0.076460316409298697920472, 1309.7, -679.3352, -2.629443, 0.0166641, 0.1456619, 79.93531, 1.845477, 1.454142, 8.815194
 
36.75984, -0.009403617, -0.1140883, 5, 0, 0.076564523625676125226395, 1308.513, -679.3352, -2.629443, 0.0166641, 0.1456619, 79.90036, 1.845477, 1.454142, 8.815194
 
36.76984, -0.00938436, -0.1141824, 5, 0, 0.0766689937481581930795397573, 1307.331, -679.3352, -2.629443, 0.0166641, 0.1456619, 79.86552, 1.845477, 1.454142, 8.815194
 
36.77983, -0.009365035, -0.1142762, 5, 0, 0.076773209728072532293584, 1306.153, -679.3352, -2.629443, 0.0166641, 0.1456619, 79.8308, 1.845477, 1.454142, 8.815194
 
36.78983, -0.009346072, -0.1143699, 5, 0, 0.0768776623234811268719592427, 1304.979, -679.3352, -2.629443, 0.0166641, 0.1456619, 79.79617, 1.845477, 1.454142, 8.815194
 
36.79983, -0.009327039, -0.1144633, 5, 0, 0.076981825722174345178749, 1303.81, -679.3352, -2.629443, 0.0166641, 0.1456619, 79.76167, 1.845477, 1.454142, 8.815194
 
36.80983, -0.009308056, -0.1145566, 5, 0, 0.0770858664313520236669967573, 1302.645, -679.3352, -2.629443, 0.0166641, 0.1456619, 79.72726, 1.845477, 1.454142, 8.815194
 
36.81983, -0.009289466, -0.1146497, 5, 0, 0.077190170046634605608571, 1301.484, -679.3352, -2.629443, 0.0166641, 0.1456619, 79.69297, 1.845477, 1.454142, 8.815194
 
36.82983, -0.009270336, -0.1147426, 5, 0, 0.0772936498894557059113632427, 1300.328, -679.3352, -2.629443, 0.0166641, 0.1456619, 79.65882, 1.845477, 1.454142, 8.815194
 
36.83982, -0.009252328, -0.1148353, 5, 0, 0.077398137539011422310014, 1299.177, -679.3352, -2.629443, 0.0166641, 0.1456619, 79.62477, 1.845477, 1.454142, 8.815194
 
36.84982, -0.009234721, -0.1149278, 5, 0, 0.077502835513451008890105, 1298.03, -679.3352, -2.629443, 0.0166641, 0.1456619, 79.59084, 1.845477, 1.454142, 8.815194
 
36.85982, -0.009217287, -0.1150201, 5, 0, 0.0776075510149643316510702427, 1296.887, -679.3352, -2.629443, 0.0166641, 0.1456619, 79.55701, 1.845477, 1.454142, 8.815194
 
36.86982, -0.009199853, -0.1151123, 5, 0, 0.077712108772814642231745, 1295.748, -679.3352, -2.629443, 0.0166641, 0.1456619, 79.52329, 1.845477, 1.454142, 8.815194
 
36.87982, -0.009182274, -0.1152043, 5, 0, 0.077816342279802542355927, 1294.614, -679.3352, -2.629443, 0.0166641, 0.1456619, 79.48969, 1.845477, 1.454142, 8.815194
 
36.88982, -0.009165069, -0.1152961, 5, 0, 0.0779207685846006641160432427, 1293.484, -679.3352, -2.629443, 0.0166641, 0.1456619, 79.45618, 1.845477, 1.454142, 8.815194
 
36.89981, -0.009148315, -0.1153878, 5, 0, 0.0780255016131873725164097573, 1292.358, -679.3352, -2.629443, 0.0166641, 0.1456619, 79.42279, 1.845477, 1.454142, 8.815194
 
36.90981, -0.009131147, -0.1154793, 5, 0, 0.0781296036671229085492967573, 1291.237, -679.3352, -2.629443, 0.0166641, 0.1456619, 79.38952, 1.845477, 1.454142, 8.815194
 
36.91981, -0.00911405, -0.1155706, 5, 0, 0.078233618085690289490022, 1290.119, -679.3352, -2.629443, 0.0166641, 0.1456619, 79.35635, 1.845477, 1.454142, 8.815194
 
36.92981, -0.009097338, -0.1156617, 5, 0, 0.0783378603562149262515887573, 1289.006, -679.3352, -2.629443, 0.0166641, 0.1456619, 79.3233, 1.845477, 1.454142, 8.815194
 
36.93981, -0.009080287, -0.1157527, 5, 0, 0.0784415768145303695540802427, 1287.897, -679.3352, -2.629443, 0.0166641, 0.1456619, 79.29034, 1.845477, 1.454142, 8.815194
 
36.94981, -0.009063705, -0.1158435, 5, 0, 0.078545582469560750951316, 1286.793, -679.3352, -2.629443, 0.0166641, 0.1456619, 79.25751, 1.845477, 1.454142, 8.815194
 
36.9598, -0.009047182, -0.1159341, 5, 0, 0.0786494216173914711662447573, 1285.694, -679.3352, -2.629443, 0.0166641, 0.1456619, 79.22482, 1.845477, 1.454142, 8.815194
 
36.9698, -0.009031629, -0.1160246, 5, 0, 0.078754084537683848290692, 1284.599, -679.3352, -2.629443, 0.0166641, 0.1456619, 79.19222, 1.845477, 1.454142, 8.815194
 
36.9798, -0.009016129, -0.1161149, 5, 0, 0.078858633531997422233982, 1283.508, -679.3352, -2.629443, 0.0166641, 0.1456619, 79.15975, 1.845477, 1.454142, 8.815194
 
36.9898, -0.009000792, -0.1162051, 5, 0, 0.078963191289847820450025, 1282.422, -679.3352, -2.629443, 0.0166641, 0.1456619, 79.12739, 1.845477, 1.454142, 8.815194
 
36.9998, -0.008985344, -0.1162951, 5, 0, 0.0790674598509831053005872427, 1281.339, -679.3352, -2.629443, 0.0166641, 0.1456619, 79.09513, 1.845477, 1.454142, 8.815194
 
37.0098, -0.008969926, -0.1163849, 5, 0, 0.0791715619049184660627377573, 1280.261, -679.3352, -2.629443, 0.0166641, 0.1456619, 79.06299, 1.845477, 1.454142, 8.815194
 
37.01979, -0.008954962, -0.1164746, 5, 0, 0.079275970682642939277348, 1279.187, -679.3352, -2.629443, 0.0166641, 0.1456619, 79.03096, 1.845477, 1.454142, 8.815194
 
37.02979, -0.008939866, -0.1165642, 5, 0, 0.0793800815001153872183562427, 1278.118, -679.3352, -2.629443, 0.0166641, 0.1456619, 78.99904, 1.845477, 1.454142, 8.815194
 
37.03979, -0.008924602, -0.1166536, 5, 0, 0.0794838067219673042521277573, 1277.052, -679.3352, -2.629443, 0.0166641, 0.1456619, 78.96723, 1.845477, 1.454142, 8.815194
 
37.04979, -0.008909507, -0.1167428, 5, 0, 0.079587540707356308464757, 1275.991, -679.3352, -2.629443, 0.0166641, 0.1456619, 78.93553, 1.845477, 1.454142, 8.815194
 
37.05979, -0.008894331, -0.1168319, 5, 0, 0.079691011786640496859428, 1274.934, -679.3352, -2.629443, 0.0166641, 0.1456619, 78.90395, 1.845477, 1.454142, 8.815194
 
37.06979, -0.008879207, -0.1169209, 5, 0, 0.079794333885798672617298, 1273.882, -679.3352, -2.629443, 0.0166641, 0.1456619, 78.87247, 1.845477, 1.454142, 8.815194
 
37.07978, -0.008864056, -0.1170097, 5, 0, 0.079897445660073065829096, 1272.833, -679.3352, -2.629443, 0.0166641, 0.1456619, 78.84111, 1.845477, 1.454142, 8.815194
 
37.08978, -0.00884877, -0.1170983, 5, 0, 0.0800002419470216975864177573, 1271.789, -679.3352, -2.629443, 0.0166641, 0.1456619, 78.80986, 1.845477, 1.454142, 8.815194
 
37.09978, -0.008833404, -0.1171868, 5, 0, 0.080102687692497533704356, 1270.75, -679.3352, -2.629443, 0.0166641, 0.1456619, 78.77876, 1.845477, 1.454142, 8.815194
 
37.10978, -0.008819281, -0.1172751, 5, 0, 0.0802062814612971742822007573, 1269.716, -679.3352, -2.629443, 0.0166641, 0.1456619, 78.74776, 1.845477, 1.454142, 8.815194
 
37.11978, -0.008804959, -0.1173633, 5, 0, 0.080309472107403073584144, 1268.685, -679.3352, -2.629443, 0.0166641, 0.1456619, 78.71687, 1.845477, 1.454142, 8.815194
 
37.12978, -0.008790691, -0.1174514, 5, 0, 0.080412513773382872613918, 1267.659, -679.3352, -2.629443, 0.0166641, 0.1456619, 78.6861, 1.845477, 1.454142, 8.815194
 
37.13977, -0.008776404, -0.1175393, 5, 0, 0.080515371405089361915879, 1266.637, -679.3352, -2.629443, 0.0166641, 0.1456619, 78.65544, 1.845477, 1.454142, 8.815194
 
37.14977, -0.008761964, -0.117627, 5, 0, 0.080617869731786056034967, 1265.619, -679.3352, -2.629443, 0.0166641, 0.1456619, 78.6249, 1.845477, 1.454142, 8.815194
 
37.15977, -0.008747615, -0.1177147, 5, 0, 0.0807202891866512440639097573, 1264.605, -679.3352, -2.629443, 0.0166641, 0.1456619, 78.59447, 1.845477, 1.454142, 8.815194
 
37.16977, -0.00873324, -0.1178021, 5, 0, 0.080822472026022351999258, 1263.596, -679.3352, -2.629443, 0.0166641, 0.1456619, 78.56415, 1.845477, 1.454142, 8.815194
 
37.17977, -0.00871882, -0.1178895, 5, 0, 0.0809243831957519074792632427, 1262.591, -679.3352, -2.629443, 0.0166641, 0.1456619, 78.53394, 1.845477, 1.454142, 8.815194
 
37.18977, -0.008704249, -0.1179767, 5, 0, 0.08102599640522926241493, 1261.589, -679.3352, -2.629443, 0.0166641, 0.1456619, 78.50385, 1.845477, 1.454142, 8.815194
 
37.19976, -0.008689481, -0.1180637, 5, 0, 0.0811271626743287547109302427, 1260.593, -679.3352, -2.629443, 0.0166641, 0.1456619, 78.47386, 1.845477, 1.454142, 8.815194
 
37.20976, -0.008674717, -0.1181506, 5, 0, 0.0812281361456178501002597573, 1259.6, -679.3352, -2.629443, 0.0166641, 0.1456619, 78.444, 1.845477, 1.454142, 8.815194
 
37.21976, -0.008660061, -0.1182373, 5, 0, 0.0813290132180022290307792427, 1258.612, -679.3352, -2.629443, 0.0166641, 0.1456619, 78.41425, 1.845477, 1.454142, 8.815194
 
37.22976, -0.008645273, -0.1183239, 5, 0, 0.081429522221839725599568, 1257.629, -679.3352, -2.629443, 0.0166641, 0.1456619, 78.38464, 1.845477, 1.454142, 8.815194
 
37.23976, -0.008631127, -0.1184104, 5, 0, 0.081530451875444874895869, 1256.65, -679.3352, -2.629443, 0.0166641, 0.1456619, 78.35513, 1.845477, 1.454142, 8.815194
 
37.24976, -0.008616958, -0.1184967, 5, 0, 0.08163120625831353873711, 1255.675, -679.3352, -2.629443, 0.0166641, 0.1456619, 78.32575, 1.845477, 1.454142, 8.815194
 
37.25975, -0.008602713, -0.1185829, 5, 0, 0.081731653917393353031996, 1254.705, -679.3352, -2.629443, 0.0166641, 0.1456619, 78.29648, 1.845477, 1.454142, 8.815194
 
37.26975, -0.008588322, -0.1186689, 5, 0, 0.081831742271463372144009, 1253.738, -679.3352, -2.629443, 0.0166641, 0.1456619, 78.26733, 1.845477, 1.454142, 8.815194
 
37.27975, -0.008573781, -0.1187548, 5, 0, 0.0819314800840603327105337573, 1252.776, -679.3352, -2.629443, 0.0166641, 0.1456619, 78.23829, 1.845477, 1.454142, 8.815194
 
37.28975, -0.00855884, -0.1188405, 5, 0, 0.082030551867858823818567, 1251.818, -679.3352, -2.629443, 0.0166641, 0.1456619, 78.20936, 1.845477, 1.454142, 8.815194
 
37.29975, -0.008543842, -0.1189261, 5, 0, 0.082129351982015674835889, 1250.864, -679.3352, -2.629443, 0.0166641, 0.1456619, 78.18055, 1.845477, 1.454142, 8.815194
 
37.30975, -0.008528905, -0.1190115, 5, 0, 0.0822279768254361280335192427, 1249.915, -679.3352, -2.629443, 0.0166641, 0.1456619, 78.15185, 1.845477, 1.454142, 8.815194
 
37.31974, -0.008513693, -0.1190968, 5, 0, 0.0823261372014048071398722427, 1248.969, -679.3352, -2.629443, 0.0166641, 0.1456619, 78.12326, 1.845477, 1.454142, 8.815194
 
37.32974, -0.008498153, -0.119182, 5, 0, 0.0824236841297957871535152427, 1248.028, -679.3352, -2.629443, 0.0166641, 0.1456619, 78.0948, 1.845477, 1.454142, 8.815194
 
37.33974, -0.008482616, -0.1192669, 5, 0, 0.082520994442692424167459, 1247.092, -679.3352, -2.629443, 0.0166641, 0.1456619, 78.06644, 1.845477, 1.454142, 8.815194
 
37.34974, -0.008466761, -0.1193518, 5, 0, 0.0826177789433796048162227573, 1246.159, -679.3352, -2.629443, 0.0166641, 0.1456619, 78.03819, 1.845477, 1.454142, 8.815194
 
37.35974, -0.008450639, -0.1194364, 5, 0, 0.0827140113412471191876522427, 1245.23, -679.3352, -2.629443, 0.0166641, 0.1456619, 78.01007, 1.845477, 1.454142, 8.815194
 
37.36974, -0.008434869, -0.1195209, 5, 0, 0.082810313847408964835001, 1244.307, -679.3352, -2.629443, 0.0166641, 0.1456619, 77.98209, 1.845477, 1.454142, 8.815194
 
37.37973, -0.008419438, -0.1196053, 5, 0, 0.0829067916243072959374097573, 1243.387, -679.3352, -2.629443, 0.0166641, 0.1456619, 77.95422, 1.845477, 1.454142, 8.815194
 
37.38973, -0.008403881, -0.1196895, 5, 0, 0.083002892569122358582176, 1242.472, -679.3352, -2.629443, 0.0166641, 0.1456619, 77.92647, 1.845477, 1.454142, 8.815194
 
37.39973, -0.008387992, -0.1197735, 5, 0, 0.083098353775749161680605, 1241.562, -679.3352, -2.629443, 0.0166641, 0.1456619, 77.89883, 1.845477, 1.454142, 8.815194
 
37.40973, -0.008372003, -0.1198574, 5, 0, 0.0831935170221238518700637573, 1240.655, -679.3352, -2.629443, 0.0166641, 0.1456619, 77.87132, 1.845477, 1.454142, 8.815194
 
37.41973, -0.008355609, -0.1199411, 5, 0, 0.083287979185552775510019, 1239.752, -679.3352, -2.629443, 0.0166641, 0.1456619, 77.84391, 1.845477, 1.454142, 8.815194
 
37.42973, -0.008338885, -0.1200247, 5, 0, 0.0833818454284776486027702427, 1238.854, -679.3352, -2.629443, 0.0166641, 0.1456619, 77.81662, 1.845477, 1.454142, 8.815194
 
37.43972, -0.008322076, -0.1201081, 5, 0, 0.083475352366392551241912, 1237.96, -679.3352, -2.629443, 0.0166641, 0.1456619, 77.78945, 1.845477, 1.454142, 8.815194
 
37.44972, -0.008304902, -0.1201913, 5, 0, 0.0835682108025825453327, 1237.07, -679.3352, -2.629443, 0.0166641, 0.1456619, 77.76239, 1.845477, 1.454142, 8.815194
 
37.45972, -0.008287573, -0.1202743, 5, 0, 0.083660657352541798604097, 1236.184, -679.3352, -2.629443, 0.0166641, 0.1456619, 77.73545, 1.845477, 1.454142, 8.815194
 
37.46972, -0.008269989, -0.1203572, 5, 0, 0.083752543036144298419302, 1235.303, -679.3352, -2.629443, 0.0166641, 0.1456619, 77.70863, 1.845477, 1.454142, 8.815194
 
37.47972, -0.008252094, -0.1204399, 5, 0, 0.083843841562779571960056, 1234.426, -679.3352, -2.629443, 0.0166641, 0.1456619, 77.68192, 1.845477, 1.454142, 8.815194
 
37.48972, -0.008234032, -0.1205224, 5, 0, 0.083934649331352686226642, 1233.553, -679.3352, -2.629443, 0.0166641, 0.1456619, 77.65535, 1.845477, 1.454142, 8.815194
 
37.49971, -0.00821648, -0.1206048, 5, 0, 0.084025807641398771403348, 1232.684, -679.3352, -2.629443, 0.0166641, 0.1456619, 77.62888, 1.845477, 1.454142, 8.815194
 
37.50971, -0.008198078, -0.1206869, 5, 0, 0.0841156952386052493955007573, 1231.82, -679.3352, -2.629443, 0.0166641, 0.1456619, 77.60254, 1.845477, 1.454142, 8.815194
 
37.51971, -0.008180088, -0.1207689, 5, 0, 0.084205749343011563840697, 1230.96, -679.3352, -2.629443, 0.0166641, 0.1456619, 77.57633, 1.845477, 1.454142, 8.815194
 
37.52971, -0.008161572, -0.1208507, 5, 0, 0.084294944620809011920731, 1230.104, -679.3352, -2.629443, 0.0166641, 0.1456619, 77.55023, 1.845477, 1.454142, 8.815194
 
37.53971, -0.00814261, -0.1209323, 5, 0, 0.084383403761513221089513, 1229.253, -679.3352, -2.629443, 0.0166641, 0.1456619, 77.52425, 1.845477, 1.454142, 8.815194
 
37.54971, -0.008123449, -0.1210138, 5, 0, 0.084471328326471149620362, 1228.406, -679.3352, -2.629443, 0.0166641, 0.1456619, 77.49838, 1.845477, 1.454142, 8.815194
 
37.5597, -0.00810417, -0.121095, 5, 0, 0.084558849768735161604573, 1227.563, -679.3352, -2.629443, 0.0166641, 0.1456619, 77.47264, 1.845477, 1.454142, 8.815194
 
37.5697, -0.008084632, -0.121176, 5, 0, 0.0846458103446423324972237573, 1226.724, -679.3352, -2.629443, 0.0166641, 0.1456619, 77.44701, 1.845477, 1.454142, 8.815194
 
37.5797, -0.008064587, -0.1212569, 5, 0, 0.0847319120939408122954487573, 1225.889, -679.3352, -2.629443, 0.0166641, 0.1456619, 77.42149, 1.845477, 1.454142, 8.815194
 
37.5897, -0.008044469, -0.1213375, 5, 0, 0.0848176545382294969108007573, 1225.058, -679.3352, -2.629443, 0.0166641, 0.1456619, 77.3961, 1.845477, 1.454142, 8.815194
 
37.5997, -0.008023839, -0.121418, 5, 0, 0.084902503101762193340715, 1224.232, -679.3352, -2.629443, 0.0166641, 0.1456619, 77.37082, 1.845477, 1.454142, 8.815194
 
37.6097, -0.008002847, -0.1214982, 5, 0, 0.084986668109422508860527, 1223.409, -679.3352, -2.629443, 0.0166641, 0.1456619, 77.34566, 1.845477, 1.454142, 8.815194
 
37.61969, -0.007981529, -0.1215782, 5, 0, 0.085070140797673706832852, 1222.591, -679.3352, -2.629443, 0.0166641, 0.1456619, 77.32061, 1.845477, 1.454142, 8.815194
 
37.62969, -0.007959692, -0.121658, 5, 0, 0.085152763422852950348136, 1221.777, -679.3352, -2.629443, 0.0166641, 0.1456619, 77.29568, 1.845477, 1.454142, 8.815194
 
37.63969, -0.007937763, -0.1217376, 5, 0, 0.085234886526433210316499, 1220.968, -679.3352, -2.629443, 0.0166641, 0.1456619, 77.2709, 1.845477, 1.454142, 8.815194
 
37.64969, -0.007916172, -0.121817, 5, 0, 0.0853170446841608550112422427, 1220.164, -679.3352, -2.629443, 0.0166641, 0.1456619, 77.24624, 1.845477, 1.454142, 8.815194
 
37.65969, -0.00789433, -0.1218962, 5, 0, 0.0853986419755316586144252427, 1219.363, -679.3352, -2.629443, 0.0166641, 0.1456619, 77.22169, 1.845477, 1.454142, 8.815194
 
37.66969, -0.007872151, -0.1219751, 5, 0, 0.0854795294204196961246152427, 1218.566, -679.3352, -2.629443, 0.0166641, 0.1456619, 77.19727, 1.845477, 1.454142, 8.815194
 
37.67968, -0.007849597, -0.1220539, 5, 0, 0.0855596894917513189963062427, 1217.774, -679.3352, -2.629443, 0.0166641, 0.1456619, 77.17296, 1.845477, 1.454142, 8.815194
 
37.68968, -0.007826796, -0.1221324, 5, 0, 0.085639218588431506594413, 1216.986, -679.3352, -2.629443, 0.0166641, 0.1456619, 77.14877, 1.845477, 1.454142, 8.815194
 
37.69968, -0.007803444, -0.1222106, 5, 0, 0.085717809986671584643317, 1216.202, -679.3352, -2.629443, 0.0166641, 0.1456619, 77.12469, 1.845477, 1.454142, 8.815194
 
37.70968, -0.007779786, -0.1222887, 5, 0, 0.0857957353561131055983612427, 1215.422, -679.3352, -2.629443, 0.0166641, 0.1456619, 77.10075, 1.845477, 1.454142, 8.815194
 
37.71968, -0.007755917, -0.1223665, 5, 0, 0.085873064805050400735465, 1214.646, -679.3352, -2.629443, 0.0166641, 0.1456619, 77.0769, 1.845477, 1.454142, 8.815194
 
37.72968, -0.007731456, -0.122444, 5, 0, 0.085949395210789816414095, 1213.875, -679.3352, -2.629443, 0.0166641, 0.1456619, 77.05319, 1.845477, 1.454142, 8.815194
 
37.73967, -0.007706836, -0.1225213, 5, 0, 0.0860252085678565123649297573, 1213.107, -679.3352, -2.629443, 0.0166641, 0.1456619, 77.02959, 1.845477, 1.454142, 8.815194
 
37.74967, -0.007681721, -0.1225984, 5, 0, 0.086100092990020010674683, 1212.344, -679.3352, -2.629443, 0.0166641, 0.1456619, 77.00611, 1.845477, 1.454142, 8.815194
 
37.75967, -0.007656394, -0.1226752, 5, 0, 0.086174425309363492165629, 1211.584, -679.3352, -2.629443, 0.0166641, 0.1456619, 76.98275, 1.845477, 1.454142, 8.815194
 
37.76967, -0.007630547, -0.1227518, 5, 0, 0.086247767349045830835486, 1210.83, -679.3352, -2.629443, 0.0166641, 0.1456619, 76.9595, 1.845477, 1.454142, 8.815194
 
37.77967, -0.007604322, -0.1228281, 5, 0, 0.0863203557245613696839532427, 1210.079, -679.3352, -2.629443, 0.0166641, 0.1456619, 76.93638, 1.845477, 1.454142, 8.815194
 
37.78967, -0.007578046, -0.1229041, 5, 0, 0.086392427051404101169257, 1209.333, -679.3352, -2.629443, 0.0166641, 0.1456619, 76.91341, 1.845477, 1.454142, 8.815194
 
37.79966, -0.007552022, -0.1229799, 5, 0, 0.086464419506415501835152, 1208.591, -679.3352, -2.629443, 0.0166641, 0.1456619, 76.89055, 1.845477, 1.454142, 8.815194
 
37.80966, -0.007525478, -0.1230554, 5, 0, 0.086535465499449881043723, 1207.853, -679.3352, -2.629443, 0.0166641, 0.1456619, 76.86781, 1.845477, 1.454142, 8.815194
 
37.81966, -0.007498718, -0.1231307, 5, 0, 0.0866058805178328249787097573, 1207.12, -679.3352, -2.629443, 0.0166641, 0.1456619, 76.84518, 1.845477, 1.454142, 8.815194
 
37.82966, -0.007471273, -0.1232057, 5, 0, 0.08667514751289196445379, 1206.391, -679.3352, -2.629443, 0.0166641, 0.1456619, 76.82269, 1.845477, 1.454142, 8.815194
 
37.83966, -0.00744358, -0.1232804, 5, 0, 0.086743722188541898746015, 1205.666, -679.3352, -2.629443, 0.0166641, 0.1456619, 76.80032, 1.845477, 1.454142, 8.815194
 
37.84966, -0.007415486, -0.1233548, 5, 0, 0.086811473091730351399458, 1204.945, -679.3352, -2.629443, 0.0166641, 0.1456619, 76.77805, 1.845477, 1.454142, 8.815194
 
37.85965, -0.007387106, -0.123429, 5, 0, 0.0868785141484359503245397573, 1204.228, -679.3352, -2.629443, 0.0166641, 0.1456619, 76.75591, 1.845477, 1.454142, 8.815194
 
37.86965, -0.00735837, -0.1235029, 5, 0, 0.086944775250364364245341, 1203.515, -679.3352, -2.629443, 0.0166641, 0.1456619, 76.73389, 1.845477, 1.454142, 8.815194
 
37.87965, -0.007329235, -0.1235764, 5, 0, 0.0870101512350733513473527573, 1202.806, -679.3352, -2.629443, 0.0166641, 0.1456619, 76.71198, 1.845477, 1.454142, 8.815194
 
37.88965, -0.007299692, -0.1236497, 5, 0, 0.087074685920247383535813, 1202.101, -679.3352, -2.629443, 0.0166641, 0.1456619, 76.6902, 1.845477, 1.454142, 8.815194
 
37.89965, -0.007270026, -0.1237227, 5, 0, 0.087138659739064574632713, 1201.401, -679.3352, -2.629443, 0.0166641, 0.1456619, 76.66854, 1.845477, 1.454142, 8.815194
 
37.90965, -0.007240061, -0.1237954, 5, 0, 0.087201871130178054000102, 1200.705, -679.3352, -2.629443, 0.0166641, 0.1456619, 76.647, 1.845477, 1.454142, 8.815194
 
37.91964, -0.00720959, -0.1238678, 5, 0, 0.087264039660409444909884, 1200.013, -679.3352, -2.629443, 0.0166641, 0.1456619, 76.6256, 1.845477, 1.454142, 8.815194
 
37.92964, -0.007179291, -0.1239399, 5, 0, 0.087325989102220229000841, 1199.326, -679.3352, -2.629443, 0.0166641, 0.1456619, 76.60433, 1.845477, 1.454142, 8.815194
 
37.93964, -0.007148516, -0.1240117, 5, 0, 0.087386965791443518816215, 1198.643, -679.3352, -2.629443, 0.0166641, 0.1456619, 76.58318, 1.845477, 1.454142, 8.815194
 
37.94964, -0.007117355, -0.1240832, 5, 0, 0.087447074890521205629042, 1197.964, -679.3352, -2.629443, 0.0166641, 0.1456619, 76.56214, 1.845477, 1.454142, 8.815194
 
37.95964, -0.007085985, -0.1241544, 5, 0, 0.0875065442514107205309, 1197.289, -679.3352, -2.629443, 0.0166641, 0.1456619, 76.54123, 1.845477, 1.454142, 8.815194
 
37.96964, -0.007054325, -0.1242252, 5, 0, 0.087565216130449226612235, 1196.619, -679.3352, -2.629443, 0.0166641, 0.1456619, 76.52044, 1.845477, 1.454142, 8.815194
 
37.97963, -0.007022081, -0.1242958, 5, 0, 0.0876228013309216105075662427, 1195.952, -679.3352, -2.629443, 0.0166641, 0.1456619, 76.49977, 1.845477, 1.454142, 8.815194
 
37.98963, -0.006989567, -0.124366, 5, 0, 0.08767962410369010740265, 1195.29, -679.3352, -2.629443, 0.0166641, 0.1456619, 76.47922, 1.845477, 1.454142, 8.815194
 
37.99963, -0.006956884, -0.1244359, 5, 0, 0.08773579837473369574938, 1194.631, -679.3352, -2.629443, 0.0166641, 0.1456619, 76.45879, 1.845477, 1.454142, 8.815194
 
38.00963, -0.006923783, -0.1245055, 5, 0, 0.08779109629209485682081, 1193.977, -679.3352, -2.629443, 0.0166641, 0.1456619, 76.43848, 1.845477, 1.454142, 8.815194
 
38.01963, -0.006890296, -0.1245747, 5, 0, 0.08784551785577359061694, 1193.327, -679.3352, -2.629443, 0.0166641, 0.1456619, 76.41829, 1.845477, 1.454142, 8.815194
 
38.02962, -0.006856299, -0.1246436, 5, 0, 0.08789888779503341168271, 1192.681, -679.3352, -2.629443, 0.0166641, 0.1456619, 76.39822, 1.845477, 1.454142, 8.815194
 
38.03962, -0.006822191, -0.1247122, 5, 0, 0.08795164428671553365577, 1192.039, -679.3352, -2.629443, 0.0166641, 0.1456619, 76.37827, 1.845477, 1.454142, 8.815194
 
38.04962, -0.006787679, -0.1247804, 5, 0, 0.088003436789346985626, 1191.401, -679.3352, -2.629443, 0.0166641, 0.1456619, 76.35844, 1.845477, 1.454142, 8.815194
 
38.05962, -0.006752884, -0.1248483, 5, 0, 0.08805444057366425304846, 1190.767, -679.3352, -2.629443, 0.0166641, 0.1456619, 76.33874, 1.845477, 1.454142, 8.815194
 
38.06962, -0.006717676, -0.1249158, 5, 0, 0.08810456800429909319562, 1190.138, -679.3352, -2.629443, 0.0166641, 0.1456619, 76.31918, 1.845477, 1.454142, 8.815194
 
38.07962, -0.006682934, -0.124983, 5, 0, 0.08815460779956569061525, 1189.514, -679.3352, -2.629443, 0.0166641, 0.1456619, 76.29975, 1.845477, 1.454142, 8.815194
 
38.08961, -0.006647649, -0.1250498, 5, 0, 0.08820359597041337530452, 1188.893, -679.3352, -2.629443, 0.0166641, 0.1456619, 76.28044, 1.845477, 1.454142, 8.815194
 
38.09961, -0.006612015, -0.1251163, 5, 0, 0.08825170778757863271849, 1188.277, -679.3352, -2.629443, 0.0166641, 0.1456619, 76.26125, 1.845477, 1.454142, 8.815194
 
38.10961, -0.006576023, -0.1251824, 5, 0, 0.08829894325106146285716, 1187.665, -679.3352, -2.629443, 0.0166641, 0.1456619, 76.24218, 1.845477, 1.454142, 8.815194
 
38.11961, -0.006539892, -0.1252481, 5, 0, 0.08834547763159835117559, 1187.056, -679.3352, -2.629443, 0.0166641, 0.1456619, 76.22323, 1.845477, 1.454142, 8.815194
 
38.12961, -0.006503237, -0.1253136, 5, 0, 0.08839096038771632676366, 1186.452, -679.3352, -2.629443, 0.0166641, 0.1456619, 76.20441, 1.845477, 1.454142, 8.815194
 
38.13961, -0.006466379, -0.1253786, 5, 0, 0.08843574206088836053149, 1185.852, -679.3352, -2.629443, 0.0166641, 0.1456619, 76.1857, 1.845477, 1.454142, 8.815194
 
38.1496, -0.006429096, -0.1254432, 5, 0, 0.08847947210964148156896, 1185.256, -679.3352, -2.629443, 0.0166641, 0.1456619, 76.16711, 1.845477, 1.454142, 8.815194
 
38.1596, -0.006391756, -0.1255075, 5, 0, 0.08852267634618514624125, 1184.664, -679.3352, -2.629443, 0.0166641, 0.1456619, 76.14866, 1.845477, 1.454142, 8.815194
 
38.1696, -0.006354026, -0.1255714, 5, 0, 0.08856500422904638363824, 1184.077, -679.3352, -2.629443, 0.0166641, 0.1456619, 76.13032, 1.845477, 1.454142, 8.815194
 
38.1796, -0.006316165, -0.125635, 5, 0, 0.08860654339359343648746, 1183.493, -679.3352, -2.629443, 0.0166641, 0.1456619, 76.1121, 1.845477, 1.454142, 8.815194
 
38.1896, -0.006277919, -0.1256981, 5, 0, 0.08864720620445806206138, 1182.913, -679.3352, -2.629443, 0.0166641, 0.1456619, 76.094, 1.845477, 1.454142, 8.815194
 
38.1996, -0.006239333, -0.1257609, 5, 0, 0.08868699266164026036, 1182.338, -679.3352, -2.629443, 0.0166641, 0.1456619, 76.07603, 1.845477, 1.454142, 8.815194
 
38.20959, -0.006200452, -0.1258233, 5, 0, 0.08872581512977178865579, 1181.767, -679.3352, -2.629443, 0.0166641, 0.1456619, 76.0582, 1.845477, 1.454142, 8.815194
 
38.21959, -0.006161991, -0.1258853, 5, 0, 0.08876454996253507422405, 1181.201, -679.3352, -2.629443, 0.0166641, 0.1456619, 76.0405, 1.845477, 1.454142, 8.815194
 
38.22959, -0.006123134, -0.1259469, 5, 0, 0.08880232080624768978948, 1180.639, -679.3352, -2.629443, 0.0166641, 0.1456619, 76.02293, 1.845477, 1.454142, 8.815194
 
38.23959, -0.006083894, -0.1260082, 5, 0, 0.08883921529627787807961, 1180.08, -679.3352, -2.629443, 0.0166641, 0.1456619, 76.00548, 1.845477, 1.454142, 8.815194
 
38.24959, -0.006044385, -0.126069, 5, 0, 0.08887523343262563909444, 1179.526, -679.3352, -2.629443, 0.0166641, 0.1456619, 75.98814, 1.845477, 1.454142, 8.815194
 
38.25959, -0.006004626, -0.1261294, 5, 0, 0.08891037521529097283397, 1178.976, -679.3352, -2.629443, 0.0166641, 0.1456619, 75.97093, 1.845477, 1.454142, 8.815194
 
38.26958, -0.005964697, -0.1261895, 5, 0, 0.08894481591501036475326, 1178.43, -679.3352, -2.629443, 0.0166641, 0.1456619, 75.95384, 1.845477, 1.454142, 8.815194
 
38.27958, -0.005924726, -0.1262491, 5, 0, 0.08897873080252030030737, 1177.889, -679.3352, -2.629443, 0.0166641, 0.1456619, 75.93688, 1.845477, 1.454142, 8.815194
 
38.28958, -0.005884341, -0.1263084, 5, 0, 0.08901159406561132313112, 1177.35, -679.3352, -2.629443, 0.0166641, 0.1456619, 75.92004, 1.845477, 1.454142, 8.815194
 
38.29958, -0.005843698, -0.1263672, 5, 0, 0.08904358097501991867957, 1176.817, -679.3352, -2.629443, 0.0166641, 0.1456619, 75.90331, 1.845477, 1.454142, 8.815194
 
38.30958, -0.005802631, -0.1264257, 5, 0, 0.08907460389537784422519, 1176.287, -679.3352, -2.629443, 0.0166641, 0.1456619, 75.88672, 1.845477, 1.454142, 8.815194
 
38.31958, -0.005761541, -0.1264837, 5, 0, 0.0891050133681580706781, 1175.761, -679.3352, -2.629443, 0.0166641, 0.1456619, 75.87025, 1.845477, 1.454142, 8.815194
 
38.32957, -0.005720289, -0.1265413, 5, 0, 0.08913472175799235531077, 1175.24, -679.3352, -2.629443, 0.0166641, 0.1456619, 75.85389, 1.845477, 1.454142, 8.815194
 
38.33957, -0.005678541, -0.1265985, 5, 0, 0.08916329088803948448555, 1174.723, -679.3352, -2.629443, 0.0166641, 0.1456619, 75.83766, 1.845477, 1.454142, 8.815194
 
38.34957, -0.005636729, -0.1266553, 5, 0, 0.08919124657050891456762, 1174.209, -679.3352, -2.629443, 0.0166641, 0.1456619, 75.82156, 1.845477, 1.454142, 8.815194
 
38.35957, -0.005594804, -0.1267117, 5, 0, 0.08921832589929591737439, 1173.701, -679.3352, -2.629443, 0.0166641, 0.1456619, 75.8056, 1.845477, 1.454142, 8.815194
 
38.36957, -0.005553179, -0.1267677, 5, 0, 0.08924531759271467745363, 1173.196, -679.3352, -2.629443, 0.0166641, 0.1456619, 75.78977, 1.845477, 1.454142, 8.815194
 
38.37957, -0.005511275, -0.1268232, 5, 0, 0.08927143293245101025757, 1172.696, -679.3352, -2.629443, 0.0166641, 0.1456619, 75.77406, 1.845477, 1.454142, 8.815194
 
38.38956, -0.005469095, -0.1268783, 5, 0, 0.08929658428313667305868, 1172.2, -679.3352, -2.629443, 0.0166641, 0.1456619, 75.75848, 1.845477, 1.454142, 8.815194
 
38.39956, -0.005426872, -0.126933, 5, 0, 0.08932120982161287949461, 1171.708, -679.3352, -2.629443, 0.0166641, 0.1456619, 75.74302, 1.845477, 1.454142, 8.815194
 
38.40956, -0.005384497, -0.1269873, 5, 0, 0.08934504664177490138277, 1171.22, -679.3352, -2.629443, 0.0166641, 0.1456619, 75.72768, 1.845477, 1.454142, 8.815194
 
38.41956, -0.005341685, -0.1270411, 5, 0, 0.08936783183751801054057, 1170.736, -679.3352, -2.629443, 0.0166641, 0.1456619, 75.71247, 1.845477, 1.454142, 8.815194
 
38.42956, -0.005298935, -0.1270945, 5, 0, 0.08939009122105166333319, 1170.256, -679.3352, -2.629443, 0.0166641, 0.1456619, 75.69738, 1.845477, 1.454142, 8.815194
 
38.43956, -0.005255968, -0.1271475, 5, 0, 0.08941147425090288885051, 1169.78, -679.3352, -2.629443, 0.0166641, 0.1456619, 75.6824, 1.845477, 1.454142, 8.815194
 
38.44955, -0.005212636, -0.1272001, 5, 0, 0.08943198092707168709253, 1169.308, -679.3352, -2.629443, 0.0166641, 0.1456619, 75.66756, 1.845477, 1.454142, 8.815194
 
38.45955, -0.005169349, -0.1272522, 5, 0, 0.08945187415566278624184, 1168.84, -679.3352, -2.629443, 0.0166641, 0.1456619, 75.65285, 1.845477, 1.454142, 8.815194
 
38.46955, -0.005125829, -0.1273039, 5, 0, 0.08947097866593970084338, 1168.377, -679.3352, -2.629443, 0.0166641, 0.1456619, 75.63825, 1.845477, 1.454142, 8.815194
 
38.47955, -0.005082348, -0.1273551, 5, 0, 0.08948946972863891635221, 1167.917, -679.3352, -2.629443, 0.0166641, 0.1456619, 75.62377, 1.845477, 1.454142, 8.815194
 
38.48955, -0.005038571, -0.127406, 5, 0, 0.08950708443765570458574, 1167.462, -679.3352, -2.629443, 0.0166641, 0.1456619, 75.60942, 1.845477, 1.454142, 8.815194
 
38.49955, -0.004994626, -0.1274564, 5, 0, 0.0895239104283583082715, 1167.01, -679.3352, -2.629443, 0.0166641, 0.1456619, 75.5952, 1.845477, 1.454142, 8.815194
 
38.50954, -0.004950655, -0.1275063, 5, 0, 0.08954012297148321286455, 1166.563, -679.3352, -2.629443, 0.0166641, 0.1456619, 75.5811, 1.845477, 1.454142, 8.815194
 
38.51954, -0.004906558, -0.1275558, 5, 0, 0.08955554679629393290983, 1166.12, -679.3352, -2.629443, 0.0166641, 0.1456619, 75.56715, 1.845477, 1.454142, 8.815194
 
38.52954, -0.004862828, -0.1276049, 5, 0, 0.08957079535036816750005, 1165.681, -679.3352, -2.629443, 0.0166641, 0.1456619, 75.55332, 1.845477, 1.454142, 8.815194
 
38.53954, -0.004818917, -0.1276535, 5, 0, 0.0895852551861282175425, 1165.247, -679.3352, -2.629443, 0.0166641, 0.1456619, 75.53963, 1.845477, 1.454142, 8.815194
 
38.54954, -0.004775036, -0.1277017, 5, 0, 0.08959910157431056849224, 1164.817, -679.3352, -2.629443, 0.0166641, 0.1456619, 75.52605, 1.845477, 1.454142, 8.815194
 
38.55954, -0.004730887, -0.1277494, 5, 0, 0.08961215924417873489421, 1164.391, -679.3352, -2.629443, 0.0166641, 0.1456619, 75.5126, 1.845477, 1.454142, 8.815194
 
38.56953, -0.004686534, -0.1277967, 5, 0, 0.08962425292499623129335, 1163.969, -679.3352, -2.629443, 0.0166641, 0.1456619, 75.49927, 1.845477, 1.454142, 8.815194
 
38.57953, -0.004642305, -0.1278436, 5, 0, 0.08963599606434075678237, 1163.55, -679.3352, -2.629443, 0.0166641, 0.1456619, 75.48606, 1.845477, 1.454142, 8.815194
 
38.58953, -0.00459776, -0.12789, 5, 0, 0.08964677521463461226856, 1163.136, -679.3352, -2.629443, 0.0166641, 0.1456619, 75.47298, 1.845477, 1.454142, 8.815194
 
38.59953, -0.004553331, -0.127936, 5, 0, 0.08965702855271901138957, 1162.726, -679.3352, -2.629443, 0.0166641, 0.1456619, 75.46003, 1.845477, 1.454142, 8.815194
 
38.60953, -0.004508784, -0.1279815, 5, 0, 0.08966658080785746869034, 1162.32, -679.3352, -2.629443, 0.0166641, 0.1456619, 75.4472, 1.845477, 1.454142, 8.815194
 
38.61953, -0.004463953, -0.1280266, 5, 0, 0.08967516907394525598828, 1161.918, -679.3352, -2.629443, 0.0166641, 0.1456619, 75.43449, 1.845477, 1.454142, 8.815194
 
38.62952, -0.004419229, -0.1280713, 5, 0, 0.08968331916319182964857, 1161.52, -679.3352, -2.629443, 0.0166641, 0.1456619, 75.42191, 1.845477, 1.454142, 8.815194
 
38.63952, -0.004374339, -0.1281155, 5, 0, 0.08969068053412421876109, 1161.127, -679.3352, -2.629443, 0.0166641, 0.1456619, 75.40945, 1.845477, 1.454142, 8.815194
 
38.64952, -0.004329539, -0.1281592, 5, 0, 0.08969751609284715150843, 1160.737, -679.3352, -2.629443, 0.0166641, 0.1456619, 75.39712, 1.845477, 1.454142, 8.815194
 
38.65952, -0.004284526, -0.1282025, 5, 0, 0.08970347529788765698047, 1160.351, -679.3352, -2.629443, 0.0166641, 0.1456619, 75.38491, 1.845477, 1.454142, 8.815194
 
38.66952, -0.004239778, -0.1282454, 5, 0, 0.08970908396145519154239, 1159.97, -679.3352, -2.629443, 0.0166641, 0.1456619, 75.37286, 1.845477, 1.454142, 8.815194
 
38.67952, -0.004195072, -0.1282878, 5, 0, 0.08971416681281326973913, 1159.593, -679.3352, -2.629443, 0.0166641, 0.1456619, 75.36092, 1.845477, 1.454142, 8.815194
 
38.68951, -0.004150415, -0.1283297, 5, 0, 0.08971872385196189157069, 1159.221, -679.3352, -2.629443, 0.0166641, 0.1456619, 75.34911, 1.845477, 1.454142, 8.815194
 
38.69951, -0.004105553, -0.1283712, 5, 0, 0.08972240453742808612695, 1158.852, -679.3352, -2.629443, 0.0166641, 0.1456619, 75.33743, 1.845477, 1.454142, 8.815194
 
38.70951, -0.004060636, -0.1284123, 5, 0, 0.08972538413994833886297, 1158.487, -679.3352, -2.629443, 0.0166641, 0.1456619, 75.32588, 1.845477, 1.454142, 8.815194
 
38.71951, -0.004015814, -0.1284529, 5, 0, 0.08972792556562737796134, 1158.126, -679.3352, -2.629443, 0.0166641, 0.1456619, 75.31445, 1.845477, 1.454142, 8.815194
 
38.72951, -0.003970814, -0.128493, 5, 0, 0.08972959063762398978441, 1157.77, -679.3352, -2.629443, 0.0166641, 0.1456619, 75.30315, 1.845477, 1.454142, 8.815194
 
38.73951, -0.003925905, -0.1285327, 5, 0, 0.0897307298974111452423, 1157.418, -679.3352, -2.629443, 0.0166641, 0.1456619, 75.29196, 1.845477, 1.454142, 8.815194
 
38.7495, -0.003880874, -0.128572, 5, 0, 0.08973125570962060160748, 1157.069, -679.3352, -2.629443, 0.0166641, 0.1456619, 75.28091, 1.845477, 1.454142, 8.815194
 
38.7595, -0.003835991, -0.1286108, 5, 0, 0.08973116807425235887995, 1156.724, -679.3352, -2.629443, 0.0166641, 0.1456619, 75.26997, 1.845477, 1.454142, 8.815194
 
38.7695, -0.003790896, -0.1286492, 5, 0, 0.08973037935593817433218, 1156.384, -679.3352, -2.629443, 0.0166641, 0.1456619, 75.25917, 1.845477, 1.454142, 8.815194
 
38.7795, -0.00374599, -0.1286871, 5, 0, 0.08972906482541453341923, 1156.048, -679.3352, -2.629443, 0.0166641, 0.1456619, 75.24849, 1.845477, 1.454142, 8.815194
 
38.7895, -0.003700919, -0.1287245, 5, 0, 0.08972704921194495068604, 1155.715, -679.3352, -2.629443, 0.0166641, 0.1456619, 75.23792, 1.845477, 1.454142, 8.815194
 
38.7995, -0.003655685, -0.1287615, 5, 0, 0.08972415724479294067755, 1155.387, -679.3352, -2.629443, 0.0166641, 0.1456619, 75.22749, 1.845477, 1.454142, 8.815194
 
38.80949, -0.003610619, -0.1287981, 5, 0, 0.08972091473616795975894, 1155.062, -679.3352, -2.629443, 0.0166641, 0.1456619, 75.21719, 1.845477, 1.454142, 8.815194
 
38.81949, -0.003565446, -0.1288342, 5, 0, 0.08971679587386055156503, 1154.743, -679.3352, -2.629443, 0.0166641, 0.1456619, 75.20704, 1.845477, 1.454142, 8.815194
 
38.82949, -0.003520723, -0.1288699, 5, 0, 0.08971258937618490064359, 1154.428, -679.3352, -2.629443, 0.0166641, 0.1456619, 75.19701, 1.845477, 1.454142, 8.815194
 
38.83949, -0.003475724, -0.1289051, 5, 0, 0.08970750652482682244685, 1154.117, -679.3352, -2.629443, 0.0166641, 0.1456619, 75.18711, 1.845477, 1.454142, 8.815194
 
38.84949, -0.003430925, -0.1289398, 5, 0, 0.08970198549662753061246, 1153.809, -679.3352, -2.629443, 0.0166641, 0.1456619, 75.17734, 1.845477, 1.454142, 8.815194
 
38.85949, -0.003386049, -0.1289741, 5, 0, 0.08969576338548229695783, 1153.506, -679.3352, -2.629443, 0.0166641, 0.1456619, 75.16768, 1.845477, 1.454142, 8.815194
 
38.86948, -0.003341284, -0.129008, 5, 0, 0.08968910309749584966555, 1153.207, -679.3352, -2.629443, 0.0166641, 0.1456619, 75.15816, 1.845477, 1.454142, 8.815194
 
38.87948, -0.003296423, -0.1290414, 5, 0, 0.0896816540911952178255, 1152.912, -679.3352, -2.629443, 0.0166641, 0.1456619, 75.14876, 1.845477, 1.454142, 8.815194
 
38.88948, -0.003251661, -0.1290744, 5, 0, 0.0896737669080533723478, 1152.621, -679.3352, -2.629443, 0.0166641, 0.1456619, 75.13948, 1.845477, 1.454142, 8.815194
 
38.89948, -0.003206858, -0.1291069, 5, 0, 0.08966517864196558504986, 1152.333, -679.3352, -2.629443, 0.0166641, 0.1456619, 75.13033, 1.845477, 1.454142, 8.815194
 
38.90948, -0.003162151, -0.1291389, 5, 0, 0.08965606456366834138674, 1152.05, -679.3352, -2.629443, 0.0166641, 0.1456619, 75.12131, 1.845477, 1.454142, 8.815194
 
38.91948, -0.003117342, -0.1291706, 5, 0, 0.08964624940242515590338, 1151.771, -679.3352, -2.629443, 0.0166641, 0.1456619, 75.11241, 1.845477, 1.454142, 8.815194
 
38.92947, -0.003072679, -0.1292017, 5, 0, 0.0896360836997089995099, 1151.496, -679.3352, -2.629443, 0.0166641, 0.1456619, 75.10363, 1.845477, 1.454142, 8.815194
 
38.93947, -0.003027941, -0.1292325, 5, 0, 0.08962504164331041584112, 1151.225, -679.3352, -2.629443, 0.0166641, 0.1456619, 75.09499, 1.845477, 1.454142, 8.815194
 
38.94947, -0.002983392, -0.1292627, 5, 0, 0.08961373668080710398975, 1150.958, -679.3352, -2.629443, 0.0166641, 0.1456619, 75.08646, 1.845477, 1.454142, 8.815194
 
38.95947, -0.002938693, -0.1292926, 5, 0, 0.08960155536462136486308, 1150.695, -679.3352, -2.629443, 0.0166641, 0.1456619, 75.07807, 1.845477, 1.454142, 8.815194
 
38.96947, -0.002894273, -0.129322, 5, 0, 0.08958902350696265482629, 1150.437, -679.3352, -2.629443, 0.0166641, 0.1456619, 75.06982, 1.845477, 1.454142, 8.815194
 
38.97947, -0.002849843, -0.1293509, 5, 0, 0.08957587820172624569679, 1150.183, -679.3352, -2.629443, 0.0166641, 0.1456619, 75.06171, 1.845477, 1.454142, 8.815194
 
38.98946, -0.002805597, -0.1293794, 5, 0, 0.08956238235501686565717, 1149.933, -679.3352, -2.629443, 0.0166641, 0.1456619, 75.05372, 1.845477, 1.454142, 8.815194
 
38.99946, -0.002761214, -0.1294075, 5, 0, 0.08954809778999330106978, 1149.687, -679.3352, -2.629443, 0.0166641, 0.1456619, 75.04585, 1.845477, 1.454142, 8.815194
 
39.00946, -0.002717031, -0.1294351, 5, 0, 0.08953337504812852284474, 1149.445, -679.3352, -2.629443, 0.0166641, 0.1456619, 75.03812, 1.845477, 1.454142, 8.815194
 
39.01946, -0.002672747, -0.1294622, 5, 0, 0.08951795122331780279946, 1149.207, -679.3352, -2.629443, 0.0166641, 0.1456619, 75.0305, 1.845477, 1.454142, 8.815194
 
39.02946, -0.002628628, -0.129489, 5, 0, 0.08950208922166586911653, 1148.973, -679.3352, -2.629443, 0.0166641, 0.1456619, 75.02302, 1.845477, 1.454142, 8.815194
 
39.03946, -0.002584405, -0.1295152, 5, 0, 0.08948552613706799361336, 1148.743, -679.3352, -2.629443, 0.0166641, 0.1456619, 75.01566, 1.845477, 1.454142, 8.815194
 
39.04945, -0.002540264, -0.1295411, 5, 0, 0.08946843724026066174501, 1148.517, -679.3352, -2.629443, 0.0166641, 0.1456619, 75.00842, 1.845477, 1.454142, 8.815194
 
39.05945, -0.002496152, -0.1295665, 5, 0, 0.08945082253124387351148, 1148.295, -679.3352, -2.629443, 0.0166641, 0.1456619, 75.0013, 1.845477, 1.454142, 8.815194
 
39.06945, -0.002452119, -0.1295915, 5, 0, 0.08943259437464938618524, 1148.077, -679.3352, -2.629443, 0.0166641, 0.1456619, 74.99432, 1.845477, 1.454142, 8.815194
 
39.07945, -0.002408127, -0.129616, 5, 0, 0.08941375277047719976629, 1147.863, -679.3352, -2.629443, 0.0166641, 0.1456619, 74.98746, 1.845477, 1.454142, 8.815194
 
39.08945, -0.002364143, -0.1296401, 5, 0, 0.08939447298946379970969, 1147.653, -679.3352, -2.629443, 0.0166641, 0.1456619, 74.98073, 1.845477, 1.454142, 8.815194
 
39.09945, -0.002320216, -0.1296637, 5, 0, 0.08937449212550445783285, 1147.448, -679.3352, -2.629443, 0.0166641, 0.1456619, 74.97412, 1.845477, 1.454142, 8.815194
 
39.10944, -0.002276355, -0.1296869, 5, 0, 0.08935407308470390231836, 1147.246, -679.3352, -2.629443, 0.0166641, 0.1456619, 74.96764, 1.845477, 1.454142, 8.815194
 
39.11944, -0.002232517, -0.1297097, 5, 0, 0.08933304059632564771116, 1147.048, -679.3352, -2.629443, 0.0166641, 0.1456619, 74.96128, 1.845477, 1.454142, 8.815194
 
39.12944, -0.002188738, -0.129732, 5, 0, 0.08931148229573793673878, 1146.854, -679.3352, -2.629443, 0.0166641, 0.1456619, 74.95506, 1.845477, 1.454142, 8.815194
 
39.13944, -0.002144983, -0.1297539, 5, 0, 0.08928931054757252667369, 1146.664, -679.3352, -2.629443, 0.0166641, 0.1456619, 74.94895, 1.845477, 1.454142, 8.815194
 
39.14944, -0.002101367, -0.1297753, 5, 0, 0.08926670062256590297095, 1146.479, -679.3352, -2.629443, 0.0166641, 0.1456619, 74.943, 1.845477, 1.454142, 8.815194
 
39.15944, -0.002057884, -0.1297963, 5, 0, 0.0892434772499815801755, 1146.298, -679.3352, -2.629443, 0.0166641, 0.1456619, 74.93718, 1.845477, 1.454142, 8.815194
 
39.16943, -0.002014444, -0.1298169, 5, 0, 0.0892198157005560437424, 1146.121, -679.3352, -2.629443, 0.0166641, 0.1456619, 74.93148, 1.845477, 1.454142, 8.815194
 
39.17943, -0.001971009, -0.1298371, 5, 0, 0.08919554070355280821659, 1145.948, -679.3352, -2.629443, 0.0166641, 0.1456619, 74.92591, 1.845477, 1.454142, 8.815194
 
39.18943, -0.001927651, -0.1298568, 5, 0, 0.0891707398943401163256, 1145.78, -679.3352, -2.629443, 0.0166641, 0.1456619, 74.92047, 1.845477, 1.454142, 8.815194
 
39.19943, -0.001884303, -0.1298761, 5, 0, 0.0891453256375497253419, 1145.615, -679.3352, -2.629443, 0.0166641, 0.1456619, 74.91515, 1.845477, 1.454142, 8.815194
 
39.20943, -0.001841, -0.1298949, 5, 0, 0.08911929793318163526549, 1145.454, -679.3352, -2.629443, 0.0166641, 0.1456619, 74.90996, 1.845477, 1.454142, 8.815194
 
39.21943, -0.001797768, -0.1299133, 5, 0, 0.08909283205197233155143, 1145.297, -679.3352, -2.629443, 0.0166641, 0.1456619, 74.90488, 1.845477, 1.454142, 8.815194
 
39.22942, -0.001754544, -0.1299313, 5, 0, 0.08906575272318532874466, 1145.144, -679.3352, -2.629443, 0.0166641, 0.1456619, 74.89995, 1.845477, 1.454142, 8.815194
 
39.23942, -0.001711447, -0.1299488, 5, 0, 0.08903814758218886957271, 1144.995, -679.3352, -2.629443, 0.0166641, 0.1456619, 74.89513, 1.845477, 1.454142, 8.815194
 
39.24942, -0.001668342, -0.1299659, 5, 0, 0.08901001662898295403558, 1144.85, -679.3352, -2.629443, 0.0166641, 0.1456619, 74.89044, 1.845477, 1.454142, 8.815194
 
39.25942, -0.001625285, -0.1299826, 5, 0, 0.08898135986356758213327, 1144.709, -679.3352, -2.629443, 0.0166641, 0.1456619, 74.88588, 1.845477, 1.454142, 8.815194
 
39.26942, -0.001582246, -0.1299989, 5, 0, 0.08895200201520626841072, 1144.572, -679.3352, -2.629443, 0.0166641, 0.1456619, 74.88144, 1.845477, 1.454142, 8.815194
 
39.27942, -0.001539282, -0.1300147, 5, 0, 0.08892220599000374105052, 1144.439, -679.3352, -2.629443, 0.0166641, 0.1456619, 74.87713, 1.845477, 1.454142, 8.815194
 
39.28941, -0.001496364, -0.1300301, 5, 0, 0.08889179651722351459761, 1144.311, -679.3352, -2.629443, 0.0166641, 0.1456619, 74.87294, 1.845477, 1.454142, 8.815194
 
39.29941, -0.001453477, -0.1300451, 5, 0, 0.08886086123223383177952, 1144.186, -679.3352, -2.629443, 0.0166641, 0.1456619, 74.86889, 1.845477, 1.454142, 8.815194
 
39.30941, -0.001410696, -0.1300596, 5, 0, 0.08882940013503469259625, 1144.066, -679.3352, -2.629443, 0.0166641, 0.1456619, 74.86498, 1.845477, 1.454142, 8.815194
 
39.31941, -0.001367963, -0.1300737, 5, 0, 0.08879732559025785432027, 1143.95, -679.3352, -2.629443, 0.0166641, 0.1456619, 74.86121, 1.845477, 1.454142, 8.815194
 
39.32941, -0.001325273, -0.1300874, 5, 0, 0.08876481286863980240664, 1143.838, -679.3352, -2.629443, 0.0166641, 0.1456619, 74.85755, 1.845477, 1.454142, 8.815194
 
39.33941, -0.001282599, -0.1301006, 5, 0, 0.08873159906407580867277, 1143.729, -679.3352, -2.629443, 0.0166641, 0.1456619, 74.85403, 1.845477, 1.454142, 8.815194
 
39.3494, -0.001239979, -0.1301135, 5, 0, 0.08869794708267060130125, 1143.626, -679.3352, -2.629443, 0.0166641, 0.1456619, 74.85063, 1.845477, 1.454142, 8.815194
 
39.3594, -0.001197387, -0.1301259, 5, 0, 0.08866368165368769483702, 1143.526, -679.3352, -2.629443, 0.0166641, 0.1456619, 74.84735, 1.845477, 1.454142, 8.815194
 
