0.3499999, 0, 0, 5.182718, 1.241344, 0, 598.8672, -559.8177, -1.584829, 0.01663505, 0.1455349, 32.96709, 1.732827, 1.523474, 11.44105
 
0.3599999, -0.3565534, 0, 5.301799, 1.241635, 1.8424924125932587918432, 635.3505, -559.8958, -1.584829, 0.01663505, 0.1455349, 33.95691, 1.732827, 1.523236, 11.44697
 
0.3699999, -0.3651608, -0.003565534, 5.420961, 1.241797, 1.7886131230204290143641, 672.9715, -559.9739, -1.584829, 0.01663505, 0.1455349, 34.94831, 1.732827, 1.522998, 11.45289
 
0.3799999, -0.3736154, -0.007217142, 5.540323, 1.241959, 1.7374198782818544530469, 711.7316, -560.052, -1.584829, 0.01663505, 0.1455349, 35.9412, 1.732827, 1.522761, 11.45881
 
0.3899999, -0.3819017, -0.0109533, 5.660131, 1.24238, 1.6886705279942144340197468824, 751.6309, -560.1304, -1.584829, 0.01663505, 0.1455349, 36.93547, 1.732827, 1.522523, 11.46473
 
0.3999999, -0.3900075, -0.01477231, 5.77987, 1.242541, 1.642152775931003888841, 792.6744, -560.2087, -1.584829, 0.01663505, 0.1455349, 37.93112, 1.732827, 1.522285, 11.47065
 
0.4099999, -0.3979207, -0.01867239, 5.90021, 1.243092, 1.5976675943799142250493531176, 834.8752, -560.2872, -1.584829, 0.01663505, 0.1455349, 38.92837, 1.732827, 1.522047, 11.47657
 
0.4199999, -0.405624, -0.02265159, 6.02076, 1.243643, 1.5550300534249182574778531176, 878.2372, -560.3658, -1.584829, 0.01663505, 0.1455349, 39.92719, 1.732827, 1.521809, 11.48249
 
0.4299999, -0.4130994, -0.02670783, 6.141771, 1.244455, 1.5140825894604252201275, 922.7615, -560.4445, -1.584829, 0.01663505, 0.1455349, 40.92749, 1.732827, 1.521571, 11.48841
 
0.4399998, -0.420331, -0.03083883, 6.262848, 1.245137, 1.4746833952413785451351531176, 968.4521, -560.5231, -1.584829, 0.01663505, 0.1455349, 41.92927, 1.732827, 1.521333, 11.49434
 
0.4499998, -0.4273008, -0.03504214, 6.384115, 1.245819, 1.4367039320369347262607, 1015.31, -560.602, -1.584829, 0.01663505, 0.1455349, 42.93245, 1.732827, 1.521096, 11.50026
 
0.4599998, -0.4339907, -0.03931515, 6.505562, 1.246501, 1.400027271066077842904, 1063.338, -560.6809, -1.584829, 0.01663505, 0.1455349, 43.93696, 1.732827, 1.520858, 11.50618
 
0.4699998, -0.4403839, -0.04365505, 6.62719, 1.247184, 1.3645489227798454693818, 1112.538, -560.7599, -1.584829, 0.01663505, 0.1455349, 44.9428, 1.732827, 1.52062, 11.5121
 
0.4799998, -0.4464605, -0.04805889, 6.748994, 1.247867, 1.3301677147578056401579, 1162.913, -560.8391, -1.584829, 0.01663505, 0.1455349, 45.94994, 1.732827, 1.520382, 11.51802
 
0.4899998, -0.452201, -0.05252349, 6.870968, 1.248549, 1.2967949138115467133276, 1214.465, -560.9183, -1.584829, 0.01663505, 0.1455349, 46.95834, 1.732827, 1.520144, 11.52394
 
0.4999998, -0.4575869, -0.0570455, 6.993108, 1.249233, 1.2643492502918692411651, 1267.197, -560.9975, -1.584829, 0.01663505, 0.1455349, 47.96796, 1.732827, 1.519906, 11.52986
 
0.5099998, -0.4625979, -0.06162138, 7.115412, 1.249916, 1.2327569180887859701235, 1321.111, -561.0768, -1.584829, 0.01663505, 0.1455349, 48.97878, 1.732827, 1.519668, 11.53578
 
0.5199998, -0.4672133, -0.06624735, 7.237876, 1.250599, 1.2019465989387137113822, 1376.208, -561.1564, -1.584829, 0.01663505, 0.1455349, 49.99076, 1.732827, 1.519431, 11.5417
 
0.5299998, -0.4714137, -0.07091948, 7.360498, 1.251283, 1.1718569259636855350258, 1432.492, -561.2358, -1.584829, 0.01663505, 0.1455349, 51.00391, 1.732827, 1.519193, 11.54762
 
0.5399998, -0.4751768, -0.07563362, 7.483274, 1.251966, 1.142427361567869199381, 1489.965, -561.3154, -1.584829, 0.01663505, 0.1455349, 52.01818, 1.732827, 1.518955, 11.55354
 
0.5499998, -0.4784826, -0.08038539, 7.606202, 1.252651, 1.1136048316946446569534, 1548.63, -561.3951, -1.584829, 0.01663505, 0.1455349, 53.03358, 1.732827, 1.518717, 11.55946
 
0.5599998, -0.4813091, -0.08517021, 7.729282, 1.253335, 1.0853404086980653014591, 1608.489, -561.475, -1.584829, 0.01663505, 0.1455349, 54.05008, 1.732827, 1.518479, 11.56538
 
0.5699998, -0.4836349, -0.0899833, 7.852507, 1.254019, 1.0575884820607232795826, 1669.543, -561.5549, -1.584829, 0.01663505, 0.1455349, 55.06765, 1.732827, 1.518241, 11.5713
 
0.5799997, -0.4854389, -0.09481965, 7.975879, 1.254704, 1.0303059291116148027347, 1731.795, -561.6349, -1.584829, 0.01663505, 0.1455349, 56.08627, 1.732827, 1.518003, 11.57722
 
0.5899997, -0.4866984, -0.09967404, 8.099392, 1.255388, 1.0034554321546789000209, 1795.248, -561.7149, -1.584829, 0.01663505, 0.1455349, 57.10595, 1.732827, 1.517766, 11.58314
 
0.5999997, -0.4873928, -0.104541, 8.223049, 1.256073, 0.9770005027759892887888, 1859.905, -561.795, -1.584829, 0.01663505, 0.1455349, 58.12668, 1.732827, 1.517528, 11.58906
 
0.6099997, -0.4874995, -0.109415, 8.346846, 1.256759, 0.9509087989722931275965, 1925.766, -561.8754, -1.584829, 0.01663505, 0.1455349, 59.14842, 1.732827, 1.51729, 11.59498
 
0.6199997, -0.4869969, -0.11429, 8.470779, 1.257444, 0.9251504665867416397284, 1992.835, -561.9556, -1.584829, 0.01663505, 0.1455349, 60.17117, 1.732827, 1.517052, 11.6009
 
0.6299997, -0.4858638, -0.1191599, 8.594851, 1.258129, 0.8996973100267554249531, 2061.115, -562.0361, -1.584829, 0.01663505, 0.1455349, 61.19493, 1.732827, 1.516814, 11.60682
 
0.6399997, -0.4840805, -0.1240186, 8.718924, 1.258683, 0.8745252801104285242497, 2130.605, -562.1166, -1.584829, 0.01663505, 0.1455349, 62.21967, 1.732827, 1.516576, 11.61274
 
0.6499997, -0.4816227, -0.1288594, 8.843397, 1.259501, 0.8496119862201243550815, 2201.312, -562.1972, -1.584829, 0.01663505, 0.1455349, 63.24541, 1.732827, 1.516338, 11.61866
 
0.6599997, -0.4784723, -0.1336756, 8.967872, 1.260187, 0.8249342084560708173875653118, 2273.236, -562.2779, -1.584829, 0.01663505, 0.1455349, 64.27214, 1.732827, 1.516101, 11.62458
 
0.6699997, -0.4746091, -0.1384603, 9.092476, 1.260873, 0.8004756099602162113627953118, 2346.378, -562.3587, -1.584829, 0.01663505, 0.1455349, 65.2998, 1.732827, 1.515863, 11.6305
 
0.6799996, -0.4700132, -0.1432064, 9.217208, 1.261559, 0.77621919044879942804414, 2420.74, -562.4396, -1.584829, 0.01663505, 0.1455349, 66.32843, 1.732827, 1.515625, 11.63643
 
0.6899996, -0.4646662, -0.1479065, 9.342071, 1.262246, 0.75214960820232707638848, 2496.327, -562.5205, -1.584829, 0.01663505, 0.1455349, 67.35799, 1.732827, 1.515387, 11.64235
 
0.6999996, -0.4585502, -0.1525532, 9.467062, 1.262933, 0.72825359470664497380435, 2573.141, -562.6016, -1.584829, 0.01663505, 0.1455349, 68.38852, 1.732827, 1.515149, 11.64827
 
0.7099996, -0.4516467, -0.1571387, 9.592176, 1.26362, 0.70451895951437320313288, 2651.181, -562.6827, -1.584829, 0.01663505, 0.1455349, 69.41998, 1.732827, 1.514911, 11.65419
 
0.7199996, -0.4439397, -0.1616552, 9.717414, 1.264307, 0.6809359170963216138351553118, 2730.45, -562.7639, -1.584829, 0.01663505, 0.1455349, 70.45232, 1.732827, 1.514673, 11.66011
 
0.7299996, -0.4354147, -0.1660946, 9.842778, 1.264994, 0.65749642341578621780921, 2810.953, -562.8452, -1.584829, 0.01663505, 0.1455349, 71.48561, 1.732827, 1.514436, 11.66603
 
0.7399996, -0.4260569, -0.1704487, 9.968266, 1.265682, 0.63419235150784458243606, 2892.69, -562.9266, -1.584829, 0.01663505, 0.1455349, 72.51981, 1.732827, 1.514198, 11.67195
 
0.7499996, -0.415853, -0.1747093, 10.09387, 1.26637, 0.61101880860790287636945, 2975.661, -563.0081, -1.584829, 0.01663505, 0.1455349, 73.55488, 1.732827, 1.51396, 11.67787
 
0.7599996, -0.4047925, -0.1788678, 10.2196, 1.267057, 0.5879719800181407044135853118, 3059.87, -563.0897, -1.584829, 0.01663505, 0.1455349, 74.59084, 1.732827, 1.513722, 11.68379
 
0.7699996, -0.3928652, -0.1829157, 10.34544, 1.267746, 0.56504829982538139497384, 3145.32, -563.1713, -1.584829, 0.01663505, 0.1455349, 75.6277, 1.732827, 1.513484, 11.68971
 
0.7799996, -0.380061, -0.1868444, 10.4714, 1.268434, 0.5422451972550049266533, 3232.01, -563.2531, -1.584829, 0.01663505, 0.1455349, 76.66543, 1.732827, 1.513246, 11.69563
 
0.7899995, -0.3663746, -0.190645, 10.59748, 1.269122, 0.5195631698762937709614946882, 3319.945, -563.335, -1.584829, 0.01663505, 0.1455349, 77.70403, 1.732827, 1.513008, 11.70155
 
0.7999995, -0.3518002, -0.1943088, 10.72367, 1.269811, 0.49700196890460503357939, 3409.124, -563.4169, -1.584829, 0.01663505, 0.1455349, 78.74348, 1.732827, 1.512771, 11.70747
 
0.8099995, -0.3363353, -0.1978268, 10.84998, 1.2705, 0.47456449682741261120074, 3499.55, -563.4988, -1.584829, 0.01663505, 0.1455349, 79.78378, 1.732827, 1.512533, 11.71339
 
0.8199995, -0.3199802, -0.2011901, 10.97626, 1.271056, 0.4522525780654128179581646882, 3591.224, -563.581, -1.584829, 0.01663505, 0.1455349, 80.82491, 1.732827, 1.512295, 11.71931
 
0.8299995, -0.3027301, -0.2043899, 11.10292, 1.271878, 0.4300706907421304825126, 3684.148, -563.6632, -1.584829, 0.01663505, 0.1455349, 81.86689, 1.732827, 1.512057, 11.72523
 
0.8399995, -0.284595, -0.2074172, 11.22956, 1.272568, 0.40802397640680315981147, 3778.323, -563.7454, -1.584829, 0.01663505, 0.1455349, 82.90968, 1.732827, 1.511819, 11.73115
 
0.8499995, -0.2655774, -0.2102632, 11.35631, 1.273257, 0.38611757660866508767366, 3873.752, -563.8279, -1.584829, 0.01663505, 0.1455349, 83.95328, 1.732827, 1.511581, 11.73707
 
0.8599995, -0.2456857, -0.2129189, 11.48316, 1.273947, 0.3643583743894341785086, 3970.437, -563.9103, -1.584829, 0.01663505, 0.1455349, 84.99771, 1.732827, 1.511343, 11.74299
 
0.8699995, -0.2249316, -0.2153758, 11.61012, 1.274637, 0.34275524306795159650676, 4068.375, -563.9929, -1.584829, 0.01663505, 0.1455349, 86.04291, 1.732827, 1.511106, 11.74891
 
0.8799995, -0.2033299, -0.2176251, 11.73718, 1.275327, 0.3213173047476980830491053118, 4167.572, -564.0754, -1.584829, 0.01663505, 0.1455349, 87.08892, 1.732827, 1.510868, 11.75483
 
0.8899994, -0.1808938, -0.2196584, 11.86434, 1.276017, 0.30005260346538260193041, 4268.024, -564.1582, -1.584829, 0.01663505, 0.1455349, 88.13568, 1.732827, 1.51063, 11.76075
 
0.8999994, -0.1576452, -0.2214673, 11.99161, 1.276708, 0.27897291502731523834209, 4369.739, -564.241, -1.584829, 0.01663505, 0.1455349, 89.18324, 1.732827, 1.510392, 11.76667
 
0.9099994, -0.1336053, -0.2230438, 12.11898, 1.277399, 0.25808877131660736224095, 4472.715, -564.324, -1.584829, 0.01663505, 0.1455349, 90.23155, 1.732827, 1.510154, 11.77259
 
0.9199994, -0.1087994, -0.2243799, 12.24644, 1.27809, 0.2374124457088515303279353118, 4576.951, -564.4069, -1.584829, 0.01663505, 0.1455349, 91.28061, 1.732827, 1.509916, 11.77851
 
0.9299994, -0.08325619, -0.2254678, 12.374, 1.27878, 0.21695646036428402290516, 4682.451, -564.49, -1.584829, 0.01663505, 0.1455349, 92.33041, 1.732827, 1.509678, 11.78444
 
0.9399994, -0.05700694, -0.2263004, 12.50165, 1.279472, 0.1967339179406304263514, 4789.212, -564.5731, -1.584829, 0.01663505, 0.1455349, 93.38094, 1.732827, 1.509441, 11.79036
 
0.9499994, -0.03008911, -0.2268705, 12.62941, 1.280163, 0.1767605747984498172665553118, 4897.24, -564.6565, -1.584829, 0.01663505, 0.1455349, 94.43218, 1.732827, 1.509203, 11.79628
 
0.9599994, -0.002538533, -0.2271714, 12.75725, 1.280855, 0.15704903602619194477695, 5006.535, -564.7398, -1.584829, 0.01663505, 0.1455349, 95.48416, 1.732827, 1.508965, 11.8022
 
0.9699994, 0.02560256, -0.2271968, 12.88518, 1.281547, 0.13761480919977299116345, 5117.092, -564.8232, -1.584829, 0.01663505, 0.1455349, 96.53681, 1.732827, 1.508727, 11.80812
 
0.9799994, 0.05428704, -0.2269407, 13.01321, 1.282239, 0.11847481167474142584703, 5228.918, -564.9068, -1.584829, 0.01663505, 0.1455349, 97.59016, 1.732827, 1.508489, 11.81404
 
0.9899994, 0.0834666, -0.2263979, 13.14131, 1.282931, 0.09964471688344285660338, 5342.011, -564.9904, -1.584829, 0.01663505, 0.1455349, 98.6442, 1.732827, 1.508251, 11.81996
 
0.9999993, 0.1130905, -0.2255632, 13.26951, 1.283624, 0.0811401650869374207502925312, 5456.374, -565.0741, -1.584829, 0.01663505, 0.1455349, 99.69891, 1.732827, 1.508013, 11.82588
 
1.009999, 0.1431013, -0.2244323, 13.39779, 1.284316, 0.062979010729585204924821, 5572.004, -565.1579, -1.584829, 0.01663505, 0.1455349, 100.7543, 1.732827, 1.507776, 11.8318
 
1.019999, 0.1734414, -0.2230013, 13.52616, 1.285009, 0.0451776404263673170780075312, 5688.904, -565.2418, -1.584829, 0.01663505, 0.1455349, 101.8103, 1.732827, 1.507538, 11.83772
 
1.029999, 0.2040471, -0.2212669, 13.65461, 1.285702, 0.027753983257036048716908, 5807.075, -565.3257, -1.584829, 0.01663505, 0.1455349, 102.867, 1.732827, 1.5073, 11.84364
 
1.039999, 0.2348509, -0.2192264, 13.783, 1.28626, 0.010725205361779197668352, 5926.516, -565.4097, -1.584829, 0.01663505, 0.1455349, 103.9243, 1.732827, 1.507062, 11.84956
 
1.049999, 0.2657908, -0.2168779, 13.91175, 1.287088, -0.0058907774481653483571186, 6047.227, -565.494, -1.584829, 0.01663505, 0.1455349, 104.9822, 1.732827, 1.506824, 11.85548
 
1.059999, 0.2967866, -0.21422, 14.04043, 1.287782, -0.0220761455582874913414724688, 6169.209, -565.5781, -1.584829, 0.01663505, 0.1455349, 106.0408, 1.732827, 1.506586, 11.8614
 
1.069999, 0.3277652, -0.2112521, 14.1692, 1.288476, -0.037812868716414590740331, 6292.466, -565.6625, -1.584829, 0.01663505, 0.1455349, 107.0999, 1.732827, 1.506348, 11.86732
 
1.079999, 0.358649, -0.2079744, 14.29804, 1.289169, -0.053083817270772775009517, 6416.996, -565.7469, -1.584829, 0.01663505, 0.1455349, 108.1597, 1.732827, 1.506111, 11.87324
 
1.089999, 0.3893563, -0.204388, 14.42696, 1.289863, -0.0678711118985379997929275312, 6542.799, -565.8314, -1.584829, 0.01663505, 0.1455349, 109.2201, 1.732827, 1.505873, 11.87916
 
1.099999, 0.4198027, -0.2004944, 14.55595, 1.290558, -0.082157113768705694965736, 6669.876, -565.916, -1.584829, 0.01663505, 0.1455349, 110.281, 1.732827, 1.505635, 11.88508
 
1.109999, 0.449903, -0.1962964, 14.68501, 1.291252, -0.09592538650936609078488, 6798.227, -566.0007, -1.584829, 0.01663505, 0.1455349, 111.3426, 1.732827, 1.505397, 11.891
 
1.119999, 0.4795676, -0.1917973, 14.81415, 1.291947, -0.10915865617365371409563, 6927.852, -566.0854, -1.584829, 0.01663505, 0.1455349, 112.4047, 1.732827, 1.505159, 11.89692
 
1.129999, 0.5087051, -0.1870017, 14.94335, 1.292642, -0.12184020443373324993725, 7058.752, -566.1703, -1.584829, 0.01663505, 0.1455349, 113.4674, 1.732827, 1.504921, 11.90284
 
1.139999, 0.5372238, -0.1819146, 15.07262, 1.293337, -0.13395468957011296583089, 7190.927, -566.2552, -1.584829, 0.01663505, 0.1455349, 114.5306, 1.732827, 1.504683, 11.90876
 
1.149999, 0.5650386, -0.1765424, 15.20229, 1.294303, -0.14548718450436847341875, 7324.439, -566.3403, -1.584829, 0.01663505, 0.1455349, 115.5949, 1.732827, 1.504446, 11.91468
 
1.159999, 0.5920503, -0.170892, 15.33229, 1.295474, -0.15642160116308682080409, 7459.292, -566.4254, -1.584829, 0.01663505, 0.1455349, 116.6603, 1.732827, 1.504208, 11.9206
 
1.169999, 0.6181639, -0.1649715, 15.46255, 1.29678, -0.1667450027449660421280153118, 7595.485, -566.5106, -1.584829, 0.01663505, 0.1455349, 117.7266, 1.732827, 1.50397, 11.92653
 
1.179999, 0.6432791, -0.1587898, 15.5928, 1.297952, -0.1764439548794258464327753118, 7733.023, -566.5959, -1.584829, 0.01663505, 0.1455349, 118.794, 1.732827, 1.503732, 11.93244
 
1.189999, 0.6672989, -0.1523571, 15.72324, 1.299193, -0.1855049402676699860900053118, 7871.907, -566.6813, -1.584829, 0.01663505, 0.1455349, 119.8624, 1.732827, 1.503494, 11.93836
 
1.199999, 0.6901284, -0.1456841, 15.8538, 1.300434, -0.1939178416676552645460853118, 8012.14, -566.7667, -1.584829, 0.01663505, 0.1455349, 120.9318, 1.732827, 1.503256, 11.94429
 
1.209999, 0.7116687, -0.1387828, 15.98442, 1.301608, -0.2016709662012842361516746882, 8153.723, -566.8522, -1.584829, 0.01663505, 0.1455349, 122.0023, 1.732827, 1.503018, 11.95021
 
1.219999, 0.7318267, -0.1316661, 16.11522, 1.302851, -0.20875568933435199677826, 8296.661, -566.9379, -1.584829, 0.01663505, 0.1455349, 123.0737, 1.732827, 1.502781, 11.95613
 
1.229999, 0.7505094, -0.1243478, 16.24623, 1.304163, -0.2151639670301562168881446882, 8440.959, -567.0237, -1.584829, 0.01663505, 0.1455349, 124.1463, 1.732827, 1.502543, 11.96205
 
1.239999, 0.7676212, -0.1168427, 16.37714, 1.305271, -0.22088858453412179164652, 8586.616, -567.1095, -1.584829, 0.01663505, 0.1455349, 125.2198, 1.732827, 1.502305, 11.96797
 
1.249999, 0.7830765, -0.1091665, 16.50838, 1.306584, -0.22592440029701614179877, 8733.633, -567.1954, -1.584829, 0.01663505, 0.1455349, 126.2943, 1.732827, 1.502067, 11.97389
 
1.259999, 0.796781, -0.1013358, 16.63968, 1.30783, -0.23026536055925521389543, 8882.013, -567.2814, -1.584829, 0.01663505, 0.1455349, 127.3699, 1.732827, 1.501829, 11.97981
 
1.269999, 0.8086523, -0.09336795, 16.77102, 1.309009, -0.2339089774744349432102, 9031.763, -567.3675, -1.584829, 0.01663505, 0.1455349, 128.4464, 1.732827, 1.501591, 11.98573
 
1.279999, 0.8186126, -0.08528142, 16.90256, 1.310256, -0.23685475347327451679782, 9182.883, -567.4537, -1.584829, 0.01663505, 0.1455349, 129.524, 1.732827, 1.501353, 11.99165
 
1.289999, 0.8265846, -0.0770953, 17.03422, 1.311504, -0.23910252269934699700987, 9335.376, -567.54, -1.584829, 0.01663505, 0.1455349, 130.6027, 1.732827, 1.501116, 11.99757
 
1.299999, 0.832494, -0.06882945, 17.16592, 1.312685, -0.24065328029121400973687, 9489.241, -567.6263, -1.584829, 0.01663505, 0.1455349, 131.6823, 1.732827, 1.500878, 12.00349
 
1.309999, 0.8362737, -0.06050451, 17.29788, 1.314003, -0.24150959702349308852933, 9644.487, -567.7128, -1.584829, 0.01663505, 0.1455349, 132.7629, 1.732827, 1.50064, 12.00941
 
1.319999, 0.8378615, -0.05214178, 17.42983, 1.315185, -0.2416768632300597069609, 9801.115, -567.7993, -1.584829, 0.01663505, 0.1455349, 133.8446, 1.732827, 1.500402, 12.01533
 
1.329999, 0.8372038, -0.04376316, 17.56196, 1.316436, -0.2411615473115636040378253118, 9959.128, -567.8859, -1.584829, 0.01663505, 0.1455349, 134.9273, 1.732827, 1.500164, 12.02125
 
1.339999, 0.8342501, -0.03539113, 17.69422, 1.317688, -0.23997127866364639943383, 10118.53, -567.9727, -1.584829, 0.01663505, 0.1455349, 136.0111, 1.732827, 1.499926, 12.02717
 
1.349999, 0.8289592, -0.02704863, 17.82652, 1.318873, -0.2381165062412035064351046882, 10279.32, -568.0595, -1.584829, 0.01663505, 0.1455349, 137.0959, 1.732827, 1.499688, 12.03309
 
1.359999, 0.821295, -0.01875903, 17.95908, 1.320194, -0.2356080107119833843425453118, 10441.51, -568.1464, -1.584829, 0.01663505, 0.1455349, 138.1817, 1.732827, 1.499451, 12.03901
 
1.369999, 0.8112348, -0.01054608, 18.09162, 1.32138, -0.23246030451334805308571, 10605.09, -568.2333, -1.584829, 0.01663505, 0.1455349, 139.2685, 1.732827, 1.499213, 12.04493
 
1.379999, 0.7987587, -0.002433735, 18.22436, 1.322635, -0.22868790008265123977281, 10770.07, -568.3204, -1.584829, 0.01663505, 0.1455349, 140.3564, 1.732827, 1.498975, 12.05085
 
1.389999, 0.7838605, 0.005553852, 18.35714, 1.323823, -0.22430862698578957089113, 10936.46, -568.4076, -1.584829, 0.01663505, 0.1455349, 141.4453, 1.732827, 1.498737, 12.05677
 
1.399999, 0.7665393, 0.01339246, 18.49018, 1.325148, -0.21934048064508578129424, 11104.25, -568.4949, -1.584829, 0.01663505, 0.1455349, 142.5353, 1.732827, 1.498499, 12.06269
 
1.409999, 0.7468062, 0.02105785, 18.6232, 1.326337, -0.21380444189854748350727, 11273.45, -568.5822, -1.584829, 0.01663505, 0.1455349, 143.6263, 1.732827, 1.498261, 12.06861
 
1.419999, 0.7246792, 0.02852591, 18.75647, 1.327664, -0.20772207208167657182482, 11444.06, -568.6696, -1.584829, 0.01663505, 0.1455349, 144.7184, 1.732827, 1.498023, 12.07453
 
1.429999, 0.7001943, 0.0357727, 18.88965, 1.328785, -0.20111824965851369350989, 11616.08, -568.7571, -1.584829, 0.01663505, 0.1455349, 145.8115, 1.732827, 1.497785, 12.08045
 
1.439999, 0.6733873, 0.04277465, 19.02316, 1.330114, -0.19401752138024562052864, 11789.53, -568.8447, -1.584829, 0.01663505, 0.1455349, 146.9057, 1.732827, 1.497548, 12.08638
 
1.449999, 0.6443152, 0.04950852, 19.15665, 1.331305, -0.18644799991123828428826, 11964.38, -568.9324, -1.584829, 0.01663505, 0.1455349, 148.0008, 1.732827, 1.49731, 12.0923
 
1.459999, 0.6130406, 0.05595167, 19.2904, 1.332635, -0.17843837841335189796541, 12140.66, -569.0202, -1.584829, 0.01663505, 0.1455349, 149.097, 1.732827, 1.497072, 12.09822
 
1.469999, 0.5796363, 0.06208208, 19.42412, 1.333828, -0.17001809640236789415464, 12318.36, -569.1081, -1.584829, 0.01663505, 0.1455349, 150.1943, 1.732827, 1.496834, 12.10414
 
1.479999, 0.5441908, 0.06787844, 19.55802, 1.335091, -0.1612196617379668812284046882, 12497.49, -569.196, -1.584829, 0.01663505, 0.1455349, 151.2926, 1.732827, 1.496596, 12.11006
 
1.489999, 0.5068033, 0.07332034, 19.69197, 1.336286, -0.15207632863374736984851, 12678.05, -569.2841, -1.584829, 0.01663505, 0.1455349, 152.3919, 1.732827, 1.496358, 12.11598
 
1.499999, 0.4675775, 0.07838838, 19.82617, 1.337619, -0.14262151715973978401799, 12860.03, -569.3722, -1.584829, 0.01663505, 0.1455349, 153.4923, 1.732827, 1.49612, 12.1219
 
1.509999, 0.4266342, 0.08306415, 19.96035, 1.338815, -0.13289030595024060709554, 13043.45, -569.4604, -1.584829, 0.01663505, 0.1455349, 154.5936, 1.732827, 1.495883, 12.12782
 
1.519999, 0.3841061, 0.0873305, 20.09471, 1.340081, -0.12291976391667040350303, 13228.29, -569.5487, -1.584829, 0.01663505, 0.1455349, 155.696, 1.732827, 1.495645, 12.13374
 
1.529999, 0.3401363, 0.09117156, 20.2291, 1.341278, -0.1127475404679440194318, 13414.58, -569.6371, -1.584829, 0.01663505, 0.1455349, 156.7994, 1.732827, 1.495407, 12.13966
 
1.539999, 0.2948731, 0.09457292, 20.36375, 1.342615, -0.10241111915654936342477, 13602.3, -569.7256, -1.584829, 0.01663505, 0.1455349, 157.9038, 1.732827, 1.495169, 12.14558
 
1.549999, 0.2484853, 0.09752166, 20.49837, 1.343814, -0.09195030552495147110274, 13791.46, -569.8141, -1.584829, 0.01663505, 0.1455349, 159.0093, 1.732827, 1.494931, 12.1515
 
1.559999, 0.2011383, 0.1000065, 20.63323, 1.345152, -0.081403545092914489369466, 13982.05, -569.9028, -1.584829, 0.01663505, 0.1455349, 160.1156, 1.732827, 1.494693, 12.15742
 
1.569999, 0.1530123, 0.1020179, 20.76806, 1.346352, -0.070809880463339540663016, 14174.08, -569.9916, -1.584829, 0.01663505, 0.1455349, 161.223, 1.732827, 1.494456, 12.16334
 
1.579999, 0.1043054, 0.103548, 20.903, 1.347553, -0.060211323069169931328176, 14367.56, -570.0804, -1.584829, 0.01663505, 0.1455349, 162.3314, 1.732827, 1.494218, 12.16926
 
1.589999, 0.05520689, 0.1045911, 21.03817, 1.348894, -0.0496465755076314786955395312, 14562.48, -570.1693, -1.584829, 0.01663505, 0.1455349, 163.4408, 1.732827, 1.49398, 12.17518
 
1.599999, 0.005925345, 0.1051431, 21.17332, 1.350097, -0.0391559657689342378348565312, 14758.84, -570.2584, -1.584829, 0.01663505, 0.1455349, 164.5511, 1.732827, 1.493742, 12.1811
 
1.609999, -0.04333347, 0.1052024, 21.30863, 1.35137, -0.0287786110913715360541974688, 14956.64, -570.3475, -1.584829, 0.01663505, 0.1455349, 165.6624, 1.732827, 1.493504, 12.18702
 
1.619999, -0.0923496, 0.1047691, 21.44404, 1.352643, -0.01855460726615513521803, 15155.9, -570.4366, -1.584829, 0.01663505, 0.1455349, 166.7746, 1.732827, 1.493266, 12.19294
 
1.629999, -0.1409035, 0.1038456, 21.57956, 1.353917, -0.008522549083833757826542, 15356.6, -570.5259, -1.584829, 0.01663505, 0.1455349, 167.8878, 1.732827, 1.493028, 12.19886
 
1.639999, -0.1887709, 0.1024365, 21.71511, 1.355123, 0.0012794712100179093358586, 15558.75, -570.6153, -1.584829, 0.01663505, 0.1455349, 169.002, 1.732827, 1.49279, 12.20478
 
1.649999, -0.2357333, 0.1005488, 21.85089, 1.356469, 0.010815398086747890879148, 15762.35, -570.7048, -1.584829, 0.01663505, 0.1455349, 170.1171, 1.732827, 1.492553, 12.2107
 
1.659999, -0.2815553, 0.09819147, 21.98662, 1.357675, 0.0200479951199444982847654688, 15967.39, -570.7943, -1.584829, 0.01663505, 0.1455349, 171.2331, 1.732827, 1.492315, 12.21662
 
1.669999, -0.3260148, 0.09537592, 22.12246, 1.358883, 0.028943124081250906593782, 16173.89, -570.884, -1.584829, 0.01663505, 0.1455349, 172.3501, 1.732827, 1.492077, 12.22254
 
1.679999, -0.3688923, 0.09211577, 22.25852, 1.360231, 0.03746821076841681044115, 16381.85, -570.9738, -1.584829, 0.01663505, 0.1455349, 173.468, 1.732827, 1.491839, 12.22847
 
1.689999, -0.4099633, 0.08842684, 22.39455, 1.36144, 0.045591560018254342285594, 16591.25, -571.0635, -1.584829, 0.01663505, 0.1455349, 174.5868, 1.732827, 1.491601, 12.23439
 
1.699999, -0.4490106, 0.08432721, 22.5308, 1.36279, 0.053282861568740646878359, 16802.12, -571.1535, -1.584829, 0.01663505, 0.1455349, 175.7066, 1.732827, 1.491363, 12.24031
 
1.709999, -0.4858203, 0.07983711, 22.66694, 1.363931, 0.060514334468363668109095, 17014.44, -571.2435, -1.584829, 0.01663505, 0.1455349, 176.8272, 1.732827, 1.491125, 12.24623
 
1.719999, -0.520191, 0.0749789, 22.80338, 1.365282, 0.067260154871449214118808, 17228.22, -571.3336, -1.584829, 0.01663505, 0.1455349, 177.9488, 1.732827, 1.490888, 12.25215
 
1.729999, -0.5519345, 0.06977699, 22.93984, 1.366564, 0.073498413143998821551216, 17443.46, -571.4237, -1.584829, 0.01663505, 0.1455349, 179.0713, 1.732827, 1.49065, 12.25807
 
1.739999, -0.5808569, 0.06425764, 23.07623, 1.367707, 0.0792068098894108065044634688, 17660.13, -571.5139, -1.584829, 0.01663505, 0.1455349, 180.1946, 1.732827, 1.490412, 12.26399
 
1.749999, -0.606785, 0.05844907, 23.21263, 1.368781, 0.08436676918786790357087, 17878.24, -571.6043, -1.584829, 0.01663505, 0.1455349, 181.3186, 1.732827, 1.490174, 12.26991
 
1.759999, -0.6295601, 0.05238122, 23.34916, 1.369925, 0.08896256785009667246486, 18097.78, -571.6948, -1.584829, 0.01663505, 0.1455349, 182.4434, 1.732827, 1.489936, 12.27583
 
1.769999, -0.6490381, 0.04608563, 23.48563, 1.37093, 0.09298176664407670662672, 18318.76, -571.7853, -1.584829, 0.01663505, 0.1455349, 183.5689, 1.732827, 1.489698, 12.28175
 
1.779999, -0.6650863, 0.03959525, 23.6223, 1.372075, 0.09641358490205705890915, 18541.17, -571.8759, -1.584829, 0.01663505, 0.1455349, 184.6952, 1.732827, 1.48946, 12.28767
 
1.789999, -0.67759, 0.03294438, 23.75898, 1.373151, 0.09925039322839859748483, 18765.03, -571.9666, -1.584829, 0.01663505, 0.1455349, 185.8223, 1.732827, 1.489223, 12.29359
 
1.799999, -0.6864524, 0.02616848, 23.89573, 1.374227, 0.10148787935600094349484, 18990.31, -572.0574, -1.584829, 0.01663505, 0.1455349, 186.9501, 1.732827, 1.488985, 12.29951
 
1.809999, -0.6916032, 0.01930396, 24.03261, 1.375374, 0.10312554571558328399392, 19217.05, -572.1483, -1.584829, 0.01663505, 0.1455349, 188.0787, 1.732827, 1.488747, 12.30543
 
1.819999, -0.6929749, 0.01238793, 24.1695, 1.376452, 0.10416330937893215015786, 19445.24, -572.2393, -1.584829, 0.01663505, 0.1455349, 189.2081, 1.732827, 1.488509, 12.31135
 
1.829999, -0.6905472, 0.005458181, 24.30646, 1.37753, 0.10460830217240586086872, 19674.87, -572.3303, -1.584829, 0.01663505, 0.1455349, 190.3382, 1.732827, 1.488271, 12.31727
 
1.839999, -0.6843016, -0.001447291, 24.44349, 1.378609, 0.10446749006593579736014, 19905.96, -572.4214, -1.584829, 0.01663505, 0.1455349, 191.4692, 1.732827, 1.488033, 12.32319
 
1.849999, -0.6742474, -0.008290308, 24.5806, 1.379688, 0.10375173665548637560363, 20138.5, -572.5127, -1.584829, 0.01663505, 0.1455349, 192.601, 1.732827, 1.487795, 12.32911
 
1.859999, -0.6604192, -0.01503278, 24.71783, 1.380838, 0.10247530559377423336331, 20372.49, -572.6039, -1.584829, 0.01663505, 0.1455349, 193.7335, 1.732827, 1.487558, 12.33503
 
1.869999, -0.6428794, -0.02163697, 24.85501, 1.381848, 0.1006557776620547613717, 20607.95, -572.6954, -1.584829, 0.01663505, 0.1455349, 194.8669, 1.732827, 1.48732, 12.34095
 
1.879999, -0.6217032, -0.02806577, 24.9924, 1.383, 0.09831214342121232037289, 20844.87, -572.7869, -1.584829, 0.01663505, 0.1455349, 196.0011, 1.732827, 1.487082, 12.34687
 
1.889999, -0.5970003, -0.0342828, 25.12979, 1.384081, 0.0954677886274451187941, 21083.25, -572.8784, -1.584829, 0.01663505, 0.1455349, 197.136, 1.732827, 1.486844, 12.35279
 
1.899999, -0.5688979, -0.0402528, 25.26732, 1.385233, 0.09214775760122074154675, 21323.09, -572.9702, -1.584829, 0.01663505, 0.1455349, 198.2719, 1.732827, 1.486606, 12.35871
 
1.909999, -0.5375485, -0.04594178, 25.40479, 1.386246, 0.08837974836583777591698, 21564.4, -573.062, -1.584829, 0.01663505, 0.1455349, 199.4084, 1.732827, 1.486368, 12.36463
 
1.919999, -0.5031374, -0.05131727, 25.54246, 1.3874, 0.0841953565706278439288, 21807.18, -573.1537, -1.584829, 0.01663505, 0.1455349, 200.5459, 1.732827, 1.48613, 12.37055
 
1.929999, -0.4658571, -0.05634864, 25.68014, 1.388483, 0.07962617786492256760622, 22051.43, -573.2457, -1.584829, 0.01663505, 0.1455349, 201.6841, 1.732827, 1.485893, 12.37648
 
1.939999, -0.4259412, -0.06100721, 25.81789, 1.389568, 0.074708402121079741834484, 22297.16, -573.3378, -1.584829, 0.01663505, 0.1455349, 202.8232, 1.732827, 1.485655, 12.3824
 
1.949998, -0.3836223, -0.06526662, 25.95571, 1.390653, 0.069477273829823616902842, 22544.36, -573.4299, -1.584829, 0.01663505, 0.1455349, 203.9631, 1.732827, 1.485417, 12.38832
 
1.959998, -0.3391619, -0.06910285, 26.09367, 1.391809, 0.0639708321626724254046344688, 22793.04, -573.522, -1.584829, 0.01663505, 0.1455349, 205.1039, 1.732827, 1.485179, 12.39424
 
1.969998, -0.2928529, -0.07249446, 26.23163, 1.392896, 0.058230093414007599009487, 23043.19, -573.6144, -1.584829, 0.01663505, 0.1455349, 206.2454, 1.732827, 1.484941, 12.40016
 
1.979998, -0.2449849, -0.07542299, 26.36966, 1.393982, 0.0522948465406518112862114688, 23294.82, -573.7068, -1.584829, 0.01663505, 0.1455349, 207.3878, 1.732827, 1.484703, 12.40608
 
1.989998, -0.1958687, -0.07787284, 26.50776, 1.395069, 0.046206472721125673802744, 23547.94, -573.7993, -1.584829, 0.01663505, 0.1455349, 208.531, 1.732827, 1.484465, 12.412
 
1.999998, -0.1458385, -0.07983153, 26.64593, 1.396157, 0.0400082770685027724179735312, 23802.53, -573.8918, -1.584829, 0.01663505, 0.1455349, 209.6751, 1.732827, 1.484228, 12.41792
 
2.009999, -0.09522895, -0.08128992, 26.78423, 1.397317, 0.033742760292186045395952, 24058.6, -573.9844, -1.584829, 0.01663505, 0.1455349, 210.8199, 1.732827, 1.48399, 12.42384
 
2.019999, -0.04439828, -0.08224221, 26.92253, 1.398405, 0.0274541065443115164193404688, 24316.14, -574.0771, -1.584829, 0.01663505, 0.1455349, 211.9656, 1.732827, 1.483752, 12.42976
 
2.029999, 0.006319221, -0.08268619, 27.0609, 1.399495, 0.021182751621766418316508, 24575.18, -574.17, -1.584829, 0.01663505, 0.1455349, 213.112, 1.732827, 1.483514, 12.43568
 
2.039999, 0.05656451, -0.08262299, 27.19933, 1.400585, 0.014971229405239159809404, 24835.69, -574.2629, -1.584829, 0.01663505, 0.1455349, 214.2593, 1.732827, 1.483276, 12.4416
 
2.049999, 0.1059624, -0.08205734, 27.33789, 1.401747, 0.008863085499622137562486, 25097.68, -574.356, -1.584829, 0.01663505, 0.1455349, 215.4073, 1.732827, 1.483038, 12.44752
 
2.059999, 0.1541733, -0.08099772, 27.47638, 1.402767, 0.0028965639091207692366797, 25361.14, -574.449, -1.584829, 0.01663505, 0.1455349, 216.5561, 1.732827, 1.4828, 12.45344
 
2.069999, 0.2008508, -0.07945599, 27.61506, 1.40393, -0.0028897082337133098320603469, 25626.1, -574.5422, -1.584829, 0.01663505, 0.1455349, 217.7057, 1.732827, 1.482563, 12.45936
 
2.079998, 0.2456464, -0.07744748, 27.75374, 1.405023, -0.008457997762469625061478, 25892.53, -574.6355, -1.584829, 0.01663505, 0.1455349, 218.8561, 1.732827, 1.482325, 12.46528
 
2.089998, 0.2882262, -0.07499102, 27.89247, 1.406116, -0.013772725985723671679221, 26160.44, -574.7289, -1.584829, 0.01663505, 0.1455349, 220.0073, 1.732827, 1.482087, 12.4712
 
2.099998, 0.3282719, -0.07210875, 28.03133, 1.407281, -0.0188008128391228103433124688, 26429.83, -574.8223, -1.584829, 0.01663505, 0.1455349, 221.1592, 1.732827, 1.481849, 12.47712
 
2.109998, 0.365474, -0.06882603, 28.17011, 1.408303, -0.023510869993868842305627, 26700.71, -574.9158, -1.584829, 0.01663505, 0.1455349, 222.3119, 1.732827, 1.481611, 12.48304
 
2.119998, 0.3995576, -0.06517129, 28.3091, 1.40947, -0.027875605774909426303294, 26973.07, -575.0095, -1.584829, 0.01663505, 0.1455349, 223.4654, 1.732827, 1.481373, 12.48896
 
2.129998, 0.4302505, -0.06117572, 28.44806, 1.410565, -0.0318687982811457201211114688, 27246.91, -575.1031, -1.584829, 0.01663505, 0.1455349, 224.6196, 1.732827, 1.481135, 12.49488
 
2.139998, 0.4573248, -0.05687321, 28.58708, 1.411661, -0.0354692593540361074605705312, 27522.22, -575.197, -1.584829, 0.01663505, 0.1455349, 225.7746, 1.732827, 1.480898, 12.5008
 
2.149998, 0.4805688, -0.05229997, 28.72615, 1.412757, -0.038657857454733828145705, 27799.02, -575.2909, -1.584829, 0.01663505, 0.1455349, 226.9304, 1.732827, 1.48066, 12.50672
 
2.159998, 0.4997978, -0.04749428, 28.86535, 1.413926, -0.041418628902145801803236, 28077.3, -575.3849, -1.584829, 0.01663505, 0.1455349, 228.0868, 1.732827, 1.480422, 12.51264
 
2.169998, 0.5148553, -0.0424963, 29.00452, 1.415023, -0.0437388276298619530803, 28357.06, -575.479, -1.584829, 0.01663505, 0.1455349, 229.2441, 1.732827, 1.480184, 12.51857
 
2.179998, 0.5256424, -0.03734775, 29.14374, 1.416122, -0.045611670110020532156519, 28638.29, -575.5731, -1.584829, 0.01663505, 0.1455349, 230.402, 1.732827, 1.479946, 12.52449
 
2.189998, 0.5320573, -0.03209132, 29.28301, 1.41722, -0.0470302650080823626682554688, 28921.01, -575.6674, -1.584829, 0.01663505, 0.1455349, 231.5607, 1.732827, 1.479708, 12.53041
 
2.199998, 0.5340675, -0.02677075, 29.42241, 1.418391, -0.047994670373796624007816, 29205.21, -575.7617, -1.584829, 0.01663505, 0.1455349, 232.7202, 1.732827, 1.47947, 12.53633
 
2.209998, 0.5316575, -0.02143007, 29.56171, 1.419419, -0.048506677456574491562777, 29490.9, -575.8561, -1.584829, 0.01663505, 0.1455349, 233.8803, 1.732827, 1.479233, 12.54225
 
2.219998, 0.5248526, -0.0161135, 29.70128, 1.420663, -0.0485719004964678047321554688, 29778.06, -575.9506, -1.584829, 0.01663505, 0.1455349, 235.0412, 1.732827, 1.478995, 12.54817
 
2.229998, 0.5137288, -0.01086497, 29.8406, 1.42162, -0.048200912840693589818086, 30066.7, -576.0452, -1.584829, 0.01663505, 0.1455349, 236.2028, 1.732827, 1.478757, 12.55409
 
2.239998, 0.4983856, -0.005727684, 29.98026, 1.422866, -0.0474061620140936831909165312, 30356.81, -576.1399, -1.584829, 0.01663505, 0.1455349, 237.3651, 1.732827, 1.478519, 12.56001
 
2.249998, 0.4789651, -0.0007438281, 30.11974, 1.423896, -0.046204100974220465430338, 30648.41, -576.2347, -1.584829, 0.01663505, 0.1455349, 238.5281, 1.732827, 1.478281, 12.56593
 
2.259998, 0.4556582, 0.004045823, 30.25941, 1.425071, -0.0446154037246913826990495312, 30941.49, -576.3296, -1.584829, 0.01663505, 0.1455349, 239.6919, 1.732827, 1.478043, 12.57185
 
2.269998, 0.4286653, 0.008602405, 30.39906, 1.426175, -0.04266125842404805129556, 31236.05, -576.4245, -1.584829, 0.01663505, 0.1455349, 240.8563, 1.732827, 1.477805, 12.57777
 
2.279998, 0.3982593, 0.01288906, 30.53874, 1.427278, -0.0403693713884102395320034688, 31532.09, -576.5195, -1.584829, 0.01663505, 0.1455349, 242.0215, 1.732827, 1.477568, 12.58369
 
2.289998, 0.3647186, 0.01687165, 30.67847, 1.428383, -0.03776733283439885936662, 31829.61, -576.6147, -1.584829, 0.01663505, 0.1455349, 243.1873, 1.732827, 1.47733, 12.58961
 
2.299998, 0.328361, 0.02051884, 30.81831, 1.42956, -0.034886000350245909072591, 32128.6, -576.7099, -1.584829, 0.01663505, 0.1455349, 244.3539, 1.732827, 1.477092, 12.59553
 
2.309998, 0.2895343, 0.02380245, 30.95805, 1.430594, -0.0317584374146612430060165312, 32429.07, -576.8052, -1.584829, 0.01663505, 0.1455349, 245.5211, 1.732827, 1.476854, 12.60145
 
2.319998, 0.2486048, 0.02669779, 31.09797, 1.431772, -0.0284188933798078172784804688, 32731.02, -576.9006, -1.584829, 0.01663505, 0.1455349, 246.6891, 1.732827, 1.476616, 12.60737
 
2.329998, 0.2059561, 0.02918384, 31.23784, 1.432879, -0.024902562979481303315426, 33034.44, -576.9961, -1.584829, 0.01663505, 0.1455349, 247.8577, 1.732827, 1.476378, 12.61329
 
2.339998, 0.1620098, 0.0312434, 31.37784, 1.434058, -0.0212476097775204686593624688, 33339.34, -577.0917, -1.584829, 0.01663505, 0.1455349, 249.027, 1.732827, 1.47614, 12.61921
 
2.349998, 0.1171913, 0.0328635, 31.51773, 1.435094, -0.017491890503373499849301, 33645.72, -577.1874, -1.584829, 0.01663505, 0.1455349, 250.197, 1.732827, 1.475903, 12.62513
 
2.359998, 0.07194217, 0.03403541, 31.65779, 1.436275, -0.013674265317872136694688, 33953.57, -577.2831, -1.584829, 0.01663505, 0.1455349, 251.3676, 1.732827, 1.475665, 12.63105
 
2.369998, 0.02670143, 0.03475483, 31.79781, 1.437384, -0.009832740221249058402753, 34262.89, -577.3789, -1.584829, 0.01663505, 0.1455349, 252.5389, 1.732827, 1.475427, 12.63697
 
2.379998, -0.01810062, 0.03502185, 31.93787, 1.438494, -0.0060041734872626185818726, 34573.69, -577.4749, -1.584829, 0.01663505, 0.1455349, 253.7109, 1.732827, 1.475189, 12.64289
 
2.389998, -0.06200635, 0.03484084, 32.07803, 1.439677, -0.0022272760059600560804534531, 34885.97, -577.5709, -1.584829, 0.01663505, 0.1455349, 254.8836, 1.732827, 1.474951, 12.64881
 
2.399998, -0.1045857, 0.03422078, 32.21808, 1.440715, 0.0014620841117690683757312, 35199.72, -577.667, -1.584829, 0.01663505, 0.1455349, 256.0569, 1.732827, 1.474713, 12.65473
 
2.409998, -0.145418, 0.03317492, 32.3583, 1.441899, 0.0050291018947319058513870531, 35514.93, -577.7632, -1.584829, 0.01663505, 0.1455349, 257.2309, 1.732827, 1.474475, 12.66066
 
2.419998, -0.1841035, 0.03172074, 32.49848, 1.443011, 0.008441196506420841276532, 35831.62, -577.8594, -1.584829, 0.01663505, 0.1455349, 258.4055, 1.732827, 1.474237, 12.66658
 
2.429998, -0.2202508, 0.02987971, 32.6387, 1.444124, 0.011666747419040187101429, 36149.79, -577.9559, -1.584829, 0.01663505, 0.1455349, 259.5808, 1.732827, 1.474, 12.6725
 
2.439998, -0.2534918, 0.0276772, 32.77893, 1.445237, 0.0146763698494294913765414688, 36469.41, -578.0523, -1.584829, 0.01663505, 0.1455349, 260.7567, 1.732827, 1.473762, 12.67842
 
2.449998, -0.2835116, 0.02514228, 32.91927, 1.446423, 0.017445168747905164289387, 36790.52, -578.1489, -1.584829, 0.01663505, 0.1455349, 261.9333, 1.732827, 1.473524, 12.68434
 
2.459998, -0.3100105, 0.02230717, 33.05949, 1.447465, 0.019949766651090593079807, 37113.09, -578.2455, -1.584829, 0.01663505, 0.1455349, 263.1105, 1.732827, 1.473286, 12.69026
 
2.469998, -0.3327393, 0.01920706, 33.19988, 1.448652, 0.0221708412852475417068714688, 37437.13, -578.3422, -1.584829, 0.01663505, 0.1455349, 264.2884, 1.732827, 1.473048, 12.69618
 
2.479998, -0.3514736, 0.01587967, 33.34031, 1.449841, 0.02409122651018771477447, 37762.65, -578.439, -1.584829, 0.01663505, 0.1455349, 265.4669, 1.732827, 1.47281, 12.7021
 
2.489998, -0.3660472, 0.01236493, 33.4806, 1.450884, 0.0256983918728561388008985312, 38089.63, -578.5359, -1.584829, 0.01663505, 0.1455349, 266.6461, 1.732827, 1.472572, 12.70802
 
2.499998, -0.3763222, 0.008704462, 33.62107, 1.452074, 0.0269819547609265999232785312, 38418.09, -578.6329, -1.584829, 0.01663505, 0.1455349, 267.8259, 1.732827, 1.472335, 12.71394
 
2.509998, -0.3822053, 0.00494124, 33.76149, 1.453191, 0.0279350404255024496863875312, 38748.02, -578.73, -1.584829, 0.01663505, 0.1455349, 269.0064, 1.732827, 1.472097, 12.71986
 
2.519998, -0.3836878, 0.001119187, 33.90194, 1.454309, 0.028557118126017570543495, 39079.42, -578.8273, -1.584829, 0.01663505, 0.1455349, 270.1875, 1.732827, 1.471859, 12.72578
 
2.529998, -0.3807936, -0.00271769, 34.0424, 1.455427, 0.028850037161632151418057, 39412.3, -578.9244, -1.584829, 0.01663505, 0.1455349, 271.3693, 1.732827, 1.471621, 12.7317
 
2.539998, -0.3735749, -0.006525626, 34.1829, 1.456546, 0.028817670279915269328894, 39746.65, -579.0218, -1.584829, 0.01663505, 0.1455349, 272.5518, 1.732827, 1.471383, 12.73762
 
2.549998, -0.3621686, -0.01026138, 34.32349, 1.457738, 0.0284699937449471409002555312, 40082.47, -579.1192, -1.584829, 0.01663505, 0.1455349, 273.7349, 1.732827, 1.471145, 12.74354
 
2.559998, -0.3467221, -0.01388306, 34.46403, 1.458858, 0.027817647246516065062925, 40419.77, -579.2168, -1.584829, 0.01663505, 0.1455349, 274.9186, 1.732827, 1.470908, 12.74946
 
2.569998, -0.3274684, -0.01735028, 34.6046, 1.459979, 0.026877266184243639168788, 40758.55, -579.3144, -1.584829, 0.01663505, 0.1455349, 276.1031, 1.732827, 1.47067, 12.75538
 
2.579998, -0.3046664, -0.02062497, 34.74518, 1.461101, 0.025667210864591943826152, 41098.8, -579.412, -1.584829, 0.01663505, 0.1455349, 277.2881, 1.732827, 1.470432, 12.7613
 
2.589998, -0.2786235, -0.02367163, 34.88579, 1.462222, 0.0242090592087054841662455312, 41440.52, -579.5099, -1.584829, 0.01663505, 0.1455349, 278.4738, 1.732827, 1.470194, 12.76722
 
2.599998, -0.2496599, -0.02645787, 35.0265, 1.463418, 0.022525085734722235156515, 41783.71, -579.6078, -1.584829, 0.01663505, 0.1455349, 279.6602, 1.732827, 1.469956, 12.77314
 
2.609998, -0.2181836, -0.02895446, 35.16714, 1.464541, 0.0206434943280427780543544688, 42128.38, -579.7057, -1.584829, 0.01663505, 0.1455349, 280.8473, 1.732827, 1.469718, 12.77906
 
2.619998, -0.1845935, -0.0311363, 35.30752, 1.465445, 0.018591667884754352757479, 42474.36, -579.8038, -1.584829, 0.01663505, 0.1455349, 282.0344, 1.732827, 1.46948, 12.78498
 
2.629998, -0.1493181, -0.03298223, 35.44724, 1.465763, 0.016398681036499377818555, 42821.57, -579.9019, -1.584829, 0.01663505, 0.1455349, 283.2214, 1.732827, 1.469242, 12.7909
 
2.639998, -0.1128137, -0.03447542, 35.5868, 1.466007, 0.014095457714080294857278, 43169.99, -580.0001, -1.584829, 0.01663505, 0.1455349, 284.4082, 1.732827, 1.469005, 12.79682
 
2.649998, -0.07555174, -0.03560355, 35.72644, 1.466397, 0.011713635030935460309763, 43519.64, -580.0985, -1.584829, 0.01663505, 0.1455349, 285.5949, 1.732827, 1.468767, 12.80274
 
2.659998, -0.03800745, -0.03635907, 35.86577, 1.466568, 0.009284816929217843082441, 43870.51, -580.1969, -1.584829, 0.01663505, 0.1455349, 286.7814, 1.732827, 1.468529, 12.80867
 
2.669998, -0.0006677462, -0.03673914, 36.00515, 1.466884, 0.0068413362900768030465489, 44222.58, -580.2953, -1.584829, 0.01663505, 0.1455349, 287.9677, 1.732827, 1.468291, 12.81459
 
2.679998, 0.03600666, -0.03674582, 36.14441, 1.467127, 0.0044135241075885543640728531, 44575.89, -580.394, -1.584829, 0.01663505, 0.1455349, 289.1539, 1.732827, 1.468053, 12.82051
 
2.689998, 0.07152863, -0.03638575, 36.28363, 1.467443, 0.0020333251588634559802323469, 44930.38, -580.4927, -1.584829, 0.01663505, 0.1455349, 290.3399, 1.732827, 1.467815, 12.82643
 
2.699998, 0.105464, -0.03567047, 36.42271, 1.467686, -0.00027091710251452671693427, 45286.09, -580.5914, -1.584829, 0.01663505, 0.1455349, 291.5258, 1.732827, 1.467577, 12.83235
 
2.709998, 0.1373741, -0.03461583, 36.56178, 1.468001, -0.0024706587025411777942354, 45642.99, -580.6902, -1.584829, 0.01663505, 0.1455349, 292.7115, 1.732827, 1.46734, 12.83827
 
2.719998, 0.1668658, -0.03324208, 36.70069, 1.468243, -0.0045403934935281044582255531, 46001.09, -580.7892, -1.584829, 0.01663505, 0.1455349, 293.8969, 1.732827, 1.467102, 12.84419
 
2.729998, 0.1935774, -0.03157343, 36.8395, 1.468484, -0.0064566522105661600541693, 46360.36, -580.8883, -1.584829, 0.01663505, 0.1455349, 295.0822, 1.732827, 1.466864, 12.85011
 
2.739998, 0.2171596, -0.02963765, 36.97831, 1.468799, -0.0081968244762530447827461, 46720.83, -580.9874, -1.584829, 0.01663505, 0.1455349, 296.2674, 1.732827, 1.466626, 12.85603
 
2.749998, 0.2373538, -0.02746606, 37.11695, 1.469039, -0.00974398215437337585079, 47082.47, -581.0866, -1.584829, 0.01663505, 0.1455349, 297.4523, 1.732827, 1.466388, 12.86195
 
2.759998, 0.2539018, -0.02509252, 37.25557, 1.469353, -0.011081257646307594413987, 47445.29, -581.1859, -1.584829, 0.01663505, 0.1455349, 298.637, 1.732827, 1.46615, 12.86787
 
2.769998, 0.2666398, -0.0225535, 37.39403, 1.469593, -0.012197570913454130869639, 47809.28, -581.2853, -1.584829, 0.01663505, 0.1455349, 299.8215, 1.732827, 1.465912, 12.87379
 
2.779998, 0.2754363, -0.0198871, 37.53247, 1.469907, -0.013083766681046027024962, 48174.42, -581.3848, -1.584829, 0.01663505, 0.1455349, 301.0057, 1.732827, 1.465675, 12.87971
 
2.789998, 0.2802097, -0.01713274, 37.67074, 1.470146, -0.0137337414325719774181, 48540.73, -581.4843, -1.584829, 0.01663505, 0.1455349, 302.1898, 1.732827, 1.465437, 12.88563
 
2.799998, 0.2809571, -0.01433064, 37.80892, 1.470385, -0.014146002460189543213273, 48908.19, -581.584, -1.584829, 0.01663505, 0.1455349, 303.3736, 1.732827, 1.465199, 12.89155
 
2.809998, 0.2776923, -0.01152107, 37.94714, 1.470772, -0.014320052194617911465221, 49276.79, -581.6837, -1.584829, 0.01663505, 0.1455349, 304.5572, 1.732827, 1.464961, 12.89747
 
2.819998, 0.2705476, -0.00874415, 38.08506, 1.470936, -0.01426232586522226293264, 49646.54, -581.7836, -1.584829, 0.01663505, 0.1455349, 305.7405, 1.732827, 1.464723, 12.90339
 
2.829998, 0.2596563, -0.006038675, 38.22301, 1.471249, -0.013979233822903737726963, 50017.43, -581.8835, -1.584829, 0.01663505, 0.1455349, 306.9236, 1.732827, 1.464485, 12.90931
 
2.839998, 0.2452472, -0.003442112, 38.36081, 1.471486, -0.013482684559116459004746, 50389.45, -581.9835, -1.584829, 0.01663505, 0.1455349, 308.1065, 1.732827, 1.464247, 12.91523
 
2.849998, 0.2286893, -0.0009896398, 38.81627, 1.471798, -0.0128217578863643917884, 50762.61, -587.078, -1.584829, 0.01663505, 0.1455349, 309.2891, 1.733379, 1.46401, 12.92115
 
2.859998, 0.2097685, 0.001297253, 39.48278, 1.472035, -0.01200048472382083310595, 51136.82, -595.4467, -1.584829, 0.01663505, 0.1455349, 310.4713, 1.734423, 1.463772, 12.92707
 
2.869998, 0.1876865, 0.003394938, 40.06142, 1.472272, -0.01100031664938060563162, 51512.03, -602.3881, -1.584829, 0.01663505, 0.1455349, 311.6528, 1.735472, 1.463534, 12.93299
 
2.879998, 0.162809, 0.005271804, 40.55666, 1.472582, -0.00983862924965557223634, 51888.18, -607.9859, -1.584829, 0.01663505, 0.1455349, 312.8335, 1.736528, 1.463296, 12.93891
 
2.889998, 0.1355204, 0.006899893, 40.9728, 1.472892, -0.00853415193309043001754, 52265.14, -612.3229, -1.584829, 0.01663505, 0.1455349, 314.0132, 1.737591, 1.463058, 12.94483
 
2.899998, 0.1062753, 0.008255097, 41.31428, 1.473054, -0.007109675130242271134856, 52642.89, -615.4833, -1.584829, 0.01663505, 0.1455349, 315.1915, 1.73866, 1.46282, 12.95076
 
2.909998, 0.07556485, 0.00931785, 41.58617, 1.473438, -0.0055902522092052551733, 53021.34, -617.5519, -1.584829, 0.01663505, 0.1455349, 316.3684, 1.739738, 1.462582, 12.95668
 
2.919998, 0.0439027, 0.0100735, 41.79272, 1.473599, -0.004002363907550186345363, 53400.29, -618.6133, -1.584829, 0.01663505, 0.1455349, 317.5433, 1.740823, 1.462345, 12.96259
 
2.929998, 0.01175964, 0.01051253, 41.93921, 1.473908, -0.00237049644647069106072, 53779.72, -618.7529, -1.584829, 0.01663505, 0.1455349, 318.7162, 1.741915, 1.462107, 12.96852
 
2.939998, -0.02031677, 0.01063012, 42.03046, 1.474217, -0.0007232264563668283437900, 54159.61, -618.0556, -1.584829, 0.01663505, 0.1455349, 319.887, 1.743013, 1.461869, 12.97444
 
2.949998, -0.05173243, 0.01042695, 42.0714, 1.474451, 0.000908603894803094506185, 54539.85, -616.6066, -1.584829, 0.01663505, 0.1455349, 321.0554, 1.74407, 1.461631, 12.98036
 
2.959998, -0.08200675, 0.009909629, 42.06723, 1.474685, 0.002500519295695166480124, 54920.55, -614.4903, -1.584829, 0.01663505, 0.1455349, 322.2217, 1.745085, 1.461393, 12.98628
 
2.969998, -0.1105543, 0.009089561, 42.02304, 1.474993, 0.004022363771044596293608, 55301.57, -611.7896, -1.584829, 0.01663505, 0.1455349, 323.3857, 1.746094, 1.461155, 12.9922
 
2.979998, -0.1368844, 0.007984018, 41.9439, 1.475301, 0.005448666683652104209176, 55682.93, -608.5874, -1.584829, 0.01663505, 0.1455349, 324.5473, 1.747097, 1.460917, 12.99812
 
2.989998, -0.1605297, 0.006615174, 41.83484, 1.47546, 0.006755276989006595241406, 56064.61, -604.9661, -1.584829, 0.01663505, 0.1455349, 325.7066, 1.748096, 1.46068, 13.00404
 
2.999998, -0.181068, 0.005009877, 41.70124, 1.475767, 0.0079204507358795214257159055, 56446.61, -601.0058, -1.584829, 0.01663505, 0.1455349, 326.8636, 1.749093, 1.460442, 13.00996
 
3.009998, -0.1980747, 0.003199197, 41.54817, 1.476074, 0.008922641628740846521141, 56828.92, -596.787, -1.584829, 0.01663505, 0.1455349, 328.0182, 1.750089, 1.460204, 13.01588
 
3.019998, -0.2112048, 0.00121845, 41.38063, 1.476306, 0.00974446623218818750896, 57211.45, -592.3882, -1.584829, 0.01663505, 0.1455349, 329.1703, 1.751087, 1.459966, 13.0218
 
3.029998, -0.2202673, -0.0008935978, 41.2041, 1.476612, 0.01037612358402167477422, 57594.28, -587.8892, -1.584829, 0.01663505, 0.1455349, 330.3201, 1.752087, 1.459728, 13.02772
 
3.039998, -0.224964, -0.003096271, 41.02348, 1.476843, 0.01080325184240672409167, 57977.31, -583.3658, -1.584829, 0.01663505, 0.1455349, 331.4674, 1.753093, 1.45949, 13.03364
 
3.049998, -0.225215, -0.005345912, 40.84414, 1.477075, 0.01102197349072956176040, 58360.55, -578.8959, -1.584829, 0.01663505, 0.1455349, 332.6122, 1.754104, 1.459252, 13.03956
 
3.059998, -0.2209797, -0.007598062, 40.67129, 1.47738, 0.01103057552692281901764, 58743.99, -574.5542, -1.584829, 0.01663505, 0.1455349, 333.7545, 1.755123, 1.459015, 13.04548
 
3.069998, -0.2122968, -0.009807859, 40.51003, 1.47761, 0.01083127768103611549536, 59127.62, -570.4158, -1.584829, 0.01663505, 0.1455349, 334.8943, 1.756151, 1.458777, 13.0514
 
3.079998, -0.1992543, -0.01193083, 40.36555, 1.47784, 0.01042878526722318342736, 59511.35, -566.554, -1.584829, 0.01663505, 0.1455349, 336.0314, 1.757188, 1.458539, 13.05732
 
3.089998, -0.1821542, -0.01392337, 40.24329, 1.47822, 0.00983746783928779017583, 59895.17, -563.0424, -1.584829, 0.01663505, 0.1455349, 337.1658, 1.758235, 1.458301, 13.06324
 
3.099998, -0.1612733, -0.01574491, 40.14806, 1.478374, 0.0090706126310858070282370492, 60279.18, -559.9526, -1.584829, 0.01663505, 0.1455349, 338.2979, 1.759292, 1.458063, 13.06916
 
3.109998, -0.1369528, -0.01735765, 40.08531, 1.478678, 0.0081443470104074624195, 60663.28, -557.3546, -1.584829, 0.01663505, 0.1455349, 339.4272, 1.760359, 1.457825, 13.07508
 
3.119998, -0.1096997, -0.01872717, 40.06007, 1.478907, 0.0070817477068865916040472496, 61047.45, -555.3189, -1.584829, 0.01663505, 0.1455349, 340.554, 1.761436, 1.457587, 13.081
 
3.129997, -0.0800882, -0.01982417, 40.07759, 1.47921, 0.005908426117559628601374, 61431.7, -553.9142, -1.584829, 0.01663505, 0.1455349, 341.6781, 1.762522, 1.45735, 13.08692
 
3.139997, -0.04874576, -0.02062505, 40.14293, 1.479514, 0.00465183138243895026624, 61815.91, -553.2083, -1.584829, 0.01663505, 0.1455349, 342.7993, 1.763616, 1.457112, 13.09284
 
3.149997, -0.0163939, -0.02111251, 40.2611, 1.479666, 0.003342766345716061359331, 62200.17, -553.2682, -1.584829, 0.01663505, 0.1455349, 343.9178, 1.764715, 1.456874, 13.09876
 
3.159997, 0.01625265, -0.02127645, 40.43744, 1.479968, 0.00201119541326251085031, 62584.38, -554.1596, -1.584829, 0.01663505, 0.1455349, 345.0335, 1.765818, 1.456636, 13.10468
 
3.169997, 0.04837252, -0.02111392, 40.67691, 1.480271, 0.0006906740830132449613516, 62968.62, -555.9471, -1.584829, 0.01663505, 0.1455349, 346.1466, 1.766923, 1.456398, 13.11061
 
3.179997, 0.07923996, -0.0206302, 40.98452, 1.480498, -0.0005899132131513217254245, 63352.78, -558.6954, -1.584829, 0.01663505, 0.1455349, 347.2567, 1.767944, 1.45616, 13.11653
 
3.189997, 0.1079704, -0.0198378, 41.36522, 1.480724, -0.001796970801042193408164, 63736.84, -562.4651, -1.584829, 0.01663505, 0.1455349, 348.364, 1.768866, 1.455922, 13.12245
 
3.199997, 0.1338471, -0.01875809, 41.82413, 1.481025, -0.002903090041154323230894, 64120.78, -567.3188, -1.584829, 0.01663505, 0.1455349, 349.4683, 1.769789, 1.455685, 13.12837
 
3.209997, 0.1561227, -0.01741962, 42.36608, 1.481251, -0.0038799160413110653859470575, 64504.58, -573.3169, -1.584829, 0.01663505, 0.1455349, 350.5697, 1.770716, 1.455447, 13.13429
 
3.219997, 0.1742218, -0.0158584, 42.99616, 1.481551, -0.004706059712751060696152, 64888.35, -580.5189, -1.584829, 0.01663505, 0.1455349, 351.6684, 1.771649, 1.455209, 13.14021
 
3.229997, 0.1876117, -0.01411618, 43.71912, 1.481777, -0.0053620404288013346248041359, 65271.94, -588.9835, -1.584829, 0.01663505, 0.1455349, 352.764, 1.772591, 1.454971, 13.14613
 
3.239997, 0.195832, -0.01224006, 44.53988, 1.482001, -0.0058312225408693308805865429, 65655.34, -598.7682, -1.584829, 0.01663505, 0.1455349, 353.8567, 1.773543, 1.454733, 13.15205
 
3.249997, 0.1986516, -0.01028174, 45.46318, 1.482377, -0.0061055459362457580576, 66038.52, -609.9263, -1.584829, 0.01663505, 0.1455349, 354.9464, 1.774508, 1.454495, 13.15797
 
3.259997, 0.1958557, -0.008295227, 46.49369, 1.482526, -0.0061773493518423661855, 66421.46, -622.5162, -1.584829, 0.01663505, 0.1455349, 356.0329, 1.775486, 1.454257, 13.16389
 
3.269997, 0.1875444, -0.00633667, 47.63618, 1.482825, -0.0060502201541806848742382752, 66804.15, -636.5879, -1.584829, 0.01663505, 0.1455349, 357.1163, 1.776478, 1.45402, 13.16981
 
3.279997, 0.1738602, -0.004461226, 48.89513, 1.483048, -0.00572876115450365350911, 67186.66, -652.1937, -1.584829, 0.01663505, 0.1455349, 358.1969, 1.777486, 1.453782, 13.17573
 
3.289997, 0.1552035, -0.002722624, 50.21267, 1.483347, -0.0052272200592514542346411828, 67568.87, -668.5267, -1.584829, 0.01663505, 0.1455349, 359.2744, 1.778477, 1.453544, 13.18165
 
3.299997, 0.1315083, -0.001170589, 50.4553, 1.48357, -0.0045515680953493242490208741, 67951.7, -670.0695, -1.584829, 0.01663505, 0.1455349, 360.3511, 1.778906, 1.453306, 13.18757
 
3.309997, 0.1045744, 0.0001444938, 50.69416, 1.483868, -0.0037398972040126146258413670, 68335.13, -671.5549, -1.584829, 0.01663505, 0.1455349, 361.4272, 1.779323, 1.453068, 13.19349
 
3.319997, 0.07522934, 0.001190238, 50.92948, 1.48409, -0.0028194360581615334458493460, 68719.26, -672.9882, -1.584829, 0.01663505, 0.1455349, 362.5027, 1.779727, 1.45283, 13.19941
 
3.329997, 0.04445415, 0.001942531, 51.16169, 1.484312, -0.0018231086220532880798311015, 69103.98, -674.3751, -1.584829, 0.01663505, 0.1455349, 363.5776, 1.780119, 1.452592, 13.20533
 
3.339997, 0.01312214, 0.002387072, 51.39107, 1.484609, -0.0007804350262844590693809529, 69489.27, -675.7189, -1.584829, 0.01663505, 0.1455349, 364.6517, 1.780497, 1.452355, 13.21125
 
3.349997, -0.01781014, 0.002518294, 51.61786, 1.484906, 0.0002758946431574977023979680, 69875.24, -677.0236, -1.584829, 0.01663505, 0.1455349, 365.7254, 1.780812, 1.452117, 13.21717
 
3.359997, -0.04731122, 0.002340192, 51.84209, 1.485051, 0.0013109958656025047366820672, 70261.78, -678.2927, -1.584829, 0.01663505, 0.1455349, 366.7983, 1.780978, 1.451879, 13.22309
 
3.369997, -0.07451373, 0.00186708, 52.06424, 1.485347, 0.0022945389885711552078126684, 70648.89, -679.5284, -1.584829, 0.01663505, 0.1455349, 367.8704, 1.781137, 1.451641, 13.22901
 
3.379997, -0.09866511, 0.001121943, 52.28432, 1.485644, 0.0031992779382492678825982287, 71036.55, -680.7336, -1.584829, 0.01663505, 0.1455349, 368.9418, 1.781291, 1.451403, 13.23493
 
3.389997, -0.1190943, 0.0001352919, 52.50245, 1.485864, 0.0040002899667458072559490313, 71424.9, -681.9105, -1.584829, 0.01663505, 0.1455349, 370.0128, 1.781444, 1.451165, 13.24085
 
3.399997, -0.1350525, -0.001055651, 52.71062, 1.486159, 0.0046709812345226204149562598, 71813.8, -682.9508, -1.584829, 0.01663505, 0.1455349, 371.0831, 1.781506, 1.450927, 13.24677
 
3.409997, -0.146256, -0.002406176, 52.91614, 1.486378, 0.0051976429776352398441264339, 72203.28, -683.955, -1.584829, 0.01663505, 0.1455349, 372.1527, 1.781562, 1.450689, 13.2527
 
3.419997, -0.1524551, -0.003868736, 53.12021, 1.486597, 0.0055681789978394463774982276, 72593.34, -684.9381, -1.584829, 0.01663505, 0.1455349, 373.2216, 1.781626, 1.450452, 13.25862
 
3.429997, -0.1535437, -0.005393288, 53.32291, 1.486892, 0.0057752650141823874107898375, 72983.84, -685.9009, -1.584829, 0.01663505, 0.1455349, 374.2896, 1.781699, 1.450214, 13.26454
 
3.439997, -0.1496431, -0.006928724, 53.52427, 1.48711, 0.0058189872020510447280642075, 73374.93, -686.8456, -1.584829, 0.01663505, 0.1455349, 375.3569, 1.781781, 1.449976, 13.27046
 
3.449997, -0.140917, -0.008425155, 53.72449, 1.487404, 0.0057009471073922987257324220, 73766.62, -687.7725, -1.584829, 0.01663505, 0.1455349, 376.4237, 1.781871, 1.449738, 13.27638
 
3.459997, -0.1277785, -0.009834325, 53.92346, 1.487621, 0.0054309502939178048307775095, 74158.77, -688.6832, -1.584829, 0.01663505, 0.1455349, 377.4896, 1.781971, 1.4495, 13.2823
 
3.469997, -0.1107851, -0.01111211, 54.12131, 1.487838, 0.0050237429751384017775102124, 74551.52, -689.5778, -1.584829, 0.01663505, 0.1455349, 378.5549, 1.782078, 1.449262, 13.28822
 
3.479997, -0.09054999, -0.01221996, 54.31823, 1.488132, 0.0044961823078085954159956133, 74944.74, -690.4584, -1.584829, 0.01663505, 0.1455349, 379.6194, 1.782192, 1.449024, 13.29414
 
3.489997, -0.06786902, -0.01312546, 54.51418, 1.488425, 0.0038713225640052050211593333, 75338.58, -691.3249, -1.584829, 0.01663505, 0.1455349, 380.6834, 1.782311, 1.448787, 13.30006
 
3.499997, -0.04345813, -0.01380415, 54.70901, 1.488564, 0.0031701320187568450028990503, 75732.9, -692.1782, -1.584829, 0.01663505, 0.1455349, 381.7466, 1.782433, 1.448549, 13.30598
 
3.509997, -0.01828059, -0.01423873, 54.90315, 1.488933, 0.0024217842221422179243686725, 76127.7, -693.019, -1.584829, 0.01663505, 0.1455349, 382.8091, 1.782555, 1.448311, 13.3119
 
3.519997, 0.006816533, -0.01442154, 55.09625, 1.489148, 0.0016523301136169216818921084, 76522.97, -693.8478, -1.584829, 0.01663505, 0.1455349, 383.8707, 1.782677, 1.448073, 13.31782
 
3.529997, 0.0309825, -0.01435337, 55.28858, 1.489363, 0.0008884183842496084153015334, 76918.84, -694.6656, -1.584829, 0.01663505, 0.1455349, 384.9318, 1.782796, 1.447835, 13.32374
 
3.539997, 0.0534576, -0.01404355, 55.48006, 1.489578, 0.0001543511569037297184342133, 77315.18, -695.4721, -1.584829, 0.01663505, 0.1455349, 385.9921, 1.782909, 1.447597, 13.32966
 
3.549997, 0.07346055, -0.01350897, 55.67095, 1.489946, -0.0005246217053589912240805137, 77711.98, -696.2686, -1.584829, 0.01663505, 0.1455349, 387.0517, 1.782927, 1.44736, 13.33558
 
3.559997, 0.09027439, -0.01277437, 55.86089, 1.490083, -0.0011248714749501236886970971, 78109.23, -697.0557, -1.584829, 0.01663505, 0.1455349, 388.1104, 1.782923, 1.447122, 13.3415
 
3.569997, 0.103469, -0.01187162, 56.05024, 1.490374, -0.0016306746128003821528702391, 78507.06, -697.8324, -1.584829, 0.01663505, 0.1455349, 389.1686, 1.782925, 1.446884, 13.34742
 
3.579997, 0.1126763, -0.01083693, 56.23883, 1.490587, -0.0020279229004173062082690953, 78905.31, -698.6005, -1.584829, 0.01663505, 0.1455349, 390.226, 1.782935, 1.446646, 13.35334
 
3.589997, 0.11764, -0.009710168, 56.42686, 1.490877, -0.0023056607350883026079283886, 79304.1, -699.36, -1.584829, 0.01663505, 0.1455349, 391.2828, 1.782954, 1.446408, 13.35926
 
3.599997, 0.1183012, -0.008533768, 56.61415, 1.49109, -0.0024587221112829451764267451, 79703.29, -700.1113, -1.584829, 0.01663505, 0.1455349, 392.3387, 1.782982, 1.44617, 13.36518
 
3.609997, 0.1147241, -0.007350756, 56.80094, 1.491379, -0.0024855853357842553353186124, 80103.01, -700.8547, -1.584829, 0.01663505, 0.1455349, 393.3941, 1.783018, 1.445932, 13.3711
 
3.619997, 0.1071939, -0.006203515, 56.98697, 1.491514, -0.0023913781975081881903045136, 80503.21, -701.5903, -1.584829, 0.01663505, 0.1455349, 394.4488, 1.783064, 1.445694, 13.37702
 
3.629997, 0.09602477, -0.005131576, 57.17268, 1.49188, -0.0021822740039675704780036824, 80903.91, -702.3189, -1.584829, 0.01663505, 0.1455349, 395.5029, 1.783118, 1.445457, 13.38294
 
3.639997, 0.08173094, -0.004171329, 57.35766, 1.492091, -0.0018705631544929092903103580, 81305.1, -703.04, -1.584829, 0.01663505, 0.1455349, 396.5563, 1.783179, 1.445219, 13.38886
 
3.649997, 0.06496871, -0.003354019, 57.54212, 1.492302, -0.0014730121485883809806332114, 81706.76, -703.7546, -1.584829, 0.01663505, 0.1455349, 397.609, 1.783246, 1.444981, 13.39478
 
3.659997, 0.04634894, -0.002704332, 57.72613, 1.49259, -0.0010055007083752447176499134, 82108.87, -704.4628, -1.584829, 0.01663505, 0.1455349, 398.6611, 1.783318, 1.444743, 13.40071
 
3.669997, 0.0266017, -0.002240843, 57.90955, 1.4928, -0.0004877406033714139789803457, 82511.43, -705.1646, -1.584829, 0.01663505, 0.1455349, 399.7125, 1.783393, 1.444505, 13.40663
 
3.679997, 0.006556112, -0.001974826, 58.09253, 1.493088, 0.0000572595582660245055059139, 82914.45, -705.86, -1.584829, 0.01663505, 0.1455349, 400.7632, 1.783459, 1.444267, 13.41255
 
3.689997, -0.01306402, -0.001909265, 58.27499, 1.493297, 0.0006091513435045849103519404, 83318.02, -706.5497, -1.584829, 0.01663505, 0.1455349, 401.8135, 1.783443, 1.444029, 13.41847
 
3.699997, -0.03141594, -0.002039905, 58.45697, 1.493507, 0.0011436894048680119304898514, 83722.03, -707.2336, -1.584829, 0.01663505, 0.1455349, 402.8631, 1.783428, 1.443792, 13.42439
 
3.709997, -0.04796038, -0.002354064, 58.63859, 1.493793, 0.0016445139451862760515534031, 84126.47, -707.9125, -1.584829, 0.01663505, 0.1455349, 403.912, 1.783415, 1.443554, 13.43031
 
3.719997, -0.06206579, -0.002833668, 58.81974, 1.494079, 0.0020923148029711214094979844, 84531.34, -708.5858, -1.584829, 0.01663505, 0.1455349, 404.9602, 1.783406, 1.443316, 13.43623
 
3.729997, -0.07326116, -0.003454326, 59.00037, 1.494287, 0.0024718487064718082691408417, 84936.63, -709.254, -1.584829, 0.01663505, 0.1455349, 406.0077, 1.783402, 1.443078, 13.44215
 
3.739997, -0.08122718, -0.004186937, 59.18056, 1.494495, 0.0027717961443683449970172773, 85342.38, -709.9172, -1.584829, 0.01663505, 0.1455349, 407.0546, 1.783404, 1.44284, 13.44807
 
3.749997, -0.08571308, -0.004999209, 59.36034, 1.494703, 0.0029825391671190586429401884, 85748.55, -710.5756, -1.584829, 0.01663505, 0.1455349, 408.1008, 1.783412, 1.442602, 13.45399
 
3.759997, -0.08662169, -0.005856339, 59.53986, 1.495066, 0.0030985514998973674083246106, 86155.16, -711.2291, -1.584829, 0.01663505, 0.1455349, 409.1464, 1.783428, 1.442364, 13.45991
 
3.769997, -0.08397553, -0.006722556, 59.71876, 1.495195, 0.0031175471244499332761645681, 86562.2, -711.8784, -1.584829, 0.01663505, 0.1455349, 410.1914, 1.783451, 1.442127, 13.46583
 
3.779997, -0.07806194, -0.007562312, 59.8974, 1.495479, 0.0030445152930756950609648804, 86969.69, -712.5231, -1.584829, 0.01663505, 0.1455349, 411.2358, 1.783482, 1.441889, 13.47175
 
3.789997, -0.06913779, -0.008342931, 60.0757, 1.495763, 0.0028838361481218158787491212, 87377.63, -713.1637, -1.584829, 0.01663505, 0.1455349, 412.2796, 1.783519, 1.441651, 13.47767
 
3.799997, -0.05755109, -0.009034309, 60.22492, 1.495891, 0.0026441639161012934905610223, 87786.02, -713.4535, -1.584829, 0.01663505, 0.1455349, 413.3228, 1.783286, 1.441413, 13.48359
 
3.809997, -0.04393718, -0.009609819, 60.35825, 1.496253, 0.0023390674773521379207148410, 88194.72, -713.5502, -1.584829, 0.01663505, 0.1455349, 414.3652, 1.782907, 1.441175, 13.48951
 
3.819997, -0.02904416, -0.01004919, 60.4911, 1.496458, 0.0019858390573806699271937799, 88603.88, -713.6455, -1.584829, 0.01663505, 0.1455349, 415.4071, 1.782534, 1.440937, 13.49543
 
3.829997, -0.01346259, -0.01033963, 60.6236, 1.496662, 0.0015991876976001579480536747, 89013.48, -713.7391, -1.584829, 0.01663505, 0.1455349, 416.4484, 1.782166, 1.440699, 13.50135
 
3.839997, 0.002153769, -0.01047426, 60.75572, 1.496867, 0.0011959883760482353889318696, 89423.41, -713.8315, -1.584829, 0.01663505, 0.1455349, 417.4889, 1.781801, 1.440462, 13.50727
 
3.849997, 0.01713336, -0.01045272, 60.88758, 1.497149, 0.0007940963087797894718314498, 89833.77, -713.9225, -1.584829, 0.01663505, 0.1455349, 418.5288, 1.781437, 1.440224, 13.51319
 
3.859997, 0.03091103, -0.01028139, 61.01912, 1.497431, 0.0004090840812696990385380510, 90244.57, -714.012, -1.584829, 0.01663505, 0.1455349, 419.5682, 1.781074, 1.439986, 13.51911
 
3.869997, 0.04297858, -0.009972277, 61.15019, 1.497634, 0.0000554653851470955327957911, 90655.67, -714.1002, -1.584829, 0.01663505, 0.1455349, 420.6068, 1.78071, 1.439748, 13.52503
 
3.879997, 0.05283981, -0.009542491, 61.28092, 1.497837, -0.0002521951700897613409877624, 91067.19, -714.187, -1.584829, 0.01663505, 0.1455349, 421.6448, 1.780303, 1.43951, 13.53095
 
3.889997, 0.06014781, -0.009014093, 61.4114, 1.498119, -0.0005028443670651373400975625, 91479.12, -714.2725, -1.584829, 0.01663505, 0.1455349, 422.6823, 1.779892, 1.439272, 13.53687
 
3.899997, 0.06476448, -0.008412615, 61.54143, 1.498321, -0.0006905285940827788815259172, 91891.34, -714.3569, -1.584829, 0.01663505, 0.1455349, 423.7189, 1.779489, 1.439034, 13.5428
 
3.909997, 0.06651785, -0.00776497, 61.67111, 1.498523, -0.0008083118582159919318315992, 92303.94, -714.4399, -1.584829, 0.01663505, 0.1455349, 424.7549, 1.779092, 1.438797, 13.54872
 
3.919997, 0.06542852, -0.007099792, 61.80064, 1.498882, -0.0008541148008438306100163130, 92716.91, -714.522, -1.584829, 0.01663505, 0.1455349, 425.7903, 1.778704, 1.438559, 13.55464
 
3.929997, 0.06173498, -0.006445507, 61.92963, 1.499005, -0.0008315181656288182139226737, 93130.28, -714.6031, -1.584829, 0.01663505, 0.1455349, 426.8251, 1.778322, 1.438321, 13.56056
 
3.939997, 0.05561999, -0.005828157, 62.0584, 1.499284, -0.0007428754391998482455801870, 93543.99, -714.683, -1.584829, 0.01663505, 0.1455349, 427.8593, 1.777947, 1.438083, 13.56648
 
3.949997, 0.0474726, -0.005271957, 62.18673, 1.499485, -0.0005959890697536460331651979, 93957.94, -714.7617, -1.584829, 0.01663505, 0.1455349, 428.8926, 1.777578, 1.437845, 13.5724
 
3.959997, 0.03756912, -0.004797231, 62.31479, 1.499764, -0.0003961142883515606958632352, 94372.23, -714.8391, -1.584829, 0.01663505, 0.1455349, 429.9252, 1.777215, 1.437607, 13.57832
 
3.969997, 0.02653321, -0.00442154, 62.44243, 1.499964, -0.0001575599887679058555439152, 94786.85, -714.9156, -1.584829, 0.01663505, 0.1455349, 430.9571, 1.776857, 1.437369, 13.58424
 
3.979997, 0.01483834, -0.004156208, 62.56986, 1.500242, 0.0001086614559368868363880428, 95201.81, -714.9915, -1.584829, 0.01663505, 0.1455349, 431.9884, 1.776485, 1.437132, 13.59016
 
3.989997, 0.002959116, -0.004007824, 62.69682, 1.500441, 0.0003911729866930837951301452, 95617.09, -715.0658, -1.584829, 0.01663505, 0.1455349, 433.0191, 1.776087, 1.436894, 13.59608
 
3.999997, -0.008484494, -0.003978233, 62.82346, 1.50064, 0.0006745293033920258172858805, 96032.68, -715.1393, -1.584829, 0.01663505, 0.1455349, 434.049, 1.775691, 1.436656, 13.602
 
4.009997, -0.01909267, -0.004063078, 62.94987, 1.500918, 0.0009482737879400676154333271, 96448.59, -715.2121, -1.584829, 0.01663505, 0.1455349, 435.0783, 1.775296, 1.436418, 13.60792
 
4.019997, -0.02837525, -0.004254004, 63.07594, 1.501195, 0.0011993697091764891642162943, 96864.82, -715.2838, -1.584829, 0.01663505, 0.1455349, 436.107, 1.774905, 1.43618, 13.61384
 
4.029997, -0.03601317, -0.004537757, 63.20158, 1.501393, 0.0014186360134923901058603347, 97281.34, -715.3544, -1.584829, 0.01663505, 0.1455349, 437.1349, 1.774518, 1.435942, 13.61976
 
4.039998, -0.04170487, -0.004897889, 63.32689, 1.50159, 0.0015970733695242527699782103, 97698.2, -715.424, -1.584829, 0.01663505, 0.1455349, 438.1623, 1.774135, 1.435704, 13.62568
 
4.049998, -0.0453316, -0.005314937, 63.45208, 1.501945, 0.0017299650035045750762236432, 98115.34, -715.4933, -1.584829, 0.01663505, 0.1455349, 439.189, 1.773757, 1.435467, 13.6316
 
4.059998, -0.04672473, -0.005768253, 63.57663, 1.502063, 0.0018112751627333751862597189, 98532.66, -715.5613, -1.584829, 0.01663505, 0.1455349, 440.2147, 1.773385, 1.435229, 13.63752
 
4.069998, -0.04604159, -0.006235501, 63.70104, 1.502339, 0.0018428471968389851656894070, 98950.3, -715.6287, -1.584829, 0.01663505, 0.1455349, 441.2399, 1.773018, 1.434991, 13.64344
 
4.079998, -0.04325613, -0.006695917, 63.8251, 1.502614, 0.0018221840198917317787010703, 99368.25, -715.6949, -1.584829, 0.01663505, 0.1455349, 442.2644, 1.772656, 1.434753, 13.64936
 
4.089999, -0.03857949, -0.007128478, 63.94876, 1.50281, 0.0017525559479256869740076429, 99786.49, -715.7604, -1.584829, 0.01663505, 0.1455349, 443.2884, 1.7723, 1.434515, 13.65528
 
4.099999, -0.03230807, -0.007514273, 64.07207, 1.503006, 0.0016394981120143860790514245, 100204.9, -715.8251, -1.584829, 0.01663505, 0.1455349, 444.3114, 1.771948, 1.434277, 13.6612
 
4.109999, -0.02482502, -0.007837353, 64.19515, 1.50328, 0.0014908870657815649497759561, 100623.6, -715.889, -1.584829, 0.01663505, 0.1455349, 445.3339, 1.771601, 1.434039, 13.66712
 
4.119999, -0.01644417, -0.008085604, 64.31783, 1.503475, 0.0013132499260483223914227966, 101042.6, -715.9525, -1.584829, 0.01663505, 0.1455349, 446.3555, 1.771257, 1.433802, 13.67305
 
4.13, -0.00766314, -0.008250046, 64.44017, 1.503669, 0.0011177903195991412908309641, 101461.8, -716.015, -1.584829, 0.01663505, 0.1455349, 447.3765, 1.770916, 1.433564, 13.67897
 
4.14, 0.001207499, -0.008326677, 64.56222, 1.503943, 0.0009116349921333745903136916, 101881.1, -716.0765, -1.584829, 0.01663505, 0.1455349, 448.3967, 1.770576, 1.433326, 13.68489
 
4.15, 0.009698478, -0.008314602, 64.684, 1.504216, 0.0007059490774659347034878462, 102300.8, -716.1376, -1.584829, 0.01663505, 0.1455349, 449.4163, 1.770238, 1.433088, 13.69081
 
4.16, 0.01746441, -0.008217617, 64.80531, 1.504409, 0.0005093250913408062499001889, 102720.7, -716.1978, -1.584829, 0.01663505, 0.1455349, 450.435, 1.7699, 1.43285, 13.69673
 
4.170001, 0.02416252, -0.008042973, 64.92625, 1.504524, 0.0003305696748352571730639877, 103140.8, -716.2574, -1.584829, 0.01663505, 0.1455349, 451.4531, 1.769561, 1.432612, 13.70265
 
4.180001, 0.02964946, -0.007801347, 65.04683, 1.504637, 0.0001740492455637633410371976, 103561, -716.3162, -1.584829, 0.01663505, 0.1455349, 452.4704, 1.769222, 1.432374, 13.70857
 
4.190001, 0.03357124, -0.007504853, 65.16704, 1.50475, 0.0000491976133244275511684929, 103981.4, -716.3743, -1.584829, 0.01663505, 0.1455349, 453.4868, 1.768882, 1.432136, 13.71449
 
4.200001, 0.03581926, -0.007169141, 65.28684, 1.504783, -0.0000400319548103893517459781, 104401.9, -716.4318, -1.584829, 0.01663505, 0.1455349, 454.5023, 1.768533, 1.431898, 13.72041
 
4.210001, 0.03636014, -0.006810948, 65.40636, 1.504895, -0.0000913635097843330583352313, 104822.5, -716.4886, -1.584829, 0.01663505, 0.1455349, 455.5168, 1.76818, 1.431661, 13.72633
 
4.220002, 0.03526933, -0.006447346, 65.52552, 1.505007, -0.0001050350332837290200344322, 105243.3, -716.5448, -1.584829, 0.01663505, 0.1455349, 456.5305, 1.767832, 1.431423, 13.73225
 
4.230002, 0.03262799, -0.006094653, 65.64423, 1.505039, -0.0000814883703326873269634909, 105664.1, -716.6003, -1.584829, 0.01663505, 0.1455349, 457.5432, 1.767488, 1.431185, 13.73817
 
4.240002, 0.0286406, -0.005768373, 65.76273, 1.505149, -0.0000240939716540025848769920, 106085.1, -716.6553, -1.584829, 0.01663505, 0.1455349, 458.5553, 1.767147, 1.430947, 13.74409
 
4.250002, 0.02356625, -0.005481967, 65.88087, 1.50526, 0.0000623387211765404200223443, 106506.3, -716.7095, -1.584829, 0.01663505, 0.1455349, 459.5665, 1.7668, 1.430709, 13.75001
 
4.260003, 0.01762876, -0.005246305, 65.99866, 1.505369, 0.0001736047823270916096683963, 106927.5, -716.7634, -1.584829, 0.01663505, 0.1455349, 460.5767, 1.766448, 1.430471, 13.75593
 
4.270003, 0.01115244, -0.005070017, 66.11597, 1.505399, 0.0003030032355864561726158331, 107348.8, -716.8163, -1.584829, 0.01663505, 0.1455349, 461.586, 1.766095, 1.430233, 13.76185
 
4.280003, 0.004431451, -0.004958493, 66.23296, 1.505428, 0.0004442566060319502598316375, 107770.1, -716.8689, -1.584829, 0.01663505, 0.1455349, 462.5943, 1.765743, 1.429996, 13.76777
 
4.290003, -0.002205812, -0.004914178, 66.34966, 1.505537, 0.0005900650741231842445653670, 108191.5, -716.9209, -1.584829, 0.01663505, 0.1455349, 463.6017, 1.765391, 1.429758, 13.77369
 
4.300004, -0.008451461, -0.004936236, 66.46603, 1.505645, 0.0007333235121115634217598700, 108613.1, -716.9722, -1.584829, 0.01663505, 0.1455349, 464.6084, 1.76504, 1.42952, 13.77962
 
4.310004, -0.01390051, -0.005020751, 66.58207, 1.505752, 0.0008644777216023567857740002, 109034.7, -717.0231, -1.584829, 0.01663505, 0.1455349, 465.6141, 1.764691, 1.429282, 13.78554
 
4.320004, -0.01844626, -0.005159756, 66.69765, 1.505779, 0.0009803851716733270736217262, 109456.4, -717.0733, -1.584829, 0.01663505, 0.1455349, 466.619, 1.764345, 1.429044, 13.79146
 
4.330004, -0.02188429, -0.005344218, 66.81297, 1.505886, 0.0010756197522678114372269094, 109878.1, -717.123, -1.584829, 0.01663505, 0.1455349, 467.6228, 1.764001, 1.428806, 13.79738
 
4.340004, -0.02413978, -0.005563061, 66.92783, 1.505912, 0.0011475049287270891372102984, 110299.8, -717.172, -1.584829, 0.01663505, 0.1455349, 468.6258, 1.76366, 1.428568, 13.8033
 
4.350005, -0.02508276, -0.005804459, 67.04253, 1.506098, 0.0011920741332072758516599677, 110721.6, -717.2209, -1.584829, 0.01663505, 0.1455349, 469.6278, 1.763322, 1.428331, 13.80922
 
4.360005, -0.02476718, -0.006055286, 67.15663, 1.506043, 0.0012093661003645093582666584, 111143.4, -717.2691, -1.584829, 0.01663505, 0.1455349, 470.6288, 1.762988, 1.428093, 13.81514
 
4.370005, -0.02320616, -0.006302958, 67.27055, 1.506148, 0.0011985662753640202756494263, 111565.4, -717.3165, -1.584829, 0.01663505, 0.1455349, 471.6293, 1.762656, 1.427855, 13.82106
 
4.380005, -0.02049788, -0.00653502, 67.38419, 1.506332, 0.0011607659356638795050163052, 111987.3, -717.3638, -1.584829, 0.01663505, 0.1455349, 472.6285, 1.762328, 1.427617, 13.82698
 
4.390006, -0.01689123, -0.006739999, 67.49722, 1.506276, 0.0011004664127485155543377937, 112409.2, -717.4102, -1.584829, 0.01663505, 0.1455349, 473.6269, 1.762002, 1.427379, 13.8329
 
4.400006, -0.0125946, -0.006908911, 67.61014, 1.506459, 0.0010214947013211641658817846, 112831.1, -717.4564, -1.584829, 0.01663505, 0.1455349, 474.6243, 1.761678, 1.427141, 13.83882
 
4.410006, -0.007767923, -0.007034857, 67.72248, 1.506401, 0.0009267755120655086226737303, 113253.1, -717.502, -1.584829, 0.01663505, 0.1455349, 475.6208, 1.761358, 1.426903, 13.84474
 
4.420006, -0.002754092, -0.007112536, 67.83472, 1.506584, 0.0008233859737217455436432655, 113675.1, -717.5472, -1.584829, 0.01663505, 0.1455349, 476.6165, 1.761038, 1.426666, 13.85066
 
4.430007, 0.002286266, -0.007140077, 67.94642, 1.506606, 0.0007146895444707748453295564, 114097, -717.5917, -1.584829, 0.01663505, 0.1455349, 477.6112, 1.76072, 1.426428, 13.85658
 
4.440007, 0.007056364, -0.007117215, 68.05786, 1.506707, 0.0006071508772295488841500338, 114519, -717.6359, -1.584829, 0.01663505, 0.1455349, 478.6051, 1.760402, 1.42619, 13.8625
 
4.450007, 0.01132836, -0.007046651, 68.16898, 1.506808, 0.0005059742614819317499013979, 114941, -717.6797, -1.584829, 0.01663505, 0.1455349, 479.598, 1.760085, 1.425952, 13.86842
 
4.460007, 0.01491048, -0.006933367, 68.27964, 1.506828, 0.0004157640542142973390589053, 115363, -717.7228, -1.584829, 0.01663505, 0.1455349, 480.5901, 1.759768, 1.425714, 13.87434
 
4.470007, 0.01763951, -0.006784263, 68.39001, 1.506928, 0.0003406610377453421888911574, 115785, -717.7653, -1.584829, 0.01663505, 0.1455349, 481.5812, 1.75945, 1.425476, 13.88026
 
4.480008, 0.01947156, -0.006607867, 68.50002, 1.506948, 0.0002823651547822559910894229, 116207, -717.8079, -1.584829, 0.01663505, 0.1455349, 482.5715, 1.759132, 1.425238, 13.88619
 
4.490008, 0.0202965, -0.006413152, 68.60981, 1.507127, 0.0002440309291333865708440884, 116628.9, -717.8498, -1.584829, 0.01663505, 0.1455349, 483.5608, 1.758813, 1.425001, 13.89211
 
4.500008, 0.02008827, -0.006210187, 68.71906, 1.507146, 0.0002270941575398279466681936, 117050.7, -717.8914, -1.584829, 0.01663505, 0.1455349, 484.5489, 1.758493, 1.424763, 13.89803
 
4.510008, 0.01892989, -0.006009304, 68.82794, 1.507163, 0.0002306862280313328440850223, 117472.4, -717.9324, -1.584829, 0.01663505, 0.1455349, 485.5361, 1.758173, 1.424525, 13.90395
 
4.520009, 0.01687548, -0.005820005, 68.93656, 1.507261, 0.0002544802542257092240678833, 117894.1, -717.9731, -1.584829, 0.01663505, 0.1455349, 486.5223, 1.757851, 1.424287, 13.90987
 
4.530009, 0.01409854, -0.00565125, 69.04482, 1.507358, 0.0002955688154008135447266942, 118315.7, -718.0133, -1.584829, 0.01663505, 0.1455349, 487.5077, 1.757529, 1.424049, 13.91579
 
4.540009, 0.01079326, -0.005510265, 69.15264, 1.507374, 0.0003504637111197725487142231, 118737.3, -718.053, -1.584829, 0.01663505, 0.1455349, 488.492, 1.757207, 1.423811, 13.92171
 
4.550009, 0.007148352, -0.005402333, 69.26027, 1.507552, 0.0004156346289045795550203513, 119158.8, -718.0923, -1.584829, 0.01663505, 0.1455349, 489.4755, 1.756885, 1.423573, 13.92763
 
4.560009, 0.003304832, -0.005330849, 69.36732, 1.507486, 0.0004883943956488799825483043, 119580.3, -718.1314, -1.584829, 0.01663505, 0.1455349, 490.458, 1.756562, 1.423335, 13.93355
 
4.57001, -0.0004644524, -0.005297801, 69.47423, 1.507662, 0.0005631832825728253228928424, 120001.6, -718.1698, -1.584829, 0.01663505, 0.1455349, 491.4395, 1.756241, 1.423098, 13.93947
 
4.58001, -0.004003709, -0.005302445, 69.58066, 1.507676, 0.0006366612859172782259976348, 120422.9, -718.2081, -1.584829, 0.01663505, 0.1455349, 492.4201, 1.75592, 1.42286, 13.94539
 
4.59001, -0.007186052, -0.005342482, 69.68671, 1.50769, 0.0007059699407756733868328906, 120844.1, -718.2457, -1.584829, 0.01663505, 0.1455349, 493.3998, 1.7556, 1.422622, 13.95131
 
4.60001, -0.009788271, -0.005414343, 69.79258, 1.507865, 0.0007661468238219483800247372, 121265.2, -718.2831, -1.584829, 0.01663505, 0.1455349, 494.3785, 1.755282, 1.422384, 13.95723
 
4.610011, -0.01170739, -0.005512225, 69.89793, 1.507877, 0.0008145385395143586954172261, 121686.2, -718.3201, -1.584829, 0.01663505, 0.1455349, 495.3563, 1.754966, 1.422146, 13.96315
 
4.620011, -0.01290863, -0.005629299, 70.00289, 1.507889, 0.0008498303339930031826630465, 122107, -718.3567, -1.584829, 0.01663505, 0.1455349, 496.3329, 1.754651, 1.421908, 13.96907
 
4.630011, -0.01336788, -0.005758386, 70.10767, 1.508063, 0.0008708977701911639620634057, 122527.7, -718.3931, -1.584829, 0.01663505, 0.1455349, 497.3085, 1.754339, 1.42167, 13.97499
 
4.640011, -0.01306196, -0.005892064, 70.21185, 1.507993, 0.0008766174928397869930073959, 122948.3, -718.4288, -1.584829, 0.01663505, 0.1455349, 498.2832, 1.754028, 1.421432, 13.98091
 
4.650012, -0.0120428, -0.006022684, 70.31593, 1.508166, 0.0008673982160942982118206513, 123368.7, -718.4644, -1.584829, 0.01663505, 0.1455349, 499.257, 1.753719, 1.421195, 13.98683
 
4.660012, -0.01042105, -0.006143112, 70.41949, 1.508176, 0.0008448884430734064591009877, 123789.1, -718.4996, -1.584829, 0.01663505, 0.1455349, 500.2298, 1.753412, 1.420957, 13.99275
 
4.670012, -0.00821363, -0.006247322, 70.52276, 1.508267, 0.0008089217804940597602155682, 124209.2, -718.5345, -1.584829, 0.01663505, 0.1455349, 501.2014, 1.753107, 1.420719, 13.99868
 
4.680012, -0.005670482, -0.006329458, 70.62555, 1.508275, 0.0007640845563645817379447340, 124629.2, -718.5686, -1.584829, 0.01663505, 0.1455349, 502.1721, 1.752803, 1.420481, 14.0046
 
4.690012, -0.002924379, -0.006386163, 70.72817, 1.508446, 0.0007127920642595669113964504, 125049.1, -718.6026, -1.584829, 0.01663505, 0.1455349, 503.142, 1.7525, 1.420243, 14.01052
 
4.700013, -4.544821E-05, -0.006415407, 70.83018, 1.508373, 0.0006562969805366134094356305, 125468.7, -718.6364, -1.584829, 0.01663505, 0.1455349, 504.1106, 1.752199, 1.420005, 14.01644
 
4.710013, 0.002664558, -0.006415862, 70.9321, 1.508543, 0.0006005851606193481543786800, 125888.1, -718.67, -1.584829, 0.01663505, 0.1455349, 505.0782, 1.751898, 1.419767, 14.02236
 
4.720013, 0.005201763, -0.006389216, 71.0334, 1.508469, 0.0005458867326648701955738790, 126307.5, -718.703, -1.584829, 0.01663505, 0.1455349, 506.045, 1.751598, 1.41953, 14.02828
 
4.730013, 0.007441096, -0.006337198, 71.13466, 1.50872, 0.0004948743907614264077496919, 126726.5, -718.7359, -1.584829, 0.01663505, 0.1455349, 507.0106, 1.751298, 1.419292, 14.0342
 
4.740014, 0.009134698, -0.006262788, 71.23523, 1.508644, 0.0004527627187325680138612217, 127145.5, -718.7682, -1.584829, 0.01663505, 0.1455349, 507.9752, 1.750999, 1.419054, 14.04012
 
4.750014, 0.01039131, -0.006171441, 71.33561, 1.508731, 0.0004178619996438068076901832, 127564.2, -718.8002, -1.584829, 0.01663505, 0.1455349, 508.9389, 1.750699, 1.418816, 14.04604
 
4.760014, 0.01106151, -0.006067527, 71.43559, 1.508818, 0.0003935209368477595214730704, 127982.7, -718.8319, -1.584829, 0.01663505, 0.1455349, 509.9015, 1.750399, 1.418578, 14.05196
 
4.770014, 0.01110542, -0.005956912, 71.53516, 1.508822, 0.0003810353342259592848629699, 128401, -718.8633, -1.584829, 0.01663505, 0.1455349, 510.863, 1.750099, 1.41834, 14.05788
 
4.780015, 0.01063493, -0.005845858, 71.63447, 1.508907, 0.0003787264443311590670292414, 128819.1, -718.8945, -1.584829, 0.01663505, 0.1455349, 511.8237, 1.749799, 1.418103, 14.0638
 
4.790015, 0.009681471, -0.005739509, 71.73328, 1.508911, 0.0003864108682367000983648833, 129236.9, -718.9251, -1.584829, 0.01663505, 0.1455349, 512.7831, 1.749498, 1.417865, 14.06972
 
4.800015, 0.008228068, -0.005642694, 71.83192, 1.509077, 0.0004048322785874659060321171, 129654.6, -718.9556, -1.584829, 0.01663505, 0.1455349, 513.7416, 1.749198, 1.417627, 14.07564
 
4.810015, 0.006469602, -0.005560414, 71.93005, 1.509079, 0.0004305835361478761439298483, 130072, -718.9858, -1.584829, 0.01663505, 0.1455349, 514.6992, 1.748897, 1.417389, 14.08156
 
4.820015, 0.004519138, -0.005495718, 72.02785, 1.509163, 0.0004617046773343132628906476, 130489.1, -719.0156, -1.584829, 0.01663505, 0.1455349, 515.6555, 1.748597, 1.417151, 14.08748
 
4.830016, 0.002390992, -0.005450526, 72.12515, 1.509083, 0.0004980703274451094380110431, 130906, -719.0452, -1.584829, 0.01663505, 0.1455349, 516.6108, 1.748297, 1.416913, 14.0934
 
4.840016, 0.0002758295, -0.005426616, 72.22234, 1.509247, 0.0005361119295629089821451922, 131322.8, -719.0743, -1.584829, 0.01663505, 0.1455349, 517.5652, 1.747997, 1.416675, 14.09933
 
4.850016, -0.001682385, -0.005423858, 72.31905, 1.50933, 0.0005730100362241237961098235, 131739.1, -719.1033, -1.584829, 0.01663505, 0.1455349, 518.5185, 1.747698, 1.416437, 14.10525
 
4.860016, -0.003458128, -0.005440682, 72.41534, 1.50933, 0.0006081280041065237005918192, 132155.2, -719.132, -1.584829, 0.01663505, 0.1455349, 519.4707, 1.7474, 1.416199, 14.11117
 
4.870017, -0.00491193, -0.005475264, 72.51138, 1.509411, 0.0006386092090699247187574279, 132571.1, -719.1606, -1.584829, 0.01663505, 0.1455349, 520.4221, 1.747103, 1.415962, 14.11709
 
4.880017, -0.005995025, -0.005524383, 72.60691, 1.509409, 0.0006632334877289245540448534, 132986.7, -719.1886, -1.584829, 0.01663505, 0.1455349, 521.3721, 1.746807, 1.415724, 14.12301
 
4.890017, -0.006672479, -0.005584333, 72.70218, 1.50949, 0.0006810096713087325549242123, 133402, -719.2163, -1.584829, 0.01663505, 0.1455349, 522.3213, 1.746513, 1.415486, 14.12893
 
4.900017, -0.006887349, -0.005651058, 72.79709, 1.50957, 0.0006905003046377791052291074, 133817, -719.244, -1.584829, 0.01663505, 0.1455349, 523.2692, 1.746219, 1.415248, 14.13485
 
4.910017, -0.006728657, -0.005719931, 72.89159, 1.509649, 0.0006930153874412921574959985, 134231.7, -719.2709, -1.584829, 0.01663505, 0.1455349, 524.2162, 1.745927, 1.41501, 14.14077
 
4.920018, -0.00610985, -0.005787218, 72.98567, 1.509646, 0.0006865877156310862916168971, 134646, -719.298, -1.584829, 0.01663505, 0.1455349, 525.1619, 1.745636, 1.414772, 14.14669
 
4.930018, -0.00519244, -0.005848316, 73.07939, 1.509642, 0.0006739064005340790568797930, 135060.1, -719.3249, -1.584829, 0.01663505, 0.1455349, 526.1068, 1.745346, 1.414534, 14.15261
 
4.940018, -0.003933008, -0.005900241, 73.17281, 1.509719, 0.0006539013759059400453156571, 135473.8, -719.3514, -1.584829, 0.01663505, 0.1455349, 527.0504, 1.745057, 1.414297, 14.15853
 
4.950018, -0.002497737, -0.005939571, 73.26585, 1.509797, 0.0006294353317470388237319214, 135887.3, -719.3774, -1.584829, 0.01663505, 0.1455349, 527.993, 1.74477, 1.414059, 14.16445
 
4.960019, -0.0009394064, -0.005964548, 73.35854, 1.509874, 0.0006013650331112685941333801, 136300.3, -719.4033, -1.584829, 0.01663505, 0.1455349, 528.9344, 1.744483, 1.413821, 14.17037
 
4.970019, 0.0006417467, -0.005973943, 73.45085, 1.509951, 0.0005714826904267749082384270, 136713.1, -719.429, -1.584829, 0.01663505, 0.1455349, 529.875, 1.744197, 1.413583, 14.17629
 
4.980019, 0.002161573, -0.005967525, 73.54272, 1.509944, 0.0005413578491875163336190658, 137125.5, -719.4544, -1.584829, 0.01663505, 0.1455349, 530.8143, 1.743912, 1.413345, 14.18221
 
4.990019, 0.003537877, -0.00594591, 73.6342, 1.509937, 0.0005125903877002833491455581, 137537.7, -719.4792, -1.584829, 0.01663505, 0.1455349, 531.7527, 1.743627, 1.413107, 14.18813
 
5.00002, 0.004675006, -0.005910531, 73.72543, 1.510012, 0.0004870977590991446775349151, 137949.4, -719.5044, -1.584829, 0.01663505, 0.1455349, 532.6899, 1.743342, 1.412869, 14.19405
 
5.01002, 0.005554751, -0.005863781, 73.81628, 1.510087, 0.0004654234799100621234742010, 138360.8, -719.5291, -1.584829, 0.01663505, 0.1455349, 533.6261, 1.743058, 1.412632, 14.19997
 
5.02002, 0.006180078, -0.005808234, 73.90673, 1.510161, 0.0004477319148235386018935535, 138771.8, -719.5533, -1.584829, 0.01663505, 0.1455349, 534.5611, 1.742774, 1.412394, 14.20589
 
5.03002, 0.006429672, -0.005746433, 73.99677, 1.510152, 0.0004364917854547915078548234, 139182.5, -719.5775, -1.584829, 0.01663505, 0.1455349, 535.4952, 1.74249, 1.412156, 14.21181
 
5.04002, 0.00634007, -0.005682136, 74.08644, 1.510143, 0.0004313418354065814060336429, 139592.8, -719.6015, -1.584829, 0.01663505, 0.1455349, 536.428, 1.742206, 1.411918, 14.21774
 
5.050021, 0.005907298, -0.005618736, 74.17584, 1.510298, 0.0004326395234971810544237362, 140002.6, -719.6251, -1.584829, 0.01663505, 0.1455349, 537.3596, 1.741923, 1.41168, 14.22366
 
5.060021, 0.005165637, -0.005559663, 74.26476, 1.510287, 0.0004400353171815323187237681, 140412.1, -719.6486, -1.584829, 0.01663505, 0.1455349, 538.2903, 1.741639, 1.411442, 14.22958
 
5.070021, 0.004214589, -0.005508007, 74.35335, 1.510359, 0.0004519542061379681676537340, 140821.2, -719.6715, -1.584829, 0.01663505, 0.1455349, 539.2197, 1.741355, 1.411204, 14.2355
 
5.080021, 0.003100625, -0.00546586, 74.44147, 1.510347, 0.0004677129309083980886247242, 141229.8, -719.6945, -1.584829, 0.01663505, 0.1455349, 540.1479, 1.741072, 1.410967, 14.24142
 
5.090022, 0.001841216, -0.005434854, 74.52934, 1.510418, 0.0004871236306264546921297153, 141638, -719.7173, -1.584829, 0.01663505, 0.1455349, 541.0752, 1.740789, 1.410729, 14.24734
 
5.100022, 0.0006327006, -0.005416442, 74.61681, 1.510489, 0.0005067133693141741348129937, 142045.8, -719.7397, -1.584829, 0.01663505, 0.1455349, 542.0012, 1.740507, 1.410491, 14.25326
 
5.110022, -0.0005372068, -0.005410115, 74.70393, 1.510558, 0.0005266596153658356541132319, 142453.3, -719.7619, -1.584829, 0.01663505, 0.1455349, 542.9263, 1.740225, 1.410253, 14.25918
 
5.120022, -0.001536989, -0.005415487, 74.79057, 1.510545, 0.0005445322737580969825407831, 142860.3, -719.7839, -1.584829, 0.01663505, 0.1455349, 543.8502, 1.739944, 1.410015, 14.2651
 
5.130023, -0.002412526, -0.005430857, 74.87682, 1.51053, 0.0005610192211402183066417522, 143266.8, -719.8055, -1.584829, 0.01663505, 0.1455349, 544.7728, 1.739664, 1.409777, 14.27102
 
5.140023, -0.003055383, -0.005454983, 74.96291, 1.510682, 0.0005740517303915447629321118, 143673, -719.8272, -1.584829, 0.01663505, 0.1455349, 545.6945, 1.739384, 1.409539, 14.27694
 
5.150023, -0.003429168, -0.005485537, 75.04836, 1.510583, 0.0005827737120302278108727506, 144078.6, -719.8486, -1.584829, 0.01663505, 0.1455349, 546.6149, 1.739105, 1.409302, 14.28286
 
5.160023, -0.003565072, -0.005519828, 75.13369, 1.510734, 0.0005875267546205090566266791, 144483.8, -719.8701, -1.584829, 0.01663505, 0.1455349, 547.5341, 1.738828, 1.409064, 14.28878
 
5.170023, -0.003455858, -0.005555479, 75.21846, 1.510718, 0.0005879797062559204112902345, 144888.6, -719.8908, -1.584829, 0.01663505, 0.1455349, 548.4523, 1.738551, 1.408826, 14.2947
 
5.180024, -0.003133367, -0.005590037, 75.30298, 1.510784, 0.0005845042731299865241964030, 145292.9, -719.9118, -1.584829, 0.01663505, 0.1455349, 549.3693, 1.738275, 1.408588, 14.30062
 
5.190024, -0.002616161, -0.005621371, 75.38705, 1.51085, 0.0005772578254526623174964789, 145696.6, -719.9321, -1.584829, 0.01663505, 0.1455349, 550.2851, 1.737999, 1.40835, 14.30654
 
5.200024, -0.001894996, -0.005647533, 75.47073, 1.510832, 0.0005659133770292954111414256, 146100.1, -719.9525, -1.584829, 0.01663505, 0.1455349, 551.2, 1.737725, 1.408112, 14.31246
 
5.210024, -0.001009282, -0.005666483, 75.55409, 1.510897, 0.0005510118616447068438480739, 146503, -719.9727, -1.584829, 0.01663505, 0.1455349, 552.1136, 1.737452, 1.407874, 14.31839
 
5.220025, -0.000112041, -0.005676576, 75.63708, 1.510962, 0.0005351410010865885787793927, 146905.3, -719.9927, -1.584829, 0.01663505, 0.1455349, 553.026, 1.737179, 1.407636, 14.32431
 
5.230025, 0.0007556223, -0.005677696, 75.71948, 1.510859, 0.0005190234063253589387560957, 147307.2, -720.0121, -1.584829, 0.01663505, 0.1455349, 553.9371, 1.736907, 1.407398, 14.33023
 
5.240025, 0.001575951, -0.00567014, 75.80179, 1.511006, 0.0005030038281803258206833687, 147708.4, -720.0319, -1.584829, 0.01663505, 0.1455349, 554.8471, 1.736635, 1.407161, 14.33615
 
5.250025, 0.002273051, -0.005654381, 75.88365, 1.511069, 0.0004884627536718450348785217, 148109.4, -720.0513, -1.584829, 0.01663505, 0.1455349, 555.7561, 1.736364, 1.406923, 14.34207
 
5.260026, 0.002869616, -0.00563165, 75.96502, 1.511048, 0.0004751037722607633163312787, 148509.7, -720.0702, -1.584829, 0.01663505, 0.1455349, 556.6639, 1.736093, 1.406685, 14.34799
 
5.270026, 0.003312125, -0.005602954, 76.04612, 1.51111, 0.0004639544459598230658132502, 148909.5, -720.0892, -1.584829, 0.01663505, 0.1455349, 557.5704, 1.735822, 1.406447, 14.35391
 
5.280026, 0.003598438, -0.005569833, 76.12672, 1.511088, 0.0004551789972007582866941225, 149308.8, -720.1078, -1.584829, 0.01663505, 0.1455349, 558.4757, 1.735552, 1.406209, 14.35983
 
5.290026, 0.003666044, -0.005533848, 76.20702, 1.511149, 0.0004500024173376979722895638, 149707.5, -720.1263, -1.584829, 0.01663505, 0.1455349, 559.3798, 1.735282, 1.405971, 14.36575
 
5.300026, 0.003553743, -0.005497188, 76.2869, 1.511126, 0.0004479247630450228913717251, 150105.6, -720.145, -1.584829, 0.01663505, 0.1455349, 560.2826, 1.735012, 1.405733, 14.37167
 
5.310027, 0.003260435, -0.00546165, 76.36655, 1.51127, 0.0004491133245368192877142274, 150503.3, -720.163, -1.584829, 0.01663505, 0.1455349, 561.1844, 1.734743, 1.405496, 14.37759
 
5.320027, 0.00287081, -0.005429046, 76.44566, 1.511246, 0.0004522384530069867335146978, 150900.4, -720.1812, -1.584829, 0.01663505, 0.1455349, 562.0851, 1.734474, 1.405258, 14.38351
 
5.330027, 0.002321796, -0.005400338, 76.52449, 1.511305, 0.0004584751669847016602896595, 151297, -720.1992, -1.584829, 0.01663505, 0.1455349, 562.9846, 1.734205, 1.40502, 14.38943
 
5.340027, 0.001671585, -0.00537712, 76.60284, 1.511279, 0.0004669416283961035476083190, 151693, -720.2168, -1.584829, 0.01663505, 0.1455349, 563.8827, 1.733937, 1.404782, 14.39535
 
5.350028, 0.0009530931, -0.005360404, 76.68078, 1.511254, 0.0004771485028033078163102688, 152088.3, -720.2342, -1.584829, 0.01663505, 0.1455349, 564.7797, 1.733669, 1.404544, 14.40127
 
5.360028, 0.0002297175, -0.005350873, 76.75852, 1.511395, 0.0004880569914827061796746656, 152483.1, -720.2516, -1.584829, 0.01663505, 0.1455349, 565.6754, 1.733401, 1.404306, 14.40719
 
5.370028, -0.0003904388, -0.005348576, 76.83569, 1.511368, 0.0004978036057504079966918397, 152877.3, -720.2686, -1.584829, 0.01663505, 0.1455349, 566.5698, 1.733134, 1.404068, 14.41311
 
5.380028, -0.0009507801, -0.005352481, 76.91265, 1.511425, 0.0005070496021148935075840732, 153271, -720.2859, -1.584829, 0.01663505, 0.1455349, 567.4633, 1.732868, 1.403831, 14.41903
 
5.390028, -0.001367906, -0.005361989, 76.98908, 1.511397, 0.0005143134431605829126083844, 153664.1, -720.3026, -1.584829, 0.01663505, 0.1455349, 568.3555, 1.732602, 1.403593, 14.42496
 
5.400029, -0.001637398, -0.005375668, 77.0653, 1.511537, 0.0005194031856165743515649798, 154056.6, -720.3192, -1.584829, 0.01663505, 0.1455349, 569.2465, 1.732337, 1.403355, 14.43088
 
5.410029, -0.00172398, -0.005392042, 77.1409, 1.511424, 0.0005215929569977215511668006, 154448.5, -720.3356, -1.584829, 0.01663505, 0.1455349, 570.1363, 1.732073, 1.403117, 14.4368
 
5.420029, -0.001679485, -0.005409282, 77.21637, 1.511563, 0.0005216205223985526494259591, 154839.8, -720.352, -1.584829, 0.01663505, 0.1455349, 571.0248, 1.731809, 1.402879, 14.44272
 
5.430029, -0.001558424, -0.005426077, 77.29128, 1.511533, 0.0005203053983940186520099925, 155230.4, -720.3682, -1.584829, 0.01663505, 0.1455349, 571.9122, 1.731546, 1.402641, 14.44864
 
5.44003, -0.001255245, -0.005441661, 77.36593, 1.511587, 0.0005157952413394515248679883, 155620.4, -720.3845, -1.584829, 0.01663505, 0.1455349, 572.7982, 1.731284, 1.402403, 14.45456
 
5.45003, -0.000888821, -0.005454213, 77.44003, 1.511556, 0.0005099569675444927067769029, 156009.8, -720.4, -1.584829, 0.01663505, 0.1455349, 573.683, 1.731022, 1.402166, 14.46048
 
5.46003, -0.000442779, -0.005463101, 77.51388, 1.511609, 0.0005024652031032236459775940, 156398.5, -720.4157, -1.584829, 0.01663505, 0.1455349, 574.5666, 1.730761, 1.401928, 14.4664
 
5.47003, -3.072789E-06, -0.005467529, 77.58735, 1.511661, 0.0004947073897403170997795228, 156786.6, -720.4314, -1.584829, 0.01663505, 0.1455349, 575.449, 1.730501, 1.40169, 14.47232
 
5.480031, 0.0005117486, -0.00546756, 77.66039, 1.511671, 0.0004853171042569329229566881, 157174, -720.4467, -1.584829, 0.01663505, 0.1455349, 576.3301, 1.730241, 1.401452, 14.47824
 
5.490031, 0.0009355036, -0.005462443, 77.73297, 1.511637, 0.0004770306228412055417206678, 157560.8, -720.4618, -1.584829, 0.01663505, 0.1455349, 577.21, 1.729981, 1.401214, 14.48416
 
5.500031, 0.0013725, -0.005453087, 77.80535, 1.51173, 0.0004681726783194497560514242, 157947, -720.4771, -1.584829, 0.01663505, 0.1455349, 578.0886, 1.729722, 1.400976, 14.49008
 
5.510031, 0.001740413, -0.005439362, 77.87726, 1.511739, 0.0004601111258424785618397594, 158332.4, -720.4922, -1.584829, 0.01663505, 0.1455349, 578.9659, 1.729464, 1.400738, 14.496
 
5.520031, 0.002041901, -0.005421958, 77.94872, 1.511704, 0.0004528586600425811333454547, 158717.2, -720.5071, -1.584829, 0.01663505, 0.1455349, 579.8421, 1.729206, 1.400501, 14.50192
 
5.530032, 0.00221764, -0.00540154, 78.01992, 1.511795, 0.0004474605251925421297623759, 159101.3, -720.5217, -1.584829, 0.01663505, 0.1455349, 580.717, 1.728948, 1.400263, 14.50784
 
5.540032, 0.00226363, -0.005379363, 78.09058, 1.511717, 0.0004440821422485873800233911, 159484.8, -720.5362, -1.584829, 0.01663505, 0.1455349, 581.5907, 1.728691, 1.400025, 14.51376
 
5.550032, 0.002186122, -0.005356727, 78.16103, 1.51185, 0.0004427266786700785716859296, 159867.4, -720.5508, -1.584829, 0.01663505, 0.1455349, 582.4628, 1.728434, 1.399787, 14.51968
 
5.560032, 0.001922607, -0.005334866, 78.23093, 1.511814, 0.0004445264836778020762778558, 160249.4, -720.5651, -1.584829, 0.01663505, 0.1455349, 583.3337, 1.728177, 1.399549, 14.5256
 
5.570033, 0.001632876, -0.00531564, 78.30053, 1.511862, 0.0004469866606617684792011587, 160630.6, -720.5792, -1.584829, 0.01663505, 0.1455349, 584.2034, 1.727921, 1.399311, 14.53152
 
5.580033, 0.00125373, -0.005299311, 78.36964, 1.511823, 0.0004511696425923146091177857, 161011.2, -720.593, -1.584829, 0.01663505, 0.1455349, 585.0718, 1.727665, 1.399073, 14.53745
 
5.590033, 0.0008910838, -0.005286773, 78.43852, 1.51187, 0.0004554010744279623432799403, 161391, -720.6073, -1.584829, 0.01663505, 0.1455349, 585.939, 1.72741, 1.398835, 14.54337
 
5.600033, 0.0004960196, -0.005277862, 78.50689, 1.511831, 0.0004604698925283674236362452, 161770.2, -720.6211, -1.584829, 0.01663505, 0.1455349, 586.8049, 1.727155, 1.398597, 14.54929
 
5.610034, 0.0001811526, -0.005272902, 78.57505, 1.511961, 0.0004645530277329107526531488, 162148.6, -720.6347, -1.584829, 0.01663505, 0.1455349, 587.6696, 1.7269, 1.39836, 14.55521
 
5.620034, -0.0001415187, -0.005271091, 78.64263, 1.511878, 0.0004690254912675278559239653, 162526.3, -720.6483, -1.584829, 0.01663505, 0.1455349, 588.533, 1.726646, 1.398122, 14.56113
 
5.630034, -0.0004073252, -0.005272506, 78.70995, 1.511965, 0.0004728369594712122158487678, 162903.2, -720.6618, -1.584829, 0.01663505, 0.1455349, 589.3948, 1.726393, 1.397884, 14.56705
 
5.640034, -0.0006599209, -0.005276579, 78.77676, 1.511925, 0.0004766518982490688219869310, 163279.3, -720.6751, -1.584829, 0.01663505, 0.1455349, 590.2555, 1.72614, 1.397646, 14.57297
 
5.650034, -0.0008053168, -0.005283178, 78.84328, 1.511968, 0.0004789286091549082470350862, 163654.7, -720.6883, -1.584829, 0.01663505, 0.1455349, 591.1149, 1.725888, 1.397408, 14.57889
 
5.660035, -0.0008112033, -0.005291231, 78.90935, 1.511968, 0.0004790547077533283726248829, 164029.4, -720.7012, -1.584829, 0.01663505, 0.1455349, 591.973, 1.725636, 1.39717, 14.58481
 
5.670035, -0.0007595065, -0.005299343, 78.97476, 1.511798, 0.0004782498706229146229244259, 164402.9, -720.7141, -1.584829, 0.01663505, 0.1455349, 592.829, 1.725384, 1.396932, 14.59073
 
5.680035, -0.0006148791, -0.005306938, 79.03789, 1.510005, 0.0004758888262253530971769212, 164774.2, -720.7272, -1.584829, 0.01663505, 0.1455349, 593.6812, 1.725134, 1.396695, 14.59665
 
5.690035, -0.0004963836, -0.005313087, 79.09998, 1.507826, 0.0004738312548937355763286886, 165143.5, -720.7404, -1.584829, 0.01663505, 0.1455349, 594.53, 1.724885, 1.396457, 14.60257
 
5.700036, -0.0002510081, -0.005318051, 79.16138, 1.505645, 0.0004696289238120093153065123, 165510.7, -720.7535, -1.584829, 0.01663505, 0.1455349, 595.3749, 1.724637, 1.396219, 14.60849
 
5.710036, -1.921736E-05, -0.005320561, 79.2222, 1.503461, 0.0004654473028916414106285651, 165875.9, -720.7674, -1.584829, 0.01663505, 0.1455349, 596.2165, 1.72439, 1.395981, 14.61441
 
5.720036, 0.0002483839, -0.005320753, 79.28234, 1.501317, 0.0004605033119313175990395080, 166239, -720.7812, -1.584829, 0.01663505, 0.1455349, 597.0543, 1.724145, 1.395743, 14.62033
 
5.730036, 0.0004998883, -0.005318269, 79.34183, 1.499128, 0.0004556020508798869444732385, 166600, -720.7952, -1.584829, 0.01663505, 0.1455349, 597.8887, 1.7239, 1.395505, 14.62625
 
5.740036, 0.0007946074, -0.00531327, 79.40058, 1.496851, 0.0004498061999292616646869217, 166959, -720.8096, -1.584829, 0.01663505, 0.1455349, 598.7193, 1.723657, 1.395267, 14.63217
 
5.750037, 0.0009769761, -0.005305324, 79.45886, 1.494742, 0.0004455748959968428694234816, 167315.9, -720.8241, -1.584829, 0.01663505, 0.1455349, 599.5464, 1.723415, 1.39503, 14.63809
 
5.760037, 0.001223726, -0.005295555, 79.51636, 1.492545, 0.0004401702728822522387681228, 167670.6, -720.8385, -1.584829, 0.01663505, 0.1455349, 600.3699, 1.723173, 1.394792, 14.64402
 
5.770037, 0.001349284, -0.005283318, 79.57319, 1.490303, 0.0004365045078735435379448159, 168023.3, -720.8533, -1.584829, 0.01663505, 0.1455349, 601.1898, 1.722933, 1.394554, 14.64994
 
5.780037, 0.0014659, -0.005269825, 79.62949, 1.488143, 0.0004328859661889219976729411, 168373.8, -720.8685, -1.584829, 0.01663505, 0.1455349, 602.006, 1.722694, 1.394316, 14.65586
 
5.790038, 0.001401093, -0.005255166, 79.68508, 1.485939, 0.0004320643042738889644955685, 168722.3, -720.8836, -1.584829, 0.01663505, 0.1455349, 602.8187, 1.722456, 1.394078, 14.66178
 
5.800038, 0.001345075, -0.005241155, 79.73995, 1.483645, 0.0004311616330531523599158994, 169068.5, -720.8993, -1.584829, 0.01663505, 0.1455349, 603.6277, 1.722219, 1.39384, 14.6677
 
5.810038, 0.001199407, -0.005227704, 79.79443, 1.481564, 0.0004317331298208386360080779, 169412.8, -720.9153, -1.584829, 0.01663505, 0.1455349, 604.4333, 1.721983, 1.393602, 14.67362
 
5.820038, 0.001065105, -0.00521571, 79.84806, 1.479266, 0.0004322474594781422475696827, 169754.8, -720.9316, -1.584829, 0.01663505, 0.1455349, 605.235, 1.721748, 1.393365, 14.67954
 
5.830039, 0.0008627714, -0.005205059, 79.90103, 1.47705, 0.0004339517360062542666871103, 170094.5, -720.9476, -1.584829, 0.01663505, 0.1455349, 606.0331, 1.721513, 1.393127, 14.68546
 
5.840039, 0.0005951813, -0.005196431, 79.95345, 1.474832, 0.0004368544774749396886702678, 170432.2, -720.9643, -1.584829, 0.01663505, 0.1455349, 606.8276, 1.72128, 1.392889, 14.69138
 
5.850039, 0.0004093752, -0.00519048, 80.00522, 1.472655, 0.0004386897731467807666186955, 170767.7, -720.9809, -1.584829, 0.01663505, 0.1455349, 607.6185, 1.721048, 1.392651, 14.6973
 
5.860039, 0.0001555324, -0.005186386, 80.05635, 1.470432, 0.0004417494866410571616548480, 171101.1, -720.998, -1.584829, 0.01663505, 0.1455349, 608.4058, 1.720818, 1.392413, 14.70322
 
5.870039, -1.865073E-05, -0.005184831, 80.10684, 1.468206, 0.0004437662055567503658415018, 171432.3, -721.0154, -1.584829, 0.01663505, 0.1455349, 609.1895, 1.720588, 1.392175, 14.70914
 
5.88004, -0.0001678507, -0.005185017, 80.15656, 1.465891, 0.0004455344981161795464389238, 171761.2, -721.0328, -1.584829, 0.01663505, 0.1455349, 609.9693, 1.720359, 1.391937, 14.71506
 
5.89004, -0.0003033788, -0.005186696, 80.20596, 1.463789, 0.0004472128919293644307867610, 172088, -721.051, -1.584829, 0.01663505, 0.1455349, 610.7457, 1.720132, 1.3917, 14.72098
 
5.90004, -0.0003677976, -0.00518973, 80.25448, 1.461513, 0.0004478903673668523759650104, 172412.5, -721.0691, -1.584829, 0.01663505, 0.1455349, 611.5183, 1.719905, 1.391462, 14.7269
 
5.91004, -0.0003387074, -0.005193408, 80.30238, 1.459233, 0.0004471618498157176817750485, 172734.8, -721.0876, -1.584829, 0.01663505, 0.1455349, 612.2872, 1.71968, 1.391224, 14.73282
 
5.920041, -0.0003167894, -0.005196795, 80.3497, 1.456995, 0.0004465236122320072156233598, 173055, -721.1064, -1.584829, 0.01663505, 0.1455349, 613.0526, 1.719456, 1.390986, 14.73874
 
5.930041, -0.0002240958, -0.005199963, 80.39641, 1.454796, 0.0004447690971417251785734881, 173372.9, -721.1252, -1.584829, 0.01663505, 0.1455349, 613.8143, 1.719233, 1.390748, 14.74466
 
5.940041, -0.0001432399, -0.005202204, 80.44249, 1.452552, 0.0004431262651302347624966200, 173688.6, -721.1444, -1.584829, 0.01663505, 0.1455349, 614.5724, 1.719011, 1.39051, 14.75058
 
5.950041, -1.525954E-05, -0.005203636, 80.48789, 1.450305, 0.0004406893826157870561811857, 174002.1, -721.1638, -1.584829, 0.01663505, 0.1455349, 615.3269, 1.718791, 1.390272, 14.75651
 
5.960042, 0.0001839211, -0.005203789, 80.53265, 1.448013, 0.0004370489011749286755688393, 174313.3, -721.1836, -1.584829, 0.01663505, 0.1455349, 616.0776, 1.718571, 1.390034, 14.76243
 
5.970042, 0.0003058614, -0.005201949, 80.57688, 1.445804, 0.0004344479826609286393957634, 174622.2, -721.204, -1.584829, 0.01663505, 0.1455349, 616.8245, 1.718353, 1.389797, 14.76835
 
5.980042, 0.0004018199, -0.005198891, 80.61851, 1.442121, 0.0004321488175412490366075638, 174926.6, -721.2245, -1.584829, 0.01663505, 0.1455349, 617.564, 1.718135, 1.389559, 14.77427
 
5.990042, 0.000513063, -0.005194873, 80.65574, 1.435274, 0.0004295255544471165413627396, 175226.1, -721.2454, -1.584829, 0.01663505, 0.1455349, 618.2949, 1.71792, 1.389321, 14.78019
 
6.000042, 0.0006579747, -0.005189742, 80.69176, 1.428376, 0.0004262997328857984648755150, 175520.5, -721.2675, -1.584829, 0.01663505, 0.1455349, 619.0173, 1.717707, 1.389083, 14.78611
 
6.010043, 0.0007369912, -0.005183162, 80.72663, 1.421429, 0.0004239781846825392133726368, 175809.9, -721.2909, -1.584829, 0.01663505, 0.1455349, 619.7312, 1.717496, 1.388845, 14.79203
 
6.020043, 0.0007712936, -0.005175792, 80.76049, 1.414647, 0.0004222873932487177002344784, 176094.4, -721.3151, -1.584829, 0.01663505, 0.1455349, 620.4367, 1.717288, 1.388607, 14.79795
 
6.030043, 0.0008295946, -0.005168079, 80.79313, 1.407815, 0.0004202072577217806967357736, 176373.6, -721.3403, -1.584829, 0.01663505, 0.1455349, 621.1334, 1.717082, 1.388369, 14.80387
 
6.040043, 0.0007628743, -0.005159784, 80.82439, 1.40076, 0.0004200016803105532589718205, 176647.8, -721.3667, -1.584829, 0.01663505, 0.1455349, 621.8215, 1.716879, 1.388131, 14.80979
 
6.050044, 0.0007510409, -0.005152155, 80.85473, 1.393914, 0.0004190166641971962405083262, 176917, -721.394, -1.584829, 0.01663505, 0.1455349, 622.5012, 1.716678, 1.387894, 14.81571
 
6.060044, 0.0006928457, -0.005144645, 80.88383, 1.386974, 0.0004187556544385380417134951, 177181.1, -721.4224, -1.584829, 0.01663505, 0.1455349, 623.1724, 1.716479, 1.387656, 14.82163
 
6.070044, 0.0005613995, -0.005137716, 80.91184, 1.380114, 0.0004196661130433008869294451, 177440.1, -721.4516, -1.584829, 0.01663505, 0.1455349, 623.8351, 1.716283, 1.387418, 14.82755
 
6.080044, 0.0004837923, -0.005132102, 80.93862, 1.373117, 0.0004198650850014383571011922, 177694.1, -721.4822, -1.584829, 0.01663505, 0.1455349, 624.4893, 1.716089, 1.38718, 14.83347
 
6.090044, 0.0003686305, -0.005127264, 80.96443, 1.366286, 0.0004207048183703610220127306, 177943.1, -721.5135, -1.584829, 0.01663505, 0.1455349, 625.135, 1.715897, 1.386942, 14.83939
 
6.100045, 0.0002940304, -0.005123578, 80.98885, 1.359188, 0.0004210222818213381694798214, 178186.9, -721.5461, -1.584829, 0.01663505, 0.1455349, 625.7722, 1.715708, 1.386704, 14.84531
 
6.110045, 0.0002468356, -0.005120638, 81.0123, 1.3523, 0.0004209892709700747830266455, 178425.6, -721.5796, -1.584829, 0.01663505, 0.1455349, 626.4007, 1.715521, 1.386467, 14.85123
 
6.120045, 7.768837E-05, -0.005118169, 81.03466, 1.345405, 0.0004228511623307245797080963, 178659.1, -721.6144, -1.584829, 0.01663505, 0.1455349, 627.0206, 1.715337, 1.386229, 14.85715
 
6.130045, -5.214598E-05, -0.005117393, 81.05579, 1.338416, 0.0004242554356218697157153631, 178887.6, -721.6501, -1.584829, 0.01663505, 0.1455349, 627.6321, 1.715154, 1.385991, 14.86308
 
6.140046, -0.0001461707, -0.005117914, 81.07574, 1.331376, 0.0004252243090667544036561751, 179111, -721.6869, -1.584829, 0.01663505, 0.1455349, 628.235, 1.714975, 1.385753, 14.869
 
6.150046, -0.0002080215, -0.005119376, 81.09477, 1.324504, 0.0004257860579912083193280241, 179329.3, -721.7249, -1.584829, 0.01663505, 0.1455349, 628.8295, 1.714797, 1.385515, 14.87492
 
6.160046, -0.0001718385, -0.005121456, 81.11237, 1.317319, 0.0004249161315553837525768690, 179542.4, -721.7639, -1.584829, 0.01663505, 0.1455349, 629.4155, 1.714622, 1.385277, 14.88084
 
6.170046, -0.0001408896, -0.005123174, 81.12926, 1.31052, 0.0004241028975634690489750137, 179750.5, -721.8038, -1.584829, 0.01663505, 0.1455349, 629.993, 1.71445, 1.385039, 14.88676
 
6.180047, -7.899536E-05, -0.005124583, 81.14472, 1.303408, 0.0004228000128638307751758164, 179953.5, -721.845, -1.584829, 0.01663505, 0.1455349, 630.562, 1.714279, 1.384802, 14.89268
 
6.190047, -7.820756E-06, -0.005125373, 81.15923, 1.29642, 0.0004213126968008059614568855, 180151.4, -721.8873, -1.584829, 0.01663505, 0.1455349, 631.1225, 1.714112, 1.384564, 14.8986
 
6.200047, 8.950532E-05, -0.005125451, 81.17273, 1.289513, 0.0004193792495548588357314247, 180344.3, -721.9305, -1.584829, 0.01663505, 0.1455349, 631.6746, 1.713946, 1.384326, 14.90452
 
6.210047, 0.0001909268, -0.005124556, 81.18484, 1.282335, 0.0004173099387704313282288503, 180531.9, -721.975, -1.584829, 0.01663505, 0.1455349, 632.2181, 1.713783, 1.384088, 14.91044
 
6.220047, 0.0002953675, -0.005122647, 81.19606, 1.275327, 0.0004151198077037367818160680, 180714.5, -722.0205, -1.584829, 0.01663505, 0.1455349, 632.7531, 1.713622, 1.38385, 14.91636
 
6.230048, 0.0003919314, -0.005119693, 81.20637, 1.268442, 0.0004129704780841636930430631, 180892, -722.0676, -1.584829, 0.01663505, 0.1455349, 633.2797, 1.713464, 1.383612, 14.92228
 
6.240048, 0.0004197126, -0.005115774, 81.2152, 1.261287, 0.0004117811312231972208273133, 181064.3, -722.115, -1.584829, 0.01663505, 0.1455349, 633.7977, 1.713307, 1.383374, 14.9282
 
6.250048, 0.0004503441, -0.005111577, 81.22318, 1.254257, 0.0004105322103704286758627065, 181231.5, -722.1642, -1.584829, 0.01663505, 0.1455349, 634.3073, 1.713154, 1.383136, 14.93412
 
6.260048, 0.0004912011, -0.005107074, 81.2299, 1.247088, 0.0004091098777017760963046264, 181393.7, -722.2142, -1.584829, 0.01663505, 0.1455349, 634.8084, 1.713002, 1.382898, 14.94004
 
6.270049, 0.0004438495, -0.005102162, 81.2359, 1.240175, 0.0004089831366481639900909093, 181550.9, -722.2656, -1.584829, 0.01663505, 0.1455349, 635.3013, 1.712853, 1.382661, 14.94596
 
6.280049, 0.0004769006, -0.005097723, 81.24052, 1.232992, 0.0004076929993536360204804978, 181702.9, -722.3181, -1.584829, 0.01663505, 0.1455349, 635.7856, 1.712706, 1.382423, 14.95188
 
6.290049, 0.0004376115, -0.005092954, 81.24429, 1.226021, 0.0004074653858895029421166645, 181849.9, -722.3715, -1.584829, 0.01663505, 0.1455349, 636.2616, 1.712562, 1.382185, 14.9578
 
6.300049, 0.0004071676, -0.005088578, 81.24682, 1.218912, 0.0004071406805314122198985318, 181991.7, -722.4258, -1.584829, 0.01663505, 0.1455349, 636.729, 1.712419, 1.381947, 14.96372
 
6.31005, 0.0003556815, -0.005084506, 81.24831, 1.211751, 0.0004071588333131396145582689, 182128.4, -722.4822, -1.584829, 0.01663505, 0.1455349, 637.1879, 1.712279, 1.381709, 14.96965
 
6.32005, 0.0002224378, -0.00508095, 81.24886, 1.204715, 0.0004084445985878248504247050, 182260, -722.5391, -1.584829, 0.01663505, 0.1455349, 637.6384, 1.712141, 1.381471, 14.97557
 
6.33005, 0.0001087734, -0.005078725, 81.24827, 1.197584, 0.0004095470765970164934768336, 182386.6, -722.5973, -1.584829, 0.01663505, 0.1455349, 638.0806, 1.712006, 1.381233, 14.98149
 
6.34005, 7.09524E-05, -0.005077637, 81.24633, 1.190314, 0.0004096125914553627578404422, 182507.3, -722.6569, -1.584829, 0.01663505, 0.1455349, 638.5128, 1.711873, 1.380996, 14.98741
 
6.35005, 3.502936E-05, -0.005076928, 81.23724, 1.178016, 0.0004096631489553547978189169, 182618.1, -722.7172, -1.584829, 0.01663505, 0.1455349, 638.9283, 1.711742, 1.380758, 14.99333
 
6.360051, -3.57487E-05, -0.005076577, 81.22385, 1.163239, 0.0004102565787426071005861511, 182719.4, -722.7805, -1.584829, 0.01663505, 0.1455349, 639.3274, 1.711616, 1.38052, 14.99925
 
6.370051, -5.385019E-05, -0.005076935, 81.2085, 1.148448, 0.0004101286802875836083011267, 182810.8, -722.8463, -1.584829, 0.01663505, 0.1455349, 639.7098, 1.711495, 1.380282, 15.00517
 
6.380051, -0.0001028619, -0.005077473, 81.19134, 1.133731, 0.0004104821974657449726757262, 182892.6, -722.914, -1.584829, 0.01663505, 0.1455349, 640.0759, 1.711378, 1.380044, 15.01109
 
6.390051, -0.0001055807, -0.005078502, 81.1723, 1.119043, 0.0004101933915810044638587391, 182964.7, -722.9846, -1.584829, 0.01663505, 0.1455349, 640.4253, 1.711266, 1.379806, 15.01701
 
6.400052, -0.0001546839, -0.005079558, 81.15113, 1.104076, 0.0004106022844082252509857920, 183027.1, -723.0576, -1.584829, 0.01663505, 0.1455349, 640.7583, 1.711158, 1.379568, 15.02293
 
6.410052, -0.000171979, -0.005081105, 81.12842, 1.089449, 0.0004105855089298135586319741, 183080, -723.1329, -1.584829, 0.01663505, 0.1455349, 641.0749, 1.711055, 1.379331, 15.02885
 
6.420052, -0.0001806541, -0.005082824, 81.10354, 1.074497, 0.0004104596022612168934453541, 183123.4, -723.2106, -1.584829, 0.01663505, 0.1455349, 641.3752, 1.710956, 1.379093, 15.03477
 
6.430052, -0.0001654333, -0.005084631, 81.07703, 1.059797, 0.0004099928230322431754333143, 183157.1, -723.2908, -1.584829, 0.01663505, 0.1455349, 641.6591, 1.710861, 1.378855, 15.04069
 
6.440053, -3.171999E-05, -0.005086286, 81.04842, 1.044817, 0.0004077579075734125847390160, 183181.2, -723.3737, -1.584829, 0.01663505, 0.1455349, 641.9265, 1.710772, 1.378617, 15.04661
 
6.450053, 7.624428E-05, -0.005086603, 81.01811, 1.029999, 0.0004058070386915789424115925, 183195.9, -723.4587, -1.584829, 0.01663505, 0.1455349, 642.1777, 1.710686, 1.378379, 15.05253
 
6.460053, 0.0001758147, -0.00508584, 80.98601, 1.015212, 0.0004039016866095734887780810, 183201, -723.5464, -1.584829, 0.01663505, 0.1455349, 642.4124, 1.710605, 1.378141, 15.05845
 
6.470053, 0.0002648495, -0.005084082, 80.95193, 1.000277, 0.0004020798664776788805664804, 183196.6, -723.6365, -1.584829, 0.01663505, 0.1455349, 642.6308, 1.710529, 1.377903, 15.06437
 
6.480053, 0.0002529515, -0.005081433, 80.91592, 0.9852839, 0.0004016937457605601075451336, 183182.6, -723.7287, -1.584829, 0.01663505, 0.1455349, 642.8328, 1.710456, 1.377666, 15.07029
 
6.490054, 0.0002124788, -0.005078904, 80.87838, 0.9704534, 0.0004017498331606967356152288, 183159.4, -723.8242, -1.584829, 0.01663505, 0.1455349, 643.0187, 1.710389, 1.377428, 15.07621
 
6.500054, 0.0002489231, -0.005076779, 80.83883, 0.9554759, 0.0004007009329655347492220681, 183126.7, -723.9218, -1.584829, 0.01663505, 0.1455349, 643.1883, 1.710325, 1.37719, 15.08214
 
6.510054, 0.0002406395, -0.00507429, 80.79759, 0.9405724, 0.0004002948402584193858401767, 183084.7, -724.0219, -1.584829, 0.01663505, 0.1455349, 643.3418, 1.710267, 1.376952, 15.08806
 
6.520054, 0.0002737147, -0.005071883, 80.75441, 0.9255658, 0.0003992873391600097664155132, 183033.2, -724.1243, -1.584829, 0.01663505, 0.1455349, 643.4789, 1.710212, 1.376714, 15.09398
 
6.530055, 0.0001961574, -0.005069146, 80.70949, 0.9105451, 0.0003999044999559683640721275, 182972.5, -724.2294, -1.584829, 0.01663505, 0.1455349, 643.6, 1.710162, 1.376476, 15.0999
 
6.540055, 0.0001595536, -0.005067185, 80.6629, 0.8956431, 0.0003999824945469854757464341, 182902.5, -724.337, -1.584829, 0.01663505, 0.1455349, 643.705, 1.710116, 1.376238, 15.10582
 
6.550055, 0.0001308016, -0.005065589, 80.61449, 0.8806822, 0.0003999792602931011057320114, 182823.1, -724.4473, -1.584829, 0.01663505, 0.1455349, 643.7935, 1.710075, 1.376001, 15.11174
 
6.560055, 3.79908E-05, -0.005064281, 80.56424, 0.8656182, 0.0004009585043409905015771056, 182734.6, -724.5601, -1.584829, 0.01663505, 0.1455349, 643.8661, 1.710038, 1.375763, 15.11766
 
6.570055, -7.627782E-05, -0.005063901, 80.51212, 0.8504953, 0.0004023377618078500346865167, 182636.9, -724.6749, -1.584829, 0.01663505, 0.1455349, 643.9226, 1.710005, 1.375525, 15.12358
 
6.580056, -0.0001489943, -0.005064664, 80.4585, 0.835536, 0.0004031973558744826236420006, 182529.9, -724.7929, -1.584829, 0.01663505, 0.1455349, 643.963, 1.709977, 1.375287, 15.1295
 
6.590056, -0.0002123112, -0.005066154, 80.40296, 0.8204286, 0.0004039811374432682399099344, 182413.9, -724.913, -1.584829, 0.01663505, 0.1455349, 643.9874, 1.709953, 1.375049, 15.13542
 
6.600056, -0.0003255677, -0.005068277, 80.34586, 0.8054407, 0.0004055665595523377935752366, 182288.9, -725.0358, -1.584829, 0.01663505, 0.1455349, 643.9959, 1.709933, 1.374811, 15.14134
 
6.610056, -0.0003546131, -0.005071533, 80.28687, 0.7902601, 0.0004059933521523680301053058, 182154.9, -725.1613, -1.584829, 0.01663505, 0.1455349, 643.9885, 1.709918, 1.374573, 15.14726
 
6.620057, -0.0003237481, -0.005075079, 80.22617, 0.7751095, 0.0004055566424414022048882920, 182011.7, -725.2893, -1.584829, 0.01663505, 0.1455349, 643.9649, 1.709907, 1.374335, 15.15318
 
6.630057, -0.0003553424, -0.005078316, 80.1639, 0.7600784, 0.0004060335306342208629885952, 181859.7, -725.4197, -1.584829, 0.01663505, 0.1455349, 643.9256, 1.709901, 1.374097, 15.1591
 
6.640057, -0.0003331361, -0.00508187, 80.09978, 0.744899, 0.0004057384538378918244055720, 181698.8, -725.5525, -1.584829, 0.01663505, 0.1455349, 643.8705, 1.709898, 1.37386, 15.16502
 
6.650057, -0.0002905752, -0.005085201, 80.03409, 0.7297943, 0.0004051280519165296459951502, 181529, -725.6884, -1.584829, 0.01663505, 0.1455349, 643.7994, 1.709901, 1.373622, 15.17094
 
6.660058, -0.0002389462, -0.005088107, 79.96672, 0.7146754, 0.0004043537943270342738236801, 181350.3, -725.8265, -1.584829, 0.01663505, 0.1455349, 643.7125, 1.709907, 1.373384, 15.17686
 
6.670058, -0.0001648903, -0.005090496, 79.89744, 0.6993632, 0.0004032076101378673785459680, 181162.8, -725.9672, -1.584829, 0.01663505, 0.1455349, 643.6099, 1.709918, 1.373146, 15.18279
 
6.680058, -7.97271E-05, -0.005092145, 79.82668, 0.6842153, 0.0004018425629458565123076417, 180966.7, -726.1104, -1.584829, 0.01663505, 0.1455349, 643.4915, 1.709933, 1.372908, 15.18871
 
6.690058, -3.399242E-05, -0.005092942, 79.75434, 0.6690979, 0.0004010057142034741902957562, 180761.7, -726.2563, -1.584829, 0.01663505, 0.1455349, 643.3572, 1.709953, 1.37267, 15.19463
 
6.700058, 9.676582E-06, -0.005093282, 79.68014, 0.653787, 0.0004001684675078131530166036, 180548.1, -726.4048, -1.584829, 0.01663505, 0.1455349, 643.2073, 1.709976, 1.372432, 15.20055
 
6.710059, 1.229968E-05, -0.005093185, 79.60445, 0.6386405, 0.0003999188919214302041021021, 180326, -726.5556, -1.584829, 0.01663505, 0.1455349, 643.042, 1.710004, 1.372195, 15.20647
 
6.720059, 5.955457E-05, -0.005093062, 79.52696, 0.6232559, 0.0003990018903595964292815595, 180095.3, -726.7095, -1.584829, 0.01663505, 0.1455349, 642.8608, 1.710037, 1.371957, 15.21239
 
6.730059, 5.113803E-05, -0.005092467, 79.44806, 0.6081254, 0.0003988912934113487719502396, 179855.9, -726.8658, -1.584829, 0.01663505, 0.1455349, 642.664, 1.710073, 1.371719, 15.21831
 
6.740059, -2.124973E-05, -0.005091955, 79.36732, 0.5928013, 0.0003997555727975663324349860, 179608.2, -727.0243, -1.584829, 0.01663505, 0.1455349, 642.4517, 1.710114, 1.371481, 15.22423
 
6.75006, -7.060489E-05, -0.005092168, 79.28501, 0.5774628, 0.0004003379984519281027618445, 179352.1, -727.1855, -1.584829, 0.01663505, 0.1455349, 642.2239, 1.710159, 1.371243, 15.23015
 
6.76006, -7.255555E-05, -0.005092874, 79.20123, 0.5622443, 0.0004002530713275985808988176, 179087.4, -727.3499, -1.584829, 0.01663505, 0.1455349, 641.9804, 1.710208, 1.371005, 15.23607
 
6.77006, -0.0001642849, -0.005093599, 79.1156, 0.5468317, 0.0004015301942716183250242405, 178814.5, -727.5162, -1.584829, 0.01663505, 0.1455349, 641.7214, 1.710261, 1.370767, 15.24199
 
6.78006, -0.0002392222, -0.005095242, 79.02848, 0.5314495, 0.0004026351098117103710358871, 178533.3, -727.6854, -1.584829, 0.01663505, 0.1455349, 641.447, 1.710319, 1.37053, 15.24791
 
6.790061, -0.0002595243, -0.005097634, 78.93987, 0.5161878, 0.0004029814494467400926638503, 178243.8, -727.8572, -1.584829, 0.01663505, 0.1455349, 641.1571, 1.710381, 1.370292, 15.25383
 
6.800061, -0.0002621142, -0.005100229, 78.84963, 0.5008665, 0.0004030822657123390955832210, 177946.1, -728.0316, -1.584829, 0.01663505, 0.1455349, 640.8518, 1.710447, 1.370054, 15.25975
 
6.810061, -0.000305138, -0.00510285, 78.75774, 0.4854408, 0.0004038041459275624293157036, 177640.4, -728.2083, -1.584829, 0.01663505, 0.1455349, 640.5314, 1.710518, 1.369816, 15.26567
 
6.820061, -0.0003117813, -0.005105902, 78.6642, 0.4699105, 0.0004040149478636216581664252, 177326.5, -728.3879, -1.584829, 0.01663505, 0.1455349, 640.1954, 1.710592, 1.369578, 15.27159
 
6.830061, -0.0003365127, -0.00510902, 78.56872, 0.4541403, 0.0004045120319027725126625573, 177004, -728.57, -1.584829, 0.01663505, 0.1455349, 639.8431, 1.710671, 1.36934, 15.27751
 
6.840062, -0.000315962, -0.005112385, 78.47087, 0.4375893, 0.0004043426496643626798539978, 176673.1, -728.7551, -1.584829, 0.01663505, 0.1455349, 639.4748, 1.710755, 1.369102, 15.28343
 
6.850062, -0.0002732599, -0.005115544, 78.37167, 0.4213834, 0.0004038275672684090601433593, 176333.6, -728.9427, -1.584829, 0.01663505, 0.1455349, 639.09, 1.710842, 1.368865, 15.28935
 
6.860062, -0.0003159855, -0.005118277, 78.27057, 0.4048916, 0.0004045865940516928778464791, 175985.8, -729.1329, -1.584829, 0.01663505, 0.1455349, 638.6891, 1.710935, 1.368627, 15.29527
 
6.870062, -0.0003479772, -0.005121437, 78.16801, 0.3885196, 0.0004052244514930156324944808, 175629.7, -729.3264, -1.584829, 0.01663505, 0.1455349, 638.2722, 1.711031, 1.368389, 15.3012
 
6.880063, -0.000276258, -0.005124917, 78.06374, 0.3721323, 0.0004043078678253468827215548, 175265.1, -729.5222, -1.584829, 0.01663505, 0.1455349, 637.8389, 1.711133, 1.368151, 15.30712
 
6.890063, -0.0003085381, -0.00512768, 77.9578, 0.355594, 0.0004049323563523604198919556, 174892.5, -729.721, -1.584829, 0.01663505, 0.1455349, 637.3898, 1.711238, 1.367913, 15.31304
 
6.900063, -0.0002882183, -0.005130765, 77.85034, 0.3391758, 0.0004047835678314049155350211, 174511.6, -729.9225, -1.584829, 0.01663505, 0.1455349, 636.9246, 1.711348, 1.367675, 15.31896
 
6.910063, -0.0001930053, -0.005133647, 77.74125, 0.3227423, 0.0004034729064743379071147216, 174122.6, -730.1267, -1.584829, 0.01663505, 0.1455349, 636.4433, 1.711463, 1.367437, 15.32488
 
6.920063, -0.0001613869, -0.005135577, 77.6306, 0.3062933, 0.0004030698906729687629884892, 173725.5, -730.3339, -1.584829, 0.01663505, 0.1455349, 635.946, 1.711582, 1.3672, 15.3308
 
6.930064, -0.0001914999, -0.005137191, 77.51818, 0.2896931, 0.0004035991831360115322846921, 173320.5, -730.5436, -1.584829, 0.01663505, 0.1455349, 635.4328, 1.711705, 1.366962, 15.33672
 
6.940064, -0.0001973623, -0.005139106, 77.40434, 0.2732133, 0.0004037862944620507048685249, 172907.4, -730.7563, -1.584829, 0.01663505, 0.1455349, 634.9036, 1.711833, 1.366724, 15.34264
 
6.950064, -0.0002497192, -0.005141079, 77.28889, 0.256718, 0.0004047053601125330221016798, 172486.6, -730.9716, -1.584829, 0.01663505, 0.1455349, 634.3586, 1.711965, 1.366486, 15.34856
 
6.960064, -0.0003088097, -0.005143577, 77.17178, 0.2401167, 0.0004057790451229452461493273, 172058, -731.1895, -1.584829, 0.01663505, 0.1455349, 633.7979, 1.712102, 1.366248, 15.35448
 
6.970065, -0.0002918284, -0.005146665, 77.0532, 0.2235452, 0.0004057270301240826020679503, 171621.6, -731.4106, -1.584829, 0.01663505, 0.1455349, 633.2214, 1.712243, 1.36601, 15.3604
 
6.980065, -0.0002896001, -0.005149583, 76.93305, 0.2070035, 0.0004058978705432247136668467, 171177.5, -731.6343, -1.584829, 0.01663505, 0.1455349, 632.6291, 1.712388, 1.365772, 15.36632
 
6.990065, -0.0003313796, -0.005152479, 76.81136, 0.1904464, 0.0004067605425888944075083374, 170725.9, -731.8605, -1.584829, 0.01663505, 0.1455349, 632.021, 1.712538, 1.365534, 15.37224
 
7.000065, -0.0004083767, -0.005155793, 76.68799, 0.1737376, 0.0004082150987070273597253073, 170266.5, -732.0899, -1.584829, 0.01663505, 0.1455349, 631.3972, 1.712692, 1.365297, 15.37816
 
7.010066, -0.0004542375, -0.005159877, 76.56322, 0.1571496, 0.0004092544264357694763691825, 169799.9, -732.3217, -1.584829, 0.01663505, 0.1455349, 630.7579, 1.712851, 1.365059, 15.38408
 
7.020066, -0.0004817363, -0.005164419, 76.4369, 0.140546, 0.0004100519824742240544952939, 169325.7, -732.5565, -1.584829, 0.01663505, 0.1455349, 630.1028, 1.713013, 1.364821, 15.39
 
7.030066, -0.000569978, -0.005169237, 76.30901, 0.1238361, 0.0004118346187714071649564123, 168844.2, -732.7943, -1.584829, 0.01663505, 0.1455349, 629.4323, 1.713181, 1.364583, 15.39592
 
7.040066, -0.0005940517, -0.005174936, 76.1796, 0.1071561, 0.0004126881683137432267708445, 168355.5, -733.0342, -1.584829, 0.01663505, 0.1455349, 628.7463, 1.713352, 1.364345, 15.40184
 
7.050066, -0.0006172816, -0.005180877, 76.04877, 0.09050611, 0.0004135567069328919598228539, 167859.6, -733.2774, -1.584829, 0.01663505, 0.1455349, 628.0448, 1.713528, 1.364107, 15.40777
 
7.060067, -0.0005854255, -0.00518705, 75.9164, 0.07384062, 0.0004135806559103533145942788, 167356.5, -733.5231, -1.584829, 0.01663505, 0.1455349, 627.3279, 1.713709, 1.363869, 15.41369
 
7.070067, -0.0005851292, -0.005192904, 75.78925, 0.06235185, 0.0004141050817339640365960399, 166853, -733.7719, -1.584829, 0.01663505, 0.1455349, 626.6081, 1.713893, 1.363631, 15.41961
 
7.080067, -0.0004978308, -0.005198755, 75.66946, 0.05827975, 0.0004132876057198796717554305, 166349.6, -734.021, -1.584829, 0.01663505, 0.1455349, 625.8864, 1.714079, 1.363394, 15.42553
 
7.090067, -0.0004893783, -0.005203734, 75.54976, 0.05438621, 0.0004136551292781647004748028, 165846.4, -734.2709, -1.584829, 0.01663505, 0.1455349, 625.1629, 1.714265, 1.363156, 15.43145
 
7.100068, -0.0004552187, -0.005208627, 75.43002, 0.05048906, 0.0004136070519715777039362381, 165343.4, -734.5212, -1.584829, 0.01663505, 0.1455349, 624.4377, 1.714452, 1.362918, 15.43737
 
7.110068, -0.0003947422, -0.00521318, 75.31014, 0.04654263, 0.0004131106343238768864763806, 164840.6, -734.7721, -1.584829, 0.01663505, 0.1455349, 623.7106, 1.71464, 1.36268, 15.44329
 
7.120068, -0.0004310459, -0.005217127, 75.19018, 0.04250124, 0.0004141165604513082264266705, 164338.1, -735.024, -1.584829, 0.01663505, 0.1455349, 622.982, 1.714828, 1.362442, 15.44921
 
7.130068, -0.0003827596, -0.005221438, 75.0702, 0.03859311, 0.0004137962787010233674158113, 163835.7, -735.2761, -1.584829, 0.01663505, 0.1455349, 622.2515, 1.715017, 1.362204, 15.45513
 
7.140069, -0.0003772043, -0.005225265, 74.9502, 0.03463564, 0.0004141252086117669293587382, 163333.6, -735.5291, -1.584829, 0.01663505, 0.1455349, 621.5193, 1.715206, 1.361966, 15.46105
 
7.150069, -0.0003724391, -0.005229037, 74.83003, 0.03062879, 0.0004144639212478655220786342, 162831.7, -735.7822, -1.584829, 0.01663505, 0.1455349, 620.7853, 1.715396, 1.361729, 15.46697
 
7.160069, -0.0003621671, -0.005232762, 74.70988, 0.02666395, 0.0004147117688118534962018354, 162330.1, -736.0364, -1.584829, 0.01663505, 0.1455349, 620.0496, 1.715586, 1.361491, 15.47289
 
7.170069, -0.0003269581, -0.005236383, 74.58962, 0.02269544, 0.0004145484278749520753935376, 161828.6, -736.2906, -1.584829, 0.01663505, 0.1455349, 619.3121, 1.715777, 1.361253, 15.47881
 
7.180069, -0.0003710428, -0.005239652, 74.46928, 0.01867746, 0.0004156456954988417943049249, 161327.5, -736.5456, -1.584829, 0.01663505, 0.1455349, 618.5729, 1.715969, 1.361015, 15.48473
 
7.19007, -0.0003057996, -0.005243363, 74.34904, 0.01483896, 0.0004150024789874501173394403, 160826.5, -736.8011, -1.584829, 0.01663505, 0.1455349, 617.8319, 1.716161, 1.360777, 15.49065
 
7.20007, -0.0003125994, -0.005246421, 74.22837, 0.01063034, 0.0004154802844919412779188283, 160325.7, -737.0574, -1.584829, 0.01663505, 0.1455349, 617.089, 1.716354, 1.360539, 15.49657
 
7.21007, -0.0003973003, -0.005249547, 74.10799, 0.006784559, 0.0004172429975579436732457790, 159825.1, -737.3141, -1.584829, 0.01663505, 0.1455349, 616.3445, 1.716548, 1.360301, 15.50249
 
7.22007, -0.0003722653, -0.00525352, 73.98748, 0.002843494, 0.0004172796099270220482187434, 159324.8, -737.5716, -1.584829, 0.01663505, 0.1455349, 615.5981, 1.716742, 1.360064, 15.50842
 
7.230071, -0.0008810205, -0.005257242, 73.84348, 0, 0.0004183250802487779857224525, 158769.3, -737.7134, -1.584829, 0.01663505, 0.1455349, 614.7427, 1.716937, 1.360018, 6.958117
 
7.240071, -0.002047274, -0.005266053, 73.70184, 0, 0.0004280542338771842176198239, 158216.7, -737.8453, -1.584829, 0.01663505, 0.1455349, 613.89, 1.717161, 1.360018, 6.958117
 
7.250071, -0.002791264, -0.005286525, 73.56066, 0, 0.0004356143632980590446327229, 157666.9, -737.977, -1.584829, 0.01663505, 0.1455349, 613.0403, 1.717385, 1.360018, 6.958117
 
7.260071, -0.003141368, -0.005314438, 73.4199, 0, 0.0004408604903704460181308138, 157120, -738.1077, -1.584829, 0.01663505, 0.1455349, 612.1933, 1.717608, 1.360018, 6.958117
 
7.270072, -0.003139589, -0.005345852, 73.2796, 0, 0.0004437735454939614876934406, 156575.8, -738.2382, -1.584829, 0.01663505, 0.1455349, 611.3491, 1.717831, 1.360018, 6.958117
 
7.280072, -0.002665847, -0.005377247, 73.13972, 0, 0.0004431558431995194238654063, 156034.4, -738.368, -1.584829, 0.01663505, 0.1455349, 610.5075, 1.718054, 1.360018, 6.958117
 
7.290072, -0.002196373, -0.005403906, 73.00029, 0, 0.0004421813924476541653232041, 155495.6, -738.4976, -1.584829, 0.01663505, 0.1455349, 609.6687, 1.718276, 1.360018, 6.958117
 
7.300072, -0.001426494, -0.00542587, 72.86132, 0, 0.0004385582203224646314880010, 154959.6, -738.6266, -1.584829, 0.01663505, 0.1455349, 608.8324, 1.718498, 1.360018, 6.958117
 
7.310072, -0.0006137074, -0.005440135, 72.72274, 0, 0.0004339737062888784217424946, 154426.3, -738.7553, -1.584829, 0.01663505, 0.1455349, 607.999, 1.718719, 1.360018, 6.958117
 
7.320073, 0.0003228883, -0.005446272, 72.58463, 0, 0.0004277769714603017906733149, 153895.7, -738.8835, -1.584829, 0.01663505, 0.1455349, 607.168, 1.71894, 1.360018, 6.958117
 
7.330073, 0.0009710058, -0.005443043, 72.44697, 0, 0.0004229906102487394742681137, 153367.7, -739.0114, -1.584829, 0.01663505, 0.1455349, 606.3398, 1.719161, 1.360018, 6.958117
 
7.340073, 0.00143083, -0.005433333, 72.30968, 0, 0.0004190974610891179947069024, 152842.4, -739.1384, -1.584829, 0.01663505, 0.1455349, 605.5142, 1.71938, 1.360018, 6.958117
 
7.350073, 0.001479411, -0.005419025, 72.17281, 0, 0.0004179593065243006197285726, 152319.6, -739.2652, -1.584829, 0.01663505, 0.1455349, 604.6912, 1.719599, 1.360018, 6.958117
 
7.360074, 0.001280124, -0.005404231, 72.03638, 0, 0.0004186770204913876772105663, 151799.4, -739.3914, -1.584829, 0.01663505, 0.1455349, 603.8705, 1.719817, 1.360018, 6.958117
 
7.370074, 0.0008208324, -0.00539143, 71.90036, 0, 0.0004215559083221440968740670, 151281.9, -739.5173, -1.584829, 0.01663505, 0.1455349, 603.0528, 1.720034, 1.360018, 6.958117
 
7.380074, 0.0003361369, -0.005383221, 71.76479, 0, 0.0004250133992249127393814615, 150766.9, -739.6426, -1.584829, 0.01663505, 0.1455349, 602.2375, 1.720251, 1.360018, 6.958117
 
7.390074, -0.0003169925, -0.00537986, 71.62962, 0, 0.0004301767667233724365899046, 150254.5, -739.7677, -1.584829, 0.01663505, 0.1455349, 601.4248, 1.720467, 1.360018, 6.958117
 
7.400074, -0.0009831859, -0.00538303, 71.49487, 0, 0.0004359889785426312769237398, 149744.5, -739.8925, -1.584829, 0.01663505, 0.1455349, 600.6146, 1.720682, 1.360018, 6.958117
 
7.410075, -0.001448926, -0.005392862, 71.36053, 0, 0.0004408040014334129316794571, 149237.1, -740.0166, -1.584829, 0.01663505, 0.1455349, 599.8068, 1.720897, 1.360018, 6.958117
 
7.420075, -0.001832907, -0.005407351, 71.22659, 0, 0.0004453750624320435400172092, 148732.2, -740.1401, -1.584829, 0.01663505, 0.1455349, 599.0016, 1.721111, 1.360018, 6.958117
 
7.430075, -0.002065297, -0.00542568, 71.09306, 0, 0.0004490876042137150123556588, 148229.8, -740.2632, -1.584829, 0.01663505, 0.1455349, 598.1989, 1.721325, 1.360018, 6.958117
 
7.440075, -0.001991598, -0.005446333, 70.95992, 0, 0.0004506009385649839319074893, 147729.6, -740.3864, -1.584829, 0.01663505, 0.1455349, 597.3984, 1.721539, 1.360018, 6.958117
 
7.450076, -0.001847024, -0.005466249, 70.82718, 0, 0.0004514984598527542304133384, 147232, -740.5086, -1.584829, 0.01663505, 0.1455349, 596.6004, 1.721751, 1.360018, 6.958117
 
7.460076, -0.001587459, -0.005484719, 70.69489, 0, 0.0004513710725286668115469766, 146736.8, -740.631, -1.584829, 0.01663505, 0.1455349, 595.8049, 1.721964, 1.360018, 6.958117
 
7.470076, -0.001073302, -0.005500594, 70.56296, 0, 0.0004490160661361568790599873, 146244, -740.7524, -1.584829, 0.01663505, 0.1455349, 595.0119, 1.722176, 1.360018, 6.958117
 
7.480076, -0.000502852, -0.005511327, 70.4314, 0, 0.0004457829296716299282642216, 145753.5, -740.8736, -1.584829, 0.01663505, 0.1455349, 594.2211, 1.722388, 1.360018, 6.958117
 
7.490077, 1.336767E-05, -0.005516355, 70.30027, 0, 0.0004424991061860276623001214, 145265.5, -740.9945, -1.584829, 0.01663505, 0.1455349, 593.4329, 1.7226, 1.360018, 6.958117
 
7.500077, 0.0004550811, -0.005516222, 70.16952, 0, 0.0004393720284518224652437988, 144779.7, -741.1148, -1.584829, 0.01663505, 0.1455349, 592.6468, 1.72281, 1.360018, 6.958117
 
7.510077, 0.0006295663, -0.005511671, 70.03913, 0, 0.0004380043353901316479270840, 144296.3, -741.2346, -1.584829, 0.01663505, 0.1455349, 591.8632, 1.72302, 1.360018, 6.958117
 
7.520077, 0.0006757177, -0.005505375, 69.90917, 0, 0.0004375156990023402756785315, 143815.2, -741.3545, -1.584829, 0.01663505, 0.1455349, 591.0819, 1.72323, 1.360018, 6.958117
 
7.530077, 0.0005169905, -0.005498618, 69.77959, 0, 0.0004386318348986766116048220, 143336.4, -741.4735, -1.584829, 0.01663505, 0.1455349, 590.303, 1.723439, 1.360018, 6.958117
 
7.540078, 0.000247859, -0.005493448, 69.65034, 0, 0.0004407710302029439891883921, 142859.9, -741.592, -1.584829, 0.01663505, 0.1455349, 589.5264, 1.723647, 1.360018, 6.958117
 
7.550078, -0.0001155523, -0.005490969, 69.52159, 0, 0.0004438995908731356819407778, 142385.8, -741.7107, -1.584829, 0.01663505, 0.1455349, 588.7523, 1.723855, 1.360018, 6.958117
 
7.560078, -0.0003420627, -0.005492125, 69.39314, 0, 0.0004462288653079670113669497, 141913.8, -741.8285, -1.584829, 0.01663505, 0.1455349, 587.9803, 1.724062, 1.360018, 6.958117
 
7.570078, -0.0006844277, -0.005495545, 69.26507, 0, 0.0004496920547996250910038472, 141444, -741.9459, -1.584829, 0.01663505, 0.1455349, 587.2106, 1.724269, 1.360018, 6.958117
 
7.580079, -0.001111076, -0.00550239, 69.1374, 0, 0.0004541343971498372517606851, 140976.5, -742.0634, -1.584829, 0.01663505, 0.1455349, 586.443, 1.724475, 1.360018, 6.958117
 
7.590079, -0.001426702, -0.0055135, 69.01012, 0, 0.0004580354362793968111086868, 140511.3, -742.1802, -1.584829, 0.01663505, 0.1455349, 585.678, 1.724681, 1.360018, 6.958117
 
7.600079, -0.001519674, -0.005527767, 68.88319, 0, 0.0004603853133360931638290916, 140048.2, -742.2964, -1.584829, 0.01663505, 0.1455349, 584.9151, 1.724886, 1.360018, 6.958117
 
7.610079, -0.001555482, -0.005542964, 68.75664, 0, 0.0004623476368624155922101558, 139587.3, -742.4127, -1.584829, 0.01663505, 0.1455349, 584.1545, 1.725091, 1.360018, 6.958117
 
7.62008, -0.001336138, -0.005558519, 68.63046, 0, 0.0004622424607200030295334725, 139128.5, -742.5283, -1.584829, 0.01663505, 0.1455349, 583.396, 1.725295, 1.360018, 6.958117
 
7.63008, -0.001033465, -0.00557188, 68.50464, 0, 0.0004612638364060597632525959, 138671.9, -742.6435, -1.584829, 0.01663505, 0.1455349, 582.6397, 1.725499, 1.360018, 6.958117
 
7.64008, -0.0007336082, -0.005582215, 68.37916, 0, 0.0004600502635806317363502934, 138217.4, -742.7583, -1.584829, 0.01663505, 0.1455349, 581.8857, 1.725703, 1.360018, 6.958117
 
7.65008, -0.0003582268, -0.005589551, 68.2541, 0, 0.0004579537862392501788055325, 137765.1, -742.8729, -1.584829, 0.01663505, 0.1455349, 581.1338, 1.725906, 1.360018, 6.958117
 
7.66008, -0.0001541145, -0.005593133, 68.12937, 0, 0.0004569608448561800145907009, 137314.8, -742.9871, -1.584829, 0.01663505, 0.1455349, 580.3842, 1.726109, 1.360018, 6.958117
 
7.670081, -8.246982E-06, -0.005594674, 68.00502, 0, 0.0004562785140869843993355633, 136866.7, -743.1008, -1.584829, 0.01663505, 0.1455349, 579.6367, 1.726311, 1.360018, 6.958117
 
7.680081, 8.476109E-05, -0.005594757, 67.881, 0, 0.0004559132614307847724175119, 136420.6, -743.2142, -1.584829, 0.01663505, 0.1455349, 578.8911, 1.726513, 1.360018, 6.958117
 
7.690081, -2.957656E-05, -0.005593909, 67.75733, 0, 0.0004572071635453540008567703, 135976.5, -743.3273, -1.584829, 0.01663505, 0.1455349, 578.1477, 1.726714, 1.360018, 6.958117
 
7.700081, -0.0001493057, -0.005594205, 67.63404, 0, 0.0004586446828008172651005120, 135534.5, -743.4398, -1.584829, 0.01663505, 0.1455349, 577.4066, 1.726915, 1.360018, 6.958117
 
7.710082, -0.0003317661, -0.005595698, 67.51108, 0, 0.0004607147406982983257381696, 135094.6, -743.5521, -1.584829, 0.01663505, 0.1455349, 576.6675, 1.727115, 1.360018, 6.958117
 
7.720082, -0.0003117933, -0.005599016, 67.38851, 0, 0.0004612307130936023189636113, 134656.6, -743.6643, -1.584829, 0.01663505, 0.1455349, 575.9304, 1.727315, 1.360018, 6.958117
 
7.730082, -0.0004899648, -0.005602134, 67.26625, 0, 0.0004634100132177965395797435, 134220.7, -743.7758, -1.584829, 0.01663505, 0.1455349, 575.1955, 1.727514, 1.360018, 6.958117
 
7.740082, -0.0006274832, -0.005607034, 67.14439, 0, 0.0004653986356463078800181123, 133786.8, -743.8871, -1.584829, 0.01663505, 0.1455349, 574.4628, 1.727713, 1.360018, 6.958117
 
7.750082, -0.0006448685, -0.005613308, 67.02283, 0, 0.0004664826391823954964430336, 133354.9, -743.998, -1.584829, 0.01663505, 0.1455349, 573.732, 1.727911, 1.360018, 6.958117
 
7.760083, -0.0007760142, -0.005619757, 66.90165, 0, 0.0004685551843339851682864557, 132924.9, -744.1086, -1.584829, 0.01663505, 0.1455349, 573.0033, 1.728109, 1.360018, 6.958117
 
7.770083, -0.0007871912, -0.005627517, 66.78077, 0, 0.0004697142305219349049815771, 132496.9, -744.2185, -1.584829, 0.01663505, 0.1455349, 572.2766, 1.728307, 1.360018, 6.958117
 
7.780083, -0.0009313982, -0.005635389, 66.66028, 0, 0.0004720271762266340688419866, 132070.9, -744.3286, -1.584829, 0.01663505, 0.1455349, 571.552, 1.728504, 1.360018, 6.958117
 
7.790083, -0.0009156159, -0.005644703, 66.54009, 0, 0.0004730881648354711057010622, 131646.7, -744.438, -1.584829, 0.01663505, 0.1455349, 570.8293, 1.728701, 1.360018, 6.958117
 
7.800084, -0.0008774929, -0.00565386, 66.42027, 0, 0.0004739440459962459515553109, 131224.4, -744.5475, -1.584829, 0.01663505, 0.1455349, 570.1086, 1.728897, 1.360018, 6.958117
 
7.810084, -0.0008560782, -0.005662635, 66.30077, 0, 0.0004749118253539532041699962, 130804.1, -744.656, -1.584829, 0.01663505, 0.1455349, 569.39, 1.729093, 1.360018, 6.958117
 
7.820084, -0.0007547823, -0.005671195, 66.18159, 0, 0.0004751686706523650219014397, 130385.7, -744.7646, -1.584829, 0.01663505, 0.1455349, 568.6733, 1.729288, 1.360018, 6.958117
 
7.830084, -0.0006938498, -0.005678743, 66.06277, 0, 0.0004756897762900942043580654, 129969.1, -744.8727, -1.584829, 0.01663505, 0.1455349, 567.9584, 1.729483, 1.360018, 6.958117
 
7.840085, -0.0005775058, -0.005685681, 65.94425, 0, 0.0004756743850240746475307845, 129554.4, -744.9803, -1.584829, 0.01663505, 0.1455349, 567.2458, 1.729678, 1.360018, 6.958117
 
7.850085, -0.0004273976, -0.005691457, 65.8261, 0, 0.0004752625715381691888485523, 129141.6, -745.0878, -1.584829, 0.01663505, 0.1455349, 566.5351, 1.729872, 1.360018, 6.958117
 
7.860085, -0.0003213673, -0.00569573, 65.70827, 0, 0.0004751072219576020498167530, 128730.6, -745.1951, -1.584829, 0.01663505, 0.1455349, 565.8262, 1.730066, 1.360018, 6.958117
 
7.870085, -0.0002810732, -0.005698944, 65.59076, 0, 0.0004754384080473156535040677, 128321.5, -745.3018, -1.584829, 0.01663505, 0.1455349, 565.1193, 1.73026, 1.360018, 6.958117
 
7.880085, -0.0003556951, -0.005701755, 65.47358, 0, 0.0004767488512748449476518751, 127914.1, -745.4084, -1.584829, 0.01663505, 0.1455349, 564.4142, 1.730453, 1.360018, 6.958117
 
7.890086, -0.000516574, -0.005705311, 65.3567, 0, 0.0004788887885940149296023355, 127508.5, -745.5145, -1.584829, 0.01663505, 0.1455349, 563.7109, 1.730645, 1.360018, 6.958117
 
7.900086, -0.0005608668, -0.005710477, 65.24014, 0, 0.0004801359766785283514923084, 127104.7, -745.6204, -1.584829, 0.01663505, 0.1455349, 563.0096, 1.730837, 1.360018, 6.958117
 
7.910086, -0.0006720942, -0.005716086, 65.12395, 0, 0.0004820183576137567565611116, 126702.8, -745.7263, -1.584829, 0.01663505, 0.1455349, 562.3102, 1.731029, 1.360018, 6.958117
 
7.920086, -0.0007467672, -0.005722807, 65.00809, 0, 0.0004836734161950269960199471, 126302.7, -745.8315, -1.584829, 0.01663505, 0.1455349, 561.613, 1.73122, 1.360018, 6.958117
 
7.930087, -0.0006729474, -0.005730275, 64.89247, 0, 0.0004840668026299027202868026, 125904.2, -745.936, -1.584829, 0.01663505, 0.1455349, 560.9173, 1.731411, 1.360018, 6.958117
 
7.940087, -0.0007365171, -0.005737004, 64.77721, 0, 0.0004856281268190848114696755, 125507.6, -746.0406, -1.584829, 0.01663505, 0.1455349, 560.2235, 1.731602, 1.360018, 6.958117
 
7.950087, -0.0006739517, -0.005744369, 64.66225, 0, 0.0004861124781025924357711993, 125112.6, -746.1448, -1.584829, 0.01663505, 0.1455349, 559.5316, 1.731792, 1.360018, 6.958117
 
7.960087, -0.0007054209, -0.005751109, 64.54762, 0, 0.0004873904210384348411152715, 124719.5, -746.2487, -1.584829, 0.01663505, 0.1455349, 558.8416, 1.731982, 1.360018, 6.958117
 
7.970088, -0.0006150018, -0.005758163, 64.43332, 0, 0.0004875949711012934092413105, 124328, -746.3524, -1.584829, 0.01663505, 0.1455349, 558.1534, 1.732172, 1.360018, 6.958117
 
7.980088, -0.0005839523, -0.005764313, 64.31934, 0, 0.0004882585667549776397772409, 123938.3, -746.4556, -1.584829, 0.01663505, 0.1455349, 557.4672, 1.73236, 1.360018, 6.958117
 
7.990088, -0.0004350946, -0.005770152, 64.20567, 0, 0.0004878245375441910854584807, 123550.4, -746.5587, -1.584829, 0.01663505, 0.1455349, 556.7828, 1.732549, 1.360018, 6.958117
 
8.000088, -0.0003334059, -0.005774504, 64.09229, 0, 0.0004876897384491046998969770, 123164, -746.6613, -1.584829, 0.01663505, 0.1455349, 556.1, 1.732738, 1.360018, 6.958117
 
8.010088, -0.0002939429, -0.005777838, 63.97921, 0, 0.0004880332769043710670518562, 122779.3, -746.7636, -1.584829, 0.01663505, 0.1455349, 555.4191, 1.732926, 1.360018, 6.958117
 
8.020088, -0.0003247903, -0.005780777, 63.86645, 0, 0.0004889862213357602679074814, 122396.4, -746.8658, -1.584829, 0.01663505, 0.1455349, 554.7401, 1.733113, 1.360018, 6.958117
 
8.030088, -0.0003483587, -0.005784025, 63.75398, 0, 0.0004899005582698150253107690, 122015, -746.9675, -1.584829, 0.01663505, 0.1455349, 554.0626, 1.7333, 1.360018, 6.958117
 
8.040089, -0.0005529682, -0.005787509, 63.6418, 0, 0.0004925028528405090366942029, 121635.3, -747.0688, -1.584829, 0.01663505, 0.1455349, 553.387, 1.733487, 1.360018, 6.958117
 
8.050089, -0.0005998592, -0.005793038, 63.52999, 0, 0.0004938319078110519141437262, 121257.3, -747.1702, -1.584829, 0.01663505, 0.1455349, 552.7133, 1.733673, 1.360018, 6.958117
 
8.060089, -0.0006349833, -0.005799037, 63.41842, 0, 0.0004950948586108711519723737, 120880.9, -747.2709, -1.584829, 0.01663505, 0.1455349, 552.0411, 1.733859, 1.360018, 6.958117
 
8.070089, -0.0007007854, -0.005805387, 63.30719, 0, 0.0004966745171660974458093441, 120506.1, -747.3716, -1.584829, 0.01663505, 0.1455349, 551.3709, 1.734045, 1.360018, 6.958117
 
8.08009, -0.0007150249, -0.005812394, 63.19621, 0, 0.0004978340828256243522967185, 120132.9, -747.4718, -1.584829, 0.01663505, 0.1455349, 550.7022, 1.73423, 1.360018, 6.958117
 
8.09009, -0.0007983947, -0.005819545, 63.08557, 0, 0.0004996523308845142626905001, 119761.3, -747.5718, -1.584829, 0.01663505, 0.1455349, 550.0354, 1.734415, 1.360018, 6.958117
 
8.10009, -0.000717153, -0.005827528, 62.97519, 0, 0.0005000065858536288601356469, 119391.3, -747.6715, -1.584829, 0.01663505, 0.1455349, 549.3702, 1.7346, 1.360018, 6.958117
 
8.11009, -0.0008061236, -0.0058347, 62.86512, 0, 0.0005018853475470871415093002, 119022.8, -747.7709, -1.584829, 0.01663505, 0.1455349, 548.7068, 1.734784, 1.360018, 6.958117
 
8.12009, -0.0007105378, -0.005842761, 62.75534, 0, 0.0005021093605231344468600518, 118656, -747.87, -1.584829, 0.01663505, 0.1455349, 548.0451, 1.734968, 1.360018, 6.958117
 
8.130091, -0.0007512769, -0.005849867, 62.64589, 0, 0.0005035339465642347241309600, 118290.8, -747.9688, -1.584829, 0.01663505, 0.1455349, 547.3852, 1.735151, 1.360018, 6.958117
 
8.140091, -0.0006116809, -0.00585738, 62.53671, 0, 0.0005032918497257605967962932, 117927.1, -748.0674, -1.584829, 0.01663505, 0.1455349, 546.7269, 1.735334, 1.360018, 6.958117
 
8.150091, -0.0005005936, -0.005863497, 62.42779, 0, 0.0005031952617536135068898658, 117564.9, -748.1655, -1.584829, 0.01663505, 0.1455349, 546.0701, 1.735517, 1.360018, 6.958117
 
8.160091, -0.0004873054, -0.005868502, 62.31919, 0, 0.0005039286145735129799697418, 117204.2, -748.2635, -1.584829, 0.01663505, 0.1455349, 545.4152, 1.7357, 1.360018, 6.958117
 
8.170092, -0.0004647016, -0.005873376, 62.21088, 0, 0.0005045619862328766912516496, 116845.1, -748.3613, -1.584829, 0.01663505, 0.1455349, 544.762, 1.735882, 1.360018, 6.958117
 
8.180092, -0.0004204743, -0.005878022, 62.10281, 0, 0.0005049691584294019963046300, 116487.5, -748.4584, -1.584829, 0.01663505, 0.1455349, 544.1102, 1.736064, 1.360018, 6.958117
 
8.190092, -0.0005044088, -0.005882227, 61.99505, 0, 0.0005065643880481261360132795, 116131.3, -748.5558, -1.584829, 0.01663505, 0.1455349, 543.4601, 1.736245, 1.360018, 6.958117
 
8.200092, -0.0005566181, -0.005887271, 61.8876, 0, 0.0005079310013472369614874875, 115776.8, -748.6524, -1.584829, 0.01663505, 0.1455349, 542.8118, 1.736426, 1.360018, 6.958117
 
8.210093, -0.0005215599, -0.005892837, 61.78042, 0, 0.0005085058582097272904865034, 115423.7, -748.7493, -1.584829, 0.01663505, 0.1455349, 542.1651, 1.736607, 1.360018, 6.958117
 
8.220093, -0.0004475363, -0.005898053, 61.6735, 0, 0.0005086737098406734086845327, 115072, -748.8452, -1.584829, 0.01663505, 0.1455349, 541.52, 1.736787, 1.360018, 6.958117
 
8.230093, -0.000500632, -0.005902528, 61.56688, 0, 0.0005100050966817302288536195, 114721.8, -748.9415, -1.584829, 0.01663505, 0.1455349, 540.8764, 1.736968, 1.360018, 6.958117
 
8.240093, -0.0006351905, -0.005907535, 61.46052, 0, 0.0005121752300149614330617260, 114373.1, -749.0372, -1.584829, 0.01663505, 0.1455349, 540.2344, 1.737147, 1.360018, 6.958117
 
8.250093, -0.0006622184, -0.005913887, 61.35444, 0, 0.0005134226898769921110367906, 114025.8, -749.1326, -1.584829, 0.01663505, 0.1455349, 539.594, 1.737327, 1.360018, 6.958117
 
8.260094, -0.0008070851, -0.005920509, 61.24864, 0, 0.0005158439357966966279332388, 113680, -749.2278, -1.584829, 0.01663505, 0.1455349, 538.9551, 1.737506, 1.360018, 6.958117
 
8.270094, -0.0008796967, -0.00592858, 61.14313, 0, 0.0005176918041034965907310928, 113335.6, -749.3228, -1.584829, 0.01663505, 0.1455349, 538.3181, 1.737684, 1.360018, 6.958117
 
8.280094, -0.0006983373, -0.005937377, 61.03789, 0, 0.0005171178573346477285805667, 112992.8, -749.4173, -1.584829, 0.01663505, 0.1455349, 537.6827, 1.737863, 1.360018, 6.958117
 
8.290094, -0.000617196, -0.00594436, 60.93296, 0, 0.0005173649211805918220442001, 112651.3, -749.512, -1.584829, 0.01663505, 0.1455349, 537.0489, 1.738041, 1.360018, 6.958117
 
8.300095, -0.0004994891, -0.005950532, 60.82822, 0, 0.0005171791877664556261045938, 112311.2, -749.6058, -1.584829, 0.01663505, 0.1455349, 536.4163, 1.738219, 1.360018, 6.958117
 
8.310095, -0.00060943, -0.005955527, 60.72379, 0, 0.0005191343238499014938893776, 111972.4, -749.6998, -1.584829, 0.01663505, 0.1455349, 535.7853, 1.738396, 1.360018, 6.958117
 
8.320095, -0.0006496147, -0.005961621, 60.61962, 0, 0.0005205000870214220535875214, 111635.1, -749.7935, -1.584829, 0.01663505, 0.1455349, 535.1559, 1.738574, 1.360018, 6.958117
 
8.330095, -0.000713128, -0.005968117, 60.51573, 0, 0.0005221350353007923961690943, 111299.1, -749.8868, -1.584829, 0.01663505, 0.1455349, 534.528, 1.73875, 1.360018, 6.958117
 
8.340096, -0.0007122626, -0.005975248, 60.41212, 0, 0.0005231883461814017467794405, 110964.6, -749.9799, -1.584829, 0.01663505, 0.1455349, 533.9017, 1.738927, 1.360018, 6.958117
 
8.350096, -0.0006511573, -0.005982371, 60.30875, 0, 0.0005236410171621192278389413, 110631.5, -750.0725, -1.584829, 0.01663505, 0.1455349, 533.277, 1.739103, 1.360018, 6.958117
 
8.360096, -0.0006401672, -0.005988882, 60.20568, 0, 0.0005245394664114687626619500, 110299.7, -750.1653, -1.584829, 0.01663505, 0.1455349, 532.6538, 1.739279, 1.360018, 6.958117
 
8.370096, -0.0005004721, -0.005995283, 60.10284, 0, 0.0005241385350979323025095712, 109969.3, -750.2573, -1.584829, 0.01663505, 0.1455349, 532.0322, 1.739455, 1.360018, 6.958117
 
8.380096, -0.0004168748, -0.006000288, 60.0003, 0, 0.0005241742731005531180320417, 109640.3, -750.3494, -1.584829, 0.01663505, 0.1455349, 531.4122, 1.73963, 1.360018, 6.958117
 
8.390097, -0.0002795609, -0.006004457, 59.89798, 0, 0.0005235926756342730425792787, 109312.5, -750.4412, -1.584829, 0.01663505, 0.1455349, 530.7935, 1.739805, 1.360018, 6.958117
 
8.400097, -0.0003661948, -0.006007253, 59.79596, 0, 0.0005251477230357473846471586, 108986.1, -750.533, -1.584829, 0.01663505, 0.1455349, 530.1762, 1.73998, 1.360018, 6.958117
 
8.410097, -0.0004172475, -0.006010915, 59.69416, 0, 0.0005264225340006510749487103, 108661.1, -750.624, -1.584829, 0.01663505, 0.1455349, 529.5606, 1.740154, 1.360018, 6.958117
 
8.420097, -0.0004541106, -0.006015087, 59.59264, 0, 0.0005276006586614008517356737, 108337.2, -750.7152, -1.584829, 0.01663505, 0.1455349, 528.9462, 1.740329, 1.360018, 6.958117
 
8.430098, -0.0005770492, -0.006019628, 59.49137, 0, 0.0005296897026648418386851126, 108014.8, -750.8058, -1.584829, 0.01663505, 0.1455349, 528.3334, 1.740502, 1.360018, 6.958117
 
8.440098, -0.0006788426, -0.006025399, 59.39037, 0, 0.0005316766735472572254575385, 107693.7, -750.8965, -1.584829, 0.01663505, 0.1455349, 527.7222, 1.740676, 1.360018, 6.958117
 
8.450098, -0.0006394658, -0.006032187, 59.28963, 0, 0.0005323139743319160678878899, 107373.9, -750.9868, -1.584829, 0.01663505, 0.1455349, 527.1125, 1.740849, 1.360018, 6.958117
 
8.460098, -0.0006621793, -0.006038581, 59.18912, 0, 0.0005335530312647301130211087, 107055.3, -751.0765, -1.584829, 0.01663505, 0.1455349, 526.5041, 1.741022, 1.360018, 6.958117
 
8.470098, -0.0006842552, -0.006045203, 59.08888, 0, 0.0005348072455084594823503509, 106738.1, -751.1665, -1.584829, 0.01663505, 0.1455349, 525.8973, 1.741194, 1.360018, 6.958117
 
8.480099, -0.000709514, -0.006052046, 58.9889, 0, 0.0005361159046579983611539694, 106422, -751.2562, -1.584829, 0.01663505, 0.1455349, 525.2917, 1.741367, 1.360018, 6.958117
 
8.490099, -0.0007505539, -0.006059141, 58.88916, 0, 0.0005376116920820941747756901, 106107.3, -751.3453, -1.584829, 0.01663505, 0.1455349, 524.6877, 1.741539, 1.360018, 6.958117
 
8.500099, -0.0006756596, -0.006066646, 58.78963, 0, 0.0005379456905114005313367923, 105793.8, -751.434, -1.584829, 0.01663505, 0.1455349, 524.0849, 1.74171, 1.360018, 6.958117
 
8.510099, -0.0007245416, -0.006073403, 58.69041, 0, 0.0005394967770387898141140272, 105481.6, -751.5231, -1.584829, 0.01663505, 0.1455349, 523.4837, 1.741882, 1.360018, 6.958117
 
8.5201, -0.0006566402, -0.006080648, 58.59142, 0, 0.0005398783418822488300807243, 105170.6, -751.6117, -1.584829, 0.01663505, 0.1455349, 522.8838, 1.742053, 1.360018, 6.958117
 
8.5301, -0.0007295572, -0.006087215, 58.49266, 0, 0.0005416673846535919239259714, 104860.9, -751.7, -1.584829, 0.01663505, 0.1455349, 522.2855, 1.742224, 1.360018, 6.958117
 
8.5401, -0.0006632346, -0.00609451, 58.39418, 0, 0.0005420683490539373842373689, 104552.4, -751.7883, -1.584829, 0.01663505, 0.1455349, 521.6884, 1.742395, 1.360018, 6.958117
 
8.5501, -0.0006211635, -0.006101143, 58.29591, 0, 0.0005426626689895663777658738, 104245.1, -751.876, -1.584829, 0.01663505, 0.1455349, 521.0928, 1.742565, 1.360018, 6.958117
 
8.560101, -0.0005867562, -0.006107354, 58.19791, 0, 0.0005432995951112158664822644, 103939.1, -751.9637, -1.584829, 0.01663505, 0.1455349, 520.4985, 1.742735, 1.360018, 6.958117
 
8.570101, -0.0005532827, -0.006113221, 58.10016, 0, 0.0005439149125029987676830330, 103634.3, -752.0511, -1.584829, 0.01663505, 0.1455349, 519.9058, 1.742905, 1.360018, 6.958117
 
8.580101, -0.0004570443, -0.006118754, 58.00264, 0, 0.0005438366993343117972383020, 103330.7, -752.1382, -1.584829, 0.01663505, 0.1455349, 519.3143, 1.743074, 1.360018, 6.958117
 
8.590101, -0.0005194612, -0.006123325, 57.90535, 0, 0.0005453501702957371733641726, 103028.2, -752.2252, -1.584829, 0.01663505, 0.1455349, 518.7242, 1.743244, 1.360018, 6.958117
 
8.600101, -0.0006089858, -0.006128519, 57.80833, 0, 0.0005472105258170300444865332, 102727, -752.3119, -1.584829, 0.01663505, 0.1455349, 518.1356, 1.743412, 1.360018, 6.958117
 
8.610102, -0.0005907521, -0.006134609, 57.71153, 0, 0.0005480080312932132084415492, 102427, -752.3982, -1.584829, 0.01663505, 0.1455349, 517.5482, 1.743581, 1.360018, 6.958117
 
8.620102, -0.0006060262, -0.006140517, 57.61494, 0, 0.0005491470494932616777524002, 102128.1, -752.4843, -1.584829, 0.01663505, 0.1455349, 516.962, 1.743749, 1.360018, 6.958117
 
8.630102, -0.0006999405, -0.006146577, 57.51863, 0, 0.0005511424560828445800039115, 101830.4, -752.5702, -1.584829, 0.01663505, 0.1455349, 516.3775, 1.743918, 1.360018, 6.958117
 
8.640102, -0.0006036481, -0.006153576, 57.42255, 0, 0.0005511864405261823321416888, 101533.9, -752.6561, -1.584829, 0.01663505, 0.1455349, 515.7942, 1.744086, 1.360018, 6.958117
 
8.650103, -0.0006462831, -0.006159612, 57.32671, 0, 0.0005526350788968360363094369, 101238.5, -752.7418, -1.584829, 0.01663505, 0.1455349, 515.2122, 1.744253, 1.360018, 6.958117
 
8.660103, -0.0006496637, -0.006166075, 57.23106, 0, 0.0005537017980695156074781500, 100944.3, -752.8268, -1.584829, 0.01663505, 0.1455349, 514.6314, 1.744421, 1.360018, 6.958117
 
8.670103, -0.0006338176, -0.006172572, 57.1357, 0, 0.0005545643796955687631563558, 100651.3, -752.912, -1.584829, 0.01663505, 0.1455349, 514.0522, 1.744588, 1.360018, 6.958117
 
8.680103, -0.0005841571, -0.00617891, 57.04056, 0, 0.0005550465438941386497275821, 100359.4, -752.9968, -1.584829, 0.01663505, 0.1455349, 513.4742, 1.744755, 1.360018, 6.958117
 
8.690104, -0.0004860791, -0.006184752, 56.94568, 0, 0.0005549570745423527149190746, 100068.7, -753.0817, -1.584829, 0.01663505, 0.1455349, 512.8975, 1.744921, 1.360018, 6.958117
 
8.700104, -0.0005082221, -0.006189612, 56.85097, 0, 0.0005560849893266532886324776, 99778.98, -753.1659, -1.584829, 0.01663505, 0.1455349, 512.3221, 1.745088, 1.360018, 6.958117
 
8.710104, -0.0006051357, -0.006194694, 56.75652, 0, 0.0005580503887590497602848348, 99490.46, -753.2501, -1.584829, 0.01663505, 0.1455349, 511.7479, 1.745254, 1.360018, 6.958117
 
8.720104, -0.0006408443, -0.006200746, 56.66229, 0, 0.0005594386145802963853649316, 99203.01, -753.3342, -1.584829, 0.01663505, 0.1455349, 511.175, 1.745419, 1.360018, 6.958117
 
8.730104, -0.0007494033, -0.006207154, 56.56828, 0, 0.0005616604272087566817003740, 98916.67, -753.4178, -1.584829, 0.01663505, 0.1455349, 510.6033, 1.745585, 1.360018, 6.958117
 
8.740105, -0.000813838, -0.006214648, 56.47452, 0, 0.0005635003648926833703269051, 98631.54, -753.5013, -1.584829, 0.01663505, 0.1455349, 510.0332, 1.74575, 1.360018, 6.958117
 
8.750105, -0.000688946, -0.006222786, 56.381, 0, 0.0005633156450275571065466066, 98347.51, -753.5847, -1.584829, 0.01663505, 0.1455349, 509.4644, 1.745915, 1.360018, 6.958117
 
8.760105, -0.0006508575, -0.006229676, 56.28767, 0, 0.0005639727049902994798578575, 98064.54, -753.6675, -1.584829, 0.01663505, 0.1455349, 508.8968, 1.74608, 1.360018, 6.958117
 
8.770105, -0.0005787534, -0.006236184, 56.19462, 0, 0.0005642181954960794628284825, 97782.66, -753.7508, -1.584829, 0.01663505, 0.1455349, 508.3304, 1.746245, 1.360018, 6.958117
 
8.780106, -0.0005865804, -0.006241972, 56.10176, 0, 0.0005652833201022525899375156, 97501.91, -753.833, -1.584829, 0.01663505, 0.1455349, 507.7653, 1.746409, 1.360018, 6.958117
 
8.790106, -0.0005744123, -0.006247838, 56.00914, 0, 0.0005661344716760877761935729, 97222.21, -753.9156, -1.584829, 0.01663505, 0.1455349, 507.2015, 1.746573, 1.360018, 6.958117
 
8.800106, -0.0006019201, -0.006253582, 55.9167, 0, 0.0005674171796729862893002972, 96943.54, -753.9977, -1.584829, 0.01663505, 0.1455349, 506.6389, 1.746737, 1.360018, 6.958117
 
8.810106, -0.0005583495, -0.006259601, 55.82454, 0, 0.0005679319204929475944761832, 96665.99, -754.08, -1.584829, 0.01663505, 0.1455349, 506.0776, 1.746901, 1.360018, 6.958117
 
8.820107, -0.0005924288, -0.006265184, 55.73258, 0, 0.0005692768013786666265023724, 96389.52, -754.1615, -1.584829, 0.01663505, 0.1455349, 505.5175, 1.747064, 1.360018, 6.958117
 
8.830107, -0.0005186201, -0.006271109, 55.64085, 0, 0.0005694420172542152321979910, 96114.08, -754.2433, -1.584829, 0.01663505, 0.1455349, 504.9588, 1.747227, 1.360018, 6.958117
 
8.840107, -0.0005404347, -0.006276295, 55.5493, 0, 0.0005706156116382605460145015, 95839.59, -754.3246, -1.584829, 0.01663505, 0.1455349, 504.4009, 1.74739, 1.360018, 6.958117
 
8.850107, -0.0006174341, -0.006281699, 55.45798, 0, 0.0005724336632073886624530310, 95566.16, -754.406, -1.584829, 0.01663505, 0.1455349, 503.8443, 1.747553, 1.360018, 6.958117
 
8.860107, -0.0007426746, -0.006287873, 55.36686, 0, 0.0005748724976716208734726686, 95293.76, -754.4868, -1.584829, 0.01663505, 0.1455349, 503.289, 1.747715, 1.360018, 6.958117
 
8.870108, -0.0008371315, -0.0062953, 55.27599, 0, 0.0005770827835782094897219218, 95022.45, -754.5676, -1.584829, 0.01663505, 0.1455349, 502.7349, 1.747877, 1.360018, 6.958117
 
8.880108, -0.0009110189, -0.006303671, 55.18534, 0, 0.0005791503419721309047031193, 94752.16, -754.6483, -1.584829, 0.01663505, 0.1455349, 502.1821, 1.748039, 1.360018, 6.958117
 
8.890108, -0.0009093542, -0.006312781, 55.09488, 0, 0.0005804279054330482724936237, 94482.91, -754.7285, -1.584829, 0.01663505, 0.1455349, 501.6305, 1.7482, 1.360018, 6.958117
 
8.900108, -0.0008706923, -0.006321875, 55.00465, 0, 0.0005812823799662659389410630, 94214.67, -754.8087, -1.584829, 0.01663505, 0.1455349, 501.0802, 1.748362, 1.360018, 6.958117
 
8.910109, -0.0007298114, -0.006330582, 54.91466, 0, 0.0005809293452395257636889513, 93947.52, -754.8886, -1.584829, 0.01663505, 0.1455349, 500.5311, 1.748523, 1.360018, 6.958117
 
8.920109, -0.0006384937, -0.00633788, 54.82484, 0, 0.0005810117850236214840565316, 93681.24, -754.9684, -1.584829, 0.01663505, 0.1455349, 499.983, 1.748684, 1.360018, 6.958117
 
8.930109, -0.0005938703, -0.006344265, 54.73525, 0, 0.0005815453649265101198766313, 93416.02, -755.0479, -1.584829, 0.01663505, 0.1455349, 499.4361, 1.748845, 1.360018, 6.958117
 
8.940109, -0.0006209429, -0.006350204, 54.64586, 0, 0.0005828640110764225069119667, 93151.82, -755.1269, -1.584829, 0.01663505, 0.1455349, 498.8905, 1.749006, 1.360018, 6.958117
 
8.950109, -0.0005597649, -0.006356413, 54.55673, 0, 0.0005831884946169215314271554, 92888.64, -755.2064, -1.584829, 0.01663505, 0.1455349, 498.3462, 1.749166, 1.360018, 6.958117
 
8.96011, -0.0005045925, -0.006362011, 54.46776, 0, 0.0005835249012103744864714362, 92626.35, -755.2854, -1.584829, 0.01663505, 0.1455349, 497.8028, 1.749326, 1.360018, 6.958117
 
8.97011, -0.0005441657, -0.006367057, 54.37899, 0, 0.0005849102927757073695390350, 92365.08, -755.3639, -1.584829, 0.01663505, 0.1455349, 497.2606, 1.749486, 1.360018, 6.958117
 
8.98011, -0.0005489794, -0.006372499, 54.29048, 0, 0.0005859292725118455991678347, 92104.83, -755.4426, -1.584829, 0.01663505, 0.1455349, 496.7197, 1.749646, 1.360018, 6.958117
 
8.99011, -0.0004991078, -0.006377988, 54.20211, 0, 0.0005863150351523839449563303, 91845.45, -755.5207, -1.584829, 0.01663505, 0.1455349, 496.1797, 1.749805, 1.360018, 6.958117
 
9.000111, -0.0005971049, -0.006382979, 54.11397, 0, 0.0005883852872871369457725308, 91587.07, -755.5988, -1.584829, 0.01663505, 0.1455349, 495.6411, 1.749964, 1.360018, 6.958117
 
9.010111, -0.0005830256, -0.006388951, 54.02606, 0, 0.0005892350276380253559073643, 91329.71, -755.6769, -1.584829, 0.01663505, 0.1455349, 495.1036, 1.750124, 1.360018, 6.958117
 
9.020111, -0.0006048771, -0.006394781, 53.93831, 0, 0.0005904951860188250878200319, 91073.25, -755.7542, -1.584829, 0.01663505, 0.1455349, 494.5671, 1.750282, 1.360018, 6.958117
 
9.030111, -0.0006624546, -0.00640083, 53.85081, 0, 0.0005921982884988670021594854, 90817.75, -755.832, -1.584829, 0.01663505, 0.1455349, 494.0319, 1.750441, 1.360018, 6.958117
 
9.040112, -0.00066812, -0.006407454, 53.76352, 0, 0.0005933442756902399931621668, 90563.26, -755.9094, -1.584829, 0.01663505, 0.1455349, 493.4979, 1.750599, 1.360018, 6.958117
 
9.050112, -0.0006024276, -0.006414135, 53.67639, 0, 0.0005936510959661705605717839, 90309.64, -755.9863, -1.584829, 0.01663505, 0.1455349, 492.9648, 1.750757, 1.360018, 6.958117
 
9.060112, -0.000699272, -0.00642016, 53.58952, 0, 0.0005958260947507905505927776, 90057.02, -756.0636, -1.584829, 0.01663505, 0.1455349, 492.4331, 1.750915, 1.360018, 6.958117
 
9.070112, -0.0006838252, -0.006427153, 53.50284, 0, 0.0005967586478612507901834004, 89805.37, -756.1403, -1.584829, 0.01663505, 0.1455349, 491.9025, 1.751073, 1.360018, 6.958117
 
9.080112, -0.0006689362, -0.006433991, 53.41634, 0, 0.0005976839772429064968446829, 89554.58, -756.2168, -1.584829, 0.01663505, 0.1455349, 491.3729, 1.751231, 1.360018, 6.958117
 
9.090113, -0.0006774489, -0.00644068, 53.33006, 0, 0.0005988755734502501124249435, 89304.77, -756.2932, -1.584829, 0.01663505, 0.1455349, 490.8446, 1.751388, 1.360018, 6.958117
 
9.100113, -0.0005805809, -0.006447454, 53.24396, 0, 0.0005988123559064462464333058, 89055.8, -756.3695, -1.584829, 0.01663505, 0.1455349, 490.3172, 1.751545, 1.360018, 6.958117
 
9.110113, -0.0005991014, -0.00645326, 53.15806, 0, 0.0006000431179419846849038184, 88807.82, -756.4453, -1.584829, 0.01663505, 0.1455349, 489.791, 1.751702, 1.360018, 6.958117
 
9.120113, -0.0005131494, -0.006459252, 53.07236, 0, 0.0006000332093043393210313393, 88560.7, -756.5211, -1.584829, 0.01663505, 0.1455349, 489.2659, 1.751859, 1.360018, 6.958117
 
9.130114, -0.0005567372, -0.006464383, 52.98687, 0, 0.0006015054827645263417836924, 88314.52, -756.5968, -1.584829, 0.01663505, 0.1455349, 488.7419, 1.752015, 1.360018, 6.958117
 
9.140114, -0.000476184, -0.006469951, 52.90157, 0, 0.0006015179111373657912424025, 88069.23, -756.6721, -1.584829, 0.01663505, 0.1455349, 488.2189, 1.752172, 1.360018, 6.958117
 
9.150114, -0.0005257786, -0.006474712, 52.81645, 0, 0.0006030317848442054074129451, 87824.84, -756.7474, -1.584829, 0.01663505, 0.1455349, 487.6972, 1.752328, 1.360018, 6.958117
 
9.160114, -0.0005685785, -0.00647997, 52.73153, 0, 0.0006045124177739831701857228, 87581.34, -756.8221, -1.584829, 0.01663505, 0.1455349, 487.1764, 1.752483, 1.360018, 6.958117
 
9.170115, -0.0006289496, -0.006485656, 52.6468, 0, 0.0006062503114424955756778518, 87338.65, -756.8972, -1.584829, 0.01663505, 0.1455349, 486.6565, 1.752639, 1.360018, 6.958117
 
9.180115, -0.000803613, -0.006491946, 52.56231, 0, 0.0006094460267413590898952934, 87096.93, -756.9722, -1.584829, 0.01663505, 0.1455349, 486.1379, 1.752795, 1.360018, 6.958117
 
9.190115, -0.0008298763, -0.006499982, 52.47794, 0, 0.0006109949306941779319172500, 86856.01, -757.0464, -1.584829, 0.01663505, 0.1455349, 485.6203, 1.75295, 1.360018, 6.958117
 
9.200115, -0.0008590604, -0.00650828, 52.39378, 0, 0.0006126064882583037893533008, 86616.05, -757.1204, -1.584829, 0.01663505, 0.1455349, 485.1039, 1.753105, 1.360018, 6.958117
 
9.210115, -0.0008505324, -0.006516871, 52.30986, 0, 0.0006137836998756258171889164, 86376.93, -757.1948, -1.584829, 0.01663505, 0.1455349, 484.5884, 1.75326, 1.360018, 6.958117
 
9.220116, -0.0008848208, -0.006525376, 52.72958, 0, 0.0006153829351038228182873219, 86968.38, -757.2687, -1.584829, 0.01663505, 0.1455349, 484.0701, 1.753415, 1.360018, 6.958117
 
9.230116, -0.000886753, -0.006534224, 52.65161, 0, 0.0006167180616074331476010239, 86738.45, -757.343, -1.584829, 0.01663505, 0.1455349, 483.5528, 1.75357, 1.360018, 6.958117
 
9.240116, -0.0008765046, -0.006543091, 52.5738, 0, 0.0006179071277090319011385235, 86509.31, -757.4172, -1.584829, 0.01663505, 0.1455349, 483.0363, 1.753726, 1.360018, 6.958117
 
9.250116, -0.0009265559, -0.006551857, 52.49616, 0, 0.0006198292104946808105917916, 86280.94, -757.4912, -1.584829, 0.01663505, 0.1455349, 482.5209, 1.753881, 1.360018, 6.958117
 
9.260117, -0.0009762119, -0.006561122, 52.4187, 0, 0.0006217974348910837214671401, 86053.47, -757.5647, -1.584829, 0.01663505, 0.1455349, 482.0067, 1.754036, 1.360018, 6.958117
 
9.270117, -0.0008539024, -0.006570884, 52.34147, 0, 0.0006216890043382040137469659, 85826.8, -757.6387, -1.584829, 0.01663505, 0.1455349, 481.4933, 1.754192, 1.360018, 6.958117
 
9.280117, -0.0007148865, -0.006579423, 52.26437, 0, 0.0006212545646346212725409549, 85600.89, -757.712, -1.584829, 0.01663505, 0.1455349, 480.981, 1.754347, 1.360018, 6.958117
 
9.290117, -0.0007059337, -0.006586572, 52.18746, 0, 0.0006222997149075796562184100, 85375.77, -757.7854, -1.584829, 0.01663505, 0.1455349, 480.4696, 1.754502, 1.360018, 6.958117
 
9.300117, -0.0006713643, -0.006593632, 52.11071, 0, 0.0006230181857419062422398313, 85151.43, -757.8585, -1.584829, 0.01663505, 0.1455349, 479.9592, 1.754656, 1.360018, 6.958117
 
9.310118, -0.0007268385, -0.006600345, 52.03412, 0, 0.0006248270025003541730655749, 84927.86, -757.9314, -1.584829, 0.01663505, 0.1455349, 479.4497, 1.754811, 1.360018, 6.958117
 
9.320118, -0.0007185321, -0.006607614, 51.95775, 0, 0.0006258938539778689826644850, 84705.16, -758.0043, -1.584829, 0.01663505, 0.1455349, 478.9414, 1.754965, 1.360018, 6.958117
 
9.330118, -0.0005915621, -0.006614799, 51.88155, 0, 0.0006254667447439094856100242, 84483.25, -758.077, -1.584829, 0.01663505, 0.1455349, 478.4341, 1.755119, 1.360018, 6.958117
 
9.340118, -0.0005452629, -0.006620714, 51.80549, 0, 0.0006259275291093035730331561, 84262.07, -758.1493, -1.584829, 0.01663505, 0.1455349, 477.9278, 1.755273, 1.360018, 6.958117
 
9.350119, -0.0004757668, -0.006626167, 51.72963, 0, 0.0006260516955591890771911598, 84041.69, -758.2216, -1.584829, 0.01663505, 0.1455349, 477.4223, 1.755427, 1.360018, 6.958117
 
9.360119, -0.0004818829, -0.006630925, 51.65392, 0, 0.0006270615525458475560426350, 83822.06, -758.2934, -1.584829, 0.01663505, 0.1455349, 476.9178, 1.75558, 1.360018, 6.958117
 
9.370119, -0.0005418906, -0.006635743, 51.57841, 0, 0.0006287598986222492819646796, 83603.18, -758.3658, -1.584829, 0.01663505, 0.1455349, 476.4143, 1.755734, 1.360018, 6.958117
 
9.380119, -0.0005858146, -0.006641162, 51.50304, 0, 0.0006303145898765429462454795, 83385.06, -758.4376, -1.584829, 0.01663505, 0.1455349, 475.9117, 1.755887, 1.360018, 6.958117
 
9.39012, -0.0006802044, -0.00664702, 51.42781, 0, 0.0006325548400573556776289933, 83167.69, -758.5088, -1.584829, 0.01663505, 0.1455349, 475.4101, 1.75604, 1.360018, 6.958117
 
9.40012, -0.0007246973, -0.006653822, 51.35277, 0, 0.0006342550036652385953825715, 82951.06, -758.5801, -1.584829, 0.01663505, 0.1455349, 474.9094, 1.756193, 1.360018, 6.958117
 
9.41012, -0.0007881652, -0.006661069, 51.27792, 0, 0.0006362421420926727920840444, 82735.2, -758.6516, -1.584829, 0.01663505, 0.1455349, 474.4096, 1.756346, 1.360018, 6.958117
 
9.42012, -0.0008658044, -0.006668951, 51.20322, 0, 0.0006384752012584344941910920, 82520.08, -758.7227, -1.584829, 0.01663505, 0.1455349, 473.9108, 1.756498, 1.360018, 6.958117
 
9.43012, -0.0008773994, -0.006677609, 51.1287, 0, 0.0006399409051457676614881665, 82305.7, -758.7936, -1.584829, 0.01663505, 0.1455349, 473.4129, 1.756651, 1.360018, 6.958117
 
9.440121, -0.0008280236, -0.006686383, 51.05431, 0, 0.0006406358555408844175530770, 82092.05, -758.8642, -1.584829, 0.01663505, 0.1455349, 472.9159, 1.756803, 1.360018, 6.958117
 
9.450121, -0.0008674577, -0.006694663, 50.98013, 0, 0.0006424261412388104115258762, 81879.16, -758.9351, -1.584829, 0.01663505, 0.1455349, 472.42, 1.756955, 1.360018, 6.958117
 
9.460121, -0.0008591039, -0.006703338, 50.90607, 0, 0.0006436404287159953630608193, 81667, -759.0051, -1.584829, 0.01663505, 0.1455349, 471.9249, 1.757107, 1.360018, 6.958117
 
9.470121, -0.0008084218, -0.006711929, 50.83222, 0, 0.0006443004158945405102013228, 81455.57, -759.0756, -1.584829, 0.01663505, 0.1455349, 471.4308, 1.757259, 1.360018, 6.958117
 
9.480122, -0.0007977854, -0.006720013, 50.75852, 0, 0.0006454301043356469069272390, 81244.85, -759.1459, -1.584829, 0.01663505, 0.1455349, 470.9376, 1.757411, 1.360018, 6.958117
 
9.490122, -0.0007122845, -0.006727991, 50.68497, 0, 0.0006455777930566705339845270, 81034.91, -759.2155, -1.584829, 0.01663505, 0.1455349, 470.4453, 1.757563, 1.360018, 6.958117
 
9.500122, -0.0006037247, -0.006735114, 50.6116, 0, 0.0006453406387447493465135467, 80825.66, -759.2853, -1.584829, 0.01663505, 0.1455349, 469.9541, 1.757714, 1.360018, 6.958117
 
9.510122, -0.0006008433, -0.006741151, 50.53838, 0, 0.0006463741795352216934774332, 80617.14, -759.3549, -1.584829, 0.01663505, 0.1455349, 469.4637, 1.757865, 1.360018, 6.958117
 
9.520123, -0.0005224775, -0.00674716, 50.46534, 0, 0.0006464183928081945027999860, 80409.34, -759.4243, -1.584829, 0.01663505, 0.1455349, 468.9743, 1.758017, 1.360018, 6.958117
 
9.530123, -0.0005002609, -0.006752384, 50.39246, 0, 0.0006471206919421848971177953, 80202.28, -759.4936, -1.584829, 0.01663505, 0.1455349, 468.4858, 1.758168, 1.360018, 6.958117
 
9.540123, -0.0004191294, -0.006757387, 50.31975, 0, 0.0006470277995539808686560674, 79995.92, -759.5629, -1.584829, 0.01663505, 0.1455349, 467.9983, 1.758319, 1.360018, 6.958117
 
9.550123, -0.0003804537, -0.006761578, 50.24718, 0, 0.0006474121423421862871593947, 79790.29, -759.6315, -1.584829, 0.01663505, 0.1455349, 467.5117, 1.758469, 1.360018, 6.958117
 
9.560123, -0.000411171, -0.006765383, 50.17476, 0, 0.0006486737477337905522606338, 79585.26, -759.7004, -1.584829, 0.01663505, 0.1455349, 467.0258, 1.75862, 1.360018, 6.958117
 
9.570124, -0.0005006091, -0.006769495, 50.1025, 0, 0.0006507428369656487531092065, 79380.95, -759.769, -1.584829, 0.01663505, 0.1455349, 466.5408, 1.75877, 1.360018, 6.958117
 
9.580124, -0.0006342378, -0.0067745, 50.03043, 0, 0.0006534882508328422631995911, 79177.36, -759.8375, -1.584829, 0.01663505, 0.1455349, 466.0567, 1.75892, 1.360018, 6.958117
 
9.590124, -0.0006343853, -0.006780843, 49.95848, 0, 0.0006545974676593372043048164, 78974.46, -759.9056, -1.584829, 0.01663505, 0.1455349, 465.5736, 1.75907, 1.360018, 6.958117
 
9.600124, -0.0007018871, -0.006787186, 49.88669, 0, 0.0006566037381679746497997675, 78772.25, -759.9737, -1.584829, 0.01663505, 0.1455349, 465.0914, 1.75922, 1.360018, 6.958117
 
9.610125, -0.0007033364, -0.006794205, 49.81511, 0, 0.0006577989158926219163472810, 78570.78, -760.0417, -1.584829, 0.01663505, 0.1455349, 464.6101, 1.75937, 1.360018, 6.958117
 
9.620125, -0.0007373307, -0.006801239, 49.74361, 0, 0.0006594317198720019355979560, 78369.88, -760.1095, -1.584829, 0.01663505, 0.1455349, 464.1295, 1.759519, 1.360018, 6.958117
 
9.630125, -0.0008611355, -0.006808612, 49.67231, 0, 0.0006623023173586567282071261, 78169.71, -760.1771, -1.584829, 0.01663505, 0.1455349, 463.6499, 1.759669, 1.360018, 6.958117
 
9.640125, -0.0009147667, -0.006817224, 49.60115, 0, 0.0006643578482090276153260009, 77970.2, -760.2448, -1.584829, 0.01663505, 0.1455349, 463.1711, 1.759818, 1.360018, 6.958117
 
9.650126, -0.0009531543, -0.006826371, 49.53017, 0, 0.0006662639097950894659745251, 77771.41, -760.3121, -1.584829, 0.01663505, 0.1455349, 462.6934, 1.759968, 1.360018, 6.958117
 
9.660126, -0.0009274842, -0.006835903, 49.45933, 0, 0.0006673473451324640728724293, 77573.3, -760.3792, -1.584829, 0.01663505, 0.1455349, 462.2165, 1.760116, 1.360018, 6.958117
 
9.670126, -0.000842479, -0.006845178, 49.38861, 0, 0.0006676045879240807297612308, 77375.77, -760.446, -1.584829, 0.01663505, 0.1455349, 461.7403, 1.760265, 1.360018, 6.958117
 
9.680126, -0.0008101919, -0.006853602, 49.31809, 0, 0.0006684904410669397372602921, 77178.95, -760.5132, -1.584829, 0.01663505, 0.1455349, 461.265, 1.760414, 1.360018, 6.958117
 
9.690126, -0.0008285287, -0.006861704, 49.24768, 0, 0.0006700309689248967396227382, 76982.79, -760.5796, -1.584829, 0.01663505, 0.1455349, 460.7907, 1.760563, 1.360018, 6.958117
 
9.700127, -0.0007842627, -0.00686999, 49.17747, 0, 0.0006707403231459860552811544, 76787.33, -760.6462, -1.584829, 0.01663505, 0.1455349, 460.3173, 1.760712, 1.360018, 6.958117
 
9.710127, -0.0006219119, -0.006877833, 49.10741, 0, 0.0006697971619487441830312583, 76592.47, -760.713, -1.584829, 0.01663505, 0.1455349, 459.8445, 1.76086, 1.360018, 6.958117
 
9.720127, -0.000669305, -0.006884051, 49.03745, 0, 0.0006715531435977485338553181, 76398.27, -760.7788, -1.584829, 0.01663505, 0.1455349, 459.3727, 1.761008, 1.360018, 6.958117
 
9.730127, -0.0006539057, -0.006890744, 48.96768, 0, 0.0006724988244833332651754994, 76204.76, -760.8448, -1.584829, 0.01663505, 0.1455349, 458.9019, 1.761157, 1.360018, 6.958117
 
9.740128, -0.000624824, -0.006897284, 48.89804, 0, 0.0006732425901100094149982757, 76011.81, -760.9107, -1.584829, 0.01663505, 0.1455349, 458.4316, 1.761305, 1.360018, 6.958117
 
9.750128, -0.0006266755, -0.006903532, 48.82855, 0, 0.0006743826112240851197729779, 75819.52, -760.9766, -1.584829, 0.01663505, 0.1455349, 457.9623, 1.761453, 1.360018, 6.958117
 
9.760128, -0.0006599987, -0.006909799, 48.75923, 0, 0.0006759588897017933313695716, 75627.92, -761.0424, -1.584829, 0.01663505, 0.1455349, 457.494, 1.761601, 1.360018, 6.958117
 
9.770128, -0.0006014722, -0.006916399, 48.69003, 0, 0.0006763024984651108962452381, 75436.91, -761.1076, -1.584829, 0.01663505, 0.1455349, 457.0262, 1.761748, 1.360018, 6.958117
 
9.780128, -0.0007091471, -0.006922414, 48.62097, 0, 0.0006788862905415519174456497, 75246.54, -761.1727, -1.584829, 0.01663505, 0.1455349, 456.5594, 1.761896, 1.360018, 6.958117
 
9.790129, -0.0007067454, -0.006929505, 48.55212, 0, 0.0006800550299389006174069393, 75056.86, -761.2381, -1.584829, 0.01663505, 0.1455349, 456.0936, 1.762043, 1.360018, 6.958117
 
9.800129, -0.0006577165, -0.006936572, 48.48336, 0, 0.0006805750197292655063185039, 74867.73, -761.3031, -1.584829, 0.01663505, 0.1455349, 455.6284, 1.762191, 1.360018, 6.958117
 
9.810129, -0.0007306791, -0.006943149, 48.41475, 0, 0.0006827438648763805203298260, 74679.24, -761.368, -1.584829, 0.01663505, 0.1455349, 455.1641, 1.762338, 1.360018, 6.958117
 
9.820129, -0.0007386611, -0.006950456, 48.34632, 0, 0.0006840822121783129454793235, 74491.45, -761.4326, -1.584829, 0.01663505, 0.1455349, 454.7007, 1.762485, 1.360018, 6.958117
 
9.83013, -0.0007296749, -0.006957843, 48.27798, 0, 0.0006851921814543422508108995, 74304.2, -761.4968, -1.584829, 0.01663505, 0.1455349, 454.2381, 1.762632, 1.360018, 6.958117
 
9.84013, -0.000765997, -0.00696514, 48.20985, 0, 0.0006869294764194266134338602, 74117.59, -761.5616, -1.584829, 0.01663505, 0.1455349, 453.7763, 1.762779, 1.360018, 6.958117
 
9.85013, -0.0007231411, -0.0069728, 48.14186, 0, 0.0006875932727451231382138947, 73931.66, -761.6259, -1.584829, 0.01663505, 0.1455349, 453.3155, 1.762925, 1.360018, 6.958117
 
9.86013, -0.0006832085, -0.006980031, 48.07397, 0, 0.0006882546948132426756482112, 73746.28, -761.6898, -1.584829, 0.01663505, 0.1455349, 452.8553, 1.763072, 1.360018, 6.958117
 
9.870131, -0.0006737471, -0.006986863, 48.00626, 0, 0.0006893059580475260647746396, 73561.53, -761.7539, -1.584829, 0.01663505, 0.1455349, 452.396, 1.763218, 1.360018, 6.958117
 
9.880131, -0.000664432, -0.006993601, 47.93866, 0, 0.0006903503916187778633608838, 73377.34, -761.8175, -1.584829, 0.01663505, 0.1455349, 451.9374, 1.763365, 1.360018, 6.958117
 
9.890131, -0.0007440919, -0.007000246, 47.87126, 0, 0.0006926467145651646259254714, 73193.82, -761.8815, -1.584829, 0.01663505, 0.1455349, 451.4797, 1.763511, 1.360018, 6.958117
 
9.900131, -0.0006805998, -0.007007686, 47.80393, 0, 0.0006929943868894802933371372, 73010.84, -761.9447, -1.584829, 0.01663505, 0.1455349, 451.0227, 1.763657, 1.360018, 6.958117
 
9.910131, -0.0007706704, -0.007014493, 47.73678, 0, 0.0006954620296702610992383273, 72828.48, -762.0082, -1.584829, 0.01663505, 0.1455349, 450.5666, 1.763803, 1.360018, 6.958117
 
9.920132, -0.0007335938, -0.007022199, 47.66973, 0, 0.0006962113668305265290759983, 72646.67, -762.071, -1.584829, 0.01663505, 0.1455349, 450.1111, 1.763949, 1.360018, 6.958117
 
9.930132, -0.0008143017, -0.007029535, 47.60288, 0, 0.0006986058394895394509090205, 72465.52, -762.1343, -1.584829, 0.01663505, 0.1455349, 449.6566, 1.764095, 1.360018, 6.958117
 
9.940132, -0.0007998594, -0.007037678, 47.53614, 0, 0.0006997229043641530224923493, 72284.99, -762.1969, -1.584829, 0.01663505, 0.1455349, 449.2029, 1.76424, 1.360018, 6.958117
 
9.950132, -0.0006803367, -0.007045677, 47.46956, 0, 0.0006993189504184711805913528, 72105, -762.2598, -1.584829, 0.01663505, 0.1455349, 448.75, 1.764386, 1.360018, 6.958117
 
9.960133, -0.0006855778, -0.00705248, 47.40309, 0, 0.0007005850229033269185983872, 71925.64, -762.322, -1.584829, 0.01663505, 0.1455349, 448.2979, 1.764531, 1.360018, 6.958117
 
9.970133, -0.0006009365, -0.007059336, 47.33679, 0, 0.0007005632145647435252964689, 71746.81, -762.3847, -1.584829, 0.01663505, 0.1455349, 447.8465, 1.764677, 1.360018, 6.958117
 
9.980133, -0.0006652412, -0.007065346, 47.27062, 0, 0.0007026038723009079311737403, 71568.63, -762.4468, -1.584829, 0.01663505, 0.1455349, 447.3961, 1.764822, 1.360018, 6.958117
 
9.990133, -0.0005897292, -0.007071998, 47.20457, 0, 0.0007026902750817919720198620, 71390.96, -762.5089, -1.584829, 0.01663505, 0.1455349, 446.9463, 1.764967, 1.360018, 6.958117
 
10.00013, -0.0006783794, -0.007077895, 47.13864, 0, 0.0007050793325898062553653079, 71213.82, -762.5708, -1.584829, 0.01663505, 0.1455349, 446.4971, 1.765112, 1.360018, 6.958117
 
10.01013, -0.0007892428, -0.007084679, 47.07288, 0, 0.0007078842324288931427976160, 71037.31, -762.6327, -1.584829, 0.01663505, 0.1455349, 446.0488, 1.765257, 1.360018, 6.958117
 
10.02013, -0.0007427762, -0.007092571, 47.00726, 0, 0.0007085152056817422474238512, 70861.34, -762.6946, -1.584829, 0.01663505, 0.1455349, 445.6012, 1.765402, 1.360018, 6.958117
 
10.03013, -0.000812035, -0.007099999, 46.94175, 0, 0.0007107874204326014011162541, 70685.98, -762.7559, -1.584829, 0.01663505, 0.1455349, 445.1545, 1.765546, 1.360018, 6.958117
 
10.04013, -0.0008034979, -0.007108119, 46.87639, 0, 0.0007119955631981356750699012, 70511.14, -762.8174, -1.584829, 0.01663505, 0.1455349, 444.7084, 1.765691, 1.360018, 6.958117
 
10.05013, -0.0007906791, -0.007116154, 46.81118, 0, 0.0007131328413645809895814566, 70336.93, -762.8787, -1.584829, 0.01663505, 0.1455349, 444.2633, 1.765835, 1.360018, 6.958117
 
10.06013, -0.0007749869, -0.007124061, 46.74608, 0, 0.0007142161955577857045170605, 70163.23, -762.9396, -1.584829, 0.01663505, 0.1455349, 443.8188, 1.76598, 1.360018, 6.958117
 
10.07014, -0.000788296, -0.007131811, 46.68115, 0, 0.0007157108033966152800972804, 69990.16, -763.0007, -1.584829, 0.01663505, 0.1455349, 443.3753, 1.766124, 1.360018, 6.958117
 
10.08014, -0.0006947828, -0.007139694, 46.61634, 0, 0.0007156452138036540801491974, 69817.58, -763.0616, -1.584829, 0.01663505, 0.1455349, 442.9324, 1.766268, 1.360018, 6.958117
 
10.09014, -0.0006918678, -0.007146642, 46.55162, 0, 0.0007168213237864797538118906, 69645.52, -763.122, -1.584829, 0.01663505, 0.1455349, 442.4901, 1.766412, 1.360018, 6.958117
 
10.10014, -0.0007168357, -0.007153561, 46.48707, 0, 0.0007184082770418488361279487, 69474.07, -763.1826, -1.584829, 0.01663505, 0.1455349, 442.0488, 1.766556, 1.360018, 6.958117
 
10.11014, -0.0007026364, -0.007160729, 46.42265, 0, 0.0007194413947260846730767631, 69303.13, -763.2429, -1.584829, 0.01663505, 0.1455349, 441.608, 1.7667, 1.360018, 6.958117
 
10.12014, -0.0007332835, -0.007167756, 46.35833, 0, 0.0007211275109321994295421128, 69132.72, -763.3029, -1.584829, 0.01663505, 0.1455349, 441.168, 1.766844, 1.360018, 6.958117
 
10.13014, -0.0007872581, -0.007175088, 46.29419, 0, 0.0007231947770562510838776557, 68962.9, -763.3632, -1.584829, 0.01663505, 0.1455349, 440.7288, 1.766988, 1.360018, 6.958117
 
10.14014, -0.0007730339, -0.007182961, 46.23017, 0, 0.0007243015515215706754624793, 68793.6, -763.4232, -1.584829, 0.01663505, 0.1455349, 440.2903, 1.767131, 1.360018, 6.958117
 
10.15014, -0.0008034136, -0.007190691, 46.16627, 0, 0.0007260617982384864860353774, 68624.89, -763.4828, -1.584829, 0.01663505, 0.1455349, 439.8528, 1.767275, 1.360018, 6.958117
 
10.16014, -0.0007096188, -0.007198725, 46.10252, 0, 0.0007259926369535348097700667, 68456.68, -763.5427, -1.584829, 0.01663505, 0.1455349, 439.4158, 1.767418, 1.360018, 6.958117
 
10.17014, -0.0006902331, -0.007205822, 46.03886, 0, 0.0007269443762850662150318646, 68288.98, -763.6019, -1.584829, 0.01663505, 0.1455349, 438.9795, 1.767562, 1.360018, 6.958117
 
10.18014, -0.000713525, -0.007212724, 45.97536, 0, 0.0007285186763601394839314727, 68121.87, -763.6611, -1.584829, 0.01663505, 0.1455349, 438.5441, 1.767705, 1.360018, 6.958117
 
10.19014, -0.0006986778, -0.007219859, 45.91201, 0, 0.0007295436730733636182364778, 67955.27, -763.7206, -1.584829, 0.01663505, 0.1455349, 438.1094, 1.767848, 1.360018, 6.958117
 
10.20014, -0.0006830959, -0.007226846, 45.84875, 0, 0.0007305429857954426751000577, 67789.16, -763.7796, -1.584829, 0.01663505, 0.1455349, 437.6753, 1.767991, 1.360018, 6.958117
 
10.21014, -0.0006933614, -0.007233677, 45.78565, 0, 0.0007319178948725629469137193, 67623.63, -763.8387, -1.584829, 0.01663505, 0.1455349, 437.2421, 1.768134, 1.360018, 6.958117
 
10.22014, -0.0006396006, -0.007240611, 45.72264, 0, 0.0007323322256944769901677860, 67458.61, -763.897, -1.584829, 0.01663505, 0.1455349, 436.8095, 1.768277, 1.360018, 6.958117
 
10.23014, -0.0006160316, -0.007247007, 45.65978, 0, 0.0007331503091258648656767153, 67294.08, -763.9558, -1.584829, 0.01663505, 0.1455349, 436.3776, 1.76842, 1.360018, 6.958117
 
10.24014, -0.0007153713, -0.007253167, 45.59704, 0, 0.0007358193654720370806287769, 67130.05, -764.0143, -1.584829, 0.01663505, 0.1455349, 435.9464, 1.768562, 1.360018, 6.958117
 
10.25014, -0.0007614346, -0.00726032, 45.53444, 0, 0.0007377803129800257847236342, 66966.59, -764.0726, -1.584829, 0.01663505, 0.1455349, 435.516, 1.768705, 1.360018, 6.958117
 
10.26014, -0.0008276976, -0.007267935, 45.47195, 0, 0.0007401006909896336660100645, 66803.63, -764.1308, -1.584829, 0.01663505, 0.1455349, 435.0863, 1.768847, 1.360018, 6.958117
 
10.27014, -0.0008265788, -0.007276212, 45.4096, 0, 0.0007414587327250390789930037, 66641.16, -764.1891, -1.584829, 0.01663505, 0.1455349, 434.6572, 1.76899, 1.360018, 6.958117
 
10.28014, -0.0008962582, -0.007284478, 45.34736, 0, 0.0007439052709636205301826738, 66479.25, -764.2467, -1.584829, 0.01663505, 0.1455349, 434.2291, 1.769132, 1.360018, 6.958117
 
10.29014, -0.0008506007, -0.00729344, 45.28527, 0, 0.0007446498752850869739833733, 66317.86, -764.3044, -1.584829, 0.01663505, 0.1455349, 433.8015, 1.769275, 1.360018, 6.958117
 
10.30014, -0.0008360044, -0.007301947, 45.22326, 0, 0.0007458272547843955973824033, 66156.91, -764.3618, -1.584829, 0.01663505, 0.1455349, 433.3747, 1.769417, 1.360018, 6.958117
 
10.31014, -0.0008180607, -0.007310307, 45.16142, 0, 0.0007469383408257554822806904, 65996.48, -764.4194, -1.584829, 0.01663505, 0.1455349, 432.9484, 1.769559, 1.360018, 6.958117
 
10.32014, -0.0007829537, -0.007318487, 45.0997, 0, 0.0007477646365548777890776437, 65836.59, -764.4769, -1.584829, 0.01663505, 0.1455349, 432.5231, 1.769701, 1.360018, 6.958117
 
10.33014, -0.0006997998, -0.007326317, 45.03807, 0, 0.0007478082534282785650229871, 65677.19, -764.5337, -1.584829, 0.01663505, 0.1455349, 432.0984, 1.769843, 1.360018, 6.958117
 
10.34014, -0.0006479417, -0.007333315, 44.9766, 0, 0.0007482508316530944252136969, 65518.29, -764.5908, -1.584829, 0.01663505, 0.1455349, 431.6743, 1.769985, 1.360018, 6.958117
 
10.35014, -0.0006618054, -0.007339794, 44.91523, 0, 0.0007496651154870714894960554, 65359.86, -764.6477, -1.584829, 0.01663505, 0.1455349, 431.2509, 1.770127, 1.360018, 6.958117
 
10.36014, -0.0007002909, -0.007346412, 44.85398, 0, 0.0007514802315456442787219948, 65201.89, -764.7044, -1.584829, 0.01663505, 0.1455349, 430.8281, 1.770268, 1.360018, 6.958117
 
10.37014, -0.0007337267, -0.007353415, 44.79288, 0, 0.0007532583612731699807401216, 65044.48, -764.7612, -1.584829, 0.01663505, 0.1455349, 430.4062, 1.77041, 1.360018, 6.958117
 
10.38014, -0.0006839132, -0.007360753, 44.73187, 0, 0.0007537659156156129196399533, 64887.56, -764.8174, -1.584829, 0.01663505, 0.1455349, 429.985, 1.770552, 1.360018, 6.958117
 
10.39014, -0.000660597, -0.007367592, 44.671, 0, 0.0007546379634416909018595112, 64731.09, -764.8738, -1.584829, 0.01663505, 0.1455349, 429.5644, 1.770693, 1.360018, 6.958117
 
10.40014, -0.0007022008, -0.007374198, 44.61024, 0, 0.0007565099567943015565420356, 64575.12, -764.9299, -1.584829, 0.01663505, 0.1455349, 429.1444, 1.770835, 1.360018, 6.958117
 
10.41014, -0.0007243062, -0.00738122, 44.54959, 0, 0.0007581196288508864924323717, 64419.58, -764.9861, -1.584829, 0.01663505, 0.1455349, 428.7251, 1.770976, 1.360018, 6.958117
 
10.42014, -0.0008219106, -0.007388463, 44.48906, 0, 0.0007609498377852197508308331, 64264.55, -765.0418, -1.584829, 0.01663505, 0.1455349, 428.3064, 1.771117, 1.360018, 6.958117
 
10.43014, -0.000922039, -0.007396682, 44.42868, 0, 0.0007639258879703760026954444, 64110.04, -765.0977, -1.584829, 0.01663505, 0.1455349, 427.8886, 1.771258, 1.360018, 6.958117
 
10.44014, -0.0008684075, -0.007405902, 44.3684, 0, 0.0007645661120455663153434105, 63956.01, -765.1531, -1.584829, 0.01663505, 0.1455349, 427.4715, 1.771399, 1.360018, 6.958117
 
10.45014, -0.0008153219, -0.007414586, 44.30826, 0, 0.0007651590171112689390290816, 63802.46, -765.2087, -1.584829, 0.01663505, 0.1455349, 427.055, 1.77154, 1.360018, 6.958117
 
10.46014, -0.0008141685, -0.00742274, 44.24821, 0, 0.0007665246633568079580505715, 63649.34, -765.264, -1.584829, 0.01663505, 0.1455349, 426.6391, 1.771682, 1.360018, 6.958117
 
10.47014, -0.0007940334, -0.007430881, 44.18829, 0, 0.0007675865177466434072149637, 63496.69, -765.3192, -1.584829, 0.01663505, 0.1455349, 426.2238, 1.771823, 1.360018, 6.958117
 
10.48014, -0.0007721566, -0.007438822, 44.12847, 0, 0.0007686001626037465410349116, 63344.5, -765.3741, -1.584829, 0.01663505, 0.1455349, 425.8092, 1.771963, 1.360018, 6.958117
 
10.49014, -0.0008390464, -0.007446543, 44.06878, 0, 0.0007710175067822442870843695, 63192.78, -765.4291, -1.584829, 0.01663505, 0.1455349, 425.3952, 1.772104, 1.360018, 6.958117
 
10.50014, -0.0008846491, -0.007454934, 44.00921, 0, 0.0007731646609847615558495787, 63041.59, -765.4836, -1.584829, 0.01663505, 0.1455349, 424.9821, 1.772245, 1.360018, 6.958117
 
10.51015, -0.0007964755, -0.00746378, 43.94976, 0, 0.0007732051860075937599205603, 62890.85, -765.5381, -1.584829, 0.01663505, 0.1455349, 424.5697, 1.772386, 1.360018, 6.958117
 
10.52015, -0.0007593271, -0.007471745, 43.89044, 0, 0.0007739756940021405842104715, 62740.58, -765.5926, -1.584829, 0.01663505, 0.1455349, 424.1579, 1.772526, 1.360018, 6.958117
 
10.53015, -0.000721206, -0.007479338, 43.83122, 0, 0.0007746917482414977040255262, 62590.76, -765.6469, -1.584829, 0.01663505, 0.1455349, 423.7467, 1.772667, 1.360018, 6.958117
 
10.54015, -0.0006525778, -0.00748655, 43.77212, 0, 0.0007748719540956401197735909, 62441.38, -765.701, -1.584829, 0.01663505, 0.1455349, 423.3362, 1.772807, 1.360018, 6.958117
 
10.55015, -0.000662785, -0.007493076, 43.71313, 0, 0.0007762610426884738229584033, 62292.46, -765.7549, -1.584829, 0.01663505, 0.1455349, 422.9263, 1.772948, 1.360018, 6.958117
 
10.56015, -0.0006413847, -0.007499704, 43.65425, 0, 0.0007771470891718792317152007, 62143.99, -765.8088, -1.584829, 0.01663505, 0.1455349, 422.517, 1.773088, 1.360018, 6.958117
 
10.57015, -0.0006795099, -0.007506118, 43.59552, 0, 0.0007789824978929792323126274, 61995.96, -765.8631, -1.584829, 0.01663505, 0.1455349, 422.1083, 1.773229, 1.360018, 6.958117
 
10.58015, -0.0007115899, -0.007512913, 43.53685, 0, 0.0007807614744488137788634160, 61848.37, -765.9166, -1.584829, 0.01663505, 0.1455349, 421.7003, 1.773369, 1.360018, 6.958117
 
10.59015, -0.0007242888, -0.007520028, 43.47831, 0, 0.0007822593313653819107810727, 61701.24, -765.97, -1.584829, 0.01663505, 0.1455349, 421.2929, 1.773509, 1.360018, 6.958117
 
10.60015, -0.0007801017, -0.007527271, 43.41988, 0, 0.0007844797156065686800923548, 61554.54, -766.0233, -1.584829, 0.01663505, 0.1455349, 420.8862, 1.773649, 1.360018, 6.958117
 
10.61015, -0.0008127721, -0.007535073, 43.36156, 0, 0.0007863815482581209009662001, 61408.3, -766.0764, -1.584829, 0.01663505, 0.1455349, 420.48, 1.773789, 1.360018, 6.958117
 
10.62015, -0.0009185306, -0.0075432, 43.30337, 0, 0.0007895257764564426407336378, 61262.5, -766.1295, -1.584829, 0.01663505, 0.1455349, 420.0745, 1.773929, 1.360018, 6.958117
 
10.63015, -0.0009978639, -0.007552385, 43.24527, 0, 0.0007923503205520657083364893, 61117.12, -766.1823, -1.584829, 0.01663505, 0.1455349, 419.6697, 1.774069, 1.360018, 6.958117
 
10.64015, -0.001025232, -0.007562364, 43.18727, 0, 0.0007944022823683541055427444, 60972.18, -766.2349, -1.584829, 0.01663505, 0.1455349, 419.2654, 1.774209, 1.360018, 6.958117
 
10.65015, -0.001006219, -0.007572616, 43.12942, 0, 0.0007957149968275032856382916, 60827.78, -766.2872, -1.584829, 0.01663505, 0.1455349, 418.8621, 1.774349, 1.360018, 6.958117
 
10.66015, -0.0008583423, -0.007582678, 43.07166, 0, 0.0007948657141635602704746521, 60683.71, -766.3395, -1.584829, 0.01663505, 0.1455349, 418.4591, 1.774489, 1.360018, 6.958117
 
10.67015, -0.0008752214, -0.007591262, 43.01403, 0, 0.0007966010674883707031427288, 60540.17, -766.3918, -1.584829, 0.01663505, 0.1455349, 418.057, 1.774628, 1.360018, 6.958117
 
10.68015, -0.0007745765, -0.007600014, 42.95649, 0, 0.0007963940154265978232050820, 60396.98, -766.4438, -1.584829, 0.01663505, 0.1455349, 417.6553, 1.774768, 1.360018, 6.958117
 
10.69015, -0.0007752187, -0.00760776, 42.89907, 0, 0.0007977721908220667431875926, 60254.23, -766.4959, -1.584829, 0.01663505, 0.1455349, 417.2542, 1.774908, 1.360018, 6.958117
 
10.70015, -0.0007561508, -0.007615512, 42.84174, 0, 0.0007988217613392388469172198, 60111.9, -766.5476, -1.584829, 0.01663505, 0.1455349, 416.8537, 1.775048, 1.360018, 6.958117
 
10.71015, -0.0007555624, -0.007623074, 42.78454, 0, 0.0008001620136329515755402062, 59970.02, -766.5994, -1.584829, 0.01663505, 0.1455349, 416.4539, 1.775187, 1.360018, 6.958117
 
10.72015, -0.0007374416, -0.007630629, 42.72745, 0, 0.0008012073401504894746749627, 59828.53, -766.6513, -1.584829, 0.01663505, 0.1455349, 416.0547, 1.775327, 1.360018, 6.958117
 
10.73015, -0.0007757736, -0.007638004, 42.67046, 0, 0.0008031863937228744741231723, 59687.48, -766.7027, -1.584829, 0.01663505, 0.1455349, 415.6561, 1.775466, 1.360018, 6.958117
 
10.74015, -0.0007783259, -0.007645762, 42.61359, 0, 0.0008046035704307643662198467, 59546.89, -766.7539, -1.584829, 0.01663505, 0.1455349, 415.2581, 1.775606, 1.360018, 6.958117
 
10.75015, -0.0007382131, -0.007653545, 42.5568, 0, 0.0008053022220271461167674131, 59406.68, -766.8049, -1.584829, 0.01663505, 0.1455349, 414.8608, 1.775745, 1.360018, 6.958117
 
10.76015, -0.0007554641, -0.007660927, 42.50014, 0, 0.0008069309123356244722728585, 59266.91, -766.8559, -1.584829, 0.01663505, 0.1455349, 414.4641, 1.775885, 1.360018, 6.958117
 
10.77015, -0.0007381708, -0.007668481, 42.44359, 0, 0.0008079922406983608380230037, 59127.59, -766.9066, -1.584829, 0.01663505, 0.1455349, 414.068, 1.776024, 1.360018, 6.958117
 
10.78015, -0.0007041583, -0.007675863, 42.38714, 0, 0.0008087509223255097189237663, 58988.66, -766.9572, -1.584829, 0.01663505, 0.1455349, 413.6726, 1.776163, 1.360018, 6.958117
 
10.79015, -0.0007018816, -0.007682905, 42.33082, 0, 0.0008100144765233223305027623, 58850.16, -767.0079, -1.584829, 0.01663505, 0.1455349, 413.2778, 1.776303, 1.360018, 6.958117
 
10.80015, -0.0006818488, -0.007689924, 42.27459, 0, 0.0008109728625074898490132114, 58712.08, -767.0582, -1.584829, 0.01663505, 0.1455349, 412.8836, 1.776442, 1.360018, 6.958117
 
10.81015, -0.0007035402, -0.007696742, 42.21846, 0, 0.0008126249397956669510961618, 58574.41, -767.1084, -1.584829, 0.01663505, 0.1455349, 412.49, 1.776581, 1.360018, 6.958117
 
10.82015, -0.0006634303, -0.007703777, 42.16246, 0, 0.0008132408231634212253334882, 58437.17, -767.1584, -1.584829, 0.01663505, 0.1455349, 412.0971, 1.77672, 1.360018, 6.958117
 
10.83015, -0.0006100641, -0.007710412, 42.10655, 0, 0.0008135844998355638991038237, 58300.34, -767.2083, -1.584829, 0.01663505, 0.1455349, 411.7048, 1.776859, 1.360018, 6.958117
 
10.84015, -0.0005977515, -0.007716512, 42.05075, 0, 0.0008145780553100012203904776, 58163.92, -767.258, -1.584829, 0.01663505, 0.1455349, 411.3131, 1.776998, 1.360018, 6.958117
 
10.85015, -0.0005569599, -0.00772249, 41.99507, 0, 0.0008150662830027951918525157, 58027.91, -767.3078, -1.584829, 0.01663505, 0.1455349, 410.922, 1.777137, 1.360018, 6.958117
 
10.86015, -0.0005448749, -0.00772806, 41.93946, 0, 0.0008160077242192736464653727, 57892.24, -767.3572, -1.584829, 0.01663505, 0.1455349, 410.5313, 1.777276, 1.360018, 6.958117
 
10.87015, -0.0006130529, -0.007733508, 41.88396, 0, 0.0008183290659916264051653757, 57756.98, -767.4065, -1.584829, 0.01663505, 0.1455349, 410.1412, 1.777415, 1.360018, 6.958117
 
10.88015, -0.0007162482, -0.007739639, 41.82855, 0, 0.0008213360189404447921871542, 57622.12, -767.4555, -1.584829, 0.01663505, 0.1455349, 409.7517, 1.777554, 1.360018, 6.958117
 
10.89015, -0.0007703856, -0.007746801, 41.77326, 0, 0.0008236041389885460206729845, 57487.67, -767.5046, -1.584829, 0.01663505, 0.1455349, 409.3629, 1.777693, 1.360018, 6.958117
 
10.90015, -0.0008578264, -0.007754505, 41.71809, 0, 0.0008265152436790227924338035, 57353.63, -767.5535, -1.584829, 0.01663505, 0.1455349, 408.9747, 1.777831, 1.360018, 6.958117
 
10.91015, -0.00089715, -0.007763084, 41.66301, 0, 0.0008286829469510519590301528, 57220, -767.6021, -1.584829, 0.01663505, 0.1455349, 408.5871, 1.77797, 1.360018, 6.958117
 
10.92015, -0.0009001822, -0.007772055, 41.60805, 0, 0.0008302597186220127537616733, 57086.78, -767.6509, -1.584829, 0.01663505, 0.1455349, 408.2001, 1.778109, 1.360018, 6.958117
 
10.93015, -0.0009413986, -0.007781057, 41.55318, 0, 0.0008325119245500224147598947, 56953.95, -767.6993, -1.584829, 0.01663505, 0.1455349, 407.8138, 1.778247, 1.360018, 6.958117
 
10.94016, -0.0009505579, -0.00779047, 41.4984, 0, 0.0008342478182245929302371821, 56821.46, -767.7475, -1.584829, 0.01663505, 0.1455349, 407.4278, 1.778386, 1.360018, 6.958117
 
10.95016, -0.001009257, -0.007799976, 41.44371, 0, 0.0008368681555769871389642387, 56689.36, -767.7955, -1.584829, 0.01663505, 0.1455349, 407.0424, 1.778525, 1.360018, 6.958117
 
10.96016, -0.001030458, -0.007810069, 41.38914, 0, 0.0008388936946531845426939938, 56557.66, -767.8435, -1.584829, 0.01663505, 0.1455349, 406.6576, 1.778663, 1.360018, 6.958117
 
10.97016, -0.001007795, -0.007820373, 41.33466, 0, 0.0008401674565552809773301042, 56426.35, -767.8913, -1.584829, 0.01663505, 0.1455349, 406.2735, 1.778802, 1.360018, 6.958117
 
10.98016, -0.001037436, -0.007830451, 41.2803, 0, 0.0008423452031686693907145657, 56295.46, -767.9388, -1.584829, 0.01663505, 0.1455349, 405.89, 1.77894, 1.360018, 6.958117
 
10.99016, -0.00097864, -0.007840825, 41.22604, 0, 0.0008429852733085557240069662, 56164.96, -767.9863, -1.584829, 0.01663505, 0.1455349, 405.5071, 1.779079, 1.360018, 6.958117
 
11.00016, -0.0009180288, -0.007850612, 41.17186, 0, 0.0008435289654836932216133147, 56034.78, -768.0336, -1.584829, 0.01663505, 0.1455349, 405.1246, 1.779218, 1.360018, 6.958117
 
11.01016, -0.0009395038, -0.007859792, 41.11778, 0, 0.0008454705191476177905867718, 55904.98, -768.0809, -1.584829, 0.01663505, 0.1455349, 404.7427, 1.779356, 1.360018, 6.958117
 
11.02016, -0.0009280669, -0.007869187, 41.06382, 0, 0.0008468490923709096853470895, 55775.6, -768.1281, -1.584829, 0.01663505, 0.1455349, 404.3614, 1.779495, 1.360018, 6.958117
 
11.03016, -0.0008572622, -0.007878467, 41.00993, 0, 0.0008471520506427942872257038, 55646.58, -768.1747, -1.584829, 0.01663505, 0.1455349, 403.9807, 1.779633, 1.360018, 6.958117
 
11.04016, -0.0008037239, -0.00788704, 40.95617, 0, 0.0008476863321046856972455707, 55517.98, -768.2214, -1.584829, 0.01663505, 0.1455349, 403.6007, 1.779772, 1.360018, 6.958117
 
11.05016, -0.0007194903, -0.007895078, 40.90253, 0, 0.0008476093814665683230714450, 55389.77, -768.2681, -1.584829, 0.01663505, 0.1455349, 403.2213, 1.77991, 1.360018, 6.958117
 
11.06016, -0.0005824874, -0.007902272, 40.84893, 0, 0.0008464876417681681936858686, 55261.86, -768.3144, -1.584829, 0.01663505, 0.1455349, 402.8422, 1.780049, 1.360018, 6.958117
 
11.07016, -0.0005890404, -0.007908097, 40.79546, 0, 0.0008478039756223798962329168, 55134.34, -768.3607, -1.584829, 0.01663505, 0.1455349, 402.4637, 1.780187, 1.360018, 6.958117
 
11.08016, -0.0005350763, -0.007913987, 40.74208, 0, 0.0008480335709816800887507153, 55007.21, -768.4066, -1.584829, 0.01663505, 0.1455349, 402.0858, 1.780326, 1.360018, 6.958117
 
11.09016, -0.0005358127, -0.007919338, 40.6888, 0, 0.0008491944795233764880504416, 54880.47, -768.4526, -1.584829, 0.01663505, 0.1455349, 401.7086, 1.780464, 1.360018, 6.958117
 
11.10016, -0.0004785778, -0.007924695, 40.63557, 0, 0.0008493040455056473937025597, 54754.02, -768.4979, -1.584829, 0.01663505, 0.1455349, 401.3318, 1.780602, 1.360018, 6.958117
 
11.11016, -0.0005828913, -0.007929482, 40.58249, 0, 0.0008522900576053308275829446, 54627.98, -768.5436, -1.584829, 0.01663505, 0.1455349, 400.9555, 1.780741, 1.360018, 6.958117
 
11.12016, -0.0006536772, -0.007935311, 40.52949, 0, 0.0008547835607552733152793401, 54502.3, -768.5891, -1.584829, 0.01663505, 0.1455349, 400.5799, 1.780879, 1.360018, 6.958117
 
11.13016, -0.0007142715, -0.007941848, 40.4766, 0, 0.0008571711473553635486557009, 54377.01, -768.6343, -1.584829, 0.01663505, 0.1455349, 400.2048, 1.781017, 1.360018, 6.958117
 
11.14016, -0.0006980095, -0.00794899, 40.42382, 0, 0.0008582214349906480872834846, 54252.12, -768.6795, -1.584829, 0.01663505, 0.1455349, 399.8304, 1.781155, 1.360018, 6.958117
 
11.15016, -0.0006811033, -0.00795597, 40.3711, 0, 0.0008592427785178170421187008, 54127.52, -768.7244, -1.584829, 0.01663505, 0.1455349, 399.4564, 1.781294, 1.360018, 6.958117
 
11.16016, -0.0007421228, -0.007962781, 40.3185, 0, 0.0008616782063296162488103247, 54003.3, -768.7693, -1.584829, 0.01663505, 0.1455349, 399.0829, 1.781432, 1.360018, 6.958117
 
11.17016, -0.0008624677, -0.007970202, 40.26598, 0, 0.0008652761698555504215006564, 53879.44, -768.814, -1.584829, 0.01663505, 0.1455349, 398.7101, 1.78157, 1.360018, 6.958117
 
11.18016, -0.0008742374, -0.007978827, 40.21358, 0, 0.0008670087352398123453072109, 53755.99, -768.8583, -1.584829, 0.01663505, 0.1455349, 398.338, 1.781708, 1.360018, 6.958117
 
11.19016, -0.0008554736, -0.007987569, 40.16124, 0, 0.0008681914571521963952768688, 53632.83, -768.9026, -1.584829, 0.01663505, 0.1455349, 397.9661, 1.781846, 1.360018, 6.958117
 
11.20016, -0.0009808138, -0.007996124, 40.109, 0, 0.0008720235083120761565383292, 53510.03, -768.9468, -1.584829, 0.01663505, 0.1455349, 397.5949, 1.781985, 1.360018, 6.958117
 
11.21016, -0.001030155, -0.008005932, 40.05687, 0, 0.0008745889196043675385458540, 53387.62, -768.9907, -1.584829, 0.01663505, 0.1455349, 397.2243, 1.782123, 1.360018, 6.958117
 
11.22016, -0.001026917, -0.008016233, 40.00482, 0, 0.0008762346473402064832958497, 53265.5, -769.0345, -1.584829, 0.01663505, 0.1455349, 396.854, 1.782261, 1.360018, 6.958117
 
11.23016, -0.00110258, -0.008026502, 39.95287, 0, 0.0008793477335334048264150026, 53143.76, -769.0783, -1.584829, 0.01663505, 0.1455349, 396.4843, 1.782399, 1.360018, 6.958117
 
11.24016, -0.001113664, -0.008037528, 39.90102, 0, 0.0008813431740230732591212226, 53022.38, -769.1219, -1.584829, 0.01663505, 0.1455349, 396.1153, 1.782537, 1.360018, 6.958117
 
11.25016, -0.00103836, -0.008048665, 39.8492, 0, 0.0008817362984909409389168874, 52901.29, -769.1647, -1.584829, 0.01663505, 0.1455349, 395.7466, 1.782676, 1.360018, 6.958117
 
11.26016, -0.001058871, -0.008059048, 39.79752, 0, 0.0008838413662784468356134904, 52780.59, -769.2078, -1.584829, 0.01663505, 0.1455349, 395.3785, 1.782814, 1.360018, 6.958117
 
11.27016, -0.001060385, -0.008069637, 39.74594, 0, 0.0008856138725937365445325642, 52660.23, -769.251, -1.584829, 0.01663505, 0.1455349, 395.011, 1.782952, 1.360018, 6.958117
 
11.28016, -0.001016908, -0.008080241, 39.69443, 0, 0.0008865425240375542134134001, 52540.26, -769.2933, -1.584829, 0.01663505, 0.1455349, 394.6442, 1.78309, 1.360018, 6.958117
 
11.29016, -0.000903154, -0.00809041, 39.64304, 0, 0.0008860982915523571607051708, 52420.59, -769.3361, -1.584829, 0.01663505, 0.1455349, 394.2777, 1.783228, 1.360018, 6.958117
 
11.30016, -0.0008592813, -0.008099442, 39.59172, 0, 0.0008868441523101205234000372, 52301.26, -769.3785, -1.584829, 0.01663505, 0.1455349, 393.9118, 1.783367, 1.360018, 6.958117
 
11.31016, -0.0007603952, -0.008108035, 39.5405, 0, 0.0008864997746508956709273611, 52182.3, -769.4208, -1.584829, 0.01663505, 0.1455349, 393.5466, 1.783505, 1.360018, 6.958117
 
11.32016, -0.0007000677, -0.008115639, 39.48936, 0, 0.0008867744441949782306472390, 52063.64, -769.4628, -1.584829, 0.01663505, 0.1455349, 393.1816, 1.783643, 1.360018, 6.958117
 
11.33016, -0.0006701284, -0.00812264, 39.43077, 0, 0.0008875923891800021359373320, 51945.34, -769.3573, -1.584829, 0.01663505, 0.1455349, 392.8173, 1.783685, 1.360018, 6.958117
 
11.34016, -0.0006044504, -0.008129341, 39.36841, 0, 0.0008877132545269388650449077, 51827.39, -769.176, -1.584829, 0.01663505, 0.1455349, 392.4536, 1.783677, 1.360018, 6.958117
 
11.35016, -0.0005264144, -0.008135385, 39.30617, 0, 0.0008875236458818387192438055, 51709.73, -768.9946, -1.584829, 0.01663505, 0.1455349, 392.0903, 1.783669, 1.360018, 6.958117
 
11.36016, -0.0004878944, -0.008140649, 39.24404, 0, 0.0008879990740681689281577033, 51592.45, -768.8125, -1.584829, 0.01663505, 0.1455349, 391.7275, 1.783661, 1.360018, 6.958117
 
11.37016, -0.0004732297, -0.008145528, 39.18198, 0, 0.0008888881015389232516781708, 51475.43, -768.63, -1.584829, 0.01663505, 0.1455349, 391.3651, 1.783653, 1.360018, 6.958117
 
11.38017, -0.0006108424, -0.00815026, 39.12008, 0, 0.0008926884596230511694143943, 51358.78, -768.4476, -1.584829, 0.01663505, 0.1455349, 391.0033, 1.783645, 1.360018, 6.958117
 
11.39017, -0.0006449711, -0.008156369, 39.05828, 0, 0.0008946557781017725096421123, 51242.48, -768.2646, -1.584829, 0.01663505, 0.1455349, 390.6422, 1.783636, 1.360018, 6.958117
 
11.40017, -0.0006854901, -0.008162818, 38.99659, 0, 0.0008967877576807367533546636, 51126.46, -768.0817, -1.584829, 0.01663505, 0.1455349, 390.2813, 1.783628, 1.360018, 6.958117
 
11.41017, -0.0007854853, -0.008169672, 38.93499, 0, 0.0009001185744198185464984557, 51010.8, -767.8978, -1.584829, 0.01663505, 0.1455349, 389.9211, 1.783619, 1.360018, 6.958117
 
11.42017, -0.0008199151, -0.008177527, 38.87354, 0, 0.0009022953318965096448015099, 50895.5, -767.7141, -1.584829, 0.01663505, 0.1455349, 389.5615, 1.783611, 1.360018, 6.958117
 
11.43017, -0.0008478017, -0.008185727, 38.81217, 0, 0.0009043868727641027426221280, 50780.47, -767.53, -1.584829, 0.01663505, 0.1455349, 389.2022, 1.783602, 1.360018, 6.958117
 
11.44017, -0.000935578, -0.008194204, 38.75092, 0, 0.0009076789021186540572438415, 50665.8, -767.3454, -1.584829, 0.01663505, 0.1455349, 388.8436, 1.783593, 1.360018, 6.958117
 
11.45017, -0.0009586425, -0.00820356, 38.68982, 0, 0.0009098112810556342864979080, 50551.48, -767.1609, -1.584829, 0.01663505, 0.1455349, 388.4856, 1.783585, 1.360018, 6.958117
 
11.46017, -0.0009232005, -0.008213147, 38.62879, 0, 0.0009108262624965469138647207, 50437.44, -766.9759, -1.584829, 0.01663505, 0.1455349, 388.1279, 1.783576, 1.360018, 6.958117
 
11.47017, -0.001003336, -0.008222379, 38.56787, 0, 0.0009140688129170912152288938, 50323.74, -766.7903, -1.584829, 0.01663505, 0.1455349, 387.7708, 1.783567, 1.360018, 6.958117
 
11.48017, -0.0009820006, -0.008232412, 38.50705, 0, 0.0009154113744116096220699946, 50210.31, -766.6047, -1.584829, 0.01663505, 0.1455349, 387.414, 1.783559, 1.360018, 6.958117
 
11.49017, -0.001037719, -0.008242232, 38.44633, 0, 0.0009182489821873183202560751, 50097.25, -766.4183, -1.584829, 0.01663505, 0.1455349, 387.0579, 1.78355, 1.360018, 6.958117
 
11.50017, -0.001003768, -0.008252609, 38.38572, 0, 0.0009193822143363217459018674, 49984.43, -766.2319, -1.584829, 0.01663505, 0.1455349, 386.7021, 1.783541, 1.360018, 6.958117
 
11.51017, -0.001035051, -0.008262646, 38.32521, 0, 0.0009217680314385083705019203, 49871.99, -766.0447, -1.584829, 0.01663505, 0.1455349, 386.3469, 1.783532, 1.360018, 6.958117
 
11.52017, -0.001017822, -0.008272997, 38.26485, 0, 0.0009232289397241335401827836, 49759.88, -765.858, -1.584829, 0.01663505, 0.1455349, 385.9924, 1.783523, 1.360018, 6.958117
 
11.53017, -0.0009962263, -0.008283176, 38.20456, 0, 0.0009245849672980966571033307, 49648.05, -765.6704, -1.584829, 0.01663505, 0.1455349, 385.6382, 1.783514, 1.360018, 6.958117
 
11.54017, -0.0009995227, -0.008293138, 38.14439, 0, 0.0009264119849373857316851479, 49536.55, -765.4825, -1.584829, 0.01663505, 0.1455349, 385.2845, 1.783505, 1.360018, 6.958117
 
11.55017, -0.0009312896, -0.008303133, 38.08432, 0, 0.0009268155353671510071969519, 49425.33, -765.2944, -1.584829, 0.01663505, 0.1455349, 384.9312, 1.783496, 1.360018, 6.958117
 
11.56017, -0.0009274631, -0.008312446, 38.02433, 0, 0.0009284288105731157024501762, 49314.45, -765.1055, -1.584829, 0.01663505, 0.1455349, 384.5786, 1.783486, 1.360018, 6.958117
 
11.57017, -0.000867356, -0.008321721, 37.96445, 0, 0.0009289095774819210086869085, 49203.84, -764.9163, -1.584829, 0.01663505, 0.1455349, 384.2263, 1.783477, 1.360018, 6.958117
 
11.58017, -0.0009316455, -0.008330395, 37.90469, 0, 0.0009318228391946578987702400, 49093.57, -764.727, -1.584829, 0.01663505, 0.1455349, 383.8745, 1.783468, 1.360018, 6.958117
 
11.59017, -0.0008869073, -0.008339711, 37.84502, 0, 0.0009326139648948606037561911, 48983.62, -764.5371, -1.584829, 0.01663505, 0.1455349, 383.5234, 1.783458, 1.360018, 6.958117
 
11.60017, -0.0007883547, -0.00834858, 37.78547, 0, 0.0009322659511600491262266933, 48873.95, -764.3472, -1.584829, 0.01663505, 0.1455349, 383.1727, 1.783449, 1.360018, 6.958117
 
11.61017, -0.0007676088, -0.008356463, 37.72603, 0, 0.0009333776077749901289642744, 48764.64, -764.1566, -1.584829, 0.01663505, 0.1455349, 382.8225, 1.78344, 1.360018, 6.958117
 
11.62017, -0.0007274516, -0.008364139, 37.66667, 0, 0.0009340721676982772036627321, 48655.57, -763.9658, -1.584829, 0.01663505, 0.1455349, 382.4727, 1.78343, 1.360018, 6.958117
 
11.63017, -0.0007250317, -0.008371414, 37.6074, 0, 0.0009354867999311964911587458, 48546.83, -763.7742, -1.584829, 0.01663505, 0.1455349, 382.1235, 1.78342, 1.360018, 6.958117
 
11.64017, -0.0006399329, -0.008378664, 37.54825, 0, 0.0009352136492427255962588536, 48438.37, -763.5825, -1.584829, 0.01663505, 0.1455349, 381.7746, 1.783411, 1.360018, 6.958117
 
11.65017, -0.0007077305, -0.008385063, 37.48919, 0, 0.0009379647534233096546749872, 48330.25, -763.3901, -1.584829, 0.01663505, 0.1455349, 381.4264, 1.783401, 1.360018, 6.958117
 
11.66017, -0.0006890004, -0.00839214, 37.43021, 0, 0.0009390251923304727116787577, 48222.36, -763.1975, -1.584829, 0.01663505, 0.1455349, 381.0784, 1.783391, 1.360018, 6.958117
 
11.67017, -0.0007536453, -0.00839903, 37.37133, 0, 0.0009417758317896085717206598, 48114.82, -763.004, -1.584829, 0.01663505, 0.1455349, 380.7311, 1.783381, 1.360018, 6.958117
 
11.68017, -0.0007729428, -0.008406566, 37.31257, 0, 0.0009436718998000628664853976, 48007.54, -762.8109, -1.584829, 0.01663505, 0.1455349, 380.3841, 1.78337, 1.360018, 6.958117
 
11.69017, -0.0008238251, -0.008414296, 37.25391, 0, 0.0009462427057772585729404787, 47900.61, -762.6168, -1.584829, 0.01663505, 0.1455349, 380.0378, 1.78336, 1.360018, 6.958117
 
11.70017, -0.0008529531, -0.008422534, 37.19533, 0, 0.0009484260765042411446789460, 47793.92, -762.4224, -1.584829, 0.01663505, 0.1455349, 379.6917, 1.78335, 1.360018, 6.958117
 
11.71017, -0.0009392784, -0.008431064, 37.13685, 0, 0.0009518304300602821233081940, 47687.55, -762.2277, -1.584829, 0.01663505, 0.1455349, 379.3463, 1.78334, 1.360018, 6.958117
 
11.72017, -0.0009026217, -0.008440456, 37.07846, 0, 0.0009527848732801421697515812, 47581.45, -762.0323, -1.584829, 0.01663505, 0.1455349, 379.0012, 1.783329, 1.360018, 6.958117
 
11.73017, -0.0009993314, -0.008449483, 37.02017, 0, 0.0009564727637191008676088810, 47475.68, -761.8364, -1.584829, 0.01663505, 0.1455349, 378.6567, 1.783318, 1.360018, 6.958117
 
11.74017, -0.001022831, -0.008459476, 36.96197, 0, 0.0009587506599128705743523608, 47370.15, -761.6403, -1.584829, 0.01663505, 0.1455349, 378.3126, 1.783308, 1.360018, 6.958117
 
11.75017, -0.001065334, -0.008469705, 36.90386, 0, 0.0009614549625827425300578076, 47264.95, -761.4434, -1.584829, 0.01663505, 0.1455349, 377.969, 1.783297, 1.360018, 6.958117
 
11.76017, -0.001002162, -0.008480358, 36.84584, 0, 0.0009619969639228885619225730, 47160.01, -761.246, -1.584829, 0.01663505, 0.1455349, 377.6258, 1.783286, 1.360018, 6.958117
 
11.77017, -0.001012701, -0.00849038, 36.78793, 0, 0.0009640127072957903448017392, 47055.39, -761.0483, -1.584829, 0.01663505, 0.1455349, 377.2832, 1.783275, 1.360018, 6.958117
 
11.78017, -0.0009671366, -0.008500507, 36.7301, 0, 0.0009648612638057368053391985, 46951.03, -760.8501, -1.584829, 0.01663505, 0.1455349, 376.9409, 1.783265, 1.360018, 6.958117
 
11.79017, -0.0009804533, -0.008510179, 36.67239, 0, 0.0009668978320264769179816243, 46847, -760.6515, -1.584829, 0.01663505, 0.1455349, 376.5993, 1.783254, 1.360018, 6.958117
 
11.80017, -0.0009493474, -0.008519984, 36.61474, 0, 0.0009680130568865467554789043, 46743.21, -760.4524, -1.584829, 0.01663505, 0.1455349, 376.258, 1.783242, 1.360018, 6.958117
 
11.81017, -0.0009661033, -0.008529478, 36.55721, 0, 0.0009701052186942499037123820, 46639.75, -760.2526, -1.584829, 0.01663505, 0.1455349, 375.9173, 1.783231, 1.360018, 6.958117
 
11.82018, -0.0008888501, -0.008539138, 36.49974, 0, 0.0009702224694142733750863372, 46536.52, -760.0526, -1.584829, 0.01663505, 0.1455349, 375.5769, 1.78322, 1.360018, 6.958117
 
11.83018, -0.0008618782, -0.008548027, 36.44239, 0, 0.0009713171083606255248368246, 46433.63, -759.8519, -1.584829, 0.01663505, 0.1455349, 375.2372, 1.783209, 1.360018, 6.958117
 
11.84018, -0.0008167419, -0.008556645, 36.38509, 0, 0.0009719921332030496021424338, 46330.98, -759.6501, -1.584829, 0.01663505, 0.1455349, 374.8977, 1.783197, 1.360018, 6.958117
 
11.85018, -0.0008198632, -0.008564813, 36.32792, 0, 0.0009736458109120887422430710, 46228.65, -759.4483, -1.584829, 0.01663505, 0.1455349, 374.5589, 1.783185, 1.360018, 6.958117
 
11.86018, -0.0007301312, -0.008573011, 36.27084, 0, 0.0009733144738053680312428951, 46126.57, -759.2465, -1.584829, 0.01663505, 0.1455349, 374.2204, 1.783174, 1.360018, 6.958117
 
11.87018, -0.0007496056, -0.008580313, 36.21382, 0, 0.0009752208651084898456282280, 46024.73, -759.0438, -1.584829, 0.01663505, 0.1455349, 373.8823, 1.783162, 1.360018, 6.958117
 
11.88018, -0.0007902083, -0.008587809, 36.15687, 0, 0.0009776058035165295385050434, 45923.2, -758.8398, -1.584829, 0.01663505, 0.1455349, 373.5447, 1.78315, 1.360018, 6.958117
 
11.89018, -0.0007502161, -0.008595712, 36.10003, 0, 0.0009783025251828952944919492, 45821.92, -758.6359, -1.584829, 0.01663505, 0.1455349, 373.2075, 1.783138, 1.360018, 6.958117
 
11.90018, -0.0008020185, -0.008603213, 36.04328, 0, 0.0009809360638298474991623820, 45720.96, -758.4312, -1.584829, 0.01663505, 0.1455349, 372.8708, 1.783126, 1.360018, 6.958117
 
11.91018, -0.0007611213, -0.008611234, 35.9866, 0, 0.0009816242220637739211058964, 45620.24, -758.2259, -1.584829, 0.01663505, 0.1455349, 372.5346, 1.783113, 1.360018, 6.958117
 
11.92018, -0.0007653426, -0.008618845, 35.93004, 0, 0.0009832430189637871715828964, 45519.84, -758.0204, -1.584829, 0.01663505, 0.1455349, 372.1989, 1.783101, 1.360018, 6.958117
 
11.93018, -0.0007861652, -0.008626498, 35.87351, 0, 0.0009852291654415070287449709, 45419.66, -757.8136, -1.584829, 0.01663505, 0.1455349, 371.8636, 1.783088, 1.360018, 6.958117
 
11.94018, -0.0008137795, -0.00863436, 35.81712, 0, 0.0009873896860229537990286648, 45319.82, -757.6068, -1.584829, 0.01663505, 0.1455349, 371.5289, 1.783075, 1.360018, 6.958117
 
11.95018, -0.0007966384, -0.008642497, 35.76079, 0, 0.0009886056327240525911718221, 45220.21, -757.3991, -1.584829, 0.01663505, 0.1455349, 371.1945, 1.783063, 1.360018, 6.958117
 
11.96018, -0.0008687371, -0.008650464, 35.70457, 0, 0.0009917572321534919170694722, 45120.92, -757.191, -1.584829, 0.01663505, 0.1455349, 370.8607, 1.78305, 1.360018, 6.958117
 
11.97018, -0.0008821093, -0.008659151, 35.64841, 0, 0.0009937082116907214275481818, 45021.86, -756.9822, -1.584829, 0.01663505, 0.1455349, 370.5273, 1.783036, 1.360018, 6.958117
 
11.98018, -0.0009279718, -0.008667973, 35.59235, 0, 0.0009963906510830651873510088, 44923.11, -756.7727, -1.584829, 0.01663505, 0.1455349, 370.1944, 1.783023, 1.360018, 6.958117
 
11.99018, -0.000905171, -0.008677253, 35.53635, 0, 0.0009976158852760868413055555, 44824.6, -756.5625, -1.584829, 0.01663505, 0.1455349, 369.8619, 1.78301, 1.360018, 6.958117
 
12.00018, -0.0009825915, -0.008686304, 35.48047, 0, 0.0010010296717566912941033357, 44726.39, -756.3521, -1.584829, 0.01663505, 0.1455349, 369.5301, 1.782996, 1.360018, 6.958117
 
12.01018, -0.000978281, -0.00869613, 35.42464, 0, 0.0010027284843133054390142506, 44628.43, -756.1406, -1.584829, 0.01663505, 0.1455349, 369.1985, 1.782982, 1.360018, 6.958117
 
12.02018, -0.001018582, -0.008705912, 35.3689, 0, 0.0010054128026140781811367818, 44530.77, -755.9282, -1.584829, 0.01663505, 0.1455349, 368.8676, 1.782969, 1.360018, 6.958117
 
12.03018, -0.0009679649, -0.008716098, 35.31325, 0, 0.0010061245477314422875406725, 44433.35, -755.7158, -1.584829, 0.01663505, 0.1455349, 368.537, 1.782955, 1.360018, 6.958117
 
12.04018, -0.0009733672, -0.008725777, 35.25769, 0, 0.0010080237125085206638924520, 44336.24, -755.5024, -1.584829, 0.01663505, 0.1455349, 368.207, 1.782941, 1.360018, 6.958117
 
12.05018, -0.0009687439, -0.008735511, 35.20219, 0, 0.0010097073383322364324443042, 44239.34, -755.2885, -1.584829, 0.01663505, 0.1455349, 367.8773, 1.782926, 1.360018, 6.958117
 
12.06018, -0.0009833309, -0.008745198, 35.14679, 0, 0.0010118159995148826352467870, 44142.77, -755.0735, -1.584829, 0.01663505, 0.1455349, 367.5482, 1.782912, 1.360018, 6.958117
 
12.07018, -0.0009451447, -0.008755031, 35.09145, 0, 0.0010127584424593774556102098, 44046.41, -754.8582, -1.584829, 0.01663505, 0.1455349, 367.2195, 1.782897, 1.360018, 6.958117
 
12.08018, -0.0009505315, -0.008764482, 35.03623, 0, 0.0010146351496934320773590896, 43950.38, -754.6422, -1.584829, 0.01663505, 0.1455349, 366.8914, 1.782883, 1.360018, 6.958117
 
12.09018, -0.0008651398, -0.008773987, 34.98105, 0, 0.0010144715020085695869234294, 43854.57, -754.4253, -1.584829, 0.01663505, 0.1455349, 366.5637, 1.782868, 1.360018, 6.958117
 
12.10018, -0.0008970985, -0.008782638, 34.92596, 0, 0.0010168561403375596918556052, 43759.05, -754.2076, -1.584829, 0.01663505, 0.1455349, 366.2365, 1.782853, 1.360018, 6.958117
 
12.11018, -0.0008369816, -0.00879161, 34.87095, 0, 0.0010171947326565325228150277, 43663.77, -753.9893, -1.584829, 0.01663505, 0.1455349, 365.9097, 1.782838, 1.360018, 6.958117
 
12.12018, -0.0008236069, -0.008799979, 34.81598, 0, 0.0010185212060556769557956082, 43568.72, -753.77, -1.584829, 0.01663505, 0.1455349, 365.5832, 1.782822, 1.360018, 6.958117
 
12.13018, -0.0008320139, -0.008808215, 34.76112, 0, 0.0010203272979680460953299473, 43473.97, -753.5501, -1.584829, 0.01663505, 0.1455349, 365.2573, 1.782807, 1.360018, 6.958117
 
12.14018, -0.0008272074, -0.008816536, 34.70633, 0, 0.0010218437389760414106576384, 43379.44, -753.3297, -1.584829, 0.01663505, 0.1455349, 364.9317, 1.782791, 1.360018, 6.958117
 
12.15018, -0.0008548127, -0.008824808, 34.65159, 0, 0.0010240945416171731902736322, 43285.21, -753.1078, -1.584829, 0.01663505, 0.1455349, 364.6068, 1.782775, 1.360018, 6.958117
 
12.16018, -0.0008157617, -0.008833355, 34.59694, 0, 0.0010248537478580041876058756, 43191.21, -752.8856, -1.584829, 0.01663505, 0.1455349, 364.2821, 1.782759, 1.360018, 6.958117
 
12.17018, -0.0008541039, -0.008841513, 34.54239, 0, 0.0010273416885295010473927722, 43097.5, -752.6627, -1.584829, 0.01663505, 0.1455349, 363.9581, 1.782742, 1.360018, 6.958117
 
12.18018, -0.0008229737, -0.008850054, 34.48787, 0, 0.0010282786469256333517381220, 43004.04, -752.4384, -1.584829, 0.01663505, 0.1455349, 363.6345, 1.782726, 1.360018, 6.958117
 
12.19018, -0.0008141521, -0.008858284, 34.43343, 0, 0.0010296929354666675823559531, 42910.77, -752.2139, -1.584829, 0.01663505, 0.1455349, 363.3111, 1.782709, 1.360018, 6.958117
 
12.20018, -0.0009138748, -0.008866426, 34.37906, 0, 0.0010336053223463155837790060, 42817.81, -751.9881, -1.584829, 0.01663505, 0.1455349, 362.9884, 1.782692, 1.360018, 6.958117
 
12.21018, -0.0009078016, -0.008875565, 34.32476, 0, 0.0010351912510755023748274633, 42725.09, -751.7615, -1.584829, 0.01663505, 0.1455349, 362.666, 1.782675, 1.360018, 6.958117
 
12.22018, -0.0009692605, -0.008884642, 34.27052, 0, 0.0010383383657656280481918773, 42632.63, -751.5339, -1.584829, 0.01663505, 0.1455349, 362.3441, 1.782657, 1.360018, 6.958117
 
12.23018, -0.0009137801, -0.008894335, 34.21636, 0, 0.0010388415966848286742602327, 42540.42, -751.3055, -1.584829, 0.01663505, 0.1455349, 362.0227, 1.78264, 1.360018, 6.958117
 
12.24018, -0.0009486374, -0.008903473, 34.16228, 0, 0.0010413823123430087592636740, 42448.48, -751.0765, -1.584829, 0.01663505, 0.1455349, 361.7018, 1.782622, 1.360018, 6.958117
 
12.25019, -0.0009145392, -0.008912959, 34.10826, 0, 0.0010423562346053443994698280, 42356.78, -750.8464, -1.584829, 0.01663505, 0.1455349, 361.3813, 1.782604, 1.360018, 6.958117
 
12.26019, -0.0008915865, -0.008922105, 34.0543, 0, 0.0010435490640564414057428016, 42265.3, -750.6155, -1.584829, 0.01663505, 0.1455349, 361.0611, 1.782586, 1.360018, 6.958117
 
12.27019, -0.0009011946, -0.00893102, 34.00039, 0, 0.0010454773631570328938595991, 42174.09, -750.3831, -1.584829, 0.01663505, 0.1455349, 360.7415, 1.782567, 1.360018, 6.958117
 
12.28019, -0.0008567678, -0.008940033, 33.94656, 0, 0.0010461473020391970426591431, 42083.12, -750.1503, -1.584829, 0.01663505, 0.1455349, 360.4222, 1.782548, 1.360018, 6.958117
 
12.29019, -0.0008963848, -0.0089486, 33.89281, 0, 0.0010487437892576848346121832, 41992.43, -749.9163, -1.584829, 0.01663505, 0.1455349, 360.1036, 1.782529, 1.360018, 6.958117
 
12.30019, -0.0008585727, -0.008957564, 33.83911, 0, 0.0010495608974741963260985559, 41901.95, -749.6815, -1.584829, 0.01663505, 0.1455349, 359.7852, 1.78251, 1.360018, 6.958117
 
12.31019, -0.0008319702, -0.00896615, 33.78545, 0, 0.0010505969250358979720056086, 41811.7, -749.4453, -1.584829, 0.01663505, 0.1455349, 359.4673, 1.78249, 1.360018, 6.958117
 
12.32019, -0.0009229343, -0.008974469, 33.73186, 0, 0.0010543892711077233137390693, 41721.74, -749.2081, -1.584829, 0.01663505, 0.1455349, 359.1499, 1.78247, 1.360018, 6.958117
 
12.33019, -0.00089905, -0.008983699, 33.67833, 0, 0.0010555649897972084876196359, 41631.99, -748.97, -1.584829, 0.01663505, 0.1455349, 358.8328, 1.78245, 1.360018, 6.958117
 
12.34019, -0.0008963587, -0.008992689, 33.62486, 0, 0.0010572167561452919004214445, 41542.46, -748.7308, -1.584829, 0.01663505, 0.1455349, 358.5161, 1.78243, 1.360018, 6.958117
 
12.35019, -0.0009006124, -0.009001653, 33.57145, 0, 0.0010590301329390072227969102, 41453.2, -748.4906, -1.584829, 0.01663505, 0.1455349, 358.2, 1.782409, 1.360018, 6.958117
 
12.36019, -0.0009165746, -0.009010659, 33.51808, 0, 0.0010611300685014485046931060, 41364.16, -748.2492, -1.584829, 0.01663505, 0.1455349, 357.8842, 1.782388, 1.360018, 6.958117
 
12.37019, -0.0009383741, -0.009019825, 33.46476, 0, 0.0010633911353369613127051590, 41275.33, -748.0066, -1.584829, 0.01663505, 0.1455349, 357.5687, 1.782367, 1.360018, 6.958117
 
12.38019, -0.0009789091, -0.009029209, 33.41153, 0, 0.0010661305504582217178411608, 41186.79, -747.7631, -1.584829, 0.01663505, 0.1455349, 357.2538, 1.782346, 1.360018, 6.958117
 
12.39019, -0.0009642584, -0.009038998, 33.35833, 0, 0.0010675909855256880258975780, 41098.47, -747.5183, -1.584829, 0.01663505, 0.1455349, 356.9393, 1.782324, 1.360018, 6.958117
 
12.40019, -0.0009462336, -0.009048641, 33.30518, 0, 0.0010689521277886888933956837, 41010.36, -747.2723, -1.584829, 0.01663505, 0.1455349, 356.6251, 1.782302, 1.360018, 6.958117
 
12.41019, -0.001024074, -0.009058103, 33.25208, 0, 0.0010726112138389863170948124, 40922.52, -747.0249, -1.584829, 0.01663505, 0.1455349, 356.3115, 1.782279, 1.360018, 6.958117
 
12.42019, -0.001008024, -0.009068344, 33.19904, 0, 0.0010740922963770631086838911, 40834.9, -746.7766, -1.584829, 0.01663505, 0.1455349, 355.9982, 1.782257, 1.360018, 6.958117
 
12.43019, -0.001004063, -0.009078424, 33.14605, 0, 0.0010758466270375693599443726, 40747.49, -746.527, -1.584829, 0.01663505, 0.1455349, 355.6853, 1.782234, 1.360018, 6.958117
 
12.44019, -0.001041344, -0.009088465, 33.09309, 0, 0.0010786008958910376103734448, 40660.36, -746.2756, -1.584829, 0.01663505, 0.1455349, 355.3729, 1.78221, 1.360018, 6.958117
 
12.45019, -0.0009788119, -0.009098878, 33.0402, 0, 0.0010789655516507415941473008, 40573.45, -746.0233, -1.584829, 0.01663505, 0.1455349, 355.0609, 1.782186, 1.360018, 6.958117
 
12.46019, -0.0009390148, -0.009108666, 32.98735, 0, 0.0010798071360269836932634032, 40486.73, -745.7701, -1.584829, 0.01663505, 0.1455349, 354.7492, 1.782163, 1.360018, 6.958117
 
12.47019, -0.000990174, -0.009118057, 32.93454, 0, 0.0010828307695982703814848828, 40400.29, -745.5149, -1.584829, 0.01663505, 0.1455349, 354.4381, 1.782138, 1.360018, 6.958117
 
12.48019, -0.0009671978, -0.009127959, 32.88178, 0, 0.0010840968652448416589946247, 40314.06, -745.2587, -1.584829, 0.01663505, 0.1455349, 354.1274, 1.782113, 1.360018, 6.958117
 
12.49019, -0.0009517539, -0.00913763, 32.82905, 0, 0.0010855192387034498790683147, 40228.04, -745.001, -1.584829, 0.01663505, 0.1455349, 353.817, 1.782088, 1.360018, 6.958117
 
12.50019, -0.0009459443, -0.009147148, 32.77639, 0, 0.0010871596104534117365811869, 40142.29, -744.7421, -1.584829, 0.01663505, 0.1455349, 353.5071, 1.782062, 1.360018, 6.958117
 
12.51019, -0.0008432024, -0.009156607, 32.72375, 0, 0.0010863948738632920276482996, 40056.75, -744.4816, -1.584829, 0.01663505, 0.1455349, 353.1977, 1.782036, 1.360018, 6.958117
 
12.52019, -0.0008383114, -0.009165039, 32.67113, 0, 0.0010879263801255074706738444, 39971.41, -744.2194, -1.584829, 0.01663505, 0.1455349, 352.8885, 1.78201, 1.360018, 6.958117
 
12.53019, -0.0008610162, -0.009173422, 32.61856, 0, 0.0010901371412910750401617837, 39886.29, -743.956, -1.584829, 0.01663505, 0.1455349, 352.5797, 1.781983, 1.360018, 6.958117
 
12.54019, -0.0009018435, -0.009182032, 32.56603, 0, 0.0010928282669243658767599832, 39801.43, -743.6907, -1.584829, 0.01663505, 0.1455349, 352.2714, 1.781956, 1.360018, 6.958117
 
12.55019, -0.0008567211, -0.00919105, 32.51354, 0, 0.0010934260859117402613198010, 39716.77, -743.4243, -1.584829, 0.01663505, 0.1455349, 351.9635, 1.781928, 1.360018, 6.958117
 
12.56019, -0.0008695625, -0.009199617, 32.46108, 0, 0.0010954156783037439685214763, 39632.34, -743.1561, -1.584829, 0.01663505, 0.1455349, 351.6559, 1.7819, 1.360018, 6.958117
 
12.57019, -0.0008903776, -0.009208313, 32.40867, 0, 0.0010976221467006403863986338, 39548.16, -742.8864, -1.584829, 0.01663505, 0.1455349, 351.3489, 1.781871, 1.360018, 6.958117
 
12.58019, -0.0008369689, -0.009217217, 32.35629, 0, 0.0010979888333372074514609626, 39464.18, -742.6151, -1.584829, 0.01663505, 0.1455349, 351.0423, 1.781842, 1.360018, 6.958117
 
12.59019, -0.0008259965, -0.009225586, 32.30392, 0, 0.0010993575532680341208213957, 39380.41, -742.3422, -1.584829, 0.01663505, 0.1455349, 350.7359, 1.781813, 1.360018, 6.958117
 
12.60019, -0.000849908, -0.009233846, 32.25161, 0, 0.0011015916040611341509287351, 39296.9, -742.0674, -1.584829, 0.01663505, 0.1455349, 350.4302, 1.781783, 1.360018, 6.958117
 
12.61019, -0.0008100137, -0.009242346, 32.19931, 0, 0.0011022411008040603130817031, 39213.6, -741.7908, -1.584829, 0.01663505, 0.1455349, 350.1248, 1.781752, 1.360018, 6.958117
 
12.62019, -0.0007908689, -0.009250445, 32.14703, 0, 0.0011033666698642490626893221, 39130.5, -741.5128, -1.584829, 0.01663505, 0.1455349, 349.8198, 1.781721, 1.360018, 6.958117
 
12.63019, -0.0008370566, -0.009258354, 32.09293, 0, 0.0011061411712944479638792082, 39047.59, -741.1902, -1.584829, 0.01663505, 0.1455349, 349.515, 1.781661, 1.360018, 6.958117
 
12.64019, -0.0008764828, -0.009266725, 32.0388, 0, 0.0011088021212738732786811601, 38964.96, -740.8641, -1.584829, 0.01663505, 0.1455349, 349.2109, 1.781598, 1.360018, 6.958117
 
12.65019, -0.0008412552, -0.009275489, 31.9847, 0, 0.0011096097206411250934420445, 38882.52, -740.5364, -1.584829, 0.01663505, 0.1455349, 348.907, 1.781535, 1.360018, 6.958117
 
12.66019, -0.0008642559, -0.009283902, 31.93058, 0, 0.0011118595683087626574374114, 38800.29, -740.2059, -1.584829, 0.01663505, 0.1455349, 348.6035, 1.781472, 1.360018, 6.958117
 
12.67019, -0.0009148771, -0.009292545, 31.87651, 0, 0.0011148493888876768848823163, 38718.26, -739.8738, -1.584829, 0.01663505, 0.1455349, 348.3004, 1.781407, 1.360018, 6.958117
 
12.68019, -0.0009712263, -0.009301693, 31.82241, 0, 0.0011180500556339755714728966, 38636.41, -739.5393, -1.584829, 0.01663505, 0.1455349, 347.9975, 1.781342, 1.360018, 6.958117
 
12.6902, -0.00102044, -0.009311405, 31.76836, 0, 0.0011211396995479107195072449, 38554.84, -739.2028, -1.584829, 0.01663505, 0.1455349, 347.6953, 1.781276, 1.360018, 6.958117
 
12.7002, -0.000994965, -0.00932161, 31.71431, 0, 0.0011223643840907684567128961, 38473.44, -738.8641, -1.584829, 0.01663505, 0.1455349, 347.3934, 1.78121, 1.360018, 6.958117
 
12.7102, -0.001036675, -0.009331559, 31.66024, 0, 0.0011252950821395544016439168, 38392.26, -738.5224, -1.584829, 0.01663505, 0.1455349, 347.0918, 1.781142, 1.360018, 6.958117
 
12.7202, -0.001071883, -0.009341925, 31.60622, 0, 0.0011281108613910454001128963, 38311.33, -738.1789, -1.584829, 0.01663505, 0.1455349, 346.7908, 1.781074, 1.360018, 6.958117
 
12.7302, -0.001035716, -0.009352644, 31.55219, 0, 0.0011291168031463359508938948, 38230.61, -737.8329, -1.584829, 0.01663505, 0.1455349, 346.4901, 1.781004, 1.360018, 6.958117
 
12.7402, -0.001006994, -0.009363001, 31.49816, 0, 0.0011302689653442584668398254, 38150.07, -737.4844, -1.584829, 0.01663505, 0.1455349, 346.1898, 1.780935, 1.360018, 6.958117
 
12.7502, -0.0009853102, -0.009373072, 31.44414, 0, 0.0011315682511841688151230905, 38069.73, -737.1337, -1.584829, 0.01663505, 0.1455349, 345.8897, 1.780864, 1.360018, 6.958117
 
12.7602, -0.0009953502, -0.009382925, 31.39007, 0, 0.0011336699801747916041603390, 37989.59, -736.7798, -1.584829, 0.01663505, 0.1455349, 345.5901, 1.780792, 1.360018, 6.958117
 
12.7702, -0.001000498, -0.009392878, 31.33602, 0, 0.0011356539883603783538099396, 37909.7, -736.4233, -1.584829, 0.01663505, 0.1455349, 345.291, 1.780719, 1.360018, 6.958117
 
12.7802, -0.0009930192, -0.009402883, 31.28199, 0, 0.0011373146360099478807686350, 37830, -736.0648, -1.584829, 0.01663505, 0.1455349, 344.9922, 1.780646, 1.360018, 6.958117
 
12.7902, -0.0009689334, -0.009412813, 31.22791, 0, 0.0011385261272676495769007499, 37750.5, -735.7029, -1.584829, 0.01663505, 0.1455349, 344.6938, 1.780571, 1.360018, 6.958117
 
12.8002, -0.0009763975, -0.009422502, 31.17384, 0, 0.0011405398985824250101627506, 37671.2, -735.3384, -1.584829, 0.01663505, 0.1455349, 344.3956, 1.780495, 1.360018, 6.958117
 
12.8102, -0.001001461, -0.009432266, 31.11972, 0, 0.0011430290022389498198222159, 37592.08, -734.9708, -1.584829, 0.01663505, 0.1455349, 344.0978, 1.780419, 1.360018, 6.958117
 
12.8202, -0.001020866, -0.009442281, 31.06559, 0, 0.0011453992833220364315859333, 37513.21, -734.5999, -1.584829, 0.01663505, 0.1455349, 343.8006, 1.78034, 1.360018, 6.958117
 
12.8302, -0.0009682904, -0.009452489, 31.01146, 0, 0.0011458798843752201096120762, 37434.53, -734.2266, -1.584829, 0.01663505, 0.1455349, 343.5038, 1.780262, 1.360018, 6.958117
 
12.8402, -0.0009596673, -0.009462172, 30.95728, 0, 0.0011474627965881798610891738, 37356.05, -733.8495, -1.584829, 0.01663505, 0.1455349, 343.2072, 1.780182, 1.360018, 6.958117
 
12.8502, -0.0009814984, -0.009471769, 30.90309, 0, 0.0011498489847456599614858639, 37277.75, -733.4701, -1.584829, 0.01663505, 0.1455349, 342.911, 1.7801, 1.360018, 6.958117
 
12.8602, -0.001007717, -0.009481584, 30.84885, 0, 0.0011523789179276734316179885, 37199.66, -733.0868, -1.584829, 0.01663505, 0.1455349, 342.6151, 1.780018, 1.360018, 6.958117
 
12.8702, -0.001020674, -0.009491661, 30.79459, 0, 0.0011545870962520142903855147, 37121.8, -732.7, -1.584829, 0.01663505, 0.1455349, 342.3198, 1.779934, 1.360018, 6.958117
 
12.8802, -0.0009722682, -0.009501867, 30.7403, 0, 0.0011551605252253831873540261, 37044.13, -732.3102, -1.584829, 0.01663505, 0.1455349, 342.0248, 1.779849, 1.360018, 6.958117
 
12.8902, -0.0009693185, -0.00951159, 30.68594, 0, 0.0011568945914041546971774285, 36966.66, -731.916, -1.584829, 0.01663505, 0.1455349, 341.7301, 1.779763, 1.360018, 6.958117
 
12.9002, -0.000961964, -0.009521283, 30.63156, 0, 0.0011585060524897901379062717, 36889.37, -731.5192, -1.584829, 0.01663505, 0.1455349, 341.4358, 1.779676, 1.360018, 6.958117
 
12.9102, -0.0009723931, -0.009530903, 30.5771, 0, 0.0011605880717793698555771772, 36812.27, -731.118, -1.584829, 0.01663505, 0.1455349, 341.1418, 1.779586, 1.360018, 6.958117
 
12.9202, -0.0009899989, -0.009540627, 30.52258, 0, 0.0011628781306312846878270605, 36735.36, -730.7127, -1.584829, 0.01663505, 0.1455349, 340.8481, 1.779496, 1.360018, 6.958117
 
12.9302, -0.001034006, -0.009550527, 30.46802, 0, 0.0011659083640114831681136089, 36658.69, -730.3035, -1.584829, 0.01663505, 0.1455349, 340.555, 1.779403, 1.360018, 6.958117
 
12.9402, -0.0009741723, -0.009560867, 30.41344, 0, 0.0011661621939802918515845947, 36582.21, -729.8912, -1.584829, 0.01663505, 0.1455349, 340.2622, 1.77931, 1.360018, 6.958117
 
12.9502, -0.0009619332, -0.009570609, 30.35875, 0, 0.0011676377736176289254732149, 36505.91, -729.474, -1.584829, 0.01663505, 0.1455349, 339.9698, 1.779215, 1.360018, 6.958117
 
12.9602, -0.000955363, -0.009580228, 30.30399, 0, 0.0011692519703017119151112604, 36429.8, -729.0526, -1.584829, 0.01663505, 0.1455349, 339.6776, 1.779119, 1.360018, 6.958117
 
12.9702, -0.0009445169, -0.009589782, 30.24914, 0, 0.0011707381753014864887493398, 36353.86, -728.6266, -1.584829, 0.01663505, 0.1455349, 339.3858, 1.77902, 1.360018, 6.958117
 
12.9802, -0.0009731369, -0.009599227, 30.19422, 0, 0.0011732953910382674079559237, 36278.12, -728.1963, -1.584829, 0.01663505, 0.1455349, 339.0944, 1.77892, 1.360018, 6.958117
 
12.9902, -0.0009972478, -0.009608959, 30.13803, 0, 0.00117572165920056709039, 36202.62, -727.7322, -1.584829, 0.01663505, 0.1455349, 338.8035, 1.778817, 1.360018, 6.958117
 
13.0002, -0.001231625, -0.009618931, 29.8832, 0, 0.0011768432087205819654, 36127.38, -722.4622, -1.584829, 0.01663505, 0.1455349, 338.5132, 1.778554, 1.360018, 6.958117
 
13.0102, -0.001470864, -0.009631247, 29.6344, 0, 0.00117858071778207988140, 36052.45, -717.3224, -1.584829, 0.01663505, 0.1455349, 338.224, 1.778291, 1.360018, 6.958117
 
13.0202, -0.001627762, -0.009645956, 29.39199, 0, 0.0011785245962911722161, 35977.83, -712.3228, -1.584829, 0.01663505, 0.1455349, 337.9356, 1.77803, 1.360018, 6.958117
 
13.0302, -0.001721337, -0.009662233, 29.15589, 0, 0.00117708360610293982392, 35903.53, -707.4608, -1.584829, 0.01663505, 0.1455349, 337.6483, 1.777769, 1.360018, 6.958117
 
13.0402, -0.001781201, -0.009679447, 28.92568, 0, 0.00117498679347266120392, 35829.47, -702.7284, -1.584829, 0.01663505, 0.1455349, 337.3615, 1.777509, 1.360018, 6.958117
 
13.0502, -0.001813106, -0.009697258, 28.70155, 0, 0.0011723532025692408205, 35755.74, -698.1293, -1.584829, 0.01663505, 0.1455349, 337.0757, 1.77725, 1.360018, 6.958117
 
13.0602, -0.001788308, -0.009715389, 28.48312, 0, 0.00116832492994316205712, 35682.31, -693.6554, -1.584829, 0.01663505, 0.1455349, 336.7909, 1.776992, 1.360018, 6.958117
 
13.0702, -0.00170427, -0.009733273, 28.2705, 0, 0.00116275925045067013183, 35609.13, -689.3101, -1.584829, 0.01663505, 0.1455349, 336.5067, 1.776735, 1.360018, 6.958117
 
13.0802, -0.00164204, -0.009750315, 28.06338, 0, 0.00115785696033400662549, 35536.25, -685.0861, -1.584829, 0.01663505, 0.1455349, 336.2234, 1.776478, 1.360018, 6.958117
 
13.0902, -0.001473224, -0.009766735, 27.86188, 0, 0.0011500160911159141575, 35463.69, -680.9863, -1.584829, 0.01663505, 0.1455349, 335.9411, 1.776223, 1.360018, 6.958117
 
13.1002, -0.001266262, -0.009781468, 27.66584, 0, 0.00114103557472084750276, 35391.38, -677.0083, -1.584829, 0.01663505, 0.1455349, 335.6594, 1.775968, 1.360018, 6.958117
 
13.1102, -0.001126045, -0.00979413, 27.4748, 0, 0.0011338404815356513108, 35319.36, -673.1408, -1.584829, 0.01663505, 0.1455349, 335.3787, 1.775714, 1.360018, 6.958117
 
13.1202, -0.0009134363, -0.009805391, 27.28921, 0, 0.00112456692267535427091, 35247.58, -669.3958, -1.584829, 0.01663505, 0.1455349, 335.0986, 1.775461, 1.360018, 6.958117
 
13.13021, -0.0007694814, -0.009814525, 27.10844, 0, 0.00111713896780963279320, 35176.12, -665.7575, -1.584829, 0.01663505, 0.1455349, 334.8195, 1.775208, 1.360018, 6.958117
 
13.14021, -0.000555926, -0.00982222, 26.93275, 0, 0.00110768910015953433475, 35104.96, -662.2329, -1.584829, 0.01663505, 0.1455349, 334.5413, 1.774957, 1.360018, 6.958117
 
13.15021, -0.0003265607, -0.009827779, 26.76202, 0, 0.0010976751908126146142, 35034.04, -658.8198, -1.584829, 0.01663505, 0.1455349, 334.2637, 1.774706, 1.360018, 6.958117
 
13.16021, -0.0001445836, -0.009831044, 26.596, 0, 0.00108889518782677597232, 34963.42, -655.5124, -1.584829, 0.01663505, 0.1455349, 333.9871, 1.774456, 1.360018, 6.958117
 
13.17021, 3.425524E-05, -0.009832489, 26.43473, 0, 0.00108013613053269521418, 34893.04, -652.3124, -1.584829, 0.01663505, 0.1455349, 333.7112, 1.774206, 1.360018, 6.958117
 
13.18021, 0.0001479422, -0.009832147, 26.27784, 0, 0.001073192102884543006233, 34822.96, -649.2103, -1.584829, 0.01663505, 0.1455349, 333.4361, 1.773957, 1.360018, 6.958117
 
13.19021, 0.0002826677, -0.009830667, 26.12568, 0, 0.001065655540431014854356, 34753.12, -646.2159, -1.584829, 0.01663505, 0.1455349, 333.1617, 1.773709, 1.360018, 6.958117
 
13.20021, 0.0003343916, -0.00982784, 25.97771, 0, 0.001060518182182975024824, 34683.58, -643.316, -1.584829, 0.01663505, 0.1455349, 332.8883, 1.773462, 1.360018, 6.958117
 
13.21021, 0.0003670281, -0.009824496, 25.83414, 0, 0.00105602782003288538598, 34614.27, -640.5161, -1.584829, 0.01663505, 0.1455349, 332.6155, 1.773215, 1.360018, 6.958117
 
13.22021, 0.000351516, -0.009820825, 25.69474, 0, 0.00105305598017839426500, 34545.25, -637.8111, -1.584829, 0.01663505, 0.1455349, 332.3437, 1.772968, 1.360018, 6.958117
 
13.23021, 0.0003720208, -0.009817311, 25.55955, 0, 0.001049192215880194143375, 34476.48, -635.2022, -1.584829, 0.01663505, 0.1455349, 332.0724, 1.772723, 1.360018, 6.958117
 
13.24021, 0.000255554, -0.00981359, 25.42823, 0, 0.001049479361547930904444, 34407.94, -632.6815, -1.584829, 0.01663505, 0.1455349, 331.8019, 1.772478, 1.360018, 6.958117
 
13.25021, 0.0001274166, -0.009811034, 25.30096, 0, 0.001050396843916777776783, 34339.69, -630.2535, -1.584829, 0.01663505, 0.1455349, 331.5323, 1.772233, 1.360018, 6.958117
 
13.26021, 8.663E-06, -0.00980976, 25.17754, 0, 0.001051329822385600157674, 34271.68, -627.9138, -1.584829, 0.01663505, 0.1455349, 331.2633, 1.771989, 1.360018, 6.958117
 
13.27021, -0.0001213769, -0.009809674, 25.05799, 0, 0.001052880681498876296673, 34203.95, -625.663, -1.584829, 0.01663505, 0.1455349, 330.9952, 1.771746, 1.360018, 6.958117
 
13.28021, -0.0002506197, -0.009810887, 24.94213, 0, 0.001054698008263237412634, 34136.46, -623.4971, -1.584829, 0.01663505, 0.1455349, 330.7278, 1.771503, 1.360018, 6.958117
 
13.29021, -0.0004259503, -0.009813393, 24.82985, 0, 0.001058177382106564661032, 34069.2, -621.4143, -1.584829, 0.01663505, 0.1455349, 330.4611, 1.771261, 1.360018, 6.958117
 
13.30021, -0.0006433091, -0.009817653, 24.72113, 0, 0.001063253564689935766532, 34002.23, -619.4131, -1.584829, 0.01663505, 0.1455349, 330.1952, 1.77102, 1.360018, 6.958117
 
13.31021, -0.0007590814, -0.009824086, 24.61594, 0, 0.00106567240991414933912, 33935.48, -617.4945, -1.584829, 0.01663505, 0.1455349, 329.9301, 1.770779, 1.360018, 6.958117
 
13.32021, -0.0009231496, -0.009831677, 24.51404, 0, 0.00106980191507185887080, 33868.97, -615.6519, -1.584829, 0.01663505, 0.1455349, 329.6655, 1.770539, 1.360018, 6.958117
 
13.33021, -0.001096608, -0.009840908, 24.41556, 0, 0.001074534360189915146956, 33802.74, -613.8886, -1.584829, 0.01663505, 0.1455349, 329.4019, 1.7703, 1.360018, 6.958117
 
13.34021, -0.001173188, -0.009851875, 24.32031, 0, 0.001076664045144701277627, 33736.75, -612.2009, -1.584829, 0.01663505, 0.1455349, 329.1389, 1.770061, 1.360018, 6.958117
 
13.35021, -0.001242819, -0.009863607, 24.22822, 0, 0.00107879009076958601384, 33670.98, -610.587, -1.584829, 0.01663505, 0.1455349, 328.8766, 1.769824, 1.360018, 6.958117
 
13.36021, -0.001334176, -0.009876035, 24.13925, 0, 0.001081772154542019907064, 33605.49, -609.0459, -1.584829, 0.01663505, 0.1455349, 328.6152, 1.769586, 1.360018, 6.958117
 
13.37021, -0.001338892, -0.009889377, 24.05338, 0, 0.001082338684144858342875, 33540.23, -607.5778, -1.584829, 0.01663505, 0.1455349, 328.3545, 1.76935, 1.360018, 6.958117
 
13.38021, -0.001341661, -0.009902766, 23.97047, 0, 0.001082960568826329611464, 33475.18, -606.1793, -1.584829, 0.01663505, 0.1455349, 328.0943, 1.769114, 1.360018, 6.958117
 
13.39021, -0.001331627, -0.009916183, 23.89045, 0, 0.001083301087752885304704, 33410.37, -604.8492, -1.584829, 0.01663505, 0.1455349, 327.8349, 1.768879, 1.360018, 6.958117
 
13.40021, -0.001337445, -0.009929499, 23.81321, 0, 0.001084219815418714153213, 33345.83, -603.584, -1.584829, 0.01663505, 0.1455349, 327.5763, 1.768645, 1.360018, 6.958117
 
13.41021, -0.001216414, -0.009942873, 23.73887, 0, 0.00108134961250652493432, 33281.52, -602.3879, -1.584829, 0.01663505, 0.1455349, 327.3184, 1.768412, 1.360018, 6.958117
 
13.42021, -0.001087436, -0.009955037, 23.66717, 0, 0.001078190745363948295888, 33217.43, -601.2542, -1.584829, 0.01663505, 0.1455349, 327.0612, 1.768179, 1.360018, 6.958117
 
13.43021, -0.0009732404, -0.009965912, 23.59811, 0, 0.00107543641894090782550, 33153.55, -600.1834, -1.584829, 0.01663505, 0.1455349, 326.8045, 1.767946, 1.360018, 6.958117
 
13.44021, -0.0009245166, -0.009975644, 23.53163, 0, 0.001074675290436832705165, 33089.91, -599.174, -1.584829, 0.01663505, 0.1455349, 326.5486, 1.767714, 1.360018, 6.958117
 
13.45021, -0.000853238, -0.009984889, 23.46769, 0, 0.001073253052131015575912, 33026.53, -598.2251, -1.584829, 0.01663505, 0.1455349, 326.2935, 1.767483, 1.360018, 6.958117
 
13.46021, -0.0007114533, -0.009993422, 23.40627, 0, 0.001069645597245242732024, 32963.39, -597.3361, -1.584829, 0.01663505, 0.1455349, 326.0391, 1.767253, 1.360018, 6.958117
 
13.47021, -0.000556042, -0.01000054, 23.34724, 0, 0.001065539226106487568744, 32900.45, -596.5048, -1.584829, 0.01663505, 0.1455349, 325.7853, 1.767024, 1.360018, 6.958117
 
13.48021, -0.0004497299, -0.0100061, 23.29051, 0, 0.001062876458465353477912, 32837.73, -595.7288, -1.584829, 0.01663505, 0.1455349, 325.5322, 1.766794, 1.360018, 6.958117
 
13.49021, -0.0003345137, -0.01001059, 23.23612, 0, 0.00105990131542016406129, 32775.23, -595.009, -1.584829, 0.01663505, 0.1455349, 325.2797, 1.766566, 1.360018, 6.958117
 
13.50021, -0.0002663948, -0.01001394, 23.18392, 0, 0.001058358961627646530957, 32712.96, -594.342, -1.584829, 0.01663505, 0.1455349, 325.0278, 1.766338, 1.360018, 6.958117
 
13.51021, -0.0002379942, -0.0100166, 23.13391, 0, 0.001058077393668068497344, 32650.88, -593.728, -1.584829, 0.01663505, 0.1455349, 324.7766, 1.76611, 1.360018, 6.958117
 
13.52021, -0.0002392123, -0.01001898, 23.08602, 0, 0.001058787297586481589856, 32589.03, -593.1656, -1.584829, 0.01663505, 0.1455349, 324.526, 1.765883, 1.360018, 6.958117
 
13.53021, -0.000215836, -0.01002137, 23.04023, 0, 0.001058803695935298935866, 32527.45, -592.6536, -1.584829, 0.01663505, 0.1455349, 324.2763, 1.765657, 1.360018, 6.958117
 
13.54021, -0.0001373209, -0.01002353, 22.99649, 0, 0.001057124416183844430775, 32466.08, -592.1914, -1.584829, 0.01663505, 0.1455349, 324.0273, 1.765432, 1.360018, 6.958117
 
13.55021, -0.0001032669, -0.01002491, 22.95472, 0, 0.001056849680373457623822, 32404.93, -591.7773, -1.584829, 0.01663505, 0.1455349, 323.7789, 1.765207, 1.360018, 6.958117
 
13.56021, -6.823851E-05, -0.01002594, 22.91485, 0, 0.001056582598081451674862, 32344, -591.4094, -1.584829, 0.01663505, 0.1455349, 323.5312, 1.764982, 1.360018, 6.958117
 
13.57022, -7.557081E-05, -0.01002662, 22.87685, 0, 0.001057710278995624365736, 32283.26, -591.0878, -1.584829, 0.01663505, 0.1455349, 323.2841, 1.764759, 1.360018, 6.958117
 
13.58022, -9.350823E-05, -0.01002738, 22.84067, 0, 0.001059263586120515190285, 32222.74, -590.8106, -1.584829, 0.01663505, 0.1455349, 323.0376, 1.764535, 1.360018, 6.958117
 
13.59022, -0.000143118, -0.01002831, 22.80626, 0, 0.001061934499756723869414, 32162.44, -590.5769, -1.584829, 0.01663505, 0.1455349, 322.7917, 1.764312, 1.360018, 6.958117
 
13.60022, -0.0002207492, -0.01002974, 22.77358, 0, 0.001065643138698125367952, 32102.34, -590.3858, -1.584829, 0.01663505, 0.1455349, 322.5465, 1.76409, 1.360018, 6.958117
 
13.61022, -0.0003029363, -0.01003195, 22.74259, 0, 0.001069666377852648624688, 32042.46, -590.2361, -1.584829, 0.01663505, 0.1455349, 322.302, 1.763868, 1.360018, 6.958117
 
13.62022, -0.0003733493, -0.01003498, 22.71322, 0, 0.001073479990676362418768, 31982.78, -590.127, -1.584829, 0.01663505, 0.1455349, 322.058, 1.763647, 1.360018, 6.958117
 
13.63022, -0.0004593931, -0.01003871, 22.68543, 0, 0.00107795604267753374700, 31923.3, -590.0569, -1.584829, 0.01663505, 0.1455349, 321.8147, 1.763427, 1.360018, 6.958117
 
13.64022, -0.0005411886, -0.01004331, 22.65919, 0, 0.001082467176021791095482, 31864.04, -590.0254, -1.584829, 0.01663505, 0.1455349, 321.5721, 1.763207, 1.360018, 6.958117
 
13.65022, -0.0006190761, -0.01004872, 22.63445, 0, 0.00108701903194345301045, 31804.98, -590.0311, -1.584829, 0.01663505, 0.1455349, 321.33, 1.762987, 1.360018, 6.958117
 
13.66022, -0.0007037779, -0.01005491, 22.61117, 0, 0.001091955073718094319608, 31746.13, -590.0734, -1.584829, 0.01663505, 0.1455349, 321.0886, 1.762768, 1.360018, 6.958117
 
13.67022, -0.0007522426, -0.01006195, 22.58931, 0, 0.001095871974943243849312, 31687.49, -590.1509, -1.584829, 0.01663505, 0.1455349, 320.8478, 1.76255, 1.360018, 6.958117
 
13.68022, -0.0008243588, -0.01006947, 22.56882, 0, 0.001100689052136895888462, 31629.06, -590.2627, -1.584829, 0.01663505, 0.1455349, 320.6077, 1.762332, 1.360018, 6.958117
 
13.69022, -0.000881711, -0.01007771, 22.54964, 0, 0.001105171728083391593027, 31570.77, -590.4081, -1.584829, 0.01663505, 0.1455349, 320.3679, 1.762115, 1.360018, 6.958117
 
13.70022, -0.0009770985, -0.01008653, 22.53176, 0, 0.001111045234662274752936, 31512.67, -590.5862, -1.584829, 0.01663505, 0.1455349, 320.1288, 1.761899, 1.360018, 6.958117
 
13.71022, -0.00104894, -0.0100963, 22.51514, 0, 0.001116316288112246588308, 31454.8, -590.7959, -1.584829, 0.01663505, 0.1455349, 319.8903, 1.761682, 1.360018, 6.958117
 
13.72022, -0.001099013, -0.01010679, 22.49973, 0, 0.001121012942728122429376, 31397.13, -591.0364, -1.584829, 0.01663505, 0.1455349, 319.6524, 1.761467, 1.360018, 6.958117
 
13.73022, -0.001129358, -0.01011778, 22.4855, 0, 0.001125174115552557507704, 31339.65, -591.3066, -1.584829, 0.01663505, 0.1455349, 319.4151, 1.761252, 1.360018, 6.958117
 
13.74022, -0.001169967, -0.01012908, 22.47241, 0, 0.00112977254532073680795, 31282.36, -591.6058, -1.584829, 0.01663505, 0.1455349, 319.1784, 1.761037, 1.360018, 6.958117
 
13.75022, -0.00118335, -0.01014077, 22.46042, 0, 0.001133568456690834341518, 31225.27, -591.9331, -1.584829, 0.01663505, 0.1455349, 318.9424, 1.760823, 1.360018, 6.958117
 
13.76022, -0.001176149, -0.01015261, 22.4495, 0, 0.001136746988136229222242, 31168.37, -592.2877, -1.584829, 0.01663505, 0.1455349, 318.7069, 1.76061, 1.360018, 6.958117
 
13.77022, -0.001164156, -0.01016437, 22.4396, 0, 0.00113981015308724910968, 31111.67, -592.6685, -1.584829, 0.01663505, 0.1455349, 318.472, 1.760397, 1.360018, 6.958117
 
13.78022, -0.001126927, -0.01017601, 22.43069, 0, 0.001142062296791535835024, 31055.15, -593.0746, -1.584829, 0.01663505, 0.1455349, 318.2376, 1.760185, 1.360018, 6.958117
 
13.79022, -0.001075984, -0.01018728, 22.42276, 0, 0.00114385720850376897376, 30998.83, -593.5057, -1.584829, 0.01663505, 0.1455349, 318.0038, 1.759973, 1.360018, 6.958117
 
13.80022, -0.001026698, -0.01019804, 22.41575, 0, 0.001145696168279509072324, 30942.69, -593.9609, -1.584829, 0.01663505, 0.1455349, 317.7707, 1.759762, 1.360018, 6.958117
 
13.81022, -0.0009564665, -0.01020831, 22.40963, 0, 0.001146811988141881441423, 30886.74, -594.4388, -1.584829, 0.01663505, 0.1455349, 317.5381, 1.759552, 1.360018, 6.958117
 
13.82022, -0.0008709585, -0.01021787, 22.40436, 0, 0.001147369449411370175984, 30830.98, -594.939, -1.584829, 0.01663505, 0.1455349, 317.3061, 1.759342, 1.360018, 6.958117
 
13.83022, -0.0007833877, -0.01022658, 22.39993, 0, 0.001147796162072216180598, 30775.39, -595.4608, -1.584829, 0.01663505, 0.1455349, 317.0746, 1.759132, 1.360018, 6.958117
 
13.84022, -0.0007139322, -0.01023442, 22.39629, 0, 0.001148775590993284964426, 30720.01, -596.0033, -1.584829, 0.01663505, 0.1455349, 316.8437, 1.758923, 1.360018, 6.958117
 
13.85022, -0.0006340887, -0.01024156, 22.39342, 0, 0.001149355014462390077210, 30664.8, -596.5658, -1.584829, 0.01663505, 0.1455349, 316.6134, 1.758715, 1.360018, 6.958117
 
13.86022, -0.0005614798, -0.0102479, 22.39128, 0, 0.001150123987082750825572, 30609.77, -597.1476, -1.584829, 0.01663505, 0.1455349, 316.3836, 1.758507, 1.360018, 6.958117
 
13.87022, -0.0004785524, -0.01025351, 22.38984, 0, 0.00115048661821611763968, 30554.92, -597.7477, -1.584829, 0.01663505, 0.1455349, 316.1544, 1.7583, 1.360018, 6.958117
 
13.88022, -0.0004180119, -0.0102583, 22.38907, 0, 0.001151553552796892017296, 30500.26, -598.3654, -1.584829, 0.01663505, 0.1455349, 315.9258, 1.758093, 1.360018, 6.958117
 
13.89022, -0.0003590516, -0.01026248, 22.38896, 0, 0.00115263559104661006427, 30445.77, -599.0004, -1.584829, 0.01663505, 0.1455349, 315.6976, 1.757886, 1.360018, 6.958117
 
13.90022, -0.0003213271, -0.01026607, 22.38946, 0, 0.001154412672176243374080, 30391.46, -599.6516, -1.584829, 0.01663505, 0.1455349, 315.4701, 1.75768, 1.360018, 6.958117
 
13.91022, -0.0003087248, -0.01026928, 22.39054, 0, 0.001157046808330812036013, 30337.33, -600.3183, -1.584829, 0.01663505, 0.1455349, 315.2431, 1.757475, 1.360018, 6.958117
 
13.92022, -0.0002732221, -0.01027237, 22.39219, 0, 0.001158902496091816370962, 30283.38, -601.0001, -1.584829, 0.01663505, 0.1455349, 315.0166, 1.75727, 1.360018, 6.958117
 
13.93022, -0.0002624673, -0.0102751, 22.39437, 0, 0.0011616059676501476954, 30229.6, -601.6961, -1.584829, 0.01663505, 0.1455349, 314.7907, 1.757065, 1.360018, 6.958117
 
13.94022, -0.0002754335, -0.01027772, 22.39705, 0, 0.001165153388084402093288, 30176, -602.4055, -1.584829, 0.01663505, 0.1455349, 314.5653, 1.756861, 1.360018, 6.958117
 
13.95022, -0.0002913213, -0.01028048, 22.40021, 0, 0.001168849199052106078280, 30122.57, -603.1276, -1.584829, 0.01663505, 0.1455349, 314.3405, 1.756658, 1.360018, 6.958117
 
13.96022, -0.0002906014, -0.01028339, 22.40384, 0, 0.001172010074061192944310, 30069.32, -603.8624, -1.584829, 0.01663505, 0.1455349, 314.1162, 1.756455, 1.360018, 6.958117
 
13.97022, -0.0002979058, -0.0102863, 22.40788, 0, 0.001175479103466186165290, 30016.24, -604.6085, -1.584829, 0.01663505, 0.1455349, 313.8924, 1.756252, 1.360018, 6.958117
 
13.98022, -0.0003445432, -0.01028928, 22.41234, 0, 0.001180370373101671778793, 29963.33, -605.3657, -1.584829, 0.01663505, 0.1455349, 313.6692, 1.75605, 1.360018, 6.958117
 
13.99022, -0.0004045786, -0.01029272, 22.41716, 0, 0.001185819317702811028432, 29910.58, -606.133, -1.584829, 0.01663505, 0.1455349, 313.4465, 1.755849, 1.360018, 6.958117
 
14.00023, -0.000448391, -0.01029677, 22.42234, 0, 0.001190796208213936833730, 29858.01, -606.91, -1.584829, 0.01663505, 0.1455349, 313.2243, 1.755647, 1.360018, 6.958117
 
14.01023, -0.0005127683, -0.01030125, 22.42786, 0, 0.001196582353951897826654, 29805.62, -607.6963, -1.584829, 0.01663505, 0.1455349, 313.0026, 1.755447, 1.360018, 6.958117
 
14.02023, -0.0005915989, -0.01030638, 22.43368, 0, 0.001202989505869727128982, 29753.37, -608.491, -1.584829, 0.01663505, 0.1455349, 312.7815, 1.755246, 1.360018, 6.958117
 
14.03023, -0.0006559781, -0.01031229, 22.4398, 0, 0.001209006026800236468792, 29701.31, -609.2937, -1.584829, 0.01663505, 0.1455349, 312.5608, 1.755047, 1.360018, 6.958117
 
14.04023, -0.0007298465, -0.01031885, 22.44616, 0, 0.001215466438247528835801, 29649.4, -610.1035, -1.584829, 0.01663505, 0.1455349, 312.3407, 1.754847, 1.360018, 6.958117
 
14.05023, -0.0008013478, -0.01032615, 22.45276, 0, 0.001221959276792168864523, 29597.67, -610.9199, -1.584829, 0.01663505, 0.1455349, 312.1211, 1.754648, 1.360018, 6.958117
 
14.06023, -0.0008512763, -0.01033417, 22.45959, 0, 0.001227792314970696701430, 29546.09, -611.7427, -1.584829, 0.01663505, 0.1455349, 311.902, 1.75445, 1.360018, 6.958117
 
14.07023, -0.0009010721, -0.01034268, 22.46662, 0, 0.001233704432308966907772, 29494.68, -612.5711, -1.584829, 0.01663505, 0.1455349, 311.6834, 1.754252, 1.360018, 6.958117
 
14.08023, -0.000956441, -0.01035169, 22.47382, 0, 0.001239902298288951848008, 29443.44, -613.4044, -1.584829, 0.01663505, 0.1455349, 311.4653, 1.754055, 1.360018, 6.958117
 
14.09023, -0.0009835919, -0.01036126, 22.48116, 0, 0.0012451714667602198706, 29392.34, -614.2421, -1.584829, 0.01663505, 0.1455349, 311.2477, 1.753858, 1.360018, 6.958117
 
14.10023, -0.0009929318, -0.01037109, 22.48865, 0, 0.001249848007748277288216, 29341.42, -615.0837, -1.584829, 0.01663505, 0.1455349, 311.0307, 1.753661, 1.360018, 6.958117
 
14.11023, -0.0010366, -0.01038102, 22.49626, 0, 0.001255799867160210476439, 29290.65, -615.9291, -1.584829, 0.01663505, 0.1455349, 310.8141, 1.753465, 1.360018, 6.958117
 
14.12023, -0.001059719, -0.01039139, 22.50395, 0, 0.001261076724116064639322, 29240.04, -616.7769, -1.584829, 0.01663505, 0.1455349, 310.598, 1.75327, 1.360018, 6.958117
 
14.13023, -0.001057978, -0.01040198, 22.51171, 0, 0.001265493030148393958464, 29189.59, -617.6271, -1.584829, 0.01663505, 0.1455349, 310.3824, 1.753075, 1.360018, 6.958117
 
14.14023, -0.001041897, -0.01041256, 22.51956, 0, 0.001269397208648399548830, 29139.31, -618.4797, -1.584829, 0.01663505, 0.1455349, 310.1673, 1.75288, 1.360018, 6.958117
 
14.15023, -0.001030939, -0.01042298, 22.52742, 0, 0.001273477104348785640525, 29089.18, -619.3329, -1.584829, 0.01663505, 0.1455349, 309.9527, 1.752686, 1.360018, 6.958117
 
14.16023, -0.0009943232, -0.01043329, 22.5353, 0, 0.001276613268688526214406, 29039.2, -620.1871, -1.584829, 0.01663505, 0.1455349, 309.7386, 1.752492, 1.360018, 6.958117
 
14.17023, -0.0009467984, -0.01044323, 22.54319, 0, 0.001279309355845620416954, 28989.38, -621.0419, -1.584829, 0.01663505, 0.1455349, 309.5249, 1.752299, 1.360018, 6.958117
 
14.18023, -0.0009206636, -0.0104527, 22.55106, 0, 0.001282737771058678987745, 28939.71, -621.8964, -1.584829, 0.01663505, 0.1455349, 309.3118, 1.752106, 1.360018, 6.958117
 
14.19023, -0.0008761907, -0.01046191, 22.5589, 0, 0.001285461353381967256645, 28890.2, -622.7503, -1.584829, 0.01663505, 0.1455349, 309.0991, 1.751914, 1.360018, 6.958117
 
14.20023, -0.0008445841, -0.01047067, 22.56669, 0, 0.001288608145871272153200, 28840.84, -623.6031, -1.584829, 0.01663505, 0.1455349, 308.8869, 1.751722, 1.360018, 6.958117
 
14.21023, -0.0008018967, -0.01047912, 22.57441, 0, 0.001291304998191585407668, 28791.63, -624.4543, -1.584829, 0.01663505, 0.1455349, 308.6752, 1.751531, 1.360018, 6.958117
 
14.22023, -0.0007730082, -0.01048714, 22.58204, 0, 0.001294461536393934981492, 28742.57, -625.3034, -1.584829, 0.01663505, 0.1455349, 308.4639, 1.75134, 1.360018, 6.958117
 
14.23023, -0.0007353181, -0.01049487, 22.58959, 0, 0.001297253644455546122946, 28693.67, -626.1503, -1.584829, 0.01663505, 0.1455349, 308.2531, 1.751149, 1.360018, 6.958117
 
14.24023, -0.0006797779, -0.01050222, 22.59701, 0, 0.001299329960106234139340, 28644.91, -626.994, -1.584829, 0.01663505, 0.1455349, 308.0428, 1.750959, 1.360018, 6.958117
 
14.25023, -0.000647294, -0.01050902, 22.6043, 0, 0.001302192775685550615744, 28596.3, -627.8345, -1.584829, 0.01663505, 0.1455349, 307.833, 1.750769, 1.360018, 6.958117
 
14.26023, -0.0006060849, -0.01051549, 22.61145, 0, 0.00130468380652928556882, 28547.84, -628.6712, -1.584829, 0.01663505, 0.1455349, 307.6236, 1.75058, 1.360018, 6.958117
 
14.27023, -0.0005827006, -0.01052155, 22.61842, 0, 0.0013077855645366038373, 28499.53, -629.5034, -1.584829, 0.01663505, 0.1455349, 307.4147, 1.750391, 1.360018, 6.958117
 
14.28023, -0.0005684297, -0.01052738, 22.62524, 0, 0.001311196729835119681584, 28451.36, -630.3312, -1.584829, 0.01663505, 0.1455349, 307.2062, 1.750203, 1.360018, 6.958117
 
14.29023, -0.0005477699, -0.01053306, 22.63186, 0, 0.001314342411814011383972, 28403.35, -631.1541, -1.584829, 0.01663505, 0.1455349, 306.9982, 1.750015, 1.360018, 6.958117
 
14.30023, -0.0005134202, -0.01053854, 22.63827, 0, 0.001316936509016751363051, 28355.48, -631.9711, -1.584829, 0.01663505, 0.1455349, 306.7907, 1.749827, 1.360018, 6.958117
 
14.31023, -0.0005051013, -0.01054367, 22.64446, 0, 0.001320465021739586639252, 28307.75, -632.7824, -1.584829, 0.01663505, 0.1455349, 306.5836, 1.74964, 1.360018, 6.958117
 
14.32023, -0.000495913, -0.01054872, 22.65042, 0, 0.001323941235880234653903, 28260.16, -633.5874, -1.584829, 0.01663505, 0.1455349, 306.377, 1.749453, 1.360018, 6.958117
 
14.33023, -0.000495923, -0.01055368, 22.65613, 0, 0.00132774755879966680905, 28212.72, -634.3857, -1.584829, 0.01663505, 0.1455349, 306.1708, 1.749267, 1.360018, 6.958117
 
14.34023, -0.0004878719, -0.01055864, 22.66159, 0, 0.001331237819301793112255, 28165.43, -635.1769, -1.584829, 0.01663505, 0.1455349, 305.9651, 1.749081, 1.360018, 6.958117
 
14.35023, -0.0005111577, -0.01056352, 22.66677, 0, 0.001335906833816374104915, 28118.27, -635.9608, -1.584829, 0.01663505, 0.1455349, 305.7598, 1.748895, 1.360018, 6.958117
 
14.36023, -0.0005465536, -0.01056863, 22.67167, 0, 0.001341062421673054859758, 28071.25, -636.7368, -1.584829, 0.01663505, 0.1455349, 305.555, 1.74871, 1.360018, 6.958117
 
14.37023, -0.0005792259, -0.0105741, 22.67628, 0, 0.001346152675566770722346, 28024.38, -637.5045, -1.584829, 0.01663505, 0.1455349, 305.3505, 1.748526, 1.360018, 6.958117
 
14.38023, -0.0006099939, -0.01057989, 22.68058, 0, 0.001351204902407593840956, 27977.65, -638.2639, -1.584829, 0.01663505, 0.1455349, 305.1466, 1.748341, 1.360018, 6.958117
 
14.39023, -0.0006427565, -0.01058599, 22.68454, 0, 0.00135636390100356953661, 27931.05, -639.014, -1.584829, 0.01663505, 0.1455349, 304.9431, 1.748157, 1.360018, 6.958117
 
14.40023, -0.0006799338, -0.01059242, 22.68818, 0, 0.001361728549705360715608, 27884.6, -639.7548, -1.584829, 0.01663505, 0.1455349, 304.74, 1.747974, 1.360018, 6.958117
 
14.41023, -0.0007097295, -0.01059922, 22.69147, 0, 0.001366846680177376367324, 27838.28, -640.486, -1.584829, 0.01663505, 0.1455349, 304.5374, 1.74779, 1.360018, 6.958117
 
14.42023, -0.0007661568, -0.01060632, 22.69441, 0, 0.001373026834221155851808, 27792.11, -641.2073, -1.584829, 0.01663505, 0.1455349, 304.3352, 1.747608, 1.360018, 6.958117
 
14.43023, -0.0007834906, -0.01061398, 22.69698, 0, 0.001377752192812220145184, 27746.06, -641.9183, -1.584829, 0.01663505, 0.1455349, 304.1334, 1.747425, 1.360018, 6.958117
 
14.44024, -0.0008004969, -0.01062181, 22.69917, 0, 0.001382474578954096695126, 27700.15, -642.6187, -1.584829, 0.01663505, 0.1455349, 303.9321, 1.747243, 1.360018, 6.958117
 
14.45024, -0.0008399399, -0.01062982, 22.70097, 0, 0.001388080843575917370460, 27654.38, -643.3074, -1.584829, 0.01663505, 0.1455349, 303.7312, 1.747062, 1.360018, 6.958117
 
14.46024, -0.0008694437, -0.01063822, 22.70237, 0, 0.001393338841723268061081, 27608.75, -643.9852, -1.584829, 0.01663505, 0.1455349, 303.5307, 1.746881, 1.360018, 6.958117
 
14.47024, -0.0008739821, -0.01064691, 22.70336, 0, 0.001397642463767613851424, 27563.25, -644.6512, -1.584829, 0.01663505, 0.1455349, 303.3307, 1.7467, 1.360018, 6.958117
 
14.48024, -0.0009053251, -0.01065565, 22.70394, 0, 0.001402988929522700769648, 27517.88, -645.3055, -1.584829, 0.01663505, 0.1455349, 303.131, 1.746519, 1.360018, 6.958117
 
14.49024, -0.0009313066, -0.01066471, 22.70407, 0, 0.00140815018979917383985, 27472.64, -645.9473, -1.584829, 0.01663505, 0.1455349, 302.9318, 1.746339, 1.360018, 6.958117
 
14.50024, -0.0009367673, -0.01067402, 22.70378, 0, 0.001412519570940439101090, 27427.54, -646.5765, -1.584829, 0.01663505, 0.1455349, 302.7331, 1.74616, 1.360018, 6.958117
 
14.51024, -0.0009377828, -0.01068339, 22.70304, 0, 0.001416701105241193474059, 27382.57, -647.1927, -1.584829, 0.01663505, 0.1455349, 302.5347, 1.745981, 1.360018, 6.958117
 
14.52024, -0.0009452472, -0.01069276, 22.70183, 0, 0.001421118709901206057753, 27337.73, -647.7958, -1.584829, 0.01663505, 0.1455349, 302.3367, 1.745802, 1.360018, 6.958117
 
14.53024, -0.0009529365, -0.01070222, 22.70015, 0, 0.001425534000673613068064, 27293.01, -648.3851, -1.584829, 0.01663505, 0.1455349, 302.1392, 1.745623, 1.360018, 6.958117
 
14.54024, -0.000951728, -0.01071175, 22.698, 0, 0.001429584485742077991381, 27248.44, -648.9607, -1.584829, 0.01663505, 0.1455349, 301.942, 1.745445, 1.360018, 6.958117
 
14.55024, -0.000931096, -0.01072126, 22.69536, 0, 0.001432834630665942130656, 27203.99, -649.5222, -1.584829, 0.01663505, 0.1455349, 301.7453, 1.745268, 1.360018, 6.958117
 
14.56024, -0.0009195386, -0.01073057, 22.69224, 0, 0.001436393406619352811798, 27159.66, -650.0695, -1.584829, 0.01663505, 0.1455349, 301.549, 1.74509, 1.360018, 6.958117
 
14.57024, -0.0008805338, -0.01073977, 22.6886, 0, 0.001438809321445146202796, 27115.46, -650.6017, -1.584829, 0.01663505, 0.1455349, 301.3531, 1.744913, 1.360018, 6.958117
 
14.58024, -0.0008731015, -0.01074858, 22.68445, 0, 0.001442410459173250854704, 27071.39, -651.119, -1.584829, 0.01663505, 0.1455349, 301.1576, 1.744737, 1.360018, 6.958117
 
14.59024, -0.0008465092, -0.01075731, 22.67979, 0, 0.00144520200552898177861, 27027.45, -651.6211, -1.584829, 0.01663505, 0.1455349, 300.9625, 1.744561, 1.360018, 6.958117
 
14.60024, -0.0008206335, -0.01076577, 22.67461, 0, 0.001447956778379065162576, 26983.63, -652.108, -1.584829, 0.01663505, 0.1455349, 300.7678, 1.744385, 1.360018, 6.958117
 
14.61024, -0.000800017, -0.01077398, 22.66888, 0, 0.001450856504354125718244, 26939.94, -652.5787, -1.584829, 0.01663505, 0.1455349, 300.5735, 1.74421, 1.360018, 6.958117
 
14.62024, -0.0007861883, -0.01078198, 22.66261, 0, 0.001453971765192110335416, 26896.37, -653.0336, -1.584829, 0.01663505, 0.1455349, 300.3796, 1.744034, 1.360018, 6.958117
 
14.63024, -0.0007576964, -0.01078984, 22.65579, 0, 0.001456440198580690860628, 26852.92, -653.472, -1.584829, 0.01663505, 0.1455349, 300.1861, 1.74386, 1.360018, 6.958117
 
14.64024, -0.0007596626, -0.01079742, 22.64842, 0, 0.001460075508165131163640, 26809.61, -653.894, -1.584829, 0.01663505, 0.1455349, 299.9929, 1.743685, 1.360018, 6.958117
 
14.65024, -0.0007463838, -0.01080501, 22.64049, 0, 0.001463058978662942077568, 26766.42, -654.2992, -1.584829, 0.01663505, 0.1455349, 299.8002, 1.743511, 1.360018, 6.958117
 
14.66024, -0.0007226923, -0.01081248, 22.63198, 0, 0.001465565045474197926328, 26723.34, -654.6873, -1.584829, 0.01663505, 0.1455349, 299.6079, 1.743338, 1.360018, 6.958117
 
14.67024, -0.0007246901, -0.0108197, 22.62289, 0, 0.00146905368393497652744, 26680.38, -655.0579, -1.584829, 0.01663505, 0.1455349, 299.4159, 1.743165, 1.360018, 6.958117
 
14.68024, -0.0007010048, -0.01082695, 22.61323, 0, 0.00147145820546338444188, 26637.56, -655.4111, -1.584829, 0.01663505, 0.1455349, 299.2244, 1.742992, 1.360018, 6.958117
 
14.69024, -0.0006839348, -0.01083396, 22.60296, 0, 0.00147406332166260202263, 26594.86, -655.7464, -1.584829, 0.01663505, 0.1455349, 299.0332, 1.742819, 1.360018, 6.958117
 
14.70024, -0.0006753929, -0.0108408, 22.5921, 0, 0.001476958811866567311986, 26552.26, -656.0638, -1.584829, 0.01663505, 0.1455349, 298.8424, 1.742647, 1.360018, 6.958117
 
14.71024, -0.0006623095, -0.01084755, 22.58063, 0, 0.00147961722528198855433, 26509.79, -656.3629, -1.584829, 0.01663505, 0.1455349, 298.652, 1.742475, 1.360018, 6.958117
 
14.72024, -0.0006720219, -0.01085418, 22.56856, 0, 0.001483161490904916757832, 26467.44, -656.6435, -1.584829, 0.01663505, 0.1455349, 298.462, 1.742303, 1.360018, 6.958117
 
14.73024, -0.000670308, -0.0108609, 22.55586, 0, 0.001486207676431021288404, 26425.21, -656.9053, -1.584829, 0.01663505, 0.1455349, 298.2723, 1.742132, 1.360018, 6.958117
 
14.74024, -0.0006969212, -0.0108676, 22.54255, 0, 0.001490389339841173037805, 26383.1, -657.1483, -1.584829, 0.01663505, 0.1455349, 298.0831, 1.741961, 1.360018, 6.958117
 
14.75024, -0.0007114577, -0.01087457, 22.5286, 0, 0.001494069252157785748448, 26341.09, -657.372, -1.584829, 0.01663505, 0.1455349, 297.8942, 1.741791, 1.360018, 6.958117
 
14.76024, -0.0007102785, -0.01088168, 22.51403, 0, 0.001497076156555134547792, 26299.22, -657.5764, -1.584829, 0.01663505, 0.1455349, 297.7057, 1.741621, 1.360018, 6.958117
 
14.77024, -0.000741147, -0.01088879, 22.49881, 0, 0.001501379786932804311936, 26257.46, -657.7612, -1.584829, 0.01663505, 0.1455349, 297.5175, 1.741451, 1.360018, 6.958117
 
14.78024, -0.0007597425, -0.0108962, 22.48295, 0, 0.001505175149879220961368, 26215.81, -657.9262, -1.584829, 0.01663505, 0.1455349, 297.3297, 1.741282, 1.360018, 6.958117
 
14.79024, -0.0007910904, -0.0109038, 22.46644, 0, 0.0015094911855636010586678427, 26174.28, -658.0712, -1.584829, 0.01663505, 0.1455349, 297.1423, 1.741112, 1.360018, 6.958117
 
14.80024, -0.0008040351, -0.01091171, 22.44927, 0, 0.001513039401823517854748, 26132.86, -658.196, -1.584829, 0.01663505, 0.1455349, 296.9553, 1.740944, 1.360018, 6.958117
 
14.81024, -0.0008114311, -0.01091975, 22.43145, 0, 0.001516330365157619055642, 26091.56, -658.3004, -1.584829, 0.01663505, 0.1455349, 296.7686, 1.740775, 1.360018, 6.958117
 
14.82024, -0.000839856, -0.01092786, 22.41296, 0, 0.001520476492156411701792, 26050.37, -658.384, -1.584829, 0.01663505, 0.1455349, 296.5823, 1.740607, 1.360018, 6.958117
 
14.83024, -0.000864127, -0.01093626, 22.39379, 0, 0.0015244459766247398780055656, 26009.29, -658.447, -1.584829, 0.01663505, 0.1455349, 296.3964, 1.740439, 1.360018, 6.958117
 
14.84024, -0.0008823748, -0.0109449, 22.37395, 0, 0.001528153019407344458856, 25968.32, -658.489, -1.584829, 0.01663505, 0.1455349, 296.2108, 1.740272, 1.360018, 6.958117
 
14.85024, -0.0009189032, -0.01095372, 22.35343, 0, 0.00153261817140496627164, 25927.45, -658.5098, -1.584829, 0.01663505, 0.1455349, 296.0255, 1.740105, 1.360018, 6.958117
 
14.86024, -0.0009308322, -0.01096291, 22.33222, 0, 0.0015360482938883103527981086, 25886.68, -658.5092, -1.584829, 0.01663505, 0.1455349, 295.8404, 1.739938, 1.360018, 6.958117
 
14.87024, -0.0009471407, -0.01097222, 22.31032, 0, 0.001539635133505427461404, 25846.02, -658.4869, -1.584829, 0.01663505, 0.1455349, 295.6557, 1.739771, 1.360018, 6.958117
 
14.88025, -0.0009456542, -0.01098169, 22.28772, 0, 0.0015424412302161628098328464, 25805.46, -658.443, -1.584829, 0.01663505, 0.1455349, 295.4713, 1.739605, 1.360018, 6.958117
 
14.89025, -0.0009450205, -0.01099115, 22.2644, 0, 0.0015452332422336711875516770, 25764.99, -658.3767, -1.584829, 0.01663505, 0.1455349, 295.2871, 1.739439, 1.360018, 6.958117
 
14.90025, -0.0009749232, -0.0110006, 22.24039, 0, 0.001549285990723165473975, 25724.62, -658.2886, -1.584829, 0.01663505, 0.1455349, 295.1033, 1.739273, 1.360018, 6.958117
 
14.91025, -0.0009965488, -0.01101035, 22.21566, 0, 0.001552979715333507667768, 25684.34, -658.1779, -1.584829, 0.01663505, 0.1455349, 294.9197, 1.739108, 1.360018, 6.958117
 
14.92025, -0.001016138, -0.01102031, 22.19021, 0, 0.001556569100103857476728, 25644.17, -658.0447, -1.584829, 0.01663505, 0.1455349, 294.7364, 1.738942, 1.360018, 6.958117
 
14.93025, -0.001023915, -0.01103048, 22.16403, 0, 0.001559627434666703859476, 25604.09, -657.8885, -1.584829, 0.01663505, 0.1455349, 294.5534, 1.738777, 1.360018, 6.958117
 
14.94025, -0.00101438, -0.01104072, 22.13713, 0, 0.001561900253753826838303, 25564.1, -657.7095, -1.584829, 0.01663505, 0.1455349, 294.3707, 1.738613, 1.360018, 6.958117
 
14.95025, -0.001003972, -0.01105086, 22.10948, 0, 0.0015640667672385461134786038, 25524.2, -657.5071, -1.584829, 0.01663505, 0.1455349, 294.1882, 1.738448, 1.360018, 6.958117
 
14.96025, -0.001020013, -0.0110609, 22.08111, 0, 0.0015673130528099906801274562, 25484.41, -657.2813, -1.584829, 0.01663505, 0.1455349, 294.006, 1.738284, 1.360018, 6.958117
 
14.97025, -0.001026404, -0.0110711, 22.05199, 0, 0.0015701107873067597161502771, 25444.7, -657.0319, -1.584829, 0.01663505, 0.1455349, 293.8239, 1.73812, 1.360018, 6.958117
 
14.98025, -0.001035224, -0.01108136, 22.02212, 0, 0.0015729704261359399240953308, 25405.08, -656.7587, -1.584829, 0.01663505, 0.1455349, 293.6422, 1.737956, 1.360018, 6.958117
 
14.99025, -0.001028858, -0.01109172, 21.99149, 0, 0.00157512534557633842770, 25365.54, -656.4615, -1.584829, 0.01663505, 0.1455349, 293.4607, 1.737792, 1.360018, 6.958117
 
15.00025, -0.001019563, -0.011102, 21.9601, 0, 0.001577086879693455599898, 25326.1, -656.14, -1.584829, 0.01663505, 0.1455349, 293.2794, 1.737629, 1.360018, 6.958117
 
15.01025, -0.001001621, -0.0111122, 21.92794, 0, 0.001578596934749104114130, 25286.74, -655.7939, -1.584829, 0.01663505, 0.1455349, 293.0984, 1.737466, 1.360018, 6.958117
 
15.02025, -0.0009831218, -0.01112222, 21.89503, 0, 0.001579998261624669516, 25247.47, -655.4233, -1.584829, 0.01663505, 0.1455349, 292.9177, 1.737303, 1.360018, 6.958117
 
15.03025, -0.0009812624, -0.01113205, 21.86134, 0, 0.001582045318931542787726, 25208.29, -655.0281, -1.584829, 0.01663505, 0.1455349, 292.7371, 1.73714, 1.360018, 6.958117
 
15.04025, -0.0009782686, -0.01114186, 21.82686, 0, 0.0015839799589266822389322884, 25169.19, -654.6077, -1.584829, 0.01663505, 0.1455349, 292.5568, 1.736977, 1.360018, 6.958117
 
15.05025, -0.0009780804, -0.01115164, 21.79161, 0, 0.0015859737746690687408919596, 25130.18, -654.1619, -1.584829, 0.01663505, 0.1455349, 292.3767, 1.736815, 1.360018, 6.958117
 
15.06025, -0.0009671085, -0.01116142, 21.75557, 0, 0.0015874291207291205563783298, 25091.26, -653.6909, -1.584829, 0.01663505, 0.1455349, 292.1969, 1.736653, 1.360018, 6.958117
 
15.07025, -0.0009611771, -0.01117109, 21.71874, 0, 0.0015890302092839764446949094, 25052.42, -653.1942, -1.584829, 0.01663505, 0.1455349, 292.0172, 1.736491, 1.360018, 6.958117
 
15.08025, -0.0009332652, -0.01118071, 21.6811, 0, 0.0015895827332048205079712418, 25013.64, -652.6715, -1.584829, 0.01663505, 0.1455349, 291.8377, 1.736329, 1.360018, 6.958117
 
15.09025, -0.0009336041, -0.01119004, 21.64267, 0, 0.001591285513416137062238, 24974.96, -652.1228, -1.584829, 0.01663505, 0.1455349, 291.6585, 1.736167, 1.360018, 6.958117
 
15.10025, -0.0009366151, -0.01119937, 21.60342, 0, 0.001593045444274632972624, 24936.36, -651.5479, -1.584829, 0.01663505, 0.1455349, 291.4795, 1.736006, 1.360018, 6.958117
 
15.11025, -0.0009194392, -0.01120874, 21.56337, 0, 0.001593842387783639419975, 24897.84, -650.9463, -1.584829, 0.01663505, 0.1455349, 291.3006, 1.735845, 1.360018, 6.958117
 
15.12025, -0.0009132226, -0.01121793, 21.5225, 0, 0.001595038958106740240826, 24859.39, -650.3183, -1.584829, 0.01663505, 0.1455349, 291.1219, 1.735684, 1.360018, 6.958117
 
15.13025, -0.0009304025, -0.01122707, 21.4808, 0, 0.0015972089525488494624961971, 24821.02, -649.6633, -1.584829, 0.01663505, 0.1455349, 290.9435, 1.735523, 1.360018, 6.958117
 
15.14025, -0.0009365411, -0.01123637, 21.43829, 0, 0.0015988410880910631484057720, 24782.73, -648.9811, -1.584829, 0.01663505, 0.1455349, 290.7652, 1.735362, 1.360018, 6.958117
 
15.15025, -0.0009433186, -0.01124574, 21.39493, 0, 0.0016004446662084722650619176, 24744.51, -648.2718, -1.584829, 0.01663505, 0.1455349, 290.5871, 1.735201, 1.360018, 6.958117
 
15.16025, -0.0009376396, -0.01125517, 21.35076, 0, 0.001601427208536472885560, 24706.38, -647.5351, -1.584829, 0.01663505, 0.1455349, 290.4092, 1.735041, 1.360018, 6.958117
 
15.17025, -0.0009424655, -0.01126455, 21.30573, 0, 0.001602806782450493617872, 24668.32, -646.7705, -1.584829, 0.01663505, 0.1455349, 290.2314, 1.734881, 1.360018, 6.958117
 
15.18025, -0.0009532509, -0.01127397, 21.25986, 0, 0.001604392658095986898632, 24630.33, -645.9778, -1.584829, 0.01663505, 0.1455349, 290.0539, 1.734721, 1.360018, 6.958117
 
15.19025, -0.0009646965, -0.0112835, 21.21313, 0, 0.0016059543168199822728880046, 24592.41, -645.1572, -1.584829, 0.01663505, 0.1455349, 289.8765, 1.734561, 1.360018, 6.958117
 
15.20025, -0.0009804317, -0.01129315, 21.16556, 0, 0.00160765705974092889105, 24554.56, -644.3081, -1.584829, 0.01663505, 0.1455349, 289.6992, 1.734401, 1.360018, 6.958117
 
15.21025, -0.0009836336, -0.01130295, 21.11712, 0, 0.001608738309200669904094, 24516.79, -643.4304, -1.584829, 0.01663505, 0.1455349, 289.5222, 1.734241, 1.360018, 6.958117
 
15.22025, -0.000980333, -0.01131279, 21.06781, 0, 0.00160945405537853045902, 24479.09, -642.5239, -1.584829, 0.01663505, 0.1455349, 289.3453, 1.734082, 1.360018, 6.958117
 
15.23025, -0.001007329, -0.01132259, 21.01765, 0, 0.0016114775635194345928862230, 24441.46, -641.5887, -1.584829, 0.01663505, 0.1455349, 289.1685, 1.733922, 1.360018, 6.958117
 
15.24025, -0.001034543, -0.01133267, 20.9666, 0, 0.0016134762494350257760773779, 24403.9, -640.6241, -1.584829, 0.01663505, 0.1455349, 288.9919, 1.733763, 1.360018, 6.958117
 
15.25025, -0.001050926, -0.01134301, 20.91467, 0, 0.001614942684561624282032, 24366.41, -639.6299, -1.584829, 0.01663505, 0.1455349, 288.8154, 1.733604, 1.360018, 6.958117
 
15.26025, -0.001056766, -0.01135352, 20.86187, 0, 0.0016158711326621752584272628, 24328.98, -638.6064, -1.584829, 0.01663505, 0.1455349, 288.6391, 1.733445, 1.360018, 6.958117
 
15.27025, -0.001065543, -0.01136409, 20.80817, 0, 0.0016168666471298496215149414, 24291.62, -637.5528, -1.584829, 0.01663505, 0.1455349, 288.4629, 1.733286, 1.360018, 6.958117
 
15.28025, -0.001071569, -0.01137474, 20.75357, 0, 0.001617666865813822856, 24254.33, -636.469, -1.584829, 0.01663505, 0.1455349, 288.2869, 1.733127, 1.360018, 6.958117
 
15.29025, -0.001065754, -0.01138546, 20.69809, 0, 0.001617849264051532116986, 24217.11, -635.3553, -1.584829, 0.01663505, 0.1455349, 288.111, 1.732969, 1.360018, 6.958117
 
15.30025, -0.001077742, -0.01139612, 20.64567, 0, 0.0016189950723198347281985, 24179.95, -634.3328, -1.584829, 0.01663505, 0.1455349, 287.9353, 1.732827, 1.360018, 6.958117
 
15.31026, -0.001073638, -0.01140689, 20.62658, 0, 0.0016213236965540476048366469, 24142.87, -634.3328, -1.584829, 0.01663505, 0.1455349, 287.7597, 1.732827, 1.360018, 6.958117
 
15.32026, -0.001078351, -0.01141763, 20.60751, 0, 0.001624057839752106446219, 24105.84, -634.3328, -1.584829, 0.01663505, 0.1455349, 287.5842, 1.732827, 1.360018, 6.958117
 
15.33026, -0.00108422, -0.01142841, 20.58847, 0, 0.0016268566669566792633065, 24068.88, -634.3328, -1.584829, 0.01663505, 0.1455349, 287.4088, 1.732827, 1.360018, 6.958117
 
15.34026, -0.001082268, -0.01143926, 20.56945, 0, 0.0016293005614076055127752, 24031.99, -634.3328, -1.584829, 0.01663505, 0.1455349, 287.2336, 1.732827, 1.360018, 6.958117
 
15.35026, -0.001076264, -0.01145008, 20.55046, 0, 0.0016315553795318228430451, 23995.17, -634.3328, -1.584829, 0.01663505, 0.1455349, 287.0586, 1.732827, 1.360018, 6.958117
 
15.36026, -0.001068274, -0.01146084, 20.53149, 0, 0.0016337098545177428960209, 23958.41, -634.3328, -1.584829, 0.01663505, 0.1455349, 286.8836, 1.732827, 1.360018, 6.958117
 
15.37026, -0.001054695, -0.01147152, 20.51254, 0, 0.0016355923249634852055879, 23921.71, -634.3328, -1.584829, 0.01663505, 0.1455349, 286.7088, 1.732827, 1.360018, 6.958117
 
15.38026, -0.001041149, -0.01148207, 20.49361, 0, 0.0016374573804844073548921469, 23885.07, -634.3328, -1.584829, 0.01663505, 0.1455349, 286.5342, 1.732827, 1.360018, 6.958117
 
15.39026, -0.001025896, -0.01149248, 20.47471, 0, 0.0016392245807134197059859, 23848.51, -634.3328, -1.584829, 0.01663505, 0.1455349, 286.3596, 1.732827, 1.360018, 6.958117
 
15.40026, -0.00102631, -0.01150274, 20.45584, 0, 0.0016417091099889456793175, 23812.01, -634.3328, -1.584829, 0.01663505, 0.1455349, 286.1852, 1.732827, 1.360018, 6.958117
 
15.41026, -0.001024582, -0.01151301, 20.43698, 0, 0.0016440949546904354590178531, 23775.57, -634.3328, -1.584829, 0.01663505, 0.1455349, 286.0109, 1.732827, 1.360018, 6.958117
 
15.42026, -0.001022534, -0.01152325, 20.41814, 0, 0.001646465043031382747761, 23739.19, -634.3328, -1.584829, 0.01663505, 0.1455349, 285.8368, 1.732827, 1.360018, 6.958117
 
15.43026, -0.001011117, -0.01153348, 20.39933, 0, 0.0016483914654302718269806469, 23702.89, -634.3328, -1.584829, 0.01663505, 0.1455349, 285.6628, 1.732827, 1.360018, 6.958117
 
15.44026, -0.0009942873, -0.01154359, 20.38055, 0, 0.0016500458832889665771488, 23666.64, -634.3328, -1.584829, 0.01663505, 0.1455349, 285.4889, 1.732827, 1.360018, 6.958117
 
15.45026, -0.0009813019, -0.01155353, 20.36178, 0, 0.0016518586940353950743794, 23630.46, -634.3328, -1.584829, 0.01663505, 0.1455349, 285.3152, 1.732827, 1.360018, 6.958117
 
15.46026, -0.0009576107, -0.01156334, 20.34304, 0, 0.0016531449106263048306978469, 23594.35, -634.3328, -1.584829, 0.01663505, 0.1455349, 285.1415, 1.732827, 1.360018, 6.958117
 
15.47026, -0.0009587481, -0.01157292, 20.32432, 0, 0.0016555796829737412166821, 23558.3, -634.3328, -1.584829, 0.01663505, 0.1455349, 284.9681, 1.732827, 1.360018, 6.958117
 
15.48026, -0.0009521807, -0.01158251, 20.30563, 0, 0.0016576504004640577572058, 23522.31, -634.3328, -1.584829, 0.01663505, 0.1455349, 284.7947, 1.732827, 1.360018, 6.958117
 
15.49026, -0.0009457172, -0.01159203, 20.28696, 0, 0.0016597186301079702330032, 23486.39, -634.3328, -1.584829, 0.01663505, 0.1455349, 284.6215, 1.732827, 1.360018, 6.958117
 
15.50026, -0.0009318173, -0.01160149, 20.2683, 0, 0.0016614228048947545705187, 23450.53, -634.3328, -1.584829, 0.01663505, 0.1455349, 284.4485, 1.732827, 1.360018, 6.958117
 
15.51026, -0.0009163278, -0.0116108, 20.24968, 0, 0.0016630324415181844484348, 23414.73, -634.3328, -1.584829, 0.01663505, 0.1455349, 284.2755, 1.732827, 1.360018, 6.958117
 
15.52026, -0.0009216024, -0.01161997, 20.23108, 0, 0.0016656156553677300297549531, 23379, -634.3328, -1.584829, 0.01663505, 0.1455349, 284.1027, 1.732827, 1.360018, 6.958117
 
15.53026, -0.0009246945, -0.01162918, 20.21249, 0, 0.0016681051603360807181818469, 23343.33, -634.3328, -1.584829, 0.01663505, 0.1455349, 283.93, 1.732827, 1.360018, 6.958117
 
15.54026, -0.000922035, -0.01163843, 20.19393, 0, 0.001670323490046363472978, 23307.72, -634.3328, -1.584829, 0.01663505, 0.1455349, 283.7575, 1.732827, 1.360018, 6.958117
 
15.55026, -0.000917456, -0.01164765, 20.1754, 0, 0.0016724489401575694374803, 23272.17, -634.3328, -1.584829, 0.01663505, 0.1455349, 283.585, 1.732827, 1.360018, 6.958117
 
15.56026, -0.0009278786, -0.01165682, 20.15688, 0, 0.0016752925485974237124625469, 23236.69, -634.3328, -1.584829, 0.01663505, 0.1455349, 283.4128, 1.732827, 1.360018, 6.958117
 
15.57026, -0.0009376666, -0.0116661, 20.13839, 0, 0.0016781237178052410781706, 23201.27, -634.3328, -1.584829, 0.01663505, 0.1455349, 283.2406, 1.732827, 1.360018, 6.958117
 
15.58026, -0.0009451716, -0.01167548, 20.11992, 0, 0.0016808620074139733607634531, 23165.91, -634.3328, -1.584829, 0.01663505, 0.1455349, 283.0686, 1.732827, 1.360018, 6.958117
 
15.59026, -0.0009485199, -0.01168493, 20.10147, 0, 0.0016834120499781479980423, 23130.62, -634.3328, -1.584829, 0.01663505, 0.1455349, 282.8967, 1.732827, 1.360018, 6.958117
 
15.60026, -0.000948124, -0.01169442, 20.08305, 0, 0.0016857879432940298116588, 23095.39, -634.3328, -1.584829, 0.01663505, 0.1455349, 282.7249, 1.732827, 1.360018, 6.958117
 
15.61026, -0.0009677949, -0.0117039, 20.06464, 0, 0.0016891415602467090627112, 23060.21, -634.3328, -1.584829, 0.01663505, 0.1455349, 282.5533, 1.732827, 1.360018, 6.958117
 
15.62026, -0.0009829405, -0.01171358, 20.04626, 0, 0.001692307759436948771049, 23025.1, -634.3328, -1.584829, 0.01663505, 0.1455349, 282.3817, 1.732827, 1.360018, 6.958117
 
15.63026, -0.0009976353, -0.01172341, 20.0279, 0, 0.0016954772757557272323552, 22990.05, -634.3328, -1.584829, 0.01663505, 0.1455349, 282.2103, 1.732827, 1.360018, 6.958117
 
15.64026, -0.001007993, -0.01173338, 20.00956, 0, 0.0016984593743120661509468, 22955.06, -634.3328, -1.584829, 0.01663505, 0.1455349, 282.0391, 1.732827, 1.360018, 6.958117
 
15.65026, -0.001016118, -0.01174346, 19.99125, 0, 0.0017013510811157240511495, 22920.14, -634.3328, -1.584829, 0.01663505, 0.1455349, 281.868, 1.732827, 1.360018, 6.958117
 
15.66026, -0.001014836, -0.01175362, 19.97295, 0, 0.0017037966341309196771024, 22885.27, -634.3328, -1.584829, 0.01663505, 0.1455349, 281.697, 1.732827, 1.360018, 6.958117
 
15.67026, -0.001040727, -0.01176377, 19.95468, 0, 0.0017075765021008286845942, 22850.47, -634.3328, -1.584829, 0.01663505, 0.1455349, 281.5261, 1.732827, 1.360018, 6.958117
 
15.68026, -0.001063921, -0.01177418, 19.93643, 0, 0.0017112668076001913619392, 22815.72, -634.3328, -1.584829, 0.01663505, 0.1455349, 281.3553, 1.732827, 1.360018, 6.958117
 
15.69026, -0.001080896, -0.01178482, 19.91821, 0, 0.0017146892549700580299072469, 22781.04, -634.3328, -1.584829, 0.01663505, 0.1455349, 281.1847, 1.732827, 1.360018, 6.958117
 
15.70026, -0.001091865, -0.01179563, 19.9, 0, 0.0017178438442103955172129531, 22746.42, -634.3328, -1.584829, 0.01663505, 0.1455349, 281.0143, 1.732827, 1.360018, 6.958117
 
15.71026, -0.001105876, -0.01180655, 19.88182, 0, 0.0017211684362883689726132, 22711.86, -634.3328, -1.584829, 0.01663505, 0.1455349, 280.8439, 1.732827, 1.360018, 6.958117
 
15.72026, -0.001114, -0.0118176, 19.86366, 0, 0.0017242259995189645212359, 22677.37, -634.3328, -1.584829, 0.01663505, 0.1455349, 280.6736, 1.732827, 1.360018, 6.958117
 
15.73026, -0.001120026, -0.01182874, 19.84552, 0, 0.0017271948295611484279539, 22642.92, -634.3328, -1.584829, 0.01663505, 0.1455349, 280.5035, 1.732827, 1.360018, 6.958117
 
15.74026, -0.001109952, -0.01183994, 19.82741, 0, 0.001729376670857513192919, 22608.55, -634.3328, -1.584829, 0.01663505, 0.1455349, 280.3336, 1.732827, 1.360018, 6.958117
 
15.75027, -0.001105224, -0.01185104, 19.80931, 0, 0.0017318114432049578717246, 22574.22, -634.3328, -1.584829, 0.01663505, 0.1455349, 280.1637, 1.732827, 1.360018, 6.958117
 
15.76027, -0.001109289, -0.0118621, 19.79123, 0, 0.0017346782715445751246643, 22539.97, -634.3328, -1.584829, 0.01663505, 0.1455349, 279.994, 1.732827, 1.360018, 6.958117
 
15.77027, -0.001106195, -0.01187319, 19.77318, 0, 0.0017371976306697662969854469, 22505.76, -634.3328, -1.584829, 0.01663505, 0.1455349, 279.8244, 1.732827, 1.360018, 6.958117
 
15.78027, -0.001126433, -0.01188425, 19.75515, 0, 0.001740878814065639110846, 22471.62, -634.3328, -1.584829, 0.01663505, 0.1455349, 279.6549, 1.732827, 1.360018, 6.958117
 
15.79027, -0.001135443, -0.01189552, 19.73714, 0, 0.0017440334033059931837944, 22437.54, -634.3328, -1.584829, 0.01663505, 0.1455349, 279.4856, 1.732827, 1.360018, 6.958117
 
15.80027, -0.001131976, -0.01190687, 19.71915, 0, 0.0017465801287416290681048469, 22403.52, -634.3328, -1.584829, 0.01663505, 0.1455349, 279.3163, 1.732827, 1.360018, 6.958117
 
15.81027, -0.001132044, -0.01191819, 19.70119, 0, 0.0017493010034255328976136, 22369.56, -634.3328, -1.584829, 0.01663505, 0.1455349, 279.1472, 1.732827, 1.360018, 6.958117
 
15.82027, -0.001137155, -0.01192951, 19.68324, 0, 0.0017522772970069207056891531, 22335.65, -634.3328, -1.584829, 0.01663505, 0.1455349, 278.9783, 1.732827, 1.360018, 6.958117
 
15.83027, -0.001129965, -0.01194088, 19.66532, 0, 0.0017546457267835986179481, 22301.8, -634.3328, -1.584829, 0.01663505, 0.1455349, 278.8094, 1.732827, 1.360018, 6.958117
 
15.84027, -0.001124843, -0.01195218, 19.64741, 0, 0.0017571095240057573852272, 22268.01, -634.3328, -1.584829, 0.01663505, 0.1455349, 278.6407, 1.732827, 1.360018, 6.958117
 
15.85027, -0.001107394, -0.01196343, 19.62953, 0, 0.0017589463839341001343000469, 22234.29, -634.3328, -1.584829, 0.01663505, 0.1455349, 278.4721, 1.732827, 1.360018, 6.958117
 
15.86027, -0.001097504, -0.0119745, 19.61167, 0, 0.0017611398351803422418332, 22200.61, -634.3328, -1.584829, 0.01663505, 0.1455349, 278.3036, 1.732827, 1.360018, 6.958117
 
15.87027, -0.001086213, -0.01198548, 19.59383, 0, 0.0017632486996488627343148469, 22167, -634.3328, -1.584829, 0.01663505, 0.1455349, 278.1352, 1.732827, 1.360018, 6.958117
 
15.88027, -0.001069987, -0.01199634, 19.57601, 0, 0.0017650921938342664036818, 22133.45, -634.3328, -1.584829, 0.01663505, 0.1455349, 277.967, 1.732827, 1.360018, 6.958117
 
15.89027, -0.001052555, -0.01200704, 19.55822, 0, 0.001766851930524074853418, 22099.96, -634.3328, -1.584829, 0.01663505, 0.1455349, 277.7989, 1.732827, 1.360018, 6.958117
 
15.90027, -0.00103913, -0.01201757, 19.54045, 0, 0.0017687899628728412752057, 22066.52, -634.3328, -1.584829, 0.01663505, 0.1455349, 277.6309, 1.732827, 1.360018, 6.958117
 
15.91027, -0.001028023, -0.01202796, 19.52268, 0, 0.0017708275090777785788667469, 22033.13, -634.3328, -1.584829, 0.01663505, 0.1455349, 277.463, 1.732827, 1.360018, 6.958117
 
15.92027, -0.001031411, -0.01203824, 19.50495, 0, 0.0017735890185862821322384, 21999.81, -634.3328, -1.584829, 0.01663505, 0.1455349, 277.2953, 1.732827, 1.360018, 6.958117
 
15.93027, -0.00103462, -0.01204855, 19.48724, 0, 0.0017763488695305246019472, 21966.55, -634.3328, -1.584829, 0.01663505, 0.1455349, 277.1277, 1.732827, 1.360018, 6.958117
 
15.94027, -0.001036076, -0.0120589, 19.46955, 0, 0.0017790266215434246428667531, 21933.34, -634.3328, -1.584829, 0.01663505, 0.1455349, 276.9602, 1.732827, 1.360018, 6.958117
 
15.95027, -0.001032292, -0.01206926, 19.45188, 0, 0.0017814398325553840130204469, 21900.2, -634.3328, -1.584829, 0.01663505, 0.1455349, 276.7928, 1.732827, 1.360018, 6.958117
 
15.96027, -0.00102698, -0.01207958, 19.43423, 0, 0.0017837717739181107641629531, 21867.11, -634.3328, -1.584829, 0.01663505, 0.1455349, 276.6256, 1.732827, 1.360018, 6.958117
 
15.97027, -0.001013516, -0.01208985, 19.4166, 0, 0.0017856791228278937209929531, 21834.07, -634.3328, -1.584829, 0.01663505, 0.1455349, 276.4584, 1.732827, 1.360018, 6.958117
 
15.98027, -0.001009089, -0.01209999, 19.39899, 0, 0.001788031796244012556652, 21801.09, -634.3328, -1.584829, 0.01663505, 0.1455349, 276.2914, 1.732827, 1.360018, 6.958117
 
15.99027, -0.001005037, -0.01211008, 19.38141, 0, 0.0017903993967385474878475, 21768.17, -634.3328, -1.584829, 0.01663505, 0.1455349, 276.1246, 1.732827, 1.360018, 6.958117
 
16.00027, -0.001008158, -0.01212013, 19.36384, 0, 0.0017931335399366229148725469, 21735.3, -634.3328, -1.584829, 0.01663505, 0.1455349, 275.9578, 1.732827, 1.360018, 6.958117
 
16.01027, -0.001004483, -0.01213021, 19.34629, 0, 0.0017955235310487861357834, 21702.49, -634.3328, -1.584829, 0.01663505, 0.1455349, 275.7911, 1.732827, 1.360018, 6.958117
 
16.02027, -0.00100443, -0.01214026, 19.32877, 0, 0.0017980976227948584392618, 21669.75, -634.3328, -1.584829, 0.01663505, 0.1455349, 275.6246, 1.732827, 1.360018, 6.958117
 
16.03027, -0.001006349, -0.0121503, 19.31126, 0, 0.0018007762040899014612448, 21637.04, -634.3328, -1.584829, 0.01663505, 0.1455349, 275.4582, 1.732827, 1.360018, 6.958117
 
16.04027, -0.00100311, -0.01216036, 19.29378, 0, 0.0018031927322303829987242, 21604.41, -634.3328, -1.584829, 0.01663505, 0.1455349, 275.2919, 1.732827, 1.360018, 6.958117
 
16.05027, -0.001003501, -0.0121704, 19.27631, 0, 0.0018057941902869000141919, 21571.82, -634.3328, -1.584829, 0.01663505, 0.1455349, 275.1257, 1.732827, 1.360018, 6.958117
 
16.06027, -0.001019776, -0.01218043, 19.25887, 0, 0.0018092265890423663554224531, 21539.29, -634.3328, -1.584829, 0.01663505, 0.1455349, 274.9596, 1.732827, 1.360018, 6.958117
 
16.07027, -0.001040638, -0.01219063, 19.24145, 0, 0.001812926845927353584494, 21506.82, -634.3328, -1.584829, 0.01663505, 0.1455349, 274.7937, 1.732827, 1.360018, 6.958117
 
16.08027, -0.001054266, -0.01220104, 19.22404, 0, 0.001816285438572840964999, 21474.39, -634.3328, -1.584829, 0.01663505, 0.1455349, 274.6279, 1.732827, 1.360018, 6.958117
 
16.09027, -0.001074571, -0.01221158, 19.20666, 0, 0.0018200163788968033662069, 21442.04, -634.3328, -1.584829, 0.01663505, 0.1455349, 274.4622, 1.732827, 1.360018, 6.958117
 
16.10027, -0.001089222, -0.01222232, 19.1893, 0, 0.0018234869246304653665740531, 21409.72, -634.3328, -1.584829, 0.01663505, 0.1455349, 274.2966, 1.732827, 1.360018, 6.958117
 
16.11027, -0.001086762, -0.01223322, 19.17196, 0, 0.0018260850655584519218947, 21377.47, -634.3328, -1.584829, 0.01663505, 0.1455349, 274.1311, 1.732827, 1.360018, 6.958117
 
16.12027, -0.001082864, -0.01224408, 19.15464, 0, 0.0018286069125300388661208, 21345.28, -634.3328, -1.584829, 0.01663505, 0.1455349, 273.9658, 1.732827, 1.360018, 6.958117
 
16.13027, -0.001081127, -0.01225491, 19.13733, 0, 0.0018312382247434046583041, 21313.14, -634.3328, -1.584829, 0.01663505, 0.1455349, 273.8005, 1.732827, 1.360018, 6.958117
 
16.14027, -0.001094713, -0.01226572, 19.12005, 0, 0.0018346772577559567982928, 21281.05, -634.3328, -1.584829, 0.01663505, 0.1455349, 273.6355, 1.732827, 1.360018, 6.958117
 
16.15027, -0.001109928, -0.01227667, 19.10279, 0, 0.0018382265852924224744808, 21249.02, -634.3328, -1.584829, 0.01663505, 0.1455349, 273.4705, 1.732827, 1.360018, 6.958117
 
16.16027, -0.001123219, -0.01228777, 19.08555, 0, 0.0018417004481546315206377, 21217.05, -634.3328, -1.584829, 0.01663505, 0.1455349, 273.3056, 1.732827, 1.360018, 6.958117
 
16.17027, -0.001136165, -0.012299, 19.06833, 0, 0.0018451809452739263655527469, 21185.13, -634.3328, -1.584829, 0.01663505, 0.1455349, 273.1409, 1.732827, 1.360018, 6.958117
 
16.18027, -0.001150785, -0.01231036, 19.05113, 0, 0.0018487733954813875375086, 21153.26, -634.3328, -1.584829, 0.01663505, 0.1455349, 272.9762, 1.732827, 1.360018, 6.958117
 
16.19028, -0.001148467, -0.01232187, 19.03395, 0, 0.0018514926116010385761758469, 21121.44, -634.3328, -1.584829, 0.01663505, 0.1455349, 272.8117, 1.732827, 1.360018, 6.958117
 
16.20028, -0.001141269, -0.01233335, 19.01679, 0, 0.0018539506038482379401175531, 21089.69, -634.3328, -1.584829, 0.01663505, 0.1455349, 272.6473, 1.732827, 1.360018, 6.958117
 
16.21028, -0.001136356, -0.01234477, 18.99965, 0, 0.0018565222077479227645123469, 21057.98, -634.3328, -1.584829, 0.01663505, 0.1455349, 272.483, 1.732827, 1.360018, 6.958117
 
16.22028, -0.001135177, -0.01235613, 18.98253, 0, 0.0018592870343849650708524, 21026.33, -634.3328, -1.584829, 0.01663505, 0.1455349, 272.3189, 1.732827, 1.360018, 6.958117
 
16.23028, -0.00112912, -0.01236748, 18.96543, 0, 0.0018617922957138582502365, 20994.74, -634.3328, -1.584829, 0.01663505, 0.1455349, 272.1549, 1.732827, 1.360018, 6.958117
 
16.24028, -0.001125333, -0.01237877, 18.94835, 0, 0.0018644119979773384070304, 20963.19, -634.3328, -1.584829, 0.01663505, 0.1455349, 271.9909, 1.732827, 1.360018, 6.958117
 
16.25028, -0.001128769, -0.01239003, 18.93129, 0, 0.0018674156578691709270952531, 20931.7, -634.3328, -1.584829, 0.01663505, 0.1455349, 271.8271, 1.732827, 1.360018, 6.958117
 
16.26028, -0.001134235, -0.01240132, 18.91425, 0, 0.0018705354172598846795181469, 20900.27, -634.3328, -1.584829, 0.01663505, 0.1455349, 271.6634, 1.732827, 1.360018, 6.958117
 
16.27028, -0.001131177, -0.01241266, 18.89723, 0, 0.0018732090228621112792272, 20868.89, -634.3328, -1.584829, 0.01663505, 0.1455349, 271.4998, 1.732827, 1.360018, 6.958117
 
16.28028, -0.001126844, -0.01242397, 18.88023, 0, 0.001875811310200762982937, 20837.56, -634.3328, -1.584829, 0.01663505, 0.1455349, 271.3364, 1.732827, 1.360018, 6.958117
 
16.29028, -0.001118328, -0.01243524, 18.86325, 0, 0.0018781847156702407318272, 20806.29, -634.3328, -1.584829, 0.01663505, 0.1455349, 271.173, 1.732827, 1.360018, 6.958117
 
16.30028, -0.001096769, -0.01244642, 18.84629, 0, 0.0018798416213753395467216531, 20775.07, -634.3328, -1.584829, 0.01663505, 0.1455349, 271.0098, 1.732827, 1.360018, 6.958117
 
16.31028, -0.001086454, -0.01245739, 18.82935, 0, 0.0018820740488819368800975469, 20743.9, -634.3328, -1.584829, 0.01663505, 0.1455349, 270.8466, 1.732827, 1.360018, 6.958117
 
16.32028, -0.001094837, -0.01246825, 18.81242, 0, 0.0018853057613608086667399, 20712.77, -634.3328, -1.584829, 0.01663505, 0.1455349, 270.6837, 1.732827, 1.360018, 6.958117
 
16.33028, -0.001103668, -0.0124792, 18.79552, 0, 0.0018885781086642884700665, 20681.72, -634.3328, -1.584829, 0.01663505, 0.1455349, 270.5208, 1.732827, 1.360018, 6.958117
 
16.34028, -0.001108901, -0.01249024, 18.77864, 0, 0.0018916713310266839059208469, 20650.71, -634.3328, -1.584829, 0.01663505, 0.1455349, 270.358, 1.732827, 1.360018, 6.958117
 
16.35028, -0.001119645, -0.01250133, 18.76177, 0, 0.0018950763634717055351621, 20619.75, -634.3328, -1.584829, 0.01663505, 0.1455349, 270.1953, 1.732827, 1.360018, 6.958117
 
16.36028, -0.001125297, -0.01251252, 18.74493, 0, 0.0018982234891728391211102531, 20588.84, -634.3328, -1.584829, 0.01663505, 0.1455349, 270.0328, 1.732827, 1.360018, 6.958117
 
16.37028, -0.001114687, -0.01252378, 18.7281, 0, 0.0019004948929397585090435, 20557.98, -634.3328, -1.584829, 0.01663505, 0.1455349, 269.8703, 1.732827, 1.360018, 6.958117
 
16.38028, -0.001111506, -0.01253492, 18.71129, 0, 0.0019031577178742424544266, 20527.18, -634.3328, -1.584829, 0.01663505, 0.1455349, 269.708, 1.732827, 1.360018, 6.958117
 
16.39028, -0.001110626, -0.01254604, 18.69451, 0, 0.0019059441058467949478826, 20496.44, -634.3328, -1.584829, 0.01663505, 0.1455349, 269.5458, 1.732827, 1.360018, 6.958117
 
16.40028, -0.001105032, -0.01255715, 18.67775, 0, 0.0019084734163575940862876, 20465.74, -634.3328, -1.584829, 0.01663505, 0.1455349, 269.3837, 1.732827, 1.360018, 6.958117
 
16.41028, -0.001110213, -0.0125682, 18.661, 0, 0.0019115882000554831236152, 20435.09, -634.3328, -1.584829, 0.01663505, 0.1455349, 269.2217, 1.732827, 1.360018, 6.958117
 
16.42028, -0.00110562, -0.0125793, 18.64427, 0, 0.0019141755603157104389672, 20404.5, -634.3328, -1.584829, 0.01663505, 0.1455349, 269.0598, 1.732827, 1.360018, 6.958117
 
16.43028, -0.001104832, -0.01259036, 18.62756, 0, 0.00191696858254534043836, 20373.96, -634.3328, -1.584829, 0.01663505, 0.1455349, 268.8981, 1.732827, 1.360018, 6.958117
 
16.44028, -0.0010916, -0.0126014, 18.61087, 0, 0.0019190757884495832615361, 20343.46, -634.3328, -1.584829, 0.01663505, 0.1455349, 268.7365, 1.732827, 1.360018, 6.958117
 
16.45028, -0.001077533, -0.01261232, 18.59419, 0, 0.0019211183103473286946497469, 20313.02, -634.3328, -1.584829, 0.01663505, 0.1455349, 268.5749, 1.732827, 1.360018, 6.958117
 
16.46028, -0.001085425, -0.01262309, 18.57755, 0, 0.0019243549985190086107447, 20282.63, -634.3328, -1.584829, 0.01663505, 0.1455349, 268.4135, 1.732827, 1.360018, 6.958117
 
16.47028, -0.001095337, -0.01263395, 18.56092, 0, 0.0019277193961394388089444, 20252.3, -634.3328, -1.584829, 0.01663505, 0.1455349, 268.2522, 1.732827, 1.360018, 6.958117
 
16.48028, -0.001107222, -0.0126449, 18.5443, 0, 0.0019312123324907456846696, 20222.01, -634.3328, -1.584829, 0.01663505, 0.1455349, 268.091, 1.732827, 1.360018, 6.958117
 
16.49028, -0.00111757, -0.01265598, 18.5277, 0, 0.0019346414141176732729317531, 20191.77, -634.3328, -1.584829, 0.01663505, 0.1455349, 267.9299, 1.732827, 1.360018, 6.958117
 
16.50028, -0.001120148, -0.01266715, 18.51112, 0, 0.0019376583425236773905129, 20161.58, -634.3328, -1.584829, 0.01663505, 0.1455349, 267.7689, 1.732827, 1.360018, 6.958117
 
16.51028, -0.001136083, -0.01267835, 18.49457, 0, 0.0019414266005436924697939531, 20131.45, -634.3328, -1.584829, 0.01663505, 0.1455349, 267.608, 1.732827, 1.360018, 6.958117
 
16.52028, -0.001130934, -0.01268971, 18.47803, 0, 0.0019440471320893156076513, 20101.36, -634.3328, -1.584829, 0.01663505, 0.1455349, 267.4472, 1.732827, 1.360018, 6.958117
 
16.53028, -0.001141399, -0.01270102, 18.46151, 0, 0.0019475342634656796656818, 20071.33, -634.3328, -1.584829, 0.01663505, 0.1455349, 267.2866, 1.732827, 1.360018, 6.958117
 
16.54028, -0.001138666, -0.01271244, 18.44502, 0, 0.0019503024072312690178116, 20041.35, -634.3328, -1.584829, 0.01663505, 0.1455349, 267.1261, 1.732827, 1.360018, 6.958117
 
16.55028, -0.001143165, -0.01272382, 18.42853, 0, 0.0019534744113964432510227531, 20011.41, -634.3328, -1.584829, 0.01663505, 0.1455349, 266.9656, 1.732827, 1.360018, 6.958117
 
16.56028, -0.001149851, -0.01273526, 18.41207, 0, 0.0019567799299853271696760469, 19981.52, -634.3328, -1.584829, 0.01663505, 0.1455349, 266.8053, 1.732827, 1.360018, 6.958117
 
16.57028, -0.001144134, -0.01274675, 18.39563, 0, 0.0019594012908130601173114531, 19951.69, -634.3328, -1.584829, 0.01663505, 0.1455349, 266.6451, 1.732827, 1.360018, 6.958117
 
16.58028, -0.001137472, -0.0127582, 18.3792, 0, 0.0019619629433271120971583531, 19921.91, -634.3328, -1.584829, 0.01663505, 0.1455349, 266.485, 1.732827, 1.360018, 6.958117
 
16.59028, -0.00113472, -0.01276957, 18.3628, 0, 0.0019647368920676608526255469, 19892.18, -634.3328, -1.584829, 0.01663505, 0.1455349, 266.325, 1.732827, 1.360018, 6.958117
 
16.60028, -0.001134399, -0.01278092, 18.3464, 0, 0.0019676460137961472059123469, 19862.49, -634.3328, -1.584829, 0.01663505, 0.1455349, 266.1651, 1.732827, 1.360018, 6.958117
 
16.61028, -0.001129557, -0.01279226, 18.33004, 0, 0.0019703013751914023714738531, 19832.86, -634.3328, -1.584829, 0.01663505, 0.1455349, 266.0054, 1.732827, 1.360018, 6.958117
 
16.62029, -0.00113064, -0.01280356, 18.31369, 0, 0.0019732876201584230240973, 19803.28, -634.3328, -1.584829, 0.01663505, 0.1455349, 265.8457, 1.732827, 1.360018, 6.958117
 
16.63029, -0.001120994, -0.01281486, 18.29736, 0, 0.0019756693184492559482298469, 19773.74, -634.3328, -1.584829, 0.01663505, 0.1455349, 265.6862, 1.732827, 1.360018, 6.958117
 
16.64029, -0.001142389, -0.01282607, 18.28104, 0, 0.0019798024606085338540349, 19744.26, -634.3328, -1.584829, 0.01663505, 0.1455349, 265.5267, 1.732827, 1.360018, 6.958117
 
16.65029, -0.001151114, -0.0128375, 18.26474, 0, 0.0019832522742888369411709, 19714.82, -634.3328, -1.584829, 0.01663505, 0.1455349, 265.3674, 1.732827, 1.360018, 6.958117
 
16.66029, -0.001161961, -0.01284901, 18.24847, 0, 0.0019868397488034982764955, 19685.43, -634.3328, -1.584829, 0.01663505, 0.1455349, 265.2082, 1.732827, 1.360018, 6.958117
 
16.67029, -0.001171452, -0.01286063, 18.23222, 0, 0.0019903716614151354995994, 19656.1, -634.3328, -1.584829, 0.01663505, 0.1455349, 265.049, 1.732827, 1.360018, 6.958117
 
16.68029, -0.001173469, -0.01287234, 18.21597, 0, 0.0019934939086522367311059, 19626.81, -634.3328, -1.584829, 0.01663505, 0.1455349, 264.89, 1.732827, 1.360018, 6.958117
 
16.69029, -0.001177802, -0.01288408, 18.19975, 0, 0.0019967563045700919827059531, 19597.56, -634.3328, -1.584829, 0.01663505, 0.1455349, 264.7311, 1.732827, 1.360018, 6.958117
 
16.70029, -0.001180997, -0.01289586, 18.18354, 0, 0.0019999623093028050194859, 19568.37, -634.3328, -1.584829, 0.01663505, 0.1455349, 264.5723, 1.732827, 1.360018, 6.958117
 
16.71029, -0.001186502, -0.01290767, 18.16736, 0, 0.0020033101212805414528436, 19539.23, -634.3328, -1.584829, 0.01663505, 0.1455349, 264.4136, 1.732827, 1.360018, 6.958117
 
16.72029, -0.00119562, -0.01291953, 18.1512, 0, 0.0020068768637418355821157, 19510.13, -634.3328, -1.584829, 0.01663505, 0.1455349, 264.255, 1.732827, 1.360018, 6.958117
 
16.73029, -0.001210308, -0.01293149, 18.13505, 0, 0.0020107836118783518906488, 19481.08, -634.3328, -1.584829, 0.01663505, 0.1455349, 264.0966, 1.732827, 1.360018, 6.958117
 
16.74029, -0.001223598, -0.01294359, 18.11892, 0, 0.0020146364566761134634454, 19452.08, -634.3328, -1.584829, 0.01663505, 0.1455349, 263.9382, 1.732827, 1.360018, 6.958117
 
16.75029, -0.001221247, -0.01295583, 18.1028, 0, 0.0020176110916932401878581, 19423.13, -634.3328, -1.584829, 0.01663505, 0.1455349, 263.7799, 1.732827, 1.360018, 6.958117
 
16.76029, -0.00122139, -0.01296804, 18.08671, 0, 0.0020207291925196596853327531, 19394.22, -634.3328, -1.584829, 0.01663505, 0.1455349, 263.6218, 1.732827, 1.360018, 6.958117
 
16.77029, -0.001228724, -0.01298025, 18.07064, 0, 0.0020242669101062480189527, 19365.37, -634.3328, -1.584829, 0.01663505, 0.1455349, 263.4637, 1.732827, 1.360018, 6.958117
 
16.78029, -0.001234902, -0.01299254, 18.05458, 0, 0.0020277532122004773887411, 19336.56, -634.3328, -1.584829, 0.01663505, 0.1455349, 263.3058, 1.732827, 1.360018, 6.958117
 
16.79029, -0.001243358, -0.01300489, 18.03854, 0, 0.002031384638668277200897, 19307.8, -634.3328, -1.584829, 0.01663505, 0.1455349, 263.1479, 1.732827, 1.360018, 6.958117
 
16.80029, -0.001244557, -0.01301732, 18.02251, 0, 0.0020346113754543408580867531, 19279.09, -634.3328, -1.584829, 0.01663505, 0.1455349, 262.9902, 1.732827, 1.360018, 6.958117
 
16.81029, -0.001240055, -0.01302977, 18.00651, 0, 0.0020375105457972192452897, 19250.43, -634.3328, -1.584829, 0.01663505, 0.1455349, 262.8326, 1.732827, 1.360018, 6.958117
 
16.82029, -0.001225947, -0.01304217, 17.99053, 0, 0.0020398449750063749396225469, 19221.81, -634.3328, -1.584829, 0.01663505, 0.1455349, 262.675, 1.732827, 1.360018, 6.958117
 
16.83029, -0.001218125, -0.01305443, 17.97456, 0, 0.0020425252148656790452684, 19193.24, -634.3328, -1.584829, 0.01663505, 0.1455349, 262.5176, 1.732827, 1.360018, 6.958117
 
16.84029, -0.001210962, -0.01306661, 17.95861, 0, 0.0020452344795997055322091, 19164.72, -634.3328, -1.584829, 0.01663505, 0.1455349, 262.3604, 1.732827, 1.360018, 6.958117
 
16.85029, -0.001198393, -0.01307872, 17.94268, 0, 0.0020476178364548078328258469, 19136.25, -634.3328, -1.584829, 0.01663505, 0.1455349, 262.2032, 1.732827, 1.360018, 6.958117
 
16.86029, -0.001179259, -0.0130907, 17.92677, 0, 0.0020495973329102920810758531, 19107.82, -634.3328, -1.584829, 0.01663505, 0.1455349, 262.0461, 1.732827, 1.360018, 6.958117
 
16.87029, -0.001163176, -0.0131025, 17.91087, 0, 0.0020517261001500367985465531, 19079.45, -634.3328, -1.584829, 0.01663505, 0.1455349, 261.8891, 1.732827, 1.360018, 6.958117
 
16.88029, -0.001153452, -0.01311413, 17.89499, 0, 0.002054206483014897623489, 19051.11, -634.3328, -1.584829, 0.01663505, 0.1455349, 261.7322, 1.732827, 1.360018, 6.958117
 
16.89029, -0.001147852, -0.01312566, 17.87913, 0, 0.0020569157477489158176083531, 19022.82, -634.3328, -1.584829, 0.01663505, 0.1455349, 261.5754, 1.732827, 1.360018, 6.958117
 
16.90029, -0.001140249, -0.01313714, 17.86329, 0, 0.0020595006201627556538767469, 18994.58, -634.3328, -1.584829, 0.01663505, 0.1455349, 261.4187, 1.732827, 1.360018, 6.958117
 
16.91029, -0.001129406, -0.01314854, 17.84746, 0, 0.0020618831477357149734300469, 18966.38, -634.3328, -1.584829, 0.01663505, 0.1455349, 261.2621, 1.732827, 1.360018, 6.958117
 
16.92029, -0.00113135, -0.01315984, 17.83166, 0, 0.0020650070535370689957780531, 18938.24, -634.3328, -1.584829, 0.01663505, 0.1455349, 261.1057, 1.732827, 1.360018, 6.958117
 
16.93029, -0.00113578, -0.01317115, 17.81587, 0, 0.0020682860350976345978628, 18910.14, -634.3328, -1.584829, 0.01663505, 0.1455349, 260.9493, 1.732827, 1.360018, 6.958117
 
16.94029, -0.001133276, -0.01318251, 17.80009, 0, 0.0020711628148228681097077, 18882.08, -634.3328, -1.584829, 0.01663505, 0.1455349, 260.793, 1.732827, 1.360018, 6.958117
 
16.95029, -0.001128722, -0.01319384, 17.78434, 0, 0.0020739160315100247806583531, 18854.07, -634.3328, -1.584829, 0.01663505, 0.1455349, 260.6368, 1.732827, 1.360018, 6.958117
 
16.96029, -0.001131532, -0.01320513, 17.7686, 0, 0.0020771037920357746761121, 18826.11, -634.3328, -1.584829, 0.01663505, 0.1455349, 260.4808, 1.732827, 1.360018, 6.958117
 
16.97029, -0.001133461, -0.01321645, 17.75289, 0, 0.002080245942044108425429, 18798.2, -634.3328, -1.584829, 0.01663505, 0.1455349, 260.3248, 1.732827, 1.360018, 6.958117
 
16.98029, -0.0011392, -0.01322778, 17.73718, 0, 0.0020836219496144325518394469, 18770.32, -634.3328, -1.584829, 0.01663505, 0.1455349, 260.169, 1.732827, 1.360018, 6.958117
 
16.99029, -0.00115073, -0.01323917, 17.72149, 0, 0.0020873570363490683942578469, 18742.49, -634.3328, -1.584829, 0.01663505, 0.1455349, 260.0132, 1.732827, 1.360018, 6.958117
 
17.00029, -0.001164525, -0.01325068, 17.70583, 0, 0.0020912513452535560863381, 18714.72, -634.3328, -1.584829, 0.01663505, 0.1455349, 259.8576, 1.732827, 1.360018, 6.958117
 
17.01029, -0.001166599, -0.01326232, 17.69018, 0, 0.0020944673013718770892019, 18686.99, -634.3328, -1.584829, 0.01663505, 0.1455349, 259.702, 1.732827, 1.360018, 6.958117
 
17.02029, -0.001171207, -0.01327399, 17.67455, 0, 0.0020978433089421846299696531, 18659.29, -634.3328, -1.584829, 0.01663505, 0.1455349, 259.5466, 1.732827, 1.360018, 6.958117
 
17.03029, -0.001178295, -0.0132857, 17.65893, 0, 0.0021013785386823688988633, 18631.65, -634.3328, -1.584829, 0.01663505, 0.1455349, 259.3912, 1.732827, 1.360018, 6.958117
 
17.04029, -0.001181899, -0.01329749, 17.64333, 0, 0.0021047188871208848452207531, 18604.05, -634.3328, -1.584829, 0.01663505, 0.1455349, 259.236, 1.732827, 1.360018, 6.958117
 
17.05029, -0.001177943, -0.0133093, 17.62775, 0, 0.0021076114232066857264869, 18576.5, -634.3328, -1.584829, 0.01663505, 0.1455349, 259.0808, 1.732827, 1.360018, 6.958117
 
17.0603, -0.001180072, -0.01332108, 17.61219, 0, 0.0021108688434317328486343531, 18548.99, -634.3328, -1.584829, 0.01663505, 0.1455349, 258.9258, 1.732827, 1.360018, 6.958117
 
17.0703, -0.001184773, -0.01333288, 17.59664, 0, 0.002114287973673060763634, 18521.53, -634.3328, -1.584829, 0.01663505, 0.1455349, 258.7709, 1.732827, 1.360018, 6.958117
 
17.0803, -0.001182741, -0.01334473, 17.58112, 0, 0.0021173098777718730106677469, 18494.11, -634.3328, -1.584829, 0.01663505, 0.1455349, 258.6161, 1.732827, 1.360018, 6.958117
 
17.0903, -0.001197253, -0.01335656, 17.56561, 0, 0.002121336871817910821484, 18466.74, -634.3328, -1.584829, 0.01663505, 0.1455349, 258.4613, 1.732827, 1.360018, 6.958117
 
17.1003, -0.00119557, -0.01336853, 17.55011, 0, 0.0021244060449983920054961, 18439.42, -634.3328, -1.584829, 0.01663505, 0.1455349, 258.3067, 1.732827, 1.360018, 6.958117
 
17.1103, -0.001209142, -0.01338049, 17.53463, 0, 0.0021284048434518587089023, 18412.13, -634.3328, -1.584829, 0.01663505, 0.1455349, 258.1522, 1.732827, 1.360018, 6.958117
 
17.1203, -0.001217058, -0.01339258, 17.51917, 0, 0.0021320851975656051273421, 18384.89, -634.3328, -1.584829, 0.01663505, 0.1455349, 257.9977, 1.732827, 1.360018, 6.958117
 
17.1303, -0.001218231, -0.01340475, 17.50373, 0, 0.0021353699841011135471215469, 18357.7, -634.3328, -1.584829, 0.01663505, 0.1455349, 257.8434, 1.732827, 1.360018, 6.958117
 
17.1403, -0.001220791, -0.01341693, 17.4883, 0, 0.0021387443331071517114051, 18330.54, -634.3328, -1.584829, 0.01663505, 0.1455349, 257.6891, 1.732827, 1.360018, 6.958117
 
17.1503, -0.001227215, -0.01342914, 17.47289, 0, 0.0021423633203429229071081531, 18303.44, -634.3328, -1.584829, 0.01663505, 0.1455349, 257.535, 1.732827, 1.360018, 6.958117
 
17.1603, -0.001219045, -0.01344141, 17.4575, 0, 0.0021450999513873941060381531, 18276.38, -634.3328, -1.584829, 0.01663505, 0.1455349, 257.381, 1.732827, 1.360018, 6.958117
 
17.1703, -0.001218365, -0.0134536, 17.44213, 0, 0.0021482868826310093132498, 18249.36, -634.3328, -1.584829, 0.01663505, 0.1455349, 257.2271, 1.732827, 1.360018, 6.958117
 
17.1803, -0.001219144, -0.01346579, 17.42677, 0, 0.0021515650349094236414497531, 18222.39, -634.3328, -1.584829, 0.01663505, 0.1455349, 257.0732, 1.732827, 1.360018, 6.958117
 
17.1903, -0.001230508, -0.01347798, 17.41143, 0, 0.0021555008079206706240990469, 18195.46, -634.3328, -1.584829, 0.01663505, 0.1455349, 256.9195, 1.732827, 1.360018, 6.958117
 
17.2003, -0.00124427, -0.01349028, 17.3961, 0, 0.0021596074130516302133355531, 18168.57, -634.3328, -1.584829, 0.01663505, 0.1455349, 256.7658, 1.732827, 1.360018, 6.958117
 
17.2103, -0.001251248, -0.01350272, 17.38079, 0, 0.0021633209384507724542807, 18141.73, -634.3328, -1.584829, 0.01663505, 0.1455349, 256.6122, 1.732827, 1.360018, 6.958117
 
17.2203, -0.001256202, -0.01351524, 17.3655, 0, 0.0021669241693259928662052, 18114.93, -634.3328, -1.584829, 0.01663505, 0.1455349, 256.4588, 1.732827, 1.360018, 6.958117
 
17.2303, -0.001261642, -0.0135278, 17.35023, 0, 0.0021705688643079476902347, 18088.17, -634.3328, -1.584829, 0.01663505, 0.1455349, 256.3055, 1.732827, 1.360018, 6.958117
 
17.2403, -0.001272984, -0.01354041, 17.33497, 0, 0.002174593370507589729146, 18061.46, -634.3328, -1.584829, 0.01663505, 0.1455349, 256.1523, 1.732827, 1.360018, 6.958117
 
17.2503, -0.001286746, -0.01355314, 17.31973, 0, 0.0021787911966733733178348531, 18034.8, -634.3328, -1.584829, 0.01663505, 0.1455349, 255.9991, 1.732827, 1.360018, 6.958117
 
17.2603, -0.001289254, -0.01356601, 17.3045, 0, 0.0021823148164636802441604469, 18008.17, -634.3328, -1.584829, 0.01663505, 0.1455349, 255.8461, 1.732827, 1.360018, 6.958117
 
17.2703, -0.001283122, -0.0135789, 17.2893, 0, 0.002185307695687761817078, 17981.59, -634.3328, -1.584829, 0.01663505, 0.1455349, 255.6931, 1.732827, 1.360018, 6.958117
 
17.2803, -0.00127871, -0.01359173, 17.27411, 0, 0.0021884000887680225646902469, 17955.05, -634.3328, -1.584829, 0.01663505, 0.1455349, 255.5403, 1.732827, 1.360018, 6.958117
 
17.2903, -0.001282921, -0.01360452, 17.25894, 0, 0.0021920273688251406428143, 17928.56, -634.3328, -1.584829, 0.01663505, 0.1455349, 255.3876, 1.732827, 1.360018, 6.958117
 
17.3003, -0.001275005, -0.01361735, 17.24378, 0, 0.0021949058071146518239647469, 17902.1, -634.3328, -1.584829, 0.01663505, 0.1455349, 255.2349, 1.732827, 1.360018, 6.958117
 
17.3103, -0.001273397, -0.0136301, 17.22864, 0, 0.0021981690323146500566282469, 17875.7, -634.3328, -1.584829, 0.01663505, 0.1455349, 255.0824, 1.732827, 1.360018, 6.958117
 
17.3203, -0.001279134, -0.01364283, 17.21351, 0, 0.0022018941676636530544987531, 17849.32, -634.3328, -1.584829, 0.01663505, 0.1455349, 254.9299, 1.732827, 1.360018, 6.958117
 
17.3303, -0.001287511, -0.01365563, 17.1984, 0, 0.0022057992572359165721903469, 17823, -634.3328, -1.584829, 0.01663505, 0.1455349, 254.7775, 1.732827, 1.360018, 6.958117
 
17.3403, -0.001273814, -0.0136685, 17.18331, 0, 0.0022083310555931114825003, 17796.72, -634.3328, -1.584829, 0.01663505, 0.1455349, 254.6253, 1.732827, 1.360018, 6.958117
 
17.3503, -0.001275587, -0.01368124, 17.16824, 0, 0.0022118181869694672477094531, 17770.48, -634.3328, -1.584829, 0.01663505, 0.1455349, 254.4731, 1.732827, 1.360018, 6.958117
 
17.3603, -0.001278928, -0.013694, 17.15318, 0, 0.002215410637176945005308, 17744.28, -634.3328, -1.584829, 0.01663505, 0.1455349, 254.321, 1.732827, 1.360018, 6.958117
 
17.3703, -0.001279296, -0.01370678, 17.13813, 0, 0.0022188247917254482052123531, 17718.13, -634.3328, -1.584829, 0.01663505, 0.1455349, 254.1691, 1.732827, 1.360018, 6.958117
 
17.3803, -0.001274689, -0.01371958, 17.12311, 0, 0.0022219271361913252117298, 17692.02, -634.3328, -1.584829, 0.01663505, 0.1455349, 254.0172, 1.732827, 1.360018, 6.958117
 
17.3903, -0.001280805, -0.01373232, 17.1081, 0, 0.0022257053455969731355587469, 17665.94, -634.3328, -1.584829, 0.01663505, 0.1455349, 253.8654, 1.732827, 1.360018, 6.958117
 
17.4003, -0.001290776, -0.01374513, 17.09311, 0, 0.0022297422910286272052802, 17639.92, -634.3328, -1.584829, 0.01663505, 0.1455349, 253.7137, 1.732827, 1.360018, 6.958117
 
17.4103, -0.001286606, -0.01375804, 17.07813, 0, 0.002232900197397520031197, 17613.93, -634.3328, -1.584829, 0.01663505, 0.1455349, 253.5621, 1.732827, 1.360018, 6.958117
 
17.4203, -0.001276455, -0.01377091, 17.06317, 0, 0.0022356716582916481362952, 17587.99, -634.3328, -1.584829, 0.01663505, 0.1455349, 253.4107, 1.732827, 1.360018, 6.958117
 
17.4303, -0.001269425, -0.01378367, 17.04823, 0, 0.0022386288783839381148024531, 17562.09, -634.3328, -1.584829, 0.01663505, 0.1455349, 253.2593, 1.732827, 1.360018, 6.958117
 
17.4403, -0.001265447, -0.01379637, 17.0333, 0, 0.0022417718576744148451828, 17536.23, -634.3328, -1.584829, 0.01663505, 0.1455349, 253.108, 1.732827, 1.360018, 6.958117
 
17.4503, -0.001251046, -0.01380902, 17.01839, 0, 0.0022442431184357858066408, 17510.41, -634.3328, -1.584829, 0.01663505, 0.1455349, 252.9568, 1.732827, 1.360018, 6.958117
 
17.4603, -0.001239902, -0.01382153, 17.00349, 0, 0.0022469009676774533297499531, 17484.63, -634.3328, -1.584829, 0.01663505, 0.1455349, 252.8057, 1.732827, 1.360018, 6.958117
 
17.4703, -0.001239665, -0.01383393, 16.98861, 0, 0.0022502438039623982192977469, 17458.9, -634.3328, -1.584829, 0.01663505, 0.1455349, 252.6547, 1.732827, 1.360018, 6.958117
 
17.4803, -0.001245599, -0.01384633, 16.97375, 0, 0.0022539871835183726513158, 17433.21, -634.3328, -1.584829, 0.01663505, 0.1455349, 252.5038, 1.732827, 1.360018, 6.958117
 
17.4903, -0.001240925, -0.01385878, 16.9589, 0, 0.0022570596738274008811176469, 17407.55, -634.3328, -1.584829, 0.01663505, 0.1455349, 252.3529, 1.732827, 1.360018, 6.958117
 
17.50031, -0.001239272, -0.01387119, 16.94407, 0, 0.0022603228990273991137811469, 17381.94, -634.3328, -1.584829, 0.01663505, 0.1455349, 252.2022, 1.732827, 1.360018, 6.958117
 
17.51031, -0.001244998, -0.01388359, 16.92926, 0, 0.0022640629614548430856521469, 17356.37, -634.3328, -1.584829, 0.01663505, 0.1455349, 252.0516, 1.732827, 1.360018, 6.958117
 
17.52031, -0.001252313, -0.01389604, 16.91445, 0, 0.0022679191233811434114171469, 17330.83, -634.3328, -1.584829, 0.01663505, 0.1455349, 251.901, 1.732827, 1.360018, 6.958117
 
17.53031, -0.001256763, -0.01390856, 16.89967, 0, 0.0022716061117519673357937469, 17305.34, -634.3328, -1.584829, 0.01663505, 0.1455349, 251.7505, 1.732827, 1.360018, 6.958117
 
17.54031, -0.001264019, -0.01392113, 16.8849, 0, 0.0022754863228601570349369531, 17279.9, -634.3328, -1.584829, 0.01663505, 0.1455349, 251.6002, 1.732827, 1.360018, 6.958117
 
17.55031, -0.001271868, -0.01393377, 16.87015, 0, 0.0022794212665892610365228, 17254.49, -634.3328, -1.584829, 0.01663505, 0.1455349, 251.45, 1.732827, 1.360018, 6.958117
 
17.56031, -0.001274587, -0.01394648, 16.85542, 0, 0.002283038595260771148563, 17229.13, -634.3328, -1.584829, 0.01663505, 0.1455349, 251.2998, 1.732827, 1.360018, 6.958117
 
17.57031, -0.001276884, -0.01395923, 16.8407, 0, 0.0022866368504431834310349, 17203.8, -634.3328, -1.584829, 0.01663505, 0.1455349, 251.1497, 1.732827, 1.360018, 6.958117
 
17.58031, -0.001274592, -0.013972, 16.82599, 0, 0.0022899431983141854522876, 17178.51, -634.3328, -1.584829, 0.01663505, 0.1455349, 250.9997, 1.732827, 1.360018, 6.958117
 
17.59031, -0.001282991, -0.01398475, 16.8113, 0, 0.0022939478017426032662098469, 17153.27, -634.3328, -1.584829, 0.01663505, 0.1455349, 250.8499, 1.732827, 1.360018, 6.958117
 
17.60031, -0.001269988, -0.01399758, 16.79663, 0, 0.0022965691625703362138452531, 17128.06, -634.3328, -1.584829, 0.01663505, 0.1455349, 250.7001, 1.732827, 1.360018, 6.958117
 
17.61031, -0.00126355, -0.01401027, 16.78197, 0, 0.0022996001887726300315421, 17102.9, -634.3328, -1.584829, 0.01663505, 0.1455349, 250.5504, 1.732827, 1.360018, 6.958117
 
17.62031, -0.001271154, -0.01402291, 16.76733, 0, 0.0023035467424516196685173469, 17077.78, -634.3328, -1.584829, 0.01663505, 0.1455349, 250.4008, 1.732827, 1.360018, 6.958117
 
17.63031, -0.001265107, -0.01403562, 16.7527, 0, 0.0023066117692214191184976, 17052.69, -634.3328, -1.584829, 0.01663505, 0.1455349, 250.2513, 1.732827, 1.360018, 6.958117
 
17.64031, -0.00126545, -0.01404827, 16.7381, 0, 0.0023100906077764362941071, 17027.65, -634.3328, -1.584829, 0.01663505, 0.1455349, 250.1019, 1.732827, 1.360018, 6.958117
 
17.65031, -0.001268761, -0.01406093, 16.72351, 0, 0.0023137684740437786478206, 17002.65, -634.3328, -1.584829, 0.01663505, 0.1455349, 249.9525, 1.732827, 1.360018, 6.958117
 
17.66031, -0.001271713, -0.01407361, 16.70893, 0, 0.0023174322425148395942397469, 16977.68, -634.3328, -1.584829, 0.01663505, 0.1455349, 249.8033, 1.732827, 1.360018, 6.958117
 
17.67031, -0.001272084, -0.01408633, 16.69437, 0, 0.0023209334716874850595646, 16952.76, -634.3328, -1.584829, 0.01663505, 0.1455349, 249.6542, 1.732827, 1.360018, 6.958117
 
17.68031, -0.001275426, -0.01409905, 16.67982, 0, 0.0023246362164188680605411, 16927.88, -634.3328, -1.584829, 0.01663505, 0.1455349, 249.5052, 1.732827, 1.360018, 6.958117
 
17.69031, -0.001288179, -0.01411181, 16.66529, 0, 0.0023289725327011611713033469, 16903.03, -634.3328, -1.584829, 0.01663505, 0.1455349, 249.3562, 1.732827, 1.360018, 6.958117
 
17.70031, -0.001290526, -0.01412469, 16.65077, 0, 0.0023326437647114177262587, 16878.23, -634.3328, -1.584829, 0.01663505, 0.1455349, 249.2074, 1.732827, 1.360018, 6.958117
 
17.71031, -0.00129581, -0.01413759, 16.63627, 0, 0.0023365173415625547979291469, 16853.47, -634.3328, -1.584829, 0.01663505, 0.1455349, 249.0586, 1.732827, 1.360018, 6.958117
 
17.72031, -0.001311566, -0.01415055, 16.62179, 0, 0.0023411024424852295028573531, 16828.74, -634.3328, -1.584829, 0.01663505, 0.1455349, 248.9099, 1.732827, 1.360018, 6.958117
 
17.73031, -0.001298831, -0.01416367, 16.60732, 0, 0.002343816682912072412072, 16804.05, -634.3328, -1.584829, 0.01663505, 0.1455349, 248.7614, 1.732827, 1.360018, 6.958117
 
17.74031, -0.001295943, -0.01417666, 16.59286, 0, 0.0023471702998647516631244, 16779.41, -634.3328, -1.584829, 0.01663505, 0.1455349, 248.6129, 1.732827, 1.360018, 6.958117
 
17.75031, -0.001296159, -0.01418962, 16.57842, 0, 0.0023507295787868335982176, 16754.8, -634.3328, -1.584829, 0.01663505, 0.1455349, 248.4645, 1.732827, 1.360018, 6.958117
 
17.76031, -0.001302655, -0.01420258, 16.56401, 0, 0.0023547142794440106015081, 16730.23, -634.3328, -1.584829, 0.01663505, 0.1455349, 248.3162, 1.732827, 1.360018, 6.958117
 
17.77031, -0.001300128, -0.0142156, 16.5496, 0, 0.0023581077019391548881813, 16705.71, -634.3328, -1.584829, 0.01663505, 0.1455349, 248.168, 1.732827, 1.360018, 6.958117
 
17.78031, -0.001307183, -0.01422861, 16.53521, 0, 0.0023621446473708089579027531, 16681.21, -634.3328, -1.584829, 0.01663505, 0.1455349, 248.0199, 1.732827, 1.360018, 6.958117
 
17.79031, -0.001317102, -0.01424168, 16.52083, 0, 0.0023663905719004127574547531, 16656.76, -634.3328, -1.584829, 0.01663505, 0.1455349, 247.8718, 1.732827, 1.360018, 6.958117
 
17.80031, -0.00132334, -0.01425485, 16.50647, 0, 0.0023704101024072466669134531, 16632.35, -634.3328, -1.584829, 0.01663505, 0.1455349, 247.7238, 1.732827, 1.360018, 6.958117
 
17.81031, -0.00132925, -0.01426808, 16.49212, 0, 0.0023744213400927419867725, 16607.97, -634.3328, -1.584829, 0.01663505, 0.1455349, 247.576, 1.732827, 1.360018, 6.958117
 
17.82031, -0.001328365, -0.01428137, 16.47779, 0, 0.0023779872532718931349811531, 16583.63, -634.3328, -1.584829, 0.01663505, 0.1455349, 247.4282, 1.732827, 1.360018, 6.958117
 
17.83031, -0.00132029, -0.01429466, 16.46347, 0, 0.0023810680364022599543826531, 16559.34, -634.3328, -1.584829, 0.01663505, 0.1455349, 247.2805, 1.732827, 1.360018, 6.958117
 
17.84031, -0.001318742, -0.01430786, 16.44917, 0, 0.0023845808755248076407396, 16535.08, -634.3328, -1.584829, 0.01663505, 0.1455349, 247.133, 1.732827, 1.360018, 6.958117
 
17.85031, -0.001317091, -0.01432105, 16.43489, 0, 0.0023880870803902695283384, 16510.86, -634.3328, -1.584829, 0.01663505, 0.1455349, 246.9855, 1.732827, 1.360018, 6.958117
 
17.86031, -0.001312145, -0.01433422, 16.42062, 0, 0.0023913693790793655905702, 16486.68, -634.3328, -1.584829, 0.01663505, 0.1455349, 246.8381, 1.732827, 1.360018, 6.958117
 
17.87031, -0.001314711, -0.01434734, 16.40637, 0, 0.0023951583691527561687251, 16462.54, -634.3328, -1.584829, 0.01663505, 0.1455349, 246.6908, 1.732827, 1.360018, 6.958117
 
17.88031, -0.001319252, -0.01436049, 16.39212, 0, 0.0023990908250354395199419531, 16438.43, -634.3328, -1.584829, 0.01663505, 0.1455349, 246.5435, 1.732827, 1.360018, 6.958117
 
17.89031, -0.001321435, -0.01437368, 16.3779, 0, 0.0024028731808517525921600531, 16414.37, -634.3328, -1.584829, 0.01663505, 0.1455349, 246.3964, 1.732827, 1.360018, 6.958117
 
17.90031, -0.00132346, -0.0143869, 16.36369, 0, 0.0024066522195395434970524469, 16390.34, -634.3328, -1.584829, 0.01663505, 0.1455349, 246.2494, 1.732827, 1.360018, 6.958117
 
17.91031, -0.001331761, -0.01440013, 16.34949, 0, 0.0024108691191944332081309469, 16366.35, -634.3328, -1.584829, 0.01663505, 0.1455349, 246.1024, 1.732827, 1.360018, 6.958117
 
17.92031, -0.001322181, -0.01441345, 16.33531, 0, 0.0024138769254969474622276469, 16342.39, -634.3328, -1.584829, 0.01663505, 0.1455349, 245.9555, 1.732827, 1.360018, 6.958117
 
17.93032, -0.001317036, -0.01442667, 16.32115, 0, 0.0024171758098287372893014469, 16318.48, -634.3328, -1.584829, 0.01663505, 0.1455349, 245.8087, 1.732827, 1.360018, 6.958117
 
17.94032, -0.001324804, -0.01443984, 16.307, 0, 0.0024213578796339618013904, 16294.6, -634.3328, -1.584829, 0.01663505, 0.1455349, 245.6621, 1.732827, 1.360018, 6.958117
 
17.95032, -0.001332315, -0.01445309, 16.29286, 0, 0.0024255399494392028991220469, 16270.76, -634.3328, -1.584829, 0.01663505, 0.1455349, 245.5155, 1.732827, 1.360018, 6.958117
 
17.96032, -0.001330019, -0.01446641, 16.27874, 0, 0.0024290619106652238633207469, 16246.96, -634.3328, -1.584829, 0.01663505, 0.1455349, 245.369, 1.732827, 1.360018, 6.958117
 
17.97032, -0.001334135, -0.01447971, 16.26464, 0, 0.0024330267085511683488008469, 16223.19, -634.3328, -1.584829, 0.01663505, 0.1455349, 245.2225, 1.732827, 1.360018, 6.958117
 
17.98032, -0.001336018, -0.01449305, 16.25054, 0, 0.0024368480406278034755763, 16199.46, -634.3328, -1.584829, 0.01663505, 0.1455349, 245.0762, 1.732827, 1.360018, 6.958117
 
17.99032, -0.001339966, -0.01450641, 16.23647, 0, 0.0024408194727708254669932, 16175.77, -634.3328, -1.584829, 0.01663505, 0.1455349, 244.9299, 1.732827, 1.360018, 6.958117
 
18.00032, -0.001354426, -0.01451981, 16.22241, 0, 0.0024455322831422587468475, 16152.12, -634.3328, -1.584829, 0.01663505, 0.1455349, 244.7838, 1.732827, 1.360018, 6.958117
 
18.01032, -0.001361723, -0.01453336, 16.20836, 0, 0.0024497765491075931699153, 16128.5, -634.3328, -1.584829, 0.01663505, 0.1455349, 244.6377, 1.732827, 1.360018, 6.958117
 
18.02032, -0.001361488, -0.01454697, 16.19433, 0, 0.0024535132944064983888179, 16104.92, -634.3328, -1.584829, 0.01663505, 0.1455349, 244.4917, 1.732827, 1.360018, 6.958117
 
18.03032, -0.001364458, -0.01456059, 16.18031, 0, 0.0024574764337281734978138, 16081.38, -634.3328, -1.584829, 0.01663505, 0.1455349, 244.3458, 1.732827, 1.360018, 6.958117
 
18.04032, -0.001362091, -0.01457423, 16.16631, 0, 0.0024610763474748551567699, 16057.87, -634.3328, -1.584829, 0.01663505, 0.1455349, 244.1999, 1.732827, 1.360018, 6.958117
 
18.05032, -0.001361962, -0.01458785, 16.15232, 0, 0.0024648313369807152241773531, 16034.4, -634.3328, -1.584829, 0.01663505, 0.1455349, 244.0542, 1.732827, 1.360018, 6.958117
 
18.06032, -0.001372448, -0.01460147, 16.13834, 0, 0.0024693343389720723787803531, 16010.97, -634.3328, -1.584829, 0.01663505, 0.1455349, 243.9086, 1.732827, 1.360018, 6.958117
 
18.07032, -0.001373236, -0.0146152, 16.12439, 0, 0.0024731788909484953619773, 15987.58, -634.3328, -1.584829, 0.01663505, 0.1455349, 243.763, 1.732827, 1.360018, 6.958117
 
18.08032, -0.00136736, -0.01462893, 16.11044, 0, 0.0024765607034937457204397531, 15964.22, -634.3328, -1.584829, 0.01663505, 0.1455349, 243.6176, 1.732827, 1.360018, 6.958117
 
18.09032, -0.001367025, -0.01464261, 16.09652, 0, 0.0024803256443852386323951, 15940.9, -634.3328, -1.584829, 0.01663505, 0.1455349, 243.4722, 1.732827, 1.360018, 6.958117
 
18.10032, -0.001361526, -0.01465628, 16.0826, 0, 0.0024837298475481338662156, 15917.62, -634.3328, -1.584829, 0.01663505, 0.1455349, 243.3269, 1.732827, 1.360018, 6.958117
 
18.11032, -0.001362586, -0.01466989, 16.0687, 0, 0.002487589326602972944949, 15894.37, -634.3328, -1.584829, 0.01663505, 0.1455349, 243.1817, 1.732827, 1.360018, 6.958117
 
18.12032, -0.001370032, -0.01468352, 16.05481, 0, 0.0024919073986783029143850469, 15871.15, -634.3328, -1.584829, 0.01663505, 0.1455349, 243.0366, 1.732827, 1.360018, 6.958117
 
18.13032, -0.00138373, -0.01469722, 16.04095, 0, 0.0024966848930562252914804531, 15847.98, -634.3328, -1.584829, 0.01663505, 0.1455349, 242.8916, 1.732827, 1.360018, 6.958117
 
18.14032, -0.001388776, -0.01471105, 16.02709, 0, 0.0025008777435292256291807469, 15824.85, -634.3328, -1.584829, 0.01663505, 0.1455349, 242.7466, 1.732827, 1.360018, 6.958117
 
18.15032, -0.001385191, -0.01472494, 16.01325, 0, 0.0025044710230188214893787, 15801.74, -634.3328, -1.584829, 0.01663505, 0.1455349, 242.6018, 1.732827, 1.360018, 6.958117
 
18.16032, -0.001379778, -0.01473879, 15.99942, 0, 0.002507931617366875523662, 15778.68, -634.3328, -1.584829, 0.01663505, 0.1455349, 242.457, 1.732827, 1.360018, 6.958117
 
18.17032, -0.001377774, -0.01475259, 15.98561, 0, 0.0025116285571233157069438, 15755.65, -634.3328, -1.584829, 0.01663505, 0.1455349, 242.3123, 1.732827, 1.360018, 6.958117
 
18.18032, -0.001382265, -0.01476637, 15.97181, 0, 0.0025157882363109119293174, 15732.65, -634.3328, -1.584829, 0.01663505, 0.1455349, 242.1677, 1.732827, 1.360018, 6.958117
 
18.19032, -0.001384757, -0.01478019, 15.95802, 0, 0.0025198177182033620976813, 15709.69, -634.3328, -1.584829, 0.01663505, 0.1455349, 242.0232, 1.732827, 1.360018, 6.958117
 
18.20032, -0.0013863, -0.01479404, 15.94425, 0, 0.002523787491782114712614, 15686.77, -634.3328, -1.584829, 0.01663505, 0.1455349, 241.8788, 1.732827, 1.360018, 6.958117
 
18.21032, -0.00138779, -0.0148079, 15.9305, 0, 0.0025277605824894060805151, 15663.89, -634.3328, -1.584829, 0.01663505, 0.1455349, 241.7344, 1.732827, 1.360018, 6.958117
 
18.22032, -0.001380076, -0.01482178, 15.91676, 0, 0.0025310793695924201325779531, 15641.04, -634.3328, -1.584829, 0.01663505, 0.1455349, 241.5902, 1.732827, 1.360018, 6.958117
 
18.23032, -0.001375848, -0.01483558, 15.90303, 0, 0.0025346386485145186533138469, 15618.22, -634.3328, -1.584829, 0.01663505, 0.1455349, 241.446, 1.732827, 1.360018, 6.958117
 
18.24032, -0.001381366, -0.01484934, 15.88932, 0, 0.0025388945244297304189497, 15595.45, -634.3328, -1.584829, 0.01663505, 0.1455349, 241.3019, 1.732827, 1.360018, 6.958117
 
18.25032, -0.001377621, -0.01486315, 15.87563, 0, 0.0025424969260228244354534469, 15572.71, -634.3328, -1.584829, 0.01663505, 0.1455349, 241.1579, 1.732827, 1.360018, 6.958117
 
18.26032, -0.001387743, -0.01487693, 15.86195, 0, 0.0025470969540239401143821469, 15550, -634.3328, -1.584829, 0.01663505, 0.1455349, 241.014, 1.732827, 1.360018, 6.958117
 
18.27032, -0.001390413, -0.01489081, 15.84827, 0, 0.0025511819978194061021454, 15527.32, -634.3328, -1.584829, 0.01663505, 0.1455349, 240.8702, 1.732827, 1.360018, 6.958117
 
18.28032, -0.001387114, -0.01490471, 15.83462, 0, 0.0025548424491619200027748, 15504.69, -634.3328, -1.584829, 0.01663505, 0.1455349, 240.7264, 1.732827, 1.360018, 6.958117
 
18.29032, -0.001384072, -0.01491858, 15.82098, 0, 0.0025585203154292540636669531, 15482.08, -634.3328, -1.584829, 0.01663505, 0.1455349, 240.5828, 1.732827, 1.360018, 6.958117
 
18.30032, -0.001398044, -0.01493242, 15.80735, 0, 0.0025634304949487431451410531, 15459.52, -634.3328, -1.584829, 0.01663505, 0.1455349, 240.4392, 1.732827, 1.360018, 6.958117
 
18.31032, -0.001401682, -0.0149464, 15.79373, 0, 0.0025676191990110617488095, 15436.98, -634.3328, -1.584829, 0.01663505, 0.1455349, 240.2957, 1.732827, 1.360018, 6.958117
 
18.32032, -0.001412692, -0.01496042, 15.78013, 0, 0.0025723560585644092805060469, 15414.48, -634.3328, -1.584829, 0.01663505, 0.1455349, 240.1522, 1.732827, 1.360018, 6.958117
 
18.33032, -0.001399918, -0.01497455, 15.76655, 0, 0.0025753829383560047785283531, 15392.02, -634.3328, -1.584829, 0.01663505, 0.1455349, 240.0089, 1.732827, 1.360018, 6.958117
 
18.34032, -0.001398087, -0.01498855, 15.75298, 0, 0.0025791885140720974143466, 15369.59, -634.3328, -1.584829, 0.01663505, 0.1455349, 239.8657, 1.732827, 1.360018, 6.958117
 
18.35032, -0.001403776, -0.01500253, 15.73942, 0, 0.0025835447331256147500979, 15347.2, -634.3328, -1.584829, 0.01663505, 0.1455349, 239.7225, 1.732827, 1.360018, 6.958117
 
18.36032, -0.001414887, -0.01501656, 15.72588, 0, 0.0025883131054000638493515531, 15324.84, -634.3328, -1.584829, 0.01663505, 0.1455349, 239.5794, 1.732827, 1.360018, 6.958117
 
18.37033, -0.001424058, -0.01503071, 15.71235, 0, 0.0025929620610471344273855, 15302.52, -634.3328, -1.584829, 0.01663505, 0.1455349, 239.4364, 1.732827, 1.360018, 6.958117
 
18.38033, -0.001433235, -0.01504495, 15.69884, 0, 0.0025976342365939596905555531, 15280.24, -634.3328, -1.584829, 0.01663505, 0.1455349, 239.2935, 1.732827, 1.360018, 6.958117
 
18.39033, -0.001426126, -0.01505929, 15.68534, 0, 0.0026011288315095525284076469, 15257.98, -634.3328, -1.584829, 0.01663505, 0.1455349, 239.1507, 1.732827, 1.360018, 6.958117
 
18.40033, -0.001425737, -0.01507355, 15.67185, 0, 0.0026051093857560395048449531, 15235.76, -634.3328, -1.584829, 0.01663505, 0.1455349, 239.008, 1.732827, 1.360018, 6.958117
 
18.41033, -0.001431896, -0.0150878, 15.65838, 0, 0.0026095758993334786696169, 15213.58, -634.3328, -1.584829, 0.01663505, 0.1455349, 238.8653, 1.732827, 1.360018, 6.958117
 
18.42033, -0.001432203, -0.01510212, 15.64491, 0, 0.0026136261132792960440333, 15191.42, -634.3328, -1.584829, 0.01663505, 0.1455349, 238.7227, 1.732827, 1.360018, 6.958117
 
18.43033, -0.001446264, -0.01511645, 15.63147, 0, 0.0026186980028150493327169, 15169.31, -634.3328, -1.584829, 0.01663505, 0.1455349, 238.5802, 1.732827, 1.360018, 6.958117
 
18.44033, -0.001437827, -0.01513091, 15.61804, 0, 0.0026221337186990544269158531, 15147.23, -634.3328, -1.584829, 0.01663505, 0.1455349, 238.4378, 1.732827, 1.360018, 6.958117
 
18.45033, -0.001436153, -0.01514529, 15.60462, 0, 0.0026260595403246685650172531, 15125.18, -634.3328, -1.584829, 0.01663505, 0.1455349, 238.2955, 1.732827, 1.360018, 6.958117
 
18.46033, -0.001441081, -0.01515965, 15.59121, 0, 0.0026304771262561694163266469, 15103.16, -634.3328, -1.584829, 0.01663505, 0.1455349, 238.1532, 1.732827, 1.360018, 6.958117
 
18.47033, -0.001440272, -0.01517406, 15.57782, 0, 0.002634480071120301268122, 15081.18, -634.3328, -1.584829, 0.01663505, 0.1455349, 238.011, 1.732827, 1.360018, 6.958117
 
18.48033, -0.001450101, -0.01518846, 15.56445, 0, 0.0026392782975516074369126, 15059.24, -634.3328, -1.584829, 0.01663505, 0.1455349, 237.8689, 1.732827, 1.360018, 6.958117
 
18.49033, -0.001448958, -0.01520296, 15.55108, 0, 0.0026432804131336128932872, 15037.33, -634.3328, -1.584829, 0.01663505, 0.1455349, 237.7269, 1.732827, 1.360018, 6.958117
 
18.50033, -0.001446321, -0.01521745, 15.53773, 0, 0.0026471730634738312088832531, 15015.45, -634.3328, -1.584829, 0.01663505, 0.1455349, 237.585, 1.732827, 1.360018, 6.958117
 
18.51033, -0.001450327, -0.01523192, 15.5244, 0, 0.0026515616245306179717191469, 14993.6, -634.3328, -1.584829, 0.01663505, 0.1455349, 237.4432, 1.732827, 1.360018, 6.958117
 
18.52033, -0.001467987, -0.01524642, 15.51107, 0, 0.0026569859589736054704739, 14971.79, -634.3328, -1.584829, 0.01663505, 0.1455349, 237.3014, 1.732827, 1.360018, 6.958117
 
18.53033, -0.001456232, -0.0152611, 15.49777, 0, 0.0026602392327879957370535469, 14950.02, -634.3328, -1.584829, 0.01663505, 0.1455349, 237.1597, 1.732827, 1.360018, 6.958117
 
18.54033, -0.001455391, -0.01527566, 15.48447, 0, 0.0026642944224266212409225469, 14928.27, -634.3328, -1.584829, 0.01663505, 0.1455349, 237.0181, 1.732827, 1.360018, 6.958117
 
18.55033, -0.001460258, -0.01529021, 15.47119, 0, 0.0026687816680574110261043, 14906.56, -634.3328, -1.584829, 0.01663505, 0.1455349, 236.8766, 1.732827, 1.360018, 6.958117
 
18.56033, -0.001466668, -0.01530482, 15.45792, 0, 0.0026733991109833634509384469, 14884.88, -634.3328, -1.584829, 0.01663505, 0.1455349, 236.7352, 1.732827, 1.360018, 6.958117
 
18.57033, -0.001479535, -0.01531948, 15.44467, 0, 0.0026785199281650550530846, 14863.24, -634.3328, -1.584829, 0.01663505, 0.1455349, 236.5938, 1.732827, 1.360018, 6.958117
 
18.58033, -0.001474459, -0.01533428, 15.43143, 0, 0.00268231306464911907245, 14841.63, -634.3328, -1.584829, 0.01663505, 0.1455349, 236.4525, 1.732827, 1.360018, 6.958117
 
18.59033, -0.001468987, -0.01534902, 15.4182, 0, 0.0026860705420013997902264469, 14820.06, -634.3328, -1.584829, 0.01663505, 0.1455349, 236.3114, 1.732827, 1.360018, 6.958117
 
18.60033, -0.001465352, -0.01536371, 15.40499, 0, 0.0026899607044952057482748531, 14798.52, -634.3328, -1.584829, 0.01663505, 0.1455349, 236.1703, 1.732827, 1.360018, 6.958117
 
18.61033, -0.001461299, -0.01537837, 15.39179, 0, 0.0026938168664215143668612, 14777.01, -634.3328, -1.584829, 0.01663505, 0.1455349, 236.0292, 1.732827, 1.360018, 6.958117
 
18.62033, -0.001458072, -0.01539298, 15.3786, 0, 0.0026977319073793858506366469, 14755.53, -634.3328, -1.584829, 0.01663505, 0.1455349, 235.8883, 1.732827, 1.360018, 6.958117
 
18.63033, -0.001452661, -0.01540756, 15.36543, 0, 0.0027014794333460337238652, 14734.09, -634.3328, -1.584829, 0.01663505, 0.1455349, 235.7474, 1.732827, 1.360018, 6.958117
 
18.64033, -0.001454018, -0.01542209, 15.35227, 0, 0.0027057361385433884705645, 14712.67, -634.3328, -1.584829, 0.01663505, 0.1455349, 235.6066, 1.732827, 1.360018, 6.958117
 
18.65033, -0.00145088, -0.01543663, 15.33912, 0, 0.0027096561551940597909712, 14691.29, -634.3328, -1.584829, 0.01663505, 0.1455349, 235.4659, 1.732827, 1.360018, 6.958117
 
18.66033, -0.001443749, -0.01545114, 15.32599, 0, 0.002713270166737031150043, 14669.95, -634.3328, -1.584829, 0.01663505, 0.1455349, 235.3252, 1.732827, 1.360018, 6.958117
 
18.67033, -0.001444327, -0.01546557, 15.31287, 0, 0.0027174638464921495903427, 14648.64, -634.3328, -1.584829, 0.01663505, 0.1455349, 235.1847, 1.732827, 1.360018, 6.958117
 
18.68033, -0.001439597, -0.01548002, 15.29976, 0, 0.002721256153694078921466, 14627.36, -634.3328, -1.584829, 0.01663505, 0.1455349, 235.0442, 1.732827, 1.360018, 6.958117
 
18.69033, -0.001438528, -0.01549441, 15.28667, 0, 0.0027253237825647247489665, 14606.11, -634.3328, -1.584829, 0.01663505, 0.1455349, 234.9038, 1.732827, 1.360018, 6.958117
 
18.70033, -0.001447237, -0.0155088, 15.27359, 0, 0.0027301468874600715650201, 14584.9, -634.3328, -1.584829, 0.01663505, 0.1455349, 234.7635, 1.732827, 1.360018, 6.958117
 
18.71033, -0.001441618, -0.01552327, 15.26052, 0, 0.0027338861206053725558276531, 14563.71, -634.3328, -1.584829, 0.01663505, 0.1455349, 234.6233, 1.732827, 1.360018, 6.958117
 
18.72033, -0.001438829, -0.01553769, 15.24747, 0, 0.0027378368206950439268347469, 14542.57, -634.3328, -1.584829, 0.01663505, 0.1455349, 234.4832, 1.732827, 1.360018, 6.958117
 
18.73033, -0.00143484, -0.01555207, 15.23443, 0, 0.0027416946411856136290839469, 14521.45, -634.3328, -1.584829, 0.01663505, 0.1455349, 234.3431, 1.732827, 1.360018, 6.958117
 
18.74033, -0.001440718, -0.01556642, 15.2214, 0, 0.0027463112548294147800333, 14500.36, -634.3328, -1.584829, 0.01663505, 0.1455349, 234.2031, 1.732827, 1.360018, 6.958117
 
18.75033, -0.001450028, -0.01558083, 15.20839, 0, 0.0027512106536811529143601, 14479.31, -634.3328, -1.584829, 0.01663505, 0.1455349, 234.0632, 1.732827, 1.360018, 6.958117
 
18.76033, -0.001444274, -0.01559533, 15.19539, 0, 0.0027549623260584742287991531, 14458.29, -634.3328, -1.584829, 0.01663505, 0.1455349, 233.9233, 1.732827, 1.360018, 6.958117
 
18.77033, -0.001452385, -0.01560977, 15.1824, 0, 0.002759784601671694649432, 14437.3, -634.3328, -1.584829, 0.01663505, 0.1455349, 233.7836, 1.732827, 1.360018, 6.958117
 
18.78033, -0.0014512, -0.0156243, 15.16942, 0, 0.0027639036460346828551213531, 14416.34, -634.3328, -1.584829, 0.01663505, 0.1455349, 233.6438, 1.732827, 1.360018, 6.958117
 
18.79033, -0.001463768, -0.01563881, 15.15646, 0, 0.0027690957814799742317308, 14395.41, -634.3328, -1.584829, 0.01663505, 0.1455349, 233.5042, 1.732827, 1.360018, 6.958117
 
18.80033, -0.001467822, -0.01565345, 15.14351, 0, 0.0027736526868100861220703, 14374.52, -634.3328, -1.584829, 0.01663505, 0.1455349, 233.3647, 1.732827, 1.360018, 6.958117
 
18.81034, -0.001465826, -0.01566813, 15.13058, 0, 0.0027777476819911766615601, 14353.66, -634.3328, -1.584829, 0.01663505, 0.1455349, 233.2253, 1.732827, 1.360018, 6.958117
 
18.82034, -0.001470583, -0.01568278, 15.11766, 0, 0.0027823717591741982995097, 14332.84, -634.3328, -1.584829, 0.01663505, 0.1455349, 233.0859, 1.732827, 1.360018, 6.958117
 
18.83034, -0.001470983, -0.01569749, 15.10475, 0, 0.0027866682699140180818298, 14312.04, -634.3328, -1.584829, 0.01663505, 0.1455349, 232.9466, 1.732827, 1.360018, 6.958117
 
18.84034, -0.001483389, -0.0157122, 15.09185, 0, 0.0027919118208516518366281, 14291.27, -634.3328, -1.584829, 0.01663505, 0.1455349, 232.8074, 1.732827, 1.360018, 6.958117
 
18.85034, -0.001481794, -0.01572703, 15.07897, 0, 0.0027960831099891336943911, 14270.54, -634.3328, -1.584829, 0.01663505, 0.1455349, 232.6682, 1.732827, 1.360018, 6.958117
 
18.86034, -0.001483886, -0.01574185, 15.0661, 0, 0.0028005454771558911251312, 14249.83, -634.3328, -1.584829, 0.01663505, 0.1455349, 232.5292, 1.732827, 1.360018, 6.958117
 
18.87034, -0.001492641, -0.01575669, 15.05324, 0, 0.0028055419020173877837837, 14229.16, -634.3328, -1.584829, 0.01663505, 0.1455349, 232.3902, 1.732827, 1.360018, 6.958117
 
18.88034, -0.001496177, -0.01577162, 15.04039, 0, 0.0028101477349934462804071, 14208.52, -634.3328, -1.584829, 0.01663505, 0.1455349, 232.2513, 1.732827, 1.360018, 6.958117
 
18.89034, -0.001496913, -0.01578658, 15.02756, 0, 0.0028145429303072939635371, 14187.92, -634.3328, -1.584829, 0.01663505, 0.1455349, 232.1124, 1.732827, 1.360018, 6.958117
 
18.90034, -0.00149657, -0.01580155, 15.01474, 0, 0.0028188585145362032826041531, 14167.34, -634.3328, -1.584829, 0.01663505, 0.1455349, 231.9737, 1.732827, 1.360018, 6.958117
 
18.91034, -0.001501007, -0.01581652, 15.00194, 0, 0.002823556397829220466922, 14146.8, -634.3328, -1.584829, 0.01663505, 0.1455349, 231.835, 1.732827, 1.360018, 6.958117
 
18.92034, -0.001514031, -0.01583152, 14.98915, 0, 0.0028289492195511063981196469, 14126.28, -634.3328, -1.584829, 0.01663505, 0.1455349, 231.6964, 1.732827, 1.360018, 6.958117
 
18.93034, -0.001512438, -0.01584666, 14.97637, 0, 0.0028332100711591262932081, 14105.8, -634.3328, -1.584829, 0.01663505, 0.1455349, 231.5579, 1.732827, 1.360018, 6.958117
 
18.94034, -0.001517629, -0.01586179, 14.9636, 0, 0.0028380116147189629221457531, 14085.35, -634.3328, -1.584829, 0.01663505, 0.1455349, 231.4195, 1.732827, 1.360018, 6.958117
 
18.95034, -0.001519729, -0.01587697, 14.95085, 0, 0.0028425817885632381171802, 14064.93, -634.3328, -1.584829, 0.01663505, 0.1455349, 231.2811, 1.732827, 1.360018, 6.958117
 
18.96034, -0.001531589, -0.01589216, 14.9381, 0, 0.0028479397804354588493883, 14044.54, -634.3328, -1.584829, 0.01663505, 0.1455349, 231.1428, 1.732827, 1.360018, 6.958117
 
18.97034, -0.001525927, -0.01590748, 14.92537, 0, 0.0028519236518105011644367, 14024.18, -634.3328, -1.584829, 0.01663505, 0.1455349, 231.0046, 1.732827, 1.360018, 6.958117
 
18.98034, -0.001532166, -0.01592274, 14.91265, 0, 0.0028568537341012227637212, 14003.85, -634.3328, -1.584829, 0.01663505, 0.1455349, 230.8665, 1.732827, 1.360018, 6.958117
 
18.99034, -0.001538902, -0.01593806, 14.89995, 0, 0.0028618410368592378517106, 13983.56, -634.3328, -1.584829, 0.01663505, 0.1455349, 230.7284, 1.732827, 1.360018, 6.958117
 
19.00034, -0.001534442, -0.01595345, 14.88726, 0, 0.0028659459834259529429269469, 13963.29, -634.3328, -1.584829, 0.01663505, 0.1455349, 230.5904, 1.732827, 1.360018, 6.958117
 
19.01034, -0.001541852, -0.01596879, 14.87458, 0, 0.0028710029458832652576100531, 13943.05, -634.3328, -1.584829, 0.01663505, 0.1455349, 230.4525, 1.732827, 1.360018, 6.958117
 
19.02034, -0.001542353, -0.01598421, 14.86191, 0, 0.0028755208749530550933922, 13922.84, -634.3328, -1.584829, 0.01663505, 0.1455349, 230.3147, 1.732827, 1.360018, 6.958117
 
19.03034, -0.001553484, -0.01599964, 14.84927, 0, 0.0028809020867250470963791, 13902.67, -634.3328, -1.584829, 0.01663505, 0.1455349, 230.1769, 1.732827, 1.360018, 6.958117
 
19.04034, -0.001556973, -0.01601517, 14.83662, 0, 0.0028856920203350146755700469, 13882.53, -634.3328, -1.584829, 0.01663505, 0.1455349, 230.0392, 1.732827, 1.360018, 6.958117
 
19.05034, -0.001554488, -0.01603074, 14.824, 0, 0.0028900100924103280593634, 13862.42, -634.3328, -1.584829, 0.01663505, 0.1455349, 229.9016, 1.732827, 1.360018, 6.958117
 
19.06034, -0.001569921, -0.01604629, 14.81138, 0, 0.0028957802375034805550738531, 13842.34, -634.3328, -1.584829, 0.01663505, 0.1455349, 229.7641, 1.732827, 1.360018, 6.958117
 
19.07034, -0.001560061, -0.01606198, 14.79878, 0, 0.0028995319098808267479769469, 13822.28, -634.3328, -1.584829, 0.01663505, 0.1455349, 229.6267, 1.732827, 1.360018, 6.958117
 
19.08034, -0.001562191, -0.01607759, 14.78619, 0, 0.0029042438909701170467678, 13802.26, -634.3328, -1.584829, 0.01663505, 0.1455349, 229.4893, 1.732827, 1.360018, 6.958117
 
19.09034, -0.001562614, -0.01609321, 14.77361, 0, 0.0029088248454821348961282, 13782.27, -634.3328, -1.584829, 0.01663505, 0.1455349, 229.352, 1.732827, 1.360018, 6.958117
 
19.10034, -0.001554656, -0.01610883, 14.76105, 0, 0.0029127282764901124516929, 13762.31, -634.3328, -1.584829, 0.01663505, 0.1455349, 229.2148, 1.732827, 1.360018, 6.958117
 
19.11034, -0.001547165, -0.01612438, 14.74849, 0, 0.0029166582445264083238261469, 13742.38, -634.3328, -1.584829, 0.01663505, 0.1455349, 229.0777, 1.732827, 1.360018, 6.958117
 
19.12034, -0.001546657, -0.01613985, 14.73596, 0, 0.0029211496365678798430397469, 13722.48, -634.3328, -1.584829, 0.01663505, 0.1455349, 228.9406, 1.732827, 1.360018, 6.958117
 
19.13034, -0.001546978, -0.01615532, 14.72343, 0, 0.0029257123468729345510739469, 13702.61, -634.3328, -1.584829, 0.01663505, 0.1455349, 228.8036, 1.732827, 1.360018, 6.958117
 
19.14034, -0.001541542, -0.01617079, 14.71091, 0, 0.0029298081713361597788058469, 13682.77, -634.3328, -1.584829, 0.01663505, 0.1455349, 228.6667, 1.732827, 1.360018, 6.958117
 
19.15034, -0.001543055, -0.0161862, 14.69841, 0, 0.0029344679076509730111657469, 13662.96, -634.3328, -1.584829, 0.01663505, 0.1455349, 228.5298, 1.732827, 1.360018, 6.958117
 
19.16034, -0.001542956, -0.01620163, 14.68592, 0, 0.0029390032516455830072106469, 13643.18, -634.3328, -1.584829, 0.01663505, 0.1455349, 228.3931, 1.732827, 1.360018, 6.958117
 
19.17034, -0.001539584, -0.01621706, 14.67344, 0, 0.0029432732253570927657835469, 13623.43, -634.3328, -1.584829, 0.01663505, 0.1455349, 228.2563, 1.732827, 1.360018, 6.958117
 
19.18034, -0.001537772, -0.01623246, 14.66098, 0, 0.0029476709085173279279971531, 13603.71, -634.3328, -1.584829, 0.01663505, 0.1455349, 228.1197, 1.732827, 1.360018, 6.958117
 
19.19034, -0.001539823, -0.01624784, 14.64853, 0, 0.0029523870360172999608198531, 13584.02, -634.3328, -1.584829, 0.01663505, 0.1455349, 227.9832, 1.732827, 1.360018, 6.958117
 
19.20034, -0.00153861, -0.01626324, 14.63608, 0, 0.0029568427689269881784445, 13564.36, -634.3328, -1.584829, 0.01663505, 0.1455349, 227.8467, 1.732827, 1.360018, 6.958117
 
19.21034, -0.001535922, -0.01627862, 14.62366, 0, 0.0029611774266450036199012, 13544.73, -634.3328, -1.584829, 0.01663505, 0.1455349, 227.7103, 1.732827, 1.360018, 6.958117
 
19.22034, -0.001540142, -0.01629398, 14.61124, 0, 0.0029660851183180803438276531, 13525.13, -634.3328, -1.584829, 0.01663505, 0.1455349, 227.574, 1.732827, 1.360018, 6.958117
 
19.23034, -0.001545804, -0.01630938, 14.59884, 0, 0.0029711254951327237721328, 13505.55, -634.3328, -1.584829, 0.01663505, 0.1455349, 227.4377, 1.732827, 1.360018, 6.958117
 
19.24035, -0.001545178, -0.01632484, 14.58645, 0, 0.0029756591805630643916935, 13486.01, -634.3328, -1.584829, 0.01663505, 0.1455349, 227.3016, 1.732827, 1.360018, 6.958117
 
19.25035, -0.001540078, -0.01634029, 14.57406, 0, 0.0029798230061613340552776, 13466.49, -634.3328, -1.584829, 0.01663505, 0.1455349, 227.1654, 1.732827, 1.360018, 6.958117
 
19.26035, -0.001552919, -0.01635569, 14.56169, 0, 0.0029854778810377731781575, 13447.01, -634.3328, -1.584829, 0.01663505, 0.1455349, 227.0294, 1.732827, 1.360018, 6.958117
 
19.27035, -0.001560509, -0.01637122, 14.54934, 0, 0.0029907239198218192905034469, 13427.55, -634.3328, -1.584829, 0.01663505, 0.1455349, 226.8934, 1.732827, 1.360018, 6.958117
 
19.28035, -0.001560468, -0.01638683, 14.537, 0, 0.0029953521434155060768422, 13408.13, -634.3328, -1.584829, 0.01663505, 0.1455349, 226.7576, 1.732827, 1.360018, 6.958117
 
19.29035, -0.00157032, -0.01640243, 14.52467, 0, 0.0030008129662724281510707, 13388.73, -634.3328, -1.584829, 0.01663505, 0.1455349, 226.6217, 1.732827, 1.360018, 6.958117
 
19.30035, -0.001565633, -0.01641814, 14.51235, 0, 0.0030050787935732644684331, 13369.36, -634.3328, -1.584829, 0.01663505, 0.1455349, 226.486, 1.732827, 1.360018, 6.958117
 
19.31035, -0.001570961, -0.01643379, 14.50004, 0, 0.0030101813665480012220744, 13350.02, -634.3328, -1.584829, 0.01663505, 0.1455349, 226.3503, 1.732827, 1.360018, 6.958117
 
19.32035, -0.001571781, -0.0164495, 14.48775, 0, 0.0030149198846656098374338, 13330.71, -634.3328, -1.584829, 0.01663505, 0.1455349, 226.2147, 1.732827, 1.360018, 6.958117
 
19.33035, -0.001572633, -0.01646522, 14.47546, 0, 0.0030196666956045653352142, 13311.43, -634.3328, -1.584829, 0.01663505, 0.1455349, 226.0792, 1.732827, 1.360018, 6.958117
 
19.34035, -0.001580364, -0.01648095, 14.46319, 0, 0.0030250014675770065038221531, 13292.18, -634.3328, -1.584829, 0.01663505, 0.1455349, 225.9438, 1.732827, 1.360018, 6.958117
 
19.35035, -0.001586585, -0.01649675, 14.45094, 0, 0.0030302284328719464937784531, 13272.96, -634.3328, -1.584829, 0.01663505, 0.1455349, 225.8084, 1.732827, 1.360018, 6.958117
 
19.36035, -0.001589758, -0.01651262, 14.43869, 0, 0.0030352149063478268935257531, 13253.76, -634.3328, -1.584829, 0.01663505, 0.1455349, 225.6731, 1.732827, 1.360018, 6.958117
 
19.37035, -0.001591556, -0.01652851, 14.42646, 0, 0.0030400960609926018865263531, 13234.6, -634.3328, -1.584829, 0.01663505, 0.1455349, 225.5379, 1.732827, 1.360018, 6.958117
 
19.38035, -0.001603229, -0.01654443, 14.41423, 0, 0.0030458230834147671792903, 13215.46, -634.3328, -1.584829, 0.01663505, 0.1455349, 225.4027, 1.732827, 1.360018, 6.958117
 
19.39035, -0.001598727, -0.01656046, 14.40202, 0, 0.0030502041809323168694832531, 13196.35, -634.3328, -1.584829, 0.01663505, 0.1455349, 225.2676, 1.732827, 1.360018, 6.958117
 
19.40035, -0.001606119, -0.01657645, 14.38983, 0, 0.0030555928562435210666490531, 13177.27, -634.3328, -1.584829, 0.01663505, 0.1455349, 225.1326, 1.732827, 1.360018, 6.958117
 
19.41035, -0.001606076, -0.01659251, 14.37764, 0, 0.0030603678627750642574822, 13158.22, -634.3328, -1.584829, 0.01663505, 0.1455349, 224.9977, 1.732827, 1.360018, 6.958117
 
19.42035, -0.001612245, -0.01660857, 14.36546, 0, 0.0030656777562834730716485, 13139.19, -634.3328, -1.584829, 0.01663505, 0.1455349, 224.8628, 1.732827, 1.360018, 6.958117
 
19.43035, -0.001612192, -0.01662469, 14.3533, 0, 0.0030704734948683751757128, 13120.2, -634.3328, -1.584829, 0.01663505, 0.1455349, 224.728, 1.732827, 1.360018, 6.958117
 
19.44035, -0.001617937, -0.01664082, 14.34115, 0, 0.0030757692905804942897634, 13101.23, -634.3328, -1.584829, 0.01663505, 0.1455349, 224.5932, 1.732827, 1.360018, 6.958117
 
19.45035, -0.001613813, -0.01665699, 14.32901, 0, 0.003080235804157925161714, 13082.3, -634.3328, -1.584829, 0.01663505, 0.1455349, 224.4586, 1.732827, 1.360018, 6.958117
 
19.46035, -0.001615577, -0.01667313, 14.31688, 0, 0.0030852048627089854011985469, 13063.39, -634.3328, -1.584829, 0.01663505, 0.1455349, 224.324, 1.732827, 1.360018, 6.958117
 
19.47035, -0.001617262, -0.01668929, 14.30476, 0, 0.0030901755798242984315246, 13044.5, -634.3328, -1.584829, 0.01663505, 0.1455349, 224.1895, 1.732827, 1.360018, 6.958117
 
19.48035, -0.001616228, -0.01670546, 14.29266, 0, 0.0030949199029168415717573531, 13025.65, -634.3328, -1.584829, 0.01663505, 0.1455349, 224.055, 1.732827, 1.360018, 6.958117
 
19.49035, -0.001615915, -0.01672162, 14.28057, 0, 0.0030997297392980416687587, 13006.82, -634.3328, -1.584829, 0.01663505, 0.1455349, 223.9206, 1.732827, 1.360018, 6.958117
 
19.50035, -0.001623705, -0.01673778, 14.26849, 0, 0.0031052436362115920833029469, 12988.02, -634.3328, -1.584829, 0.01663505, 0.1455349, 223.7863, 1.732827, 1.360018, 6.958117
 
19.51035, -0.001617614, -0.01675402, 14.25642, 0, 0.0031095774646474645436962, 12969.25, -634.3328, -1.584829, 0.01663505, 0.1455349, 223.6521, 1.732827, 1.360018, 6.958117
 
19.52035, -0.001624604, -0.0167702, 14.24436, 0, 0.0031150366289401255342618469, 12950.51, -634.3328, -1.584829, 0.01663505, 0.1455349, 223.5179, 1.732827, 1.360018, 6.958117
 
19.53035, -0.001637257, -0.01678644, 14.23232, 0, 0.0031210074603098725845605, 12931.79, -634.3328, -1.584829, 0.01663505, 0.1455349, 223.3838, 1.732827, 1.360018, 6.958117
 
19.54035, -0.001640141, -0.01680282, 14.22028, 0, 0.0031261589609305559444857, 12913.11, -634.3328, -1.584829, 0.01663505, 0.1455349, 223.2498, 1.732827, 1.360018, 6.958117
 
19.55035, -0.001649939, -0.01681922, 14.20826, 0, 0.0031319233010487822081441469, 12894.45, -634.3328, -1.584829, 0.01663505, 0.1455349, 223.1158, 1.732827, 1.360018, 6.958117
 
19.56035, -0.001647104, -0.01683572, 14.19625, 0, 0.0031366120622383095289775469, 12875.82, -634.3328, -1.584829, 0.01663505, 0.1455349, 222.9819, 1.732827, 1.360018, 6.958117
 
19.57035, -0.001656136, -0.01685219, 14.18425, 0, 0.0031423349382497765020669531, 12857.21, -634.3328, -1.584829, 0.01663505, 0.1455349, 222.8481, 1.732827, 1.360018, 6.958117
 
19.58035, -0.001663931, -0.01686875, 14.17226, 0, 0.0031479740567656648411683, 12838.64, -634.3328, -1.584829, 0.01663505, 0.1455349, 222.7143, 1.732827, 1.360018, 6.958117
 
19.59035, -0.00166724, -0.01688539, 14.16028, 0, 0.0031532408276030698667454, 12820.08, -634.3328, -1.584829, 0.01663505, 0.1455349, 222.5806, 1.732827, 1.360018, 6.958117
 
19.60035, -0.0016713, -0.01690206, 14.14832, 0, 0.0031585855509611355870799, 12801.56, -634.3328, -1.584829, 0.01663505, 0.1455349, 222.447, 1.732827, 1.360018, 6.958117
 
19.61035, -0.001673978, -0.01691877, 14.13636, 0, 0.0031638224676416918359414, 12783.06, -634.3328, -1.584829, 0.01663505, 0.1455349, 222.3134, 1.732827, 1.360018, 6.958117
 
19.62035, -0.001672639, -0.01693551, 14.12442, 0, 0.0031687160615184788597521531, 12764.6, -634.3328, -1.584829, 0.01663505, 0.1455349, 222.1799, 1.732827, 1.360018, 6.958117
 
19.63035, -0.001681308, -0.01695224, 14.11249, 0, 0.0031744936701508601352842, 12746.15, -634.3328, -1.584829, 0.01663505, 0.1455349, 222.0465, 1.732827, 1.360018, 6.958117
 
19.64035, -0.001679437, -0.01696905, 14.10057, 0, 0.0031793648734100188693796, 12727.74, -634.3328, -1.584829, 0.01663505, 0.1455349, 221.9132, 1.732827, 1.360018, 6.958117
 
19.65035, -0.001687592, -0.01698584, 14.08867, 0, 0.0031851225792711593342799, 12709.36, -634.3328, -1.584829, 0.01663505, 0.1455349, 221.7799, 1.732827, 1.360018, 6.958117
 
19.66035, -0.001680479, -0.01700272, 14.07677, 0, 0.0031895526044346639235781, 12691, -634.3328, -1.584829, 0.01663505, 0.1455349, 221.6467, 1.732827, 1.360018, 6.958117
 
19.67035, -0.001685336, -0.01701953, 14.06488, 0, 0.0031950325007806921201962469, 12672.66, -634.3328, -1.584829, 0.01663505, 0.1455349, 221.5135, 1.732827, 1.360018, 6.958117
 
19.68036, -0.001687354, -0.01703638, 14.05301, 0, 0.0032002768810004439775939531, 12654.36, -634.3328, -1.584829, 0.01663505, 0.1455349, 221.3804, 1.732827, 1.360018, 6.958117
 
19.69036, -0.001694798, -0.01705325, 14.04114, 0, 0.0032060113669618131717154531, 12636.08, -634.3328, -1.584829, 0.01663505, 0.1455349, 221.2474, 1.732827, 1.360018, 6.958117
 
19.70036, -0.001693448, -0.0170702, 14.02929, 0, 0.0032109837426414121641684, 12617.83, -634.3328, -1.584829, 0.01663505, 0.1455349, 221.1145, 1.732827, 1.360018, 6.958117
 
19.71036, -0.001692838, -0.01708714, 14.01745, 0, 0.0032160257780203083833150531, 12599.6, -634.3328, -1.584829, 0.01663505, 0.1455349, 220.9816, 1.732827, 1.360018, 6.958117
 
19.72036, -0.001686613, -0.01710406, 14.00563, 0, 0.0032205702441184082428444, 12581.41, -634.3328, -1.584829, 0.01663505, 0.1455349, 220.8488, 1.732827, 1.360018, 6.958117
 
19.73036, -0.001686035, -0.01712093, 13.99381, 0, 0.0032256122794973210476337469, 12563.23, -634.3328, -1.584829, 0.01663505, 0.1455349, 220.7161, 1.732827, 1.360018, 6.958117
 
19.74036, -0.001682844, -0.01713779, 13.982, 0, 0.0032304246037249086237187, 12545.09, -634.3328, -1.584829, 0.01663505, 0.1455349, 220.5834, 1.732827, 1.360018, 6.958117
 
19.75036, -0.001688588, -0.01715462, 13.97021, 0, 0.0032360346973660745815252, 12526.97, -634.3328, -1.584829, 0.01663505, 0.1455349, 220.4508, 1.732827, 1.360018, 6.958117
 
19.76036, -0.001682361, -0.01717151, 13.95842, 0, 0.0032405899441319088025591531, 12508.88, -634.3328, -1.584829, 0.01663505, 0.1455349, 220.3183, 1.732827, 1.360018, 6.958117
 
19.77036, -0.001689259, -0.01718833, 13.94665, 0, 0.003246316137271939407081, 12490.81, -634.3328, -1.584829, 0.01663505, 0.1455349, 220.1858, 1.732827, 1.360018, 6.958117
 
19.78036, -0.00168128, -0.01720522, 13.93489, 0, 0.0032507221132535380373583, 12472.78, -634.3328, -1.584829, 0.01663505, 0.1455349, 220.0534, 1.732827, 1.360018, 6.958117
 
19.79036, -0.001688261, -0.01722203, 13.92314, 0, 0.0032564657213183888021429, 12454.76, -634.3328, -1.584829, 0.01663505, 0.1455349, 219.921, 1.732827, 1.360018, 6.958117
 
19.80036, -0.001691379, -0.01723892, 13.9114, 0, 0.0032618809336579030230559, 12436.78, -634.3328, -1.584829, 0.01663505, 0.1455349, 219.7887, 1.732827, 1.360018, 6.958117
 
19.81036, -0.001692366, -0.01725583, 13.89968, 0, 0.0032671137039277858307069, 12418.82, -634.3328, -1.584829, 0.01663505, 0.1455349, 219.6565, 1.732827, 1.360018, 6.958117
 
19.82036, -0.001687852, -0.01727276, 13.88795, 0, 0.0032718571977382108683402469, 12400.89, -634.3328, -1.584829, 0.01663505, 0.1455349, 219.5244, 1.732827, 1.360018, 6.958117
 
19.83036, -0.001692042, -0.01728963, 13.87625, 0, 0.0032773851924480343973575, 12382.98, -634.3328, -1.584829, 0.01663505, 0.1455349, 219.3923, 1.732827, 1.360018, 6.958117
 
19.84036, -0.001687756, -0.01730656, 13.86456, 0, 0.0032821577111331735234643469, 12365.1, -634.3328, -1.584829, 0.01663505, 0.1455349, 219.2604, 1.732827, 1.360018, 6.958117
 
19.85036, -0.001693597, -0.01732343, 13.85288, 0, 0.0032878474158592612596911, 12347.25, -634.3328, -1.584829, 0.01663505, 0.1455349, 219.1284, 1.732827, 1.360018, 6.958117
 
19.86036, -0.001689549, -0.01734037, 13.8412, 0, 0.0032926539351119226037240469, 12329.42, -634.3328, -1.584829, 0.01663505, 0.1455349, 218.9966, 1.732827, 1.360018, 6.958117
 
19.87036, -0.001695637, -0.01735726, 13.82954, 0, 0.0032983817868162142919087469, 12311.62, -634.3328, -1.584829, 0.01663505, 0.1455349, 218.8648, 1.732827, 1.360018, 6.958117
 
19.88036, -0.001690098, -0.01737422, 13.81789, 0, 0.0033030664015950598787103, 12293.85, -634.3328, -1.584829, 0.01663505, 0.1455349, 218.733, 1.732827, 1.360018, 6.958117
 
19.89036, -0.001693575, -0.01739112, 13.80626, 0, 0.0033085678592765816768017, 12276.1, -634.3328, -1.584829, 0.01663505, 0.1455349, 218.6014, 1.732827, 1.360018, 6.958117
 
19.90036, -0.001688475, -0.01740806, 13.79463, 0, 0.0033132980845728351169187531, 12258.38, -634.3328, -1.584829, 0.01663505, 0.1455349, 218.4698, 1.732827, 1.360018, 6.958117
 
19.91036, -0.001693551, -0.01742494, 13.78301, 0, 0.0033189554472956948901676469, 12240.68, -634.3328, -1.584829, 0.01663505, 0.1455349, 218.3382, 1.732827, 1.360018, 6.958117
 
19.92036, -0.001694974, -0.01744188, 13.77141, 0, 0.0033242927071145401235019, 12223.01, -634.3328, -1.584829, 0.01663505, 0.1455349, 218.2068, 1.732827, 1.360018, 6.958117
 
19.93036, -0.001697437, -0.01745883, 13.75981, 0, 0.0033297352857644990564042, 12205.36, -634.3328, -1.584829, 0.01663505, 0.1455349, 218.0754, 1.732827, 1.360018, 6.958117
 
19.94036, -0.001699266, -0.0174758, 13.74823, 0, 0.0033351289367685113830226, 12187.75, -634.3328, -1.584829, 0.01663505, 0.1455349, 217.944, 1.732827, 1.360018, 6.958117
 
19.95036, -0.00169746, -0.01749279, 13.73666, 0, 0.0033401966798935912304957, 12170.15, -634.3328, -1.584829, 0.01663505, 0.1455349, 217.8128, 1.732827, 1.360018, 6.958117
 
19.96036, -0.001702772, -0.01750977, 13.7251, 0, 0.0033459237023157482304383, 12152.58, -634.3328, -1.584829, 0.01663505, 0.1455349, 217.6816, 1.732827, 1.360018, 6.958117
 
19.97036, -0.001704416, -0.0175268, 13.71354, 0, 0.003351328133987511504204, 12135.04, -634.3328, -1.584829, 0.01663505, 0.1455349, 217.5504, 1.732827, 1.360018, 6.958117
 
19.98036, -0.001702562, -0.01754384, 13.70201, 0, 0.0033564174384481015387930469, 12117.53, -634.3328, -1.584829, 0.01663505, 0.1455349, 217.4194, 1.732827, 1.360018, 6.958117
 
19.99036, -0.00171375, -0.01756087, 13.69048, 0, 0.0033627174948253115283840531, 12100.03, -634.3328, -1.584829, 0.01663505, 0.1455349, 217.2883, 1.732827, 1.360018, 6.958117
 
20.00036, -0.001715305, -0.01757801, 13.67896, 0, 0.0033681517806539318716867, 12082.57, -634.3328, -1.584829, 0.01663505, 0.1455349, 217.1574, 1.732827, 1.360018, 6.958117
 
20.01036, -0.001723985, -0.01759516, 13.66745, 0, 0.0033742577850116496910903469, 12065.13, -634.3328, -1.584829, 0.01663505, 0.1455349, 217.0266, 1.732827, 1.360018, 6.958117
 
20.02036, -0.001721367, -0.0176124, 13.65596, 0, 0.0033793346502402111092265469, 12047.72, -634.3328, -1.584829, 0.01663505, 0.1455349, 216.8958, 1.732827, 1.360018, 6.958117
 
20.03036, -0.00172597, -0.01762961, 13.64448, 0, 0.0033850848925621227943052531, 12030.33, -634.3328, -1.584829, 0.01663505, 0.1455349, 216.765, 1.732827, 1.360018, 6.958117
 
20.04036, -0.001721177, -0.01764687, 13.633, 0, 0.0033899726814639752932426531, 12012.97, -634.3328, -1.584829, 0.01663505, 0.1455349, 216.6344, 1.732827, 1.360018, 6.958117
 
20.05036, -0.001732427, -0.01766408, 13.62154, 0, 0.0033963573246189483619919, 11995.63, -634.3328, -1.584829, 0.01663505, 0.1455349, 216.5037, 1.732827, 1.360018, 6.958117
 
20.06036, -0.001740076, -0.01768141, 13.61008, 0, 0.0034024326455376661307951531, 11978.32, -634.3328, -1.584829, 0.01663505, 0.1455349, 216.3732, 1.732827, 1.360018, 6.958117
 
20.07036, -0.001748861, -0.01769881, 13.59864, 0, 0.0034086373344694035581873531, 11961.03, -634.3328, -1.584829, 0.01663505, 0.1455349, 216.2427, 1.732827, 1.360018, 6.958117
 
20.08036, -0.001754132, -0.0177163, 13.58721, 0, 0.0034145351890113063360025531, 11943.77, -634.3328, -1.584829, 0.01663505, 0.1455349, 216.1123, 1.732827, 1.360018, 6.958117
 
20.09036, -0.001761781, -0.01773384, 13.57579, 0, 0.0034206743646544116850902, 11926.53, -634.3328, -1.584829, 0.01663505, 0.1455349, 215.9819, 1.732827, 1.360018, 6.958117
 
20.10036, -0.001768883, -0.01775146, 13.56438, 0, 0.0034267828568585252763988, 11909.32, -634.3328, -1.584829, 0.01663505, 0.1455349, 215.8516, 1.732827, 1.360018, 6.958117
 
20.11036, -0.00176963, -0.01776914, 13.55298, 0, 0.0034323133394147611629637, 11892.13, -634.3328, -1.584829, 0.01663505, 0.1455349, 215.7214, 1.732827, 1.360018, 6.958117
 
20.12037, -0.001775816, -0.01778684, 13.54159, 0, 0.0034383646111515812655674, 11874.97, -634.3328, -1.584829, 0.01663505, 0.1455349, 215.5912, 1.732827, 1.360018, 6.958117
 
20.13037, -0.001772811, -0.0178046, 13.53021, 0, 0.0034435650394182029389551531, 11857.83, -634.3328, -1.584829, 0.01663505, 0.1455349, 215.4612, 1.732827, 1.360018, 6.958117
 
20.14037, -0.001778813, -0.01782233, 13.51885, 0, 0.0034496179697192924180430531, 11840.72, -634.3328, -1.584829, 0.01663505, 0.1455349, 215.3311, 1.732827, 1.360018, 6.958117
 
20.15037, -0.001772196, -0.01784012, 13.50749, 0, 0.0034544916608248635096861, 11823.63, -634.3328, -1.584829, 0.01663505, 0.1455349, 215.2012, 1.732827, 1.360018, 6.958117
 
20.16037, -0.001777583, -0.01785784, 13.49615, 0, 0.0034604981513264104472164, 11806.57, -634.3328, -1.584829, 0.01663505, 0.1455349, 215.0713, 1.732827, 1.360018, 6.958117
 
20.17037, -0.001772148, -0.01787561, 13.48481, 0, 0.0034654920883415030411426, 11789.53, -634.3328, -1.584829, 0.01663505, 0.1455349, 214.9414, 1.732827, 1.360018, 6.958117
 
20.18037, -0.001779864, -0.01789333, 13.47348, 0, 0.0034717324364050320629451, 11772.52, -634.3328, -1.584829, 0.01663505, 0.1455349, 214.8116, 1.732827, 1.360018, 6.958117
 
20.19037, -0.00177851, -0.01791113, 13.46217, 0, 0.0034771302338197095379526531, 11755.53, -634.3328, -1.584829, 0.01663505, 0.1455349, 214.6819, 1.732827, 1.360018, 6.958117
 
20.20037, -0.001787314, -0.01792892, 13.45087, 0, 0.0034835024377426622830704, 11738.57, -634.3328, -1.584829, 0.01663505, 0.1455349, 214.5523, 1.732827, 1.360018, 6.958117
 
20.21037, -0.001788244, -0.01794679, 13.43957, 0, 0.0034891448733870810823188, 11721.62, -634.3328, -1.584829, 0.01663505, 0.1455349, 214.4227, 1.732827, 1.360018, 6.958117
 
20.22037, -0.001798128, -0.01796468, 13.42829, 0, 0.0034956539088622490945617, 11704.71, -634.3328, -1.584829, 0.01663505, 0.1455349, 214.2931, 1.732827, 1.360018, 6.958117
 
20.23037, -0.001795543, -0.01798266, 13.41702, 0, 0.0035009919979632373089594, 11687.82, -634.3328, -1.584829, 0.01663505, 0.1455349, 214.1637, 1.732827, 1.360018, 6.958117
 
20.24037, -0.001807784, -0.01800061, 13.40575, 0, 0.0035077556230537629043483469, 11670.95, -634.3328, -1.584829, 0.01663505, 0.1455349, 214.0343, 1.732827, 1.360018, 6.958117
 
20.25037, -0.001803494, -0.01801869, 13.39451, 0, 0.0035129593684489233307045, 11654.11, -634.3328, -1.584829, 0.01663505, 0.1455349, 213.905, 1.732827, 1.360018, 6.958117
 
20.26037, -0.001814059, -0.01803672, 13.38326, 0, 0.0035195927962442945792624, 11637.29, -634.3328, -1.584829, 0.01663505, 0.1455349, 213.7757, 1.732827, 1.360018, 6.958117
 
20.27037, -0.001816872, -0.01805487, 13.37203, 0, 0.0035255064071467564336775, 11620.5, -634.3328, -1.584829, 0.01663505, 0.1455349, 213.6465, 1.732827, 1.360018, 6.958117
 
20.28037, -0.001826886, -0.01807303, 13.36081, 0, 0.0035321273957101156514252469, 11603.73, -634.3328, -1.584829, 0.01663505, 0.1455349, 213.5173, 1.732827, 1.360018, 6.958117
 
20.29037, -0.001829214, -0.0180913, 13.34961, 0, 0.0035380318845090959351772469, 11586.99, -634.3328, -1.584829, 0.01663505, 0.1455349, 213.3882, 1.732827, 1.360018, 6.958117
 
20.30037, -0.001830169, -0.0181096, 13.3384, 0, 0.0035438136395521340662771, 11570.27, -634.3328, -1.584829, 0.01663505, 0.1455349, 213.2592, 1.732827, 1.360018, 6.958117
 
20.31037, -0.001826477, -0.0181279, 13.32722, 0, 0.0035491525579352569689169, 11553.58, -634.3328, -1.584829, 0.01663505, 0.1455349, 213.1303, 1.732827, 1.360018, 6.958117
 
20.32037, -0.001827339, -0.01814616, 13.31604, 0, 0.0035549318251318993281118, 11536.9, -634.3328, -1.584829, 0.01663505, 0.1455349, 213.0014, 1.732827, 1.360018, 6.958117
 
20.33037, -0.001827018, -0.01816444, 13.30487, 0, 0.0035606041149331669040758, 11520.25, -634.3328, -1.584829, 0.01663505, 0.1455349, 212.8726, 1.732827, 1.360018, 6.958117
 
20.34037, -0.001820525, -0.01818271, 13.29372, 0, 0.0035656801508795936339699, 11503.63, -634.3328, -1.584829, 0.01663505, 0.1455349, 212.7438, 1.732827, 1.360018, 6.958117
 
20.35037, -0.001823174, -0.01820091, 13.28257, 0, 0.0035716402015815897371212531, 11487.04, -634.3328, -1.584829, 0.01663505, 0.1455349, 212.6151, 1.732827, 1.360018, 6.958117
 
20.36037, -0.001815582, -0.01821914, 13.27143, 0, 0.00357661091869691935309, 11470.46, -634.3328, -1.584829, 0.01663505, 0.1455349, 212.4865, 1.732827, 1.360018, 6.958117
 
20.37037, -0.001818332, -0.0182373, 13.26031, 0, 0.0035825834086309440726942, 11453.91, -634.3328, -1.584829, 0.01663505, 0.1455349, 212.3579, 1.732827, 1.360018, 6.958117
 
20.38037, -0.001809712, -0.01825548, 13.2492, 0, 0.0035874529533258334303054, 11437.39, -634.3328, -1.584829, 0.01663505, 0.1455349, 212.2295, 1.732827, 1.360018, 6.958117
 
20.39037, -0.001811457, -0.01827358, 13.23809, 0, 0.0035933275879679566445204531, 11420.89, -634.3328, -1.584829, 0.01663505, 0.1455349, 212.101, 1.732827, 1.360018, 6.958117
 
20.40037, -0.001803078, -0.01829169, 13.227, 0, 0.0035982162061519521245213, 11404.41, -634.3328, -1.584829, 0.01663505, 0.1455349, 211.9727, 1.732827, 1.360018, 6.958117
 
20.41037, -0.001810817, -0.01830972, 13.21591, 0, 0.0036046812896739816599329, 11387.95, -634.3328, -1.584829, 0.01663505, 0.1455349, 211.8443, 1.732827, 1.360018, 6.958117
 
20.42037, -0.001810067, -0.01832783, 13.20484, 0, 0.0036103320181397473416023, 11371.52, -634.3328, -1.584829, 0.01663505, 0.1455349, 211.7161, 1.732827, 1.360018, 6.958117
 
20.43037, -0.001822406, -0.01834593, 13.19377, 0, 0.0036172797438641654339161, 11355.11, -634.3328, -1.584829, 0.01663505, 0.1455349, 211.5879, 1.732827, 1.360018, 6.958117
 
20.44037, -0.00182164, -0.01836416, 13.18272, 0, 0.0036229636436153103524481531, 11338.73, -634.3328, -1.584829, 0.01663505, 0.1455349, 211.4597, 1.732827, 1.360018, 6.958117
 
20.45037, -0.001820924, -0.01838237, 13.17167, 0, 0.003628656665469953427286, 11322.37, -634.3328, -1.584829, 0.01663505, 0.1455349, 211.3316, 1.732827, 1.360018, 6.958117
 
20.46037, -0.001825023, -0.01840058, 13.16064, 0, 0.0036348323295269767662047, 11306.03, -634.3328, -1.584829, 0.01663505, 0.1455349, 211.2036, 1.732827, 1.360018, 6.958117
 
20.47037, -0.001829093, -0.01841883, 13.14962, 0, 0.0036410196035338857405128, 11289.71, -634.3328, -1.584829, 0.01663505, 0.1455349, 211.0757, 1.732827, 1.360018, 6.958117
 
20.48037, -0.00183048, -0.01843712, 13.13861, 0, 0.0036469547757718494892225, 11273.42, -634.3328, -1.584829, 0.01663505, 0.1455349, 210.9478, 1.732827, 1.360018, 6.958117
 
20.49037, -0.001834781, -0.01845543, 13.1276, 0, 0.0036531893188604356933303, 11257.16, -634.3328, -1.584829, 0.01663505, 0.1455349, 210.8199, 1.732827, 1.360018, 6.958117
 
20.50037, -0.001840981, -0.01847378, 13.11661, 0, 0.0036596295239184245814789, 11240.91, -634.3328, -1.584829, 0.01663505, 0.1455349, 210.6922, 1.732827, 1.360018, 6.958117
 
20.51037, -0.001850025, -0.01849219, 13.10562, 0, 0.0036663732462377093662361, 11224.69, -634.3328, -1.584829, 0.01663505, 0.1455349, 210.5645, 1.732827, 1.360018, 6.958117
 
20.52037, -0.001856353, -0.01851069, 13.09465, 0, 0.0036728706717629917430896, 11208.5, -634.3328, -1.584829, 0.01663505, 0.1455349, 210.4368, 1.732827, 1.360018, 6.958117
 
20.53037, -0.001852814, -0.01852925, 13.08369, 0, 0.0036783978371906888766861, 11192.33, -634.3328, -1.584829, 0.01663505, 0.1455349, 210.3093, 1.732827, 1.360018, 6.958117
 
20.54037, -0.001858382, -0.01854778, 13.07274, 0, 0.0036848388715308124530768, 11176.18, -634.3328, -1.584829, 0.01663505, 0.1455349, 210.1818, 1.732827, 1.360018, 6.958117
 
20.55037, -0.001857005, -0.01856636, 13.0618, 0, 0.0036905998945204999637668469, 11160.05, -634.3328, -1.584829, 0.01663505, 0.1455349, 210.0543, 1.732827, 1.360018, 6.958117
 
20.56038, -0.001855819, -0.01858493, 13.05087, 0, 0.0036963824788456727831088, 11143.95, -634.3328, -1.584829, 0.01663505, 0.1455349, 209.9269, 1.732827, 1.360018, 6.958117
 
20.57038, -0.001859608, -0.01860349, 13.03994, 0, 0.0037026717545551401183738531, 11127.86, -634.3328, -1.584829, 0.01663505, 0.1455349, 209.7996, 1.732827, 1.360018, 6.958117
 
20.58038, -0.00186183, -0.01862209, 13.02903, 0, 0.0037088167351731799923348531, 11111.81, -634.3328, -1.584829, 0.01663505, 0.1455349, 209.6723, 1.732827, 1.360018, 6.958117
 
20.59038, -0.00186327, -0.0186407, 13.01813, 0, 0.003714893714656183723265, 11095.78, -634.3328, -1.584829, 0.01663505, 0.1455349, 209.5451, 1.732827, 1.360018, 6.958117
 
20.60038, -0.001870605, -0.01865934, 13.00724, 0, 0.0037215768993796362663489, 11079.77, -634.3328, -1.584829, 0.01663505, 0.1455349, 209.418, 1.732827, 1.360018, 6.958117
 
20.61038, -0.001874226, -0.01867804, 12.99636, 0, 0.0037279051513494339489926531, 11063.78, -634.3328, -1.584829, 0.01663505, 0.1455349, 209.2909, 1.732827, 1.360018, 6.958117
 
20.62038, -0.001869448, -0.01869678, 12.98549, 0, 0.003733394999081078404516, 11047.82, -634.3328, -1.584829, 0.01663505, 0.1455349, 209.1639, 1.732827, 1.360018, 6.958117
 
20.63038, -0.00187953, -0.01871548, 12.97462, 0, 0.0037403924817335860841771469, 11031.88, -634.3328, -1.584829, 0.01663505, 0.1455349, 209.0369, 1.732827, 1.360018, 6.958117
 
20.64038, -0.001879949, -0.01873428, 12.96377, 0, 0.0037464346313669163232964, 11015.96, -634.3328, -1.584829, 0.01663505, 0.1455349, 208.91, 1.732827, 1.360018, 6.958117
 
20.65038, -0.001877778, -0.01875308, 12.95293, 0, 0.0037522188742563751047652469, 11000.06, -634.3328, -1.584829, 0.01663505, 0.1455349, 208.7832, 1.732827, 1.360018, 6.958117
 
20.66038, -0.001880723, -0.01877185, 12.9421, 0, 0.0037585272234549485624199469, 10984.19, -634.3328, -1.584829, 0.01663505, 0.1455349, 208.6564, 1.732827, 1.360018, 6.958117
 
20.67038, -0.001883896, -0.01879066, 12.93128, 0, 0.0037648720610674400099057, 10968.34, -634.3328, -1.584829, 0.01663505, 0.1455349, 208.5297, 1.732827, 1.360018, 6.958117
 
20.68038, -0.0018876, -0.0188095, 12.92047, 0, 0.0037712840705328412050015531, 10952.51, -634.3328, -1.584829, 0.01663505, 0.1455349, 208.403, 1.732827, 1.360018, 6.958117
 
20.69038, -0.001881899, -0.01882838, 12.90966, 0, 0.0037767465519540409485356, 10936.71, -634.3328, -1.584829, 0.01663505, 0.1455349, 208.2764, 1.732827, 1.360018, 6.958117
 
20.70038, -0.00189392, -0.01884719, 12.89887, 0, 0.003784022673403795584721, 10920.93, -634.3328, -1.584829, 0.01663505, 0.1455349, 208.1499, 1.732827, 1.360018, 6.958117
 
20.71038, -0.001893577, -0.01886613, 12.88809, 0, 0.003790059847344325987209, 10905.17, -634.3328, -1.584829, 0.01663505, 0.1455349, 208.0234, 1.732827, 1.360018, 6.958117
 
20.72038, -0.001903498, -0.01888507, 12.87732, 0, 0.0037971609902636696971326469, 10889.43, -634.3328, -1.584829, 0.01663505, 0.1455349, 207.897, 1.732827, 1.360018, 6.958117
 
20.73038, -0.001906832, -0.0189041, 12.86655, 0, 0.003803610317425131863123, 10873.71, -634.3328, -1.584829, 0.01663505, 0.1455349, 207.7706, 1.732827, 1.360018, 6.958117
 
20.74038, -0.001902552, -0.01892317, 12.8558, 0, 0.0038092859243549298992340531, 10858.02, -634.3328, -1.584829, 0.01663505, 0.1455349, 207.6443, 1.732827, 1.360018, 6.958117
 
20.75038, -0.001905788, -0.0189422, 12.84506, 0, 0.0038157369100806863201726469, 10842.36, -634.3328, -1.584829, 0.01663505, 0.1455349, 207.5181, 1.732827, 1.360018, 6.958117
 
20.76038, -0.001900995, -0.01896125, 12.83432, 0, 0.0038213702236216152559366, 10826.71, -634.3328, -1.584829, 0.01663505, 0.1455349, 207.3919, 1.732827, 1.360018, 6.958117
 
20.77038, -0.001909863, -0.01898026, 12.8236, 0, 0.0038284166339200695418816469, 10811.09, -634.3328, -1.584829, 0.01663505, 0.1455349, 207.2658, 1.732827, 1.360018, 6.958117
 
20.78038, -0.001910643, -0.01899936, 12.81289, 0, 0.0038346478598801087001997, 10795.48, -634.3328, -1.584829, 0.01663505, 0.1455349, 207.1397, 1.732827, 1.360018, 6.958117
 
20.79038, -0.001913831, -0.01901847, 12.80218, 0, 0.0038411386511483135711164, 10779.9, -634.3328, -1.584829, 0.01663505, 0.1455349, 207.0138, 1.732827, 1.360018, 6.958117
 
20.80038, -0.001914559, -0.01903761, 12.79149, 0, 0.0038473864627510464942764531, 10764.35, -634.3328, -1.584829, 0.01663505, 0.1455349, 206.8878, 1.732827, 1.360018, 6.958117
 
20.81038, -0.001923378, -0.01905675, 12.78081, 0, 0.0038544876056703902042001, 10748.81, -634.3328, -1.584829, 0.01663505, 0.1455349, 206.7619, 1.732827, 1.360018, 6.958117
 
20.82038, -0.001930851, -0.01907599, 12.77013, 0, 0.0038614734783730039556505, 10733.3, -634.3328, -1.584829, 0.01663505, 0.1455349, 206.6361, 1.732827, 1.360018, 6.958117
 
20.83038, -0.001930831, -0.0190953, 12.75946, 0, 0.0038676980700759739008531, 10717.81, -634.3328, -1.584829, 0.01663505, 0.1455349, 206.5104, 1.732827, 1.360018, 6.958117
 
20.84038, -0.001934496, -0.0191146, 12.74881, 0, 0.0038743165707929207610532, 10702.33, -634.3328, -1.584829, 0.01663505, 0.1455349, 206.3846, 1.732827, 1.360018, 6.958117
 
20.85038, -0.001938591, -0.01913395, 12.73816, 0, 0.0038809939505414387792637469, 10686.89, -634.3328, -1.584829, 0.01663505, 0.1455349, 206.259, 1.732827, 1.360018, 6.958117
 
20.86038, -0.001945124, -0.01915334, 12.72753, 0, 0.0038879433348301179552404, 10671.46, -634.3328, -1.584829, 0.01663505, 0.1455349, 206.1334, 1.732827, 1.360018, 6.958117
 
20.87038, -0.001941029, -0.01917279, 12.7169, 0, 0.0038937947495724698986766531, 10656.07, -634.3328, -1.584829, 0.01663505, 0.1455349, 206.0079, 1.732827, 1.360018, 6.958117
 
20.88038, -0.001947745, -0.0191922, 12.70629, 0, 0.0039007839394036306959168, 10640.68, -634.3328, -1.584829, 0.01663505, 0.1455349, 205.8824, 1.732827, 1.360018, 6.958117
 
20.89038, -0.001949521, -0.01921168, 12.69568, 0, 0.0039072739013897008785914, 10625.32, -634.3328, -1.584829, 0.01663505, 0.1455349, 205.757, 1.732827, 1.360018, 6.958117
 
20.90038, -0.001951825, -0.01923117, 12.68508, 0, 0.0039138285473822850369711469, 10609.99, -634.3328, -1.584829, 0.01663505, 0.1455349, 205.6317, 1.732827, 1.360018, 6.958117
 
20.91038, -0.001953841, -0.01925069, 12.67449, 0, 0.0039203657784500241566241, 10594.68, -634.3328, -1.584829, 0.01663505, 0.1455349, 205.5064, 1.732827, 1.360018, 6.958117
 
20.92038, -0.001947063, -0.01927023, 12.66392, 0, 0.0039259816770661329321253, 10579.39, -634.3328, -1.584829, 0.01663505, 0.1455349, 205.3812, 1.732827, 1.360018, 6.958117
 
20.93038, -0.001956376, -0.0192897, 12.65335, 0, 0.0039332976040583526039315, 10564.11, -634.3328, -1.584829, 0.01663505, 0.1455349, 205.256, 1.732827, 1.360018, 6.958117
 
20.94038, -0.001959619, -0.01930926, 12.64279, 0, 0.0039399957158602212425518531, 10548.86, -634.3328, -1.584829, 0.01663505, 0.1455349, 205.1309, 1.732827, 1.360018, 6.958117
 
20.95038, -0.001962635, -0.01932886, 12.63224, 0, 0.0039466838762764819150883531, 10533.63, -634.3328, -1.584829, 0.01663505, 0.1455349, 205.0059, 1.732827, 1.360018, 6.958117
 
20.96038, -0.00196903, -0.01934849, 12.6217, 0, 0.0039537460429354952776333, 10518.43, -634.3328, -1.584829, 0.01663505, 0.1455349, 204.8809, 1.732827, 1.360018, 6.958117
 
20.97038, -0.001966668, -0.01936818, 12.61117, 0, 0.0039598943406820739045627, 10503.25, -634.3328, -1.584829, 0.01663505, 0.1455349, 204.756, 1.732827, 1.360018, 6.958117
 
20.98038, -0.001968254, -0.01938784, 12.60065, 0, 0.0039664655723173352421417531, 10488.08, -634.3328, -1.584829, 0.01663505, 0.1455349, 204.6311, 1.732827, 1.360018, 6.958117
 
20.99039, -0.00197208, -0.01940752, 12.59014, 0, 0.0039732880764394319955411469, 10472.94, -634.3328, -1.584829, 0.01663505, 0.1455349, 204.5062, 1.732827, 1.360018, 6.958117
 
21.00039, -0.001979758, -0.01942725, 12.57963, 0, 0.0039805384901429947105787531, 10457.82, -634.3328, -1.584829, 0.01663505, 0.1455349, 204.3815, 1.732827, 1.360018, 6.958117
 
21.01039, -0.001975941, -0.01944704, 12.56914, 0, 0.0039865789812120804516778469, 10442.72, -634.3328, -1.584829, 0.01663505, 0.1455349, 204.2568, 1.732827, 1.360018, 6.958117
 
21.02039, -0.001985357, -0.0194668, 12.55866, 0, 0.0039940400325778622730302, 10427.64, -634.3328, -1.584829, 0.01663505, 0.1455349, 204.1321, 1.732827, 1.360018, 6.958117
 
21.03039, -0.001990521, -0.01948666, 12.54818, 0, 0.0040010723450800185660382, 10412.59, -634.3328, -1.584829, 0.01663505, 0.1455349, 204.0076, 1.732827, 1.360018, 6.958117
 
21.04039, -0.002003116, -0.01950656, 12.53772, 0, 0.0040089248176133815304831, 10397.55, -634.3328, -1.584829, 0.01663505, 0.1455349, 203.883, 1.732827, 1.360018, 6.958117
 
21.05039, -0.002009833, -0.01952659, 12.52727, 0, 0.0040161768898812302076476, 10382.54, -634.3328, -1.584829, 0.01663505, 0.1455349, 203.7586, 1.732827, 1.360018, 6.958117
 
21.06039, -0.002008019, -0.01954669, 12.51682, 0, 0.0040225275324686644728280531, 10367.55, -634.3328, -1.584829, 0.01663505, 0.1455349, 203.6342, 1.732827, 1.360018, 6.958117
 
21.07039, -0.002007461, -0.01956677, 12.50638, 0, 0.0040290183237368776365661, 10352.58, -634.3328, -1.584829, 0.01663505, 0.1455349, 203.5098, 1.732827, 1.360018, 6.958117
 
21.08039, -0.002012082, -0.01958684, 12.49596, 0, 0.0040360755147030828696584469, 10337.64, -634.3328, -1.584829, 0.01663505, 0.1455349, 203.3855, 1.732827, 1.360018, 6.958117
 
21.09039, -0.002017865, -0.01960696, 12.48554, 0, 0.0040432770007607072712335, 10322.71, -634.3328, -1.584829, 0.01663505, 0.1455349, 203.2613, 1.732827, 1.360018, 6.958117
 
21.10039, -0.002012417, -0.01962714, 12.47513, 0, 0.0040492768570051684100056531, 10307.8, -634.3328, -1.584829, 0.01663505, 0.1455349, 203.1371, 1.732827, 1.360018, 6.958117
 
21.11039, -0.002015067, -0.01964727, 12.46474, 0, 0.0040561532644660116063202, 10292.92, -634.3328, -1.584829, 0.01663505, 0.1455349, 203.013, 1.732827, 1.360018, 6.958117
 
21.12039, -0.002017374, -0.01966742, 12.45435, 0, 0.0040630064520270752390346, 10278.06, -634.3328, -1.584829, 0.01663505, 0.1455349, 202.889, 1.732827, 1.360018, 6.958117
 
21.13039, -0.002015789, -0.01968759, 12.44397, 0, 0.0040694449985207864578776531, 10263.22, -634.3328, -1.584829, 0.01663505, 0.1455349, 202.765, 1.732827, 1.360018, 6.958117
 
21.14039, -0.002024604, -0.01970775, 12.4336, 0, 0.0040770271250782576410406469, 10248.4, -634.3328, -1.584829, 0.01663505, 0.1455349, 202.641, 1.732827, 1.360018, 6.958117
 
21.15039, -0.002023848, -0.019728, 12.42324, 0, 0.0040835859174815069478095469, 10233.59, -634.3328, -1.584829, 0.01663505, 0.1455349, 202.5172, 1.732827, 1.360018, 6.958117
 
21.16039, -0.002030069, -0.01974823, 12.41289, 0, 0.0040909159422700163197314469, 10218.82, -634.3328, -1.584829, 0.01663505, 0.1455349, 202.3933, 1.732827, 1.360018, 6.958117
 
21.17039, -0.002035427, -0.01976853, 12.40254, 0, 0.0040981738195127995217693, 10204.06, -634.3328, -1.584829, 0.01663505, 0.1455349, 202.2696, 1.732827, 1.360018, 6.958117
 
21.18039, -0.002036947, -0.01978889, 12.39221, 0, 0.0041050278363559978427258, 10189.32, -634.3328, -1.584829, 0.01663505, 0.1455349, 202.1458, 1.732827, 1.360018, 6.958117
 
21.19039, -0.002038642, -0.01980926, 12.38189, 0, 0.0041119108780739019593344531, 10174.61, -634.3328, -1.584829, 0.01663505, 0.1455349, 202.0222, 1.732827, 1.360018, 6.958117
 
21.20039, -0.002033446, -0.01982965, 12.37157, 0, 0.0041180450780242074717908469, 10159.91, -634.3328, -1.584829, 0.01663505, 0.1455349, 201.8986, 1.732827, 1.360018, 6.958117
 
21.21039, -0.002040319, -0.01984998, 12.36127, 0, 0.0041255086172363850650481531, 10145.24, -634.3328, -1.584829, 0.01663505, 0.1455349, 201.7751, 1.732827, 1.360018, 6.958117
 
21.22039, -0.002041819, -0.01987038, 12.35098, 0, 0.0041323999517756526497205, 10130.58, -634.3328, -1.584829, 0.01663505, 0.1455349, 201.6516, 1.732827, 1.360018, 6.958117
 
21.23039, -0.002038094, -0.0198908, 12.34069, 0, 0.0041387232280526422029116531, 10115.95, -634.3328, -1.584829, 0.01663505, 0.1455349, 201.5281, 1.732827, 1.360018, 6.958117
 
21.24039, -0.002047619, -0.01991118, 12.33041, 0, 0.0041465168215544505949888, 10101.33, -634.3328, -1.584829, 0.01663505, 0.1455349, 201.4048, 1.732827, 1.360018, 6.958117
 
21.25039, -0.002050594, -0.01993166, 12.32014, 0, 0.0041536105009345738179122, 10086.74, -634.3328, -1.584829, 0.01663505, 0.1455349, 201.2814, 1.732827, 1.360018, 6.958117
 
21.26039, -0.002052241, -0.01995216, 12.30988, 0, 0.0041605698366088775456154, 10072.17, -634.3328, -1.584829, 0.01663505, 0.1455349, 201.1582, 1.732827, 1.360018, 6.958117
 
21.27039, -0.002048749, -0.01997269, 12.29963, 0, 0.0041669677482779890405955531, 10057.62, -634.3328, -1.584829, 0.01663505, 0.1455349, 201.035, 1.732827, 1.360018, 6.958117
 
21.28039, -0.002057292, -0.01999317, 12.28939, 0, 0.0041747082677231690923569531, 10043.1, -634.3328, -1.584829, 0.01663505, 0.1455349, 200.9119, 1.732827, 1.360018, 6.958117
 
21.29039, -0.002059033, -0.02001375, 12.27916, 0, 0.0041817157017612930309233, 10028.58, -634.3328, -1.584829, 0.01663505, 0.1455349, 200.7888, 1.732827, 1.360018, 6.958117
 
21.30039, -0.002057258, -0.02003434, 12.26894, 0, 0.0041883408367353173970602, 10014.1, -634.3328, -1.584829, 0.01663505, 0.1455349, 200.6657, 1.732827, 1.360018, 6.958117
 
21.31039, -0.002068712, -0.02005491, 12.25872, 0, 0.0041964537038589807623458469, 9999.625, -634.3328, -1.584829, 0.01663505, 0.1455349, 200.5428, 1.732827, 1.360018, 6.958117
 
21.32039, -0.002072173, -0.0200756, 12.24852, 0, 0.0042037008004340047244150531, 9985.18, -634.3328, -1.584829, 0.01663505, 0.1455349, 200.4199, 1.732827, 1.360018, 6.958117
 
21.33039, -0.002075969, -0.02009632, 12.23832, 0, 0.0042110018003478165935061469, 9970.753, -634.3328, -1.584829, 0.01663505, 0.1455349, 200.297, 1.732827, 1.360018, 6.958117
 
21.34039, -0.002074748, -0.02011708, 12.22814, 0, 0.0042177529862063135724422469, 9956.349, -634.3328, -1.584829, 0.01663505, 0.1455349, 200.1742, 1.732827, 1.360018, 6.958117
 
21.35039, -0.002083958, -0.02013783, 12.21796, 0, 0.0042256858991067330035495, 9941.964, -634.3328, -1.584829, 0.01663505, 0.1455349, 200.0515, 1.732827, 1.360018, 6.958117
 
21.36039, -0.002088084, -0.02015867, 12.20779, 0, 0.0042330731443625358641763, 9927.597, -634.3328, -1.584829, 0.01663505, 0.1455349, 199.9288, 1.732827, 1.360018, 6.958117
 
21.37039, -0.002084468, -0.02017955, 12.19764, 0, 0.0042396012533268017059875, 9913.253, -634.3328, -1.584829, 0.01663505, 0.1455349, 199.8062, 1.732827, 1.360018, 6.958117
 
21.38039, -0.002086945, -0.02020039, 12.18748, 0, 0.0042468201543092711462893469, 9898.926, -634.3328, -1.584829, 0.01663505, 0.1455349, 199.6836, 1.732827, 1.360018, 6.958117
 
21.39039, -0.002093252, -0.02022126, 12.17734, 0, 0.0042544860383623292562617469, 9884.618, -634.3328, -1.584829, 0.01663505, 0.1455349, 199.5611, 1.732827, 1.360018, 6.958117
 
21.40039, -0.002089081, -0.02024219, 12.16721, 0, 0.0042609826346054686520518, 9870.336, -634.3328, -1.584829, 0.01663505, 0.1455349, 199.4386, 1.732827, 1.360018, 6.958117
 
21.41039, -0.002092263, -0.02026308, 12.15709, 0, 0.0042683151472403820887, 9856.069, -634.3328, -1.584829, 0.01663505, 0.1455349, 199.3162, 1.732827, 1.360018, 6.958117
 
21.42039, -0.002089403, -0.02028401, 12.14697, 0, 0.0042749726242176592962788, 9841.824, -634.3328, -1.584829, 0.01663505, 0.1455349, 199.1938, 1.732827, 1.360018, 6.958117
 
21.4304, -0.002099804, -0.0203049, 12.13687, 0, 0.0042831451996550119221743, 9827.599, -634.3328, -1.584829, 0.01663505, 0.1455349, 199.0716, 1.732827, 1.360018, 6.958117
 
21.4404, -0.002102507, -0.0203259, 12.12677, 0, 0.0042904702487507131646436, 9813.395, -634.3328, -1.584829, 0.01663505, 0.1455349, 198.9493, 1.732827, 1.360018, 6.958117
 
21.4504, -0.002109727, -0.02034692, 12.11668, 0, 0.0042983252091304801938148, 9799.21, -634.3328, -1.584829, 0.01663505, 0.1455349, 198.8271, 1.732827, 1.360018, 6.958117
 
21.4604, -0.002110906, -0.02036802, 12.10661, 0, 0.0043055134266739661691589469, 9785.045, -634.3328, -1.584829, 0.01663505, 0.1455349, 198.705, 1.732827, 1.360018, 6.958117
 
21.4704, -0.002114481, -0.02038913, 12.09654, 0, 0.0043129860879896336259007, 9770.9, -634.3328, -1.584829, 0.01663505, 0.1455349, 198.5829, 1.732827, 1.360018, 6.958117
 
21.4804, -0.002121369, -0.02041028, 12.08647, 0, 0.0043208559754478250434297, 9756.772, -634.3328, -1.584829, 0.01663505, 0.1455349, 198.4609, 1.732827, 1.360018, 6.958117
 
21.4904, -0.002123511, -0.02043149, 12.07642, 0, 0.0043282025858790364730149469, 9742.668, -634.3328, -1.584829, 0.01663505, 0.1455349, 198.3389, 1.732827, 1.360018, 6.958117
 
21.5004, -0.002118261, -0.02045272, 12.06638, 0, 0.0043347099627899351087736469, 9728.585, -634.3328, -1.584829, 0.01663505, 0.1455349, 198.217, 1.732827, 1.360018, 6.958117
 
21.5104, -0.002119305, -0.02047391, 12.05635, 0, 0.0043419396444401472034014469, 9714.516, -634.3328, -1.584829, 0.01663505, 0.1455349, 198.0952, 1.732827, 1.360018, 6.958117
 
21.5204, -0.00212005, -0.0204951, 12.04632, 0, 0.0043491436183441756697028, 9700.473, -634.3328, -1.584829, 0.01663505, 0.1455349, 197.9734, 1.732827, 1.360018, 6.958117
 
21.5304, -0.002124224, -0.0205163, 12.03631, 0, 0.0043567555990584707511173531, 9686.448, -634.3328, -1.584829, 0.01663505, 0.1455349, 197.8516, 1.732827, 1.360018, 6.958117
 
21.5404, -0.002125358, -0.02053754, 12.0263, 0, 0.0043640308912261072847033469, 9672.444, -634.3328, -1.584829, 0.01663505, 0.1455349, 197.73, 1.732827, 1.360018, 6.958117
 
21.5504, -0.002126883, -0.02055879, 12.0163, 0, 0.0043713634038610041357088531, 9658.457, -634.3328, -1.584829, 0.01663505, 0.1455349, 197.6083, 1.732827, 1.360018, 6.958117
 
21.5604, -0.002136701, -0.02058006, 12.00631, 0, 0.0043796719815684539261301, 9644.489, -634.3328, -1.584829, 0.01663505, 0.1455349, 197.4867, 1.732827, 1.360018, 6.958117
 
21.5704, -0.002139147, -0.02060143, 11.99633, 0, 0.0043871521064233418698721, 9630.542, -634.3328, -1.584829, 0.01663505, 0.1455349, 197.3652, 1.732827, 1.360018, 6.958117
 
21.5804, -0.002146294, -0.02062282, 11.98636, 0, 0.0043951944845655484417579, 9616.614, -634.3328, -1.584829, 0.01663505, 0.1455349, 197.2437, 1.732827, 1.360018, 6.958117
 
21.5904, -0.002146164, -0.02064428, 11.9764, 0, 0.0044024108977016138173334469, 9602.707, -634.3328, -1.584829, 0.01663505, 0.1455349, 197.1223, 1.732827, 1.360018, 6.958117
 
21.6004, -0.002152335, -0.02066575, 11.96644, 0, 0.0044103728354767473369142, 9588.816, -634.3328, -1.584829, 0.01663505, 0.1455349, 197.001, 1.732827, 1.360018, 6.958117
 
21.6104, -0.002162479, -0.02068727, 11.9565, 0, 0.0044188232204292205239132, 9574.945, -634.3328, -1.584829, 0.01663505, 0.1455349, 196.8796, 1.732827, 1.360018, 6.958117
 
21.6204, -0.002168112, -0.02070889, 11.94656, 0, 0.0044267743775366030963466531, 9561.098, -634.3328, -1.584829, 0.01663505, 0.1455349, 196.7584, 1.732827, 1.360018, 6.958117
 
21.6304, -0.002175702, -0.02073058, 11.93663, 0, 0.0044349784656950738754419531, 9547.263, -634.3328, -1.584829, 0.01663505, 0.1455349, 196.6372, 1.732827, 1.360018, 6.958117
 
21.6404, -0.002178873, -0.02075233, 11.92671, 0, 0.0044426883017012704622456531, 9533.449, -634.3328, -1.584829, 0.01663505, 0.1455349, 196.516, 1.732827, 1.360018, 6.958117
 
21.6504, -0.002176507, -0.02077412, 11.9168, 0, 0.0044497587611816307072116, 9519.66, -634.3328, -1.584829, 0.01663505, 0.1455349, 196.3949, 1.732827, 1.360018, 6.958117
 
21.6604, -0.002173564, -0.02079589, 11.9069, 0, 0.0044567645366554852692937469, 9505.891, -634.3328, -1.584829, 0.01663505, 0.1455349, 196.2739, 1.732827, 1.360018, 6.958117
 
21.6704, -0.002174822, -0.02081762, 11.897, 0, 0.0044642678814101361909932, 9492.138, -634.3328, -1.584829, 0.01663505, 0.1455349, 196.153, 1.732827, 1.360018, 6.958117
 
21.6804, -0.002180939, -0.02083937, 11.88712, 0, 0.0044723575286340199926787, 9478.404, -634.3328, -1.584829, 0.01663505, 0.1455349, 196.032, 1.732827, 1.360018, 6.958117
 
21.6904, -0.002184276, -0.02086118, 11.87724, 0, 0.0044801403414680608519658531, 9464.69, -634.3328, -1.584829, 0.01663505, 0.1455349, 195.9112, 1.732827, 1.360018, 6.958117
 
21.7004, -0.002179152, -0.02088302, 11.86738, 0, 0.0044869354792797128933759469, 9450.996, -634.3328, -1.584829, 0.01663505, 0.1455349, 195.7903, 1.732827, 1.360018, 6.958117
 
21.7104, -0.002180567, -0.02090481, 11.85752, 0, 0.004494501849476600121475, 9437.321, -634.3328, -1.584829, 0.01663505, 0.1455349, 195.6696, 1.732827, 1.360018, 6.958117
 
21.7204, -0.002175112, -0.02092662, 11.84767, 0, 0.0045012629867207133593163, 9423.667, -634.3328, -1.584829, 0.01663505, 0.1455349, 195.5489, 1.732827, 1.360018, 6.958117
 
21.7304, -0.002184508, -0.02094837, 11.83782, 0, 0.0045097896656295861574098469, 9410.027, -634.3328, -1.584829, 0.01663505, 0.1455349, 195.4283, 1.732827, 1.360018, 6.958117
 
21.7404, -0.002185431, -0.02097022, 11.828, 0, 0.0045173353037731061794564, 9396.412, -634.3328, -1.584829, 0.01663505, 0.1455349, 195.3077, 1.732827, 1.360018, 6.958117
 
21.7504, -0.002183793, -0.02099207, 11.81817, 0, 0.0045245840589124161036525, 9382.815, -634.3328, -1.584829, 0.01663505, 0.1455349, 195.1871, 1.732827, 1.360018, 6.958117
 
21.7604, -0.002187178, -0.02101391, 11.80836, 0, 0.0045324390192921831328237, 9369.234, -634.3328, -1.584829, 0.01663505, 0.1455349, 195.0667, 1.732827, 1.360018, 6.958117
 
21.7704, -0.002183771, -0.02103578, 11.79855, 0, 0.0045394962102583800730947, 9355.671, -634.3328, -1.584829, 0.01663505, 0.1455349, 194.9462, 1.732827, 1.360018, 6.958117
 
21.7804, -0.002189679, -0.02105762, 11.78875, 0, 0.0045476721028242714519586, 9342.13, -634.3328, -1.584829, 0.01663505, 0.1455349, 194.8258, 1.732827, 1.360018, 6.958117
 
21.7904, -0.002192797, -0.02107952, 11.77896, 0, 0.0045555336974611159870666, 9328.61, -634.3328, -1.584829, 0.01663505, 0.1455349, 194.7055, 1.732827, 1.360018, 6.958117
 
21.8004, -0.00219341, -0.02110144, 11.76918, 0, 0.0045631100190436277668922, 9315.104, -634.3328, -1.584829, 0.01663505, 0.1455349, 194.5853, 1.732827, 1.360018, 6.958117
 
21.8104, -0.002196346, -0.02112338, 11.75941, 0, 0.0045709757600911457432107, 9301.624, -634.3328, -1.584829, 0.01663505, 0.1455349, 194.4651, 1.732827, 1.360018, 6.958117
 
21.8204, -0.002196822, -0.02114534, 11.74964, 0, 0.0045785595452128697172152, 9288.156, -634.3328, -1.584829, 0.01663505, 0.1455349, 194.3449, 1.732827, 1.360018, 6.958117
 
21.8304, -0.002198158, -0.02116731, 11.73989, 0, 0.0045862569419870376875660531, 9274.709, -634.3328, -1.584829, 0.01663505, 0.1455349, 194.2248, 1.732827, 1.360018, 6.958117
 
21.8404, -0.002199839, -0.02118929, 11.73015, 0, 0.0045940074128178505838753469, 9261.283, -634.3328, -1.584829, 0.01663505, 0.1455349, 194.1048, 1.732827, 1.360018, 6.958117
 
21.8504, -0.002203091, -0.02121129, 11.72041, 0, 0.004601960228489502532793, 9247.874, -634.3328, -1.584829, 0.01663505, 0.1455349, 193.9848, 1.732827, 1.360018, 6.958117
 
21.8604, -0.002211405, -0.02123332, 11.71068, 0, 0.0046105449571478035078335469, 9234.483, -634.3328, -1.584829, 0.01663505, 0.1455349, 193.8648, 1.732827, 1.360018, 6.958117
 
21.87041, -0.002214539, -0.02125543, 11.70096, 0, 0.0046185276269763125262881469, 9221.112, -634.3328, -1.584829, 0.01663505, 0.1455349, 193.7449, 1.732827, 1.360018, 6.958117
 
21.88041, -0.00221509, -0.02127758, 11.69124, 0, 0.0046262109259541907965233, 9207.758, -634.3328, -1.584829, 0.01663505, 0.1455349, 193.6251, 1.732827, 1.360018, 6.958117
 
21.89041, -0.002219557, -0.02129973, 11.68154, 0, 0.0046343826721094087341767, 9194.422, -634.3328, -1.584829, 0.01663505, 0.1455349, 193.5053, 1.732827, 1.360018, 6.958117
 
21.90041, -0.002220228, -0.02132192, 11.67184, 0, 0.0046421082644761643975803, 9181.105, -634.3328, -1.584829, 0.01663505, 0.1455349, 193.3856, 1.732827, 1.360018, 6.958117
 
21.91041, -0.002223357, -0.02134413, 11.66216, 0, 0.0046501456669255628400135, 9167.811, -634.3328, -1.584829, 0.01663505, 0.1455349, 193.2659, 1.732827, 1.360018, 6.958117
 
21.92041, -0.0022323, -0.02136636, 11.65248, 0, 0.0046589120083713605400739469, 9154.532, -634.3328, -1.584829, 0.01663505, 0.1455349, 193.1463, 1.732827, 1.360018, 6.958117
 
21.93041, -0.002233228, -0.02138869, 11.64281, 0, 0.0046667230167979807995925, 9141.272, -634.3328, -1.584829, 0.01663505, 0.1455349, 193.0267, 1.732827, 1.360018, 6.958117
 
21.94041, -0.002240838, -0.02141102, 11.63314, 0, 0.0046753674537699710352429, 9128.029, -634.3328, -1.584829, 0.01663505, 0.1455349, 192.9072, 1.732827, 1.360018, 6.958117
 
21.95041, -0.002244698, -0.02143343, 11.62349, 0, 0.0046835756883391152555487, 9114.807, -634.3328, -1.584829, 0.01663505, 0.1455349, 192.7877, 1.732827, 1.360018, 6.958117
 
21.96041, -0.002239467, -0.02145587, 11.61384, 0, 0.0046906809776691241138615, 9101.604, -634.3328, -1.584829, 0.01663505, 0.1455349, 192.6683, 1.732827, 1.360018, 6.958117
 
21.97041, -0.002243774, -0.02147827, 11.60421, 0, 0.0046989613597839779184086531, 9088.417, -634.3328, -1.584829, 0.01663505, 0.1455349, 192.549, 1.732827, 1.360018, 6.958117
 
21.98041, -0.002245701, -0.0215007, 11.59458, 0, 0.0047069647616658624357371, 9075.25, -634.3328, -1.584829, 0.01663505, 0.1455349, 192.4297, 1.732827, 1.360018, 6.958117
 
21.99041, -0.00224893, -0.02152316, 11.58496, 0, 0.0047151439713603008603907469, 9062.098, -634.3328, -1.584829, 0.01663505, 0.1455349, 192.3104, 1.732827, 1.360018, 6.958117
 
22.00041, -0.002258049, -0.02154565, 11.57535, 0, 0.0047240678764116727408075, 9048.972, -634.3328, -1.584829, 0.01663505, 0.1455349, 192.1912, 1.732827, 1.360018, 6.958117
 
22.01041, -0.00226813, -0.02156823, 11.56574, 0, 0.0047331435400937008623499, 9035.858, -634.3328, -1.584829, 0.01663505, 0.1455349, 192.0721, 1.732827, 1.360018, 6.958117
 
22.02041, -0.002278723, -0.02159091, 11.55615, 0, 0.004742316229785487508218, 9022.763, -634.3328, -1.584829, 0.01663505, 0.1455349, 191.953, 1.732827, 1.360018, 6.958117
 
22.03041, -0.002285678, -0.0216137, 11.54656, 0, 0.0047510701319992482990042531, 9009.685, -634.3328, -1.584829, 0.01663505, 0.1455349, 191.8339, 1.732827, 1.360018, 6.958117
 
22.04041, -0.002297866, -0.02163656, 11.53698, 0, 0.0047605015577170659692289, 8996.627, -634.3328, -1.584829, 0.01663505, 0.1455349, 191.7149, 1.732827, 1.360018, 6.958117
 
22.05041, -0.002303723, -0.02165954, 11.52741, 0, 0.0047691808245387214038688469, 8983.588, -634.3328, -1.584829, 0.01663505, 0.1455349, 191.596, 1.732827, 1.360018, 6.958117
 
22.06041, -0.002300688, -0.02168258, 11.51785, 0, 0.0047767704146353716099253531, 8970.567, -634.3328, -1.584829, 0.01663505, 0.1455349, 191.4771, 1.732827, 1.360018, 6.958117
 
22.07041, -0.002307259, -0.02170558, 11.5083, 0, 0.0047855649516737570030385469, 8957.563, -634.3328, -1.584829, 0.01663505, 0.1455349, 191.3583, 1.732827, 1.360018, 6.958117
 
22.08041, -0.002313078, -0.02172866, 11.49875, 0, 0.0047942898290128037053513, 8944.577, -634.3328, -1.584829, 0.01663505, 0.1455349, 191.2395, 1.732827, 1.360018, 6.958117
 
22.09041, -0.002308616, -0.02175179, 11.48921, 0, 0.0048017459046857856900724, 8931.61, -634.3328, -1.584829, 0.01663505, 0.1455349, 191.1208, 1.732827, 1.360018, 6.958117
 
22.10041, -0.002312581, -0.02177487, 11.47968, 0, 0.0048102609736447645599552, 8918.661, -634.3328, -1.584829, 0.01663505, 0.1455349, 191.0021, 1.732827, 1.360018, 6.958117
 
22.11041, -0.002309047, -0.021798, 11.47016, 0, 0.0048178489051771619751702, 8905.732, -634.3328, -1.584829, 0.01663505, 0.1455349, 190.8835, 1.732827, 1.360018, 6.958117
 
22.12041, -0.002315191, -0.02182109, 11.46065, 0, 0.0048266583692939551709985, 8892.821, -634.3328, -1.584829, 0.01663505, 0.1455349, 190.765, 1.732827, 1.360018, 6.958117
 
22.13041, -0.002320418, -0.02184424, 11.45115, 0, 0.0048353757830937979719537, 8879.926, -634.3328, -1.584829, 0.01663505, 0.1455349, 190.6464, 1.732827, 1.360018, 6.958117
 
22.14041, -0.002325029, -0.02186745, 11.44165, 0, 0.0048440368057084736796247531, 8867.049, -634.3328, -1.584829, 0.01663505, 0.1455349, 190.528, 1.732827, 1.360018, 6.958117
 
22.15041, -0.002335051, -0.0218907, 11.43216, 0, 0.0048534035474197856669656, 8854.19, -634.3328, -1.584829, 0.01663505, 0.1455349, 190.4096, 1.732827, 1.360018, 6.958117
 
22.16041, -0.002340461, -0.02191405, 11.42269, 0, 0.0048622196457936480759093531, 8841.35, -634.3328, -1.584829, 0.01663505, 0.1455349, 190.2912, 1.732827, 1.360018, 6.958117
 
22.17041, -0.002341179, -0.02193745, 11.41321, 0, 0.0048704610516481798258991531, 8828.525, -634.3328, -1.584829, 0.01663505, 0.1455349, 190.1729, 1.732827, 1.360018, 6.958117
 
22.18041, -0.002348862, -0.02196086, 11.40375, 0, 0.0048795989114903178584204, 8815.719, -634.3328, -1.584829, 0.01663505, 0.1455349, 190.0547, 1.732827, 1.360018, 6.958117
 
22.19041, -0.002350598, -0.02198435, 11.3943, 0, 0.0048880070030539219450723, 8802.935, -634.3328, -1.584829, 0.01663505, 0.1455349, 189.9365, 1.732827, 1.360018, 6.958117
 
22.20041, -0.002346528, -0.02200786, 11.38485, 0, 0.0048956869849032697551604, 8790.168, -634.3328, -1.584829, 0.01663505, 0.1455349, 189.8184, 1.732827, 1.360018, 6.958117
 
22.21041, -0.002349528, -0.02203132, 11.37541, 0, 0.0049042708842794277491375, 8777.417, -634.3328, -1.584829, 0.01663505, 0.1455349, 189.7003, 1.732827, 1.360018, 6.958117
 
22.22041, -0.002350676, -0.02205482, 11.36598, 0, 0.004912634194607758670716, 8764.683, -634.3328, -1.584829, 0.01663505, 0.1455349, 189.5822, 1.732827, 1.360018, 6.958117
 
22.23041, -0.002358843, -0.02207832, 11.35656, 0, 0.0049219080567199772821203, 8751.965, -634.3328, -1.584829, 0.01663505, 0.1455349, 189.4642, 1.732827, 1.360018, 6.958117
 
22.24041, -0.002361162, -0.02210191, 11.34715, 0, 0.0049304612726571518111397, 8739.267, -634.3328, -1.584829, 0.01663505, 0.1455349, 189.3463, 1.732827, 1.360018, 6.958117
 
22.25041, -0.002360458, -0.02212552, 11.33774, 0, 0.0049386404823515736501506531, 8726.583, -634.3328, -1.584829, 0.01663505, 0.1455349, 189.2284, 1.732827, 1.360018, 6.958117
 
22.26041, -0.002366832, -0.02214913, 11.32834, 0, 0.0049477385366512383542297531, 8713.922, -634.3328, -1.584829, 0.01663505, 0.1455349, 189.1106, 1.732827, 1.360018, 6.958117
 
22.27041, -0.002367469, -0.0221728, 11.31895, 0, 0.0049561209204686836910192469, 8701.276, -634.3328, -1.584829, 0.01663505, 0.1455349, 188.9928, 1.732827, 1.360018, 6.958117
 
22.28041, -0.002361057, -0.02219647, 11.30957, 0, 0.0049636043624521020949083, 8688.651, -634.3328, -1.584829, 0.01663505, 0.1455349, 188.8751, 1.732827, 1.360018, 6.958117
 
22.29041, -0.002363283, -0.02222008, 11.3002, 0, 0.0049721982132138763477906, 8676.041, -634.3328, -1.584829, 0.01663505, 0.1455349, 188.7574, 1.732827, 1.360018, 6.958117
 
22.30042, -0.002363832, -0.02224372, 11.29083, 0, 0.0049805905484169213578426, 8663.445, -634.3328, -1.584829, 0.01663505, 0.1455349, 188.6398, 1.732827, 1.360018, 6.958117
 
22.31042, -0.002361513, -0.02226735, 11.28147, 0, 0.004988621316609242294339, 8650.869, -634.3328, -1.584829, 0.01663505, 0.1455349, 188.5222, 1.732827, 1.360018, 6.958117
 
22.32042, -0.002366379, -0.02229097, 11.27212, 0, 0.0049975883443316262561663, 8638.311, -634.3328, -1.584829, 0.01663505, 0.1455349, 188.4046, 1.732827, 1.360018, 6.958117
 
22.33042, -0.002365657, -0.02231463, 11.26278, 0, 0.0050058496529573905239665, 8625.771, -634.3328, -1.584829, 0.01663505, 0.1455349, 188.2872, 1.732827, 1.360018, 6.958117
 
22.34042, -0.00237336, -0.02233829, 11.25344, 0, 0.0050152163946686859256646531, 8613.246, -634.3328, -1.584829, 0.01663505, 0.1455349, 188.1697, 1.732827, 1.360018, 6.958117
 
22.35042, -0.002375474, -0.02236202, 11.24412, 0, 0.005023882392976186348431, 8600.738, -634.3328, -1.584829, 0.01663505, 0.1455349, 188.0524, 1.732827, 1.360018, 6.958117
 
22.36042, -0.00237479, -0.02238578, 11.2348, 0, 0.0050321967756585706637256, 8588.25, -634.3328, -1.584829, 0.01663505, 0.1455349, 187.935, 1.732827, 1.360018, 6.958117
 
22.37042, -0.002381315, -0.02240953, 11.22549, 0, 0.0050414623449494423927089, 8575.778, -634.3328, -1.584829, 0.01663505, 0.1455349, 187.8178, 1.732827, 1.360018, 6.958117
 
22.38042, -0.002379651, -0.02243334, 11.21619, 0, 0.0050496805309042111647412469, 8563.325, -634.3328, -1.584829, 0.01663505, 0.1455349, 187.7006, 1.732827, 1.360018, 6.958117
 
22.39042, -0.002377991, -0.02245714, 11.20689, 0, 0.0050579053511160325642463531, 8550.888, -634.3328, -1.584829, 0.01663505, 0.1455349, 187.5834, 1.732827, 1.360018, 6.958117
 
22.40042, -0.00238484, -0.02248092, 11.19761, 0, 0.0050672530193382467220189, 8538.468, -634.3328, -1.584829, 0.01663505, 0.1455349, 187.4662, 1.732827, 1.360018, 6.958117
 
22.41042, -0.002387656, -0.02250477, 11.18833, 0, 0.0050760964840225538429519531, 8526.065, -634.3328, -1.584829, 0.01663505, 0.1455349, 187.3492, 1.732827, 1.360018, 6.958117
 
22.42042, -0.002386376, -0.02252864, 11.17906, 0, 0.0050844158423977628733418469, 8513.679, -634.3328, -1.584829, 0.01663505, 0.1455349, 187.2322, 1.732827, 1.360018, 6.958117
 
22.43042, -0.002389702, -0.02255251, 11.1698, 0, 0.005093351357399020389148, 8501.311, -634.3328, -1.584829, 0.01663505, 0.1455349, 187.1152, 1.732827, 1.360018, 6.958117
 
22.44042, -0.002393042, -0.02257641, 11.16054, 0, 0.0051023051166072493391017, 8488.959, -634.3328, -1.584829, 0.01663505, 0.1455349, 186.9983, 1.732827, 1.360018, 6.958117
 
22.45042, -0.002391084, -0.02260034, 11.15129, 0, 0.0051105747180543604893229, 8476.623, -634.3328, -1.584829, 0.01663505, 0.1455349, 186.8814, 1.732827, 1.360018, 6.958117
 
22.46042, -0.002396452, -0.02262425, 11.14205, 0, 0.0051198203845740079933171469, 8464.307, -634.3328, -1.584829, 0.01663505, 0.1455349, 186.7646, 1.732827, 1.360018, 6.958117
 
22.47042, -0.00239511, -0.02264821, 11.13282, 0, 0.0051281994512628896986742, 8452.006, -634.3328, -1.584829, 0.01663505, 0.1455349, 186.6478, 1.732827, 1.360018, 6.958117
 
22.48042, -0.002395344, -0.02267217, 11.1236, 0, 0.0051367933020246639515565, 8439.724, -634.3328, -1.584829, 0.01663505, 0.1455349, 186.5311, 1.732827, 1.360018, 6.958117
 
22.49042, -0.002398832, -0.02269612, 11.11438, 0, 0.0051458299894463617257202, 8427.456, -634.3328, -1.584829, 0.01663505, 0.1455349, 186.4144, 1.732827, 1.360018, 6.958117
 
22.50042, -0.002402433, -0.02272011, 11.10518, 0, 0.0051549015067177246988734469, 8415.207, -634.3328, -1.584829, 0.01663505, 0.1455349, 186.2978, 1.732827, 1.360018, 6.958117
 
22.51042, -0.002415981, -0.02274413, 11.09597, 0, 0.0051653197781757964987330531, 8402.97, -634.3328, -1.584829, 0.01663505, 0.1455349, 186.1812, 1.732827, 1.360018, 6.958117
 
22.52042, -0.002422798, -0.02276829, 11.08678, 0, 0.0051748814011887602229674, 8390.755, -634.3328, -1.584829, 0.01663505, 0.1455349, 186.0647, 1.732827, 1.360018, 6.958117
 
22.53042, -0.002428474, -0.02279252, 11.0776, 0, 0.0051843169733172430415812, 8378.557, -634.3328, -1.584829, 0.01663505, 0.1455349, 185.9482, 1.732827, 1.360018, 6.958117
 
22.54042, -0.002437374, -0.02281681, 11.06842, 0, 0.00519420865061980439335, 8366.375, -634.3328, -1.584829, 0.01663505, 0.1455349, 185.8318, 1.732827, 1.360018, 6.958117
 
22.55042, -0.002443743, -0.02284118, 11.05925, 0, 0.0052037926642503964072997, 8354.21, -634.3328, -1.584829, 0.01663505, 0.1455349, 185.7154, 1.732827, 1.360018, 6.958117
 
22.56042, -0.002447631, -0.02286562, 11.05009, 0, 0.0052130690142090190834303, 8342.062, -634.3328, -1.584829, 0.01663505, 0.1455349, 185.5991, 1.732827, 1.360018, 6.958117
 
22.57042, -0.002458853, -0.02289009, 11.04094, 0, 0.0052233537712434143691331531, 8329.928, -634.3328, -1.584829, 0.01663505, 0.1455349, 185.4828, 1.732827, 1.360018, 6.958117
 
22.58042, -0.002470217, -0.02291468, 11.03179, 0, 0.0052336949194629767481201531, 8317.811, -634.3328, -1.584829, 0.01663505, 0.1455349, 185.3666, 1.732827, 1.360018, 6.958117
 
22.59042, -0.002479092, -0.02293939, 11.02265, 0, 0.0052437383553961860481932531, 8305.712, -634.3328, -1.584829, 0.01663505, 0.1455349, 185.2504, 1.732827, 1.360018, 6.958117
 
22.60042, -0.002488544, -0.02296418, 11.01352, 0, 0.0052538929151354518655291, 8293.627, -634.3328, -1.584829, 0.01663505, 0.1455349, 185.1343, 1.732827, 1.360018, 6.958117
 
22.61042, -0.002498229, -0.02298906, 11.0044, 0, 0.0052641121588812150729274, 8281.562, -634.3328, -1.584829, 0.01663505, 0.1455349, 185.0182, 1.732827, 1.360018, 6.958117
 
22.62042, -0.002495563, -0.02301404, 10.99528, 0, 0.0052726902532824302492098, 8269.515, -634.3328, -1.584829, 0.01663505, 0.1455349, 184.9022, 1.732827, 1.360018, 6.958117
 
22.63042, -0.002492109, -0.023039, 10.98617, 0, 0.0052811655166989440834718, 8257.48, -634.3328, -1.584829, 0.01663505, 0.1455349, 184.7862, 1.732827, 1.360018, 6.958117
 
22.64042, -0.002497466, -0.02306392, 10.97708, 0, 0.0052908407513643518040525, 8245.465, -634.3328, -1.584829, 0.01663505, 0.1455349, 184.6702, 1.732827, 1.360018, 6.958117
 
22.65042, -0.002499184, -0.02308889, 10.96798, 0, 0.0053000424659308525383941, 8233.466, -634.3328, -1.584829, 0.01663505, 0.1455349, 184.5544, 1.732827, 1.360018, 6.958117
 
22.66042, -0.002504461, -0.02311389, 10.9589, 0, 0.0053097450669067049709641, 8221.482, -634.3328, -1.584829, 0.01663505, 0.1455349, 184.4385, 1.732827, 1.360018, 6.958117
 
22.67042, -0.002508765, -0.02313893, 10.94982, 0, 0.0053193382026407868483982469, 8209.518, -634.3328, -1.584829, 0.01663505, 0.1455349, 184.3228, 1.732827, 1.360018, 6.958117
 
22.68042, -0.002514904, -0.02316402, 10.94075, 0, 0.0053292041721971645718406, 8197.568, -634.3328, -1.584829, 0.01663505, 0.1455349, 184.207, 1.732827, 1.360018, 6.958117
 
22.69042, -0.002524453, -0.02318917, 10.93169, 0, 0.0053395627353415636967330469, 8185.635, -634.3328, -1.584829, 0.01663505, 0.1455349, 184.0913, 1.732827, 1.360018, 6.958117
 
22.70042, -0.002531755, -0.02321441, 10.92264, 0, 0.0053496476353814991160898, 8173.719, -634.3328, -1.584829, 0.01663505, 0.1455349, 183.9757, 1.732827, 1.360018, 6.958117
 
22.71042, -0.002534221, -0.02323973, 10.91359, 0, 0.0053590973053062716348193, 8161.818, -634.3328, -1.584829, 0.01663505, 0.1455349, 183.8601, 1.732827, 1.360018, 6.958117
 
22.72042, -0.002538306, -0.02326507, 10.90455, 0, 0.0053687841499215649907894, 8149.934, -634.3328, -1.584829, 0.01663505, 0.1455349, 183.7446, 1.732827, 1.360018, 6.958117
 
22.73042, -0.002539028, -0.02329045, 10.89552, 0, 0.0053780298164411959091409531, 8138.067, -634.3328, -1.584829, 0.01663505, 0.1455349, 183.6291, 1.732827, 1.360018, 6.958117
 
22.74043, -0.002538999, -0.02331584, 10.8865, 0, 0.0053871850912081623947463, 8126.212, -634.3328, -1.584829, 0.01663505, 0.1455349, 183.5136, 1.732827, 1.360018, 6.958117
 
22.75043, -0.002549229, -0.02334123, 10.87748, 0, 0.0053977675605289107593630531, 8114.378, -634.3328, -1.584829, 0.01663505, 0.1455349, 183.3983, 1.732827, 1.360018, 6.958117
 
22.76043, -0.002554676, -0.02336673, 10.86847, 0, 0.0054077255804022637561425469, 8102.558, -634.3328, -1.584829, 0.01663505, 0.1455349, 183.2829, 1.732827, 1.360018, 6.958117
 
22.77043, -0.002558085, -0.02339227, 10.85947, 0, 0.0054174248642495608501014531, 8090.752, -634.3328, -1.584829, 0.01663505, 0.1455349, 183.1676, 1.732827, 1.360018, 6.958117
 
22.78043, -0.00257171, -0.02341785, 10.85048, 0, 0.0054285621233184322343258, 8078.963, -634.3328, -1.584829, 0.01663505, 0.1455349, 183.0523, 1.732827, 1.360018, 6.958117
 
22.79043, -0.002574729, -0.02344357, 10.84149, 0, 0.0054382696999870845035270531, 8067.192, -634.3328, -1.584829, 0.01663505, 0.1455349, 182.9371, 1.732827, 1.360018, 6.958117
 
22.80043, -0.002571912, -0.02346932, 10.83251, 0, 0.0054471828243707220224392, 8055.438, -634.3328, -1.584829, 0.01663505, 0.1455349, 182.822, 1.732827, 1.360018, 6.958117
 
22.81043, -0.002578093, -0.02349504, 10.82354, 0, 0.0054573539697526733117957, 8043.701, -634.3328, -1.584829, 0.01663505, 0.1455349, 182.7069, 1.732827, 1.360018, 6.958117
 
22.82043, -0.002579689, -0.02352082, 10.81458, 0, 0.0054669106170728289065774469, 8031.977, -634.3328, -1.584829, 0.01663505, 0.1455349, 182.5918, 1.732827, 1.360018, 6.958117
 
22.83043, -0.002580791, -0.02354662, 10.80562, 0, 0.0054764141903363561610434469, 8020.272, -634.3328, -1.584829, 0.01663505, 0.1455349, 182.4768, 1.732827, 1.360018, 6.958117
 
22.84043, -0.002589486, -0.02357242, 10.79667, 0, 0.0054869941718106921681125531, 8008.58, -634.3328, -1.584829, 0.01663505, 0.1455349, 182.3619, 1.732827, 1.360018, 6.958117
 
22.85043, -0.00259761, -0.02359832, 10.78773, 0, 0.0054975260549212494284252469, 7996.908, -634.3328, -1.584829, 0.01663505, 0.1455349, 182.247, 1.732827, 1.360018, 6.958117
 
22.86043, -0.00259153, -0.0236243, 10.7788, 0, 0.0055060950272189747412232, 7985.251, -634.3328, -1.584829, 0.01663505, 0.1455349, 182.1321, 1.732827, 1.360018, 6.958117
 
22.87043, -0.00259456, -0.02365021, 10.76988, 0, 0.0055159410940041282396765, 7973.611, -634.3328, -1.584829, 0.01663505, 0.1455349, 182.0173, 1.732827, 1.360018, 6.958117
 
22.88043, -0.002598446, -0.02367616, 10.76095, 0, 0.0055259248216236399863184, 7961.981, -634.3328, -1.584829, 0.01663505, 0.1455349, 181.9025, 1.732827, 1.360018, 6.958117
 
22.89043, -0.002599287, -0.02370214, 10.75205, 0, 0.005535499713150750429605, 7950.375, -634.3328, -1.584829, 0.01663505, 0.1455349, 181.7878, 1.732827, 1.360018, 6.958117
 
22.90043, -0.002605172, -0.02372813, 10.74314, 0, 0.0055458010558278560657925469, 7938.78, -634.3328, -1.584829, 0.01663505, 0.1455349, 181.6732, 1.732827, 1.360018, 6.958117
 
22.91043, -0.002603648, -0.02375418, 10.73425, 0, 0.0055550798936328828066494469, 7927.202, -634.3328, -1.584829, 0.01663505, 0.1455349, 181.5586, 1.732827, 1.360018, 6.958117
 
22.92043, -0.002600509, -0.02378022, 10.72536, 0, 0.0055641364838258048058022, 7915.641, -634.3328, -1.584829, 0.01663505, 0.1455349, 181.444, 1.732827, 1.360018, 6.958117
 
22.93043, -0.002603877, -0.02380622, 10.71648, 0, 0.0055741185528810471759599, 7904.097, -634.3328, -1.584829, 0.01663505, 0.1455349, 181.3295, 1.732827, 1.360018, 6.958117
 
22.94043, -0.002606921, -0.02383226, 10.70761, 0, 0.0055840749141901142106125, 7892.566, -634.3328, -1.584829, 0.01663505, 0.1455349, 181.215, 1.732827, 1.360018, 6.958117
 
22.95043, -0.002604356, -0.02385833, 10.69874, 0, 0.005593250921010439609449, 7881.053, -634.3328, -1.584829, 0.01663505, 0.1455349, 181.1006, 1.732827, 1.360018, 6.958117
 
22.96043, -0.002612281, -0.02388437, 10.68988, 0, 0.0056039270992124243310657469, 7869.554, -634.3328, -1.584829, 0.01663505, 0.1455349, 180.9863, 1.732827, 1.360018, 6.958117
 
22.97043, -0.002611586, -0.0239105, 10.68103, 0, 0.0056134049647297679572053, 7858.071, -634.3328, -1.584829, 0.01663505, 0.1455349, 180.8719, 1.732827, 1.360018, 6.958117
 
22.98043, -0.002609372, -0.02393661, 10.67218, 0, 0.0056226738511491701463356531, 7846.603, -634.3328, -1.584829, 0.01663505, 0.1455349, 180.7577, 1.732827, 1.360018, 6.958117
 
22.99043, -0.002608299, -0.02396271, 10.66335, 0, 0.0056321127404062000107392, 7835.148, -634.3328, -1.584829, 0.01663505, 0.1455349, 180.6434, 1.732827, 1.360018, 6.958117
 
23.00043, -0.002613784, -0.02398879, 10.65452, 0, 0.0056424986698610355547996, 7823.711, -634.3328, -1.584829, 0.01663505, 0.1455349, 180.5292, 1.732827, 1.360018, 6.958117
 
23.01043, -0.002621656, -0.02401493, 10.64569, 0, 0.0056532528005836726783524, 7812.291, -634.3328, -1.584829, 0.01663505, 0.1455349, 180.4151, 1.732827, 1.360018, 6.958117
 
23.02043, -0.002623841, -0.02404115, 10.63688, 0, 0.0056632216011247683294578469, 7800.885, -634.3328, -1.584829, 0.01663505, 0.1455349, 180.301, 1.732827, 1.360018, 6.958117
 
23.03043, -0.002627172, -0.02406739, 10.62807, 0, 0.0056733711851712094316984, 7789.494, -634.3328, -1.584829, 0.01663505, 0.1455349, 180.1869, 1.732827, 1.360018, 6.958117
 
23.04043, -0.002629033, -0.02409366, 10.61927, 0, 0.0056833283757624111545931, 7778.121, -634.3328, -1.584829, 0.01663505, 0.1455349, 180.0729, 1.732827, 1.360018, 6.958117
 
23.05043, -0.002626854, -0.02411995, 10.61048, 0, 0.0056927183373734778270700531, 7766.764, -634.3328, -1.584829, 0.01663505, 0.1455349, 179.959, 1.732827, 1.360018, 6.958117
 
23.06043, -0.00263525, -0.02414622, 10.60169, 0, 0.0057036433002158690213168, 7755.421, -634.3328, -1.584829, 0.01663505, 0.1455349, 179.8451, 1.732827, 1.360018, 6.958117
 
23.07043, -0.002631378, -0.02417257, 10.59291, 0, 0.0057128242827290025496059, 7744.094, -634.3328, -1.584829, 0.01663505, 0.1455349, 179.7312, 1.732827, 1.360018, 6.958117
 
23.08043, -0.002630177, -0.02419888, 10.58414, 0, 0.0057223933692811618823764531, 7732.78, -634.3328, -1.584829, 0.01663505, 0.1455349, 179.6174, 1.732827, 1.360018, 6.958117
 
23.09043, -0.002638228, -0.02422519, 10.57538, 0, 0.0057333158442771490118969, 7721.484, -634.3328, -1.584829, 0.01663505, 0.1455349, 179.5036, 1.732827, 1.360018, 6.958117
 
23.10043, -0.002642247, -0.02425157, 10.56662, 0, 0.0057436827002428784335676531, 7710.202, -634.3328, -1.584829, 0.01663505, 0.1455349, 179.3899, 1.732827, 1.360018, 6.958117
 
23.11043, -0.002644919, -0.02427799, 10.55787, 0, 0.0057538737483960788263772469, 7698.94, -634.3328, -1.584829, 0.01663505, 0.1455349, 179.2763, 1.732827, 1.360018, 6.958117
 
23.12043, -0.00264875, -0.02430444, 10.54913, 0, 0.0057642538728759632599216, 7687.689, -634.3328, -1.584829, 0.01663505, 0.1455349, 179.1627, 1.732827, 1.360018, 6.958117
 
23.13043, -0.002651272, -0.02433093, 10.5404, 0, 0.0057744639945182448966568, 7676.454, -634.3328, -1.584829, 0.01663505, 0.1455349, 179.0491, 1.732827, 1.360018, 6.958117
 
23.14043, -0.002651215, -0.02435744, 10.53167, 0, 0.0057843133784319371480785, 7665.235, -634.3328, -1.584829, 0.01663505, 0.1455349, 178.9356, 1.732827, 1.360018, 6.958117
 
23.15043, -0.002660493, -0.02438395, 10.52295, 0, 0.0057955435170998853225967, 7654.033, -634.3328, -1.584829, 0.01663505, 0.1455349, 178.8221, 1.732827, 1.360018, 6.958117
 
23.16043, -0.00265777, -0.02441056, 10.51423, 0, 0.0058050462610812695959992531, 7642.844, -634.3328, -1.584829, 0.01663505, 0.1455349, 178.7087, 1.732827, 1.360018, 6.958117
 
23.17043, -0.002656518, -0.02443714, 10.50553, 0, 0.0058147704233926322156852, 7631.67, -634.3328, -1.584829, 0.01663505, 0.1455349, 178.5953, 1.732827, 1.360018, 6.958117
 
23.18044, -0.00266594, -0.0244637, 10.49683, 0, 0.0058260743681705759365716469, 7620.513, -634.3328, -1.584829, 0.01663505, 0.1455349, 178.482, 1.732827, 1.360018, 6.958117
 
23.19044, -0.002671478, -0.02449036, 10.48814, 0, 0.0058368409381252250909346, 7609.371, -634.3328, -1.584829, 0.01663505, 0.1455349, 178.3687, 1.732827, 1.360018, 6.958117
 
23.20044, -0.002669104, -0.02451707, 10.47945, 0, 0.0058464664158625432241679531, 7598.244, -634.3328, -1.584829, 0.01663505, 0.1455349, 178.2555, 1.732827, 1.360018, 6.958117
 
23.21044, -0.002676139, -0.02454377, 10.47078, 0, 0.0058574875754325582544983, 7587.132, -634.3328, -1.584829, 0.01663505, 0.1455349, 178.1423, 1.732827, 1.360018, 6.958117
 
23.22044, -0.002681983, -0.02457053, 10.4621, 0, 0.0058683627813468598613977, 7576.031, -634.3328, -1.584829, 0.01663505, 0.1455349, 178.0291, 1.732827, 1.360018, 6.958117
 
23.23044, -0.002690576, -0.02459735, 10.45344, 0, 0.0058796733603818727953996, 7564.95, -634.3328, -1.584829, 0.01663505, 0.1455349, 177.916, 1.732827, 1.360018, 6.958117
 
23.24044, -0.00269658, -0.02462425, 10.44479, 0, 0.0058906331530739208958145469, 7553.883, -634.3328, -1.584829, 0.01663505, 0.1455349, 177.803, 1.732827, 1.360018, 6.958117
 
23.25044, -0.002701462, -0.02465122, 10.43614, 0, 0.005901453626367324785914, 7542.832, -634.3328, -1.584829, 0.01663505, 0.1455349, 177.69, 1.732827, 1.360018, 6.958117
 
23.26044, -0.002705269, -0.02467823, 10.42749, 0, 0.0059121380973906480971304, 7531.794, -634.3328, -1.584829, 0.01663505, 0.1455349, 177.5771, 1.732827, 1.360018, 6.958117
 
23.27044, -0.002715841, -0.02470529, 10.41886, 0, 0.0059238533661073888932771, 7520.774, -634.3328, -1.584829, 0.01663505, 0.1455349, 177.4642, 1.732827, 1.360018, 6.958117
 
23.28044, -0.002716059, -0.02473244, 10.41023, 0, 0.0059340626584675358417702, 7509.767, -634.3328, -1.584829, 0.01663505, 0.1455349, 177.3513, 1.732827, 1.360018, 6.958117
 
23.29044, -0.002721804, -0.02475961, 10.40162, 0, 0.0059451111843479789984471531, 7498.776, -634.3328, -1.584829, 0.01663505, 0.1455349, 177.2385, 1.732827, 1.360018, 6.958117
 
23.30044, -0.00272264, -0.02478682, 10.393, 0, 0.0059554506740032885865926469, 7487.798, -634.3328, -1.584829, 0.01663505, 0.1455349, 177.1257, 1.732827, 1.360018, 6.958117
 
23.31044, -0.002734231, -0.02481405, 10.38439, 0, 0.0059674180444889663155164, 7476.836, -634.3328, -1.584829, 0.01663505, 0.1455349, 177.013, 1.732827, 1.360018, 6.958117
 
23.32044, -0.002738149, -0.02484139, 10.37579, 0, 0.0059782758354784394693317, 7465.887, -634.3328, -1.584829, 0.01663505, 0.1455349, 176.9003, 1.732827, 1.360018, 6.958117
 
23.33044, -0.002741145, -0.02486877, 10.3672, 0, 0.0059890158684047951855901469, 7454.958, -634.3328, -1.584829, 0.01663505, 0.1455349, 176.7877, 1.732827, 1.360018, 6.958117
 
23.34044, -0.002752301, -0.02489618, 10.35862, 0, 0.0060010056295081094970506, 7444.044, -634.3328, -1.584829, 0.01663505, 0.1455349, 176.6751, 1.732827, 1.360018, 6.958117
 
23.35044, -0.002753287, -0.02492371, 10.35004, 0, 0.0060115026827689932655524, 7433.14, -634.3328, -1.584829, 0.01663505, 0.1455349, 176.5626, 1.732827, 1.360018, 6.958117
 
23.36044, -0.002754733, -0.02495124, 10.34147, 0, 0.0060220843228076152347484, 7422.254, -634.3328, -1.584829, 0.01663505, 0.1455349, 176.4501, 1.732827, 1.360018, 6.958117
 
23.37044, -0.002766981, -0.02497879, 10.33291, 0, 0.0060343162342942668057234, 7411.383, -634.3328, -1.584829, 0.01663505, 0.1455349, 176.3376, 1.732827, 1.360018, 6.958117
 
23.38044, -0.002769138, -0.02500646, 10.32435, 0, 0.0060450637307598264233394, 7400.525, -634.3328, -1.584829, 0.01663505, 0.1455349, 176.2253, 1.732827, 1.360018, 6.958117
 
23.39044, -0.002771797, -0.02503415, 10.31581, 0, 0.0060559032775423281430071531, 7389.687, -634.3328, -1.584829, 0.01663505, 0.1455349, 176.1129, 1.732827, 1.360018, 6.958117
 
23.40044, -0.00277751, -0.02506187, 10.30726, 0, 0.0060672279543736390699461, 7378.859, -634.3328, -1.584829, 0.01663505, 0.1455349, 176.0007, 1.732827, 1.360018, 6.958117
 
23.41044, -0.002782351, -0.02508964, 10.29873, 0, 0.0060784489709380973809798531, 7368.044, -634.3328, -1.584829, 0.01663505, 0.1455349, 175.8884, 1.732827, 1.360018, 6.958117
 
23.42044, -0.002788996, -0.02511747, 10.2902, 0, 0.0060899676997889253565702, 7357.25, -634.3328, -1.584829, 0.01663505, 0.1455349, 175.7762, 1.732827, 1.360018, 6.958117
 
23.43044, -0.002797381, -0.02514536, 10.28168, 0, 0.0061017841409260981182531, 7346.464, -634.3328, -1.584829, 0.01663505, 0.1455349, 175.664, 1.732827, 1.360018, 6.958117
 
23.44044, -0.002803656, -0.02517333, 10.27316, 0, 0.0061133119918803910788638531, 7335.697, -634.3328, -1.584829, 0.01663505, 0.1455349, 175.5519, 1.732827, 1.360018, 6.958117
 
23.45044, -0.002806602, -0.02520137, 10.26466, 0, 0.0061243580299144550492785469, 7324.943, -634.3328, -1.584829, 0.01663505, 0.1455349, 175.4398, 1.732827, 1.360018, 6.958117
 
23.46044, -0.002810136, -0.02522943, 10.25616, 0, 0.0061355160210366770539127, 7314.206, -634.3328, -1.584829, 0.01663505, 0.1455349, 175.3278, 1.732827, 1.360018, 6.958117
 
23.47044, -0.002810384, -0.02525753, 10.24766, 0, 0.0061461888821101064369183531, 7303.481, -634.3328, -1.584829, 0.01663505, 0.1455349, 175.2159, 1.732827, 1.360018, 6.958117
 
23.48044, -0.002813876, -0.02528564, 10.23918, 0, 0.0061573758981070591156687, 7292.772, -634.3328, -1.584829, 0.01663505, 0.1455349, 175.1039, 1.732827, 1.360018, 6.958117
 
23.49044, -0.00281931, -0.02531378, 10.2307, 0, 0.0061688830170080014558696469, 7282.077, -634.3328, -1.584829, 0.01663505, 0.1455349, 174.9921, 1.732827, 1.360018, 6.958117
 
23.50044, -0.002822756, -0.02534197, 10.22223, 0, 0.0061801106678295372728402, 7271.398, -634.3328, -1.584829, 0.01663505, 0.1455349, 174.8802, 1.732827, 1.360018, 6.958117
 
23.51044, -0.002829452, -0.0253702, 10.21376, 0, 0.0061918615956780779562185469, 7260.734, -634.3328, -1.584829, 0.01663505, 0.1455349, 174.7685, 1.732827, 1.360018, 6.958117
 
23.52044, -0.002832946, -0.02539849, 10.20531, 0, 0.0062031489548133113266203, 7250.082, -634.3328, -1.584829, 0.01663505, 0.1455349, 174.6567, 1.732827, 1.360018, 6.958117
 
23.53044, -0.002840968, -0.02542682, 10.19685, 0, 0.0062151594479700011369546, 7239.442, -634.3328, -1.584829, 0.01663505, 0.1455349, 174.545, 1.732827, 1.360018, 6.958117
 
23.54044, -0.002850946, -0.02545523, 10.18841, 0, 0.0062275074589555090618236, 7228.823, -634.3328, -1.584829, 0.01663505, 0.1455349, 174.4334, 1.732827, 1.360018, 6.958117
 
23.55044, -0.002848793, -0.02548374, 10.17997, 0, 0.0062380094879092092525993469, 7218.215, -634.3328, -1.584829, 0.01663505, 0.1455349, 174.3218, 1.732827, 1.360018, 6.958117
 
23.56044, -0.002856393, -0.02551223, 10.17154, 0, 0.0062500365667085845349543, 7207.623, -634.3328, -1.584829, 0.01663505, 0.1455349, 174.2103, 1.732827, 1.360018, 6.958117
 
23.57044, -0.0028647, -0.02554079, 10.16312, 0, 0.0062622079405993955714346531, 7197.043, -634.3328, -1.584829, 0.01663505, 0.1455349, 174.0987, 1.732827, 1.360018, 6.958117
 
23.58044, -0.002866139, -0.02556944, 10.1547, 0, 0.0062733418825397282026906, 7186.479, -634.3328, -1.584829, 0.01663505, 0.1455349, 173.9873, 1.732827, 1.360018, 6.958117
 
23.59044, -0.002869704, -0.0255981, 10.14629, 0, 0.0062848241229766216028072, 7175.928, -634.3328, -1.584829, 0.01663505, 0.1455349, 173.8759, 1.732827, 1.360018, 6.958117
 
23.60044, -0.002874088, -0.0256268, 10.13788, 0, 0.0062964589513263059322915469, 7165.391, -634.3328, -1.584829, 0.01663505, 0.1455349, 173.7645, 1.732827, 1.360018, 6.958117
 
23.61045, -0.002880614, -0.02565554, 10.12949, 0, 0.0063084528588402853921411531, 7154.869, -634.3328, -1.584829, 0.01663505, 0.1455349, 173.6531, 1.732827, 1.360018, 6.958117
 
23.62045, -0.002885412, -0.02568434, 10.1211, 0, 0.0063202062745352218474244531, 7144.363, -634.3328, -1.584829, 0.01663505, 0.1455349, 173.5419, 1.732827, 1.360018, 6.958117
 
23.63045, -0.002889791, -0.0257132, 10.11272, 0, 0.0063319198846877098527296469, 7133.872, -634.3328, -1.584829, 0.01663505, 0.1455349, 173.4306, 1.732827, 1.360018, 6.958117
 
23.64045, -0.002895048, -0.02574209, 10.10434, 0, 0.0063437960341385635822010531, 7123.394, -634.3328, -1.584829, 0.01663505, 0.1455349, 173.3195, 1.732827, 1.360018, 6.958117
 
23.65045, -0.00289368, -0.02577105, 10.09597, 0, 0.0063546546544101797170798, 7112.929, -634.3328, -1.584829, 0.01663505, 0.1455349, 173.2083, 1.732827, 1.360018, 6.958117
 
23.66045, -0.002893329, -0.02579998, 10.08761, 0, 0.0063656824482372722533469469, 7102.479, -634.3328, -1.584829, 0.01663505, 0.1455349, 173.0972, 1.732827, 1.360018, 6.958117
 
23.67045, -0.002901525, -0.02582891, 10.07925, 0, 0.0063780760697401880315314469, 7092.043, -634.3328, -1.584829, 0.01663505, 0.1455349, 172.9862, 1.732827, 1.360018, 6.958117
 
23.68045, -0.002904387, -0.02585793, 10.0709, 0, 0.0063896594825974968115415531, 7081.619, -634.3328, -1.584829, 0.01663505, 0.1455349, 172.8752, 1.732827, 1.360018, 6.958117
 
23.69045, -0.002908267, -0.02588697, 10.06256, 0, 0.0064014253375244618832777, 7071.211, -634.3328, -1.584829, 0.01663505, 0.1455349, 172.7642, 1.732827, 1.360018, 6.958117
 
23.70045, -0.002914414, -0.02591606, 10.05423, 0, 0.0064135751500797793182848, 7060.819, -634.3328, -1.584829, 0.01663505, 0.1455349, 172.6533, 1.732827, 1.360018, 6.958117
 
23.71045, -0.002921565, -0.0259452, 10.0459, 0, 0.0064259140389618056724907, 7050.439, -634.3328, -1.584829, 0.01663505, 0.1455349, 172.5424, 1.732827, 1.360018, 6.958117
 
23.72045, -0.002918422, -0.02597442, 10.03757, 0, 0.0064366457790668062135068, 7040.073, -634.3328, -1.584829, 0.01663505, 0.1455349, 172.4316, 1.732827, 1.360018, 6.958117
 
23.73045, -0.002929035, -0.0260036, 10.02926, 0, 0.0064495767753929999725721, 7029.725, -634.3328, -1.584829, 0.01663505, 0.1455349, 172.3208, 1.732827, 1.360018, 6.958117
 
23.74045, -0.002930576, -0.02603289, 10.02095, 0, 0.0064610996506544930965516, 7019.389, -634.3328, -1.584829, 0.01663505, 0.1455349, 172.2101, 1.732827, 1.360018, 6.958117
 
23.75045, -0.002930733, -0.0260622, 10.01265, 0, 0.0064724193517929793083952531, 7009.066, -634.3328, -1.584829, 0.01663505, 0.1455349, 172.0994, 1.732827, 1.360018, 6.958117
 
23.76045, -0.002942056, -0.0260915, 10.00436, 0, 0.0064855419122923026370283469, 6998.759, -634.3328, -1.584829, 0.01663505, 0.1455349, 171.9888, 1.732827, 1.360018, 6.958117
 
23.77045, -0.002945711, -0.02612092, 9.996071, 0, 0.0064974785993389969009944, 6988.464, -634.3328, -1.584829, 0.01663505, 0.1455349, 171.8782, 1.732827, 1.360018, 6.958117
 
23.78045, -0.002951759, -0.02615038, 9.987789, 0, 0.0065098249517602437422005469, 6978.182, -634.3328, -1.584829, 0.01663505, 0.1455349, 171.7676, 1.732827, 1.360018, 6.958117
 
23.79045, -0.002952809, -0.0261799, 9.979516, 0, 0.0065213942668212794077376469, 6967.916, -634.3328, -1.584829, 0.01663505, 0.1455349, 171.6571, 1.732827, 1.360018, 6.958117
 
23.80045, -0.002961254, -0.02620943, 9.971247, 0, 0.0065341735045168169256773, 6957.662, -634.3328, -1.584829, 0.01663505, 0.1455349, 171.5467, 1.732827, 1.360018, 6.958117
 
23.81045, -0.002965955, -0.02623904, 9.962987, 0, 0.0065463838546679666023577, 6947.425, -634.3328, -1.584829, 0.01663505, 0.1455349, 171.4363, 1.732827, 1.360018, 6.958117
 
23.82045, -0.002965531, -0.0262687, 9.954735, 0, 0.0065577922889948644561060531, 6937.202, -634.3328, -1.584829, 0.01663505, 0.1455349, 171.3259, 1.732827, 1.360018, 6.958117
 
23.83045, -0.002970231, -0.02629835, 9.946486, 0, 0.0065700424446884957540499469, 6926.992, -634.3328, -1.584829, 0.01663505, 0.1455349, 171.2156, 1.732827, 1.360018, 6.958117
 
23.84045, -0.002974903, -0.02632806, 9.938248, 0, 0.0065823141617176040678244, 6916.796, -634.3328, -1.584829, 0.01663505, 0.1455349, 171.1053, 1.732827, 1.360018, 6.958117
 
23.85045, -0.002973478, -0.0263578, 9.930013, 0, 0.0065936222529062212299213469, 6906.614, -634.3328, -1.584829, 0.01663505, 0.1455349, 170.9951, 1.732827, 1.360018, 6.958117
 
23.86045, -0.002982086, -0.02638754, 9.921788, 0, 0.0066065731520036309211543531, 6896.447, -634.3328, -1.584829, 0.01663505, 0.1455349, 170.8849, 1.732827, 1.360018, 6.958117
 
23.87045, -0.002984587, -0.02641736, 9.913568, 0, 0.0066185662302355088640472469, 6886.292, -634.3328, -1.584829, 0.01663505, 0.1455349, 170.7748, 1.732827, 1.360018, 6.958117
 
23.88045, -0.002989668, -0.0264472, 9.905353, 0, 0.0066310004865630160732733, 6876.149, -634.3328, -1.584829, 0.01663505, 0.1455349, 170.6647, 1.732827, 1.360018, 6.958117
 
23.89045, -0.002987521, -0.0264771, 9.897147, 0, 0.0066422820407233149188017, 6866.023, -634.3328, -1.584829, 0.01663505, 0.1455349, 170.5547, 1.732827, 1.360018, 6.958117
 
23.90045, -0.002996697, -0.02650698, 9.888946, 0, 0.0066554236747117111985390531, 6855.909, -634.3328, -1.584829, 0.01663505, 0.1455349, 170.4447, 1.732827, 1.360018, 6.958117
 
23.91045, -0.002999857, -0.02653694, 9.88075, 0, 0.0066676199270665711751037531, 6845.807, -634.3328, -1.584829, 0.01663505, 0.1455349, 170.3347, 1.732827, 1.360018, 6.958117
 
23.92045, -0.003003163, -0.02656694, 9.872562, 0, 0.0066798617899388555906266469, 6835.721, -634.3328, -1.584829, 0.01663505, 0.1455349, 170.2248, 1.732827, 1.360018, 6.958117
 
23.93045, -0.003011707, -0.02659697, 9.864383, 0, 0.006692986838284558105522, 6825.649, -634.3328, -1.584829, 0.01663505, 0.1455349, 170.1149, 1.732827, 1.360018, 6.958117
 
23.94045, -0.003019114, -0.02662709, 9.856206, 0, 0.0067059642744102944061449, 6815.588, -634.3328, -1.584829, 0.01663505, 0.1455349, 170.0051, 1.732827, 1.360018, 6.958117
 
23.95045, -0.003023137, -0.02665728, 9.84804, 0, 0.0067184176042269077377606, 6805.543, -634.3328, -1.584829, 0.01663505, 0.1455349, 169.8953, 1.732827, 1.360018, 6.958117
 
23.96045, -0.003022339, -0.02668751, 9.83988, 0, 0.0067300988723761346088025469, 6795.514, -634.3328, -1.584829, 0.01663505, 0.1455349, 169.7856, 1.732827, 1.360018, 6.958117
 
23.97045, -0.003028118, -0.02671774, 9.831727, 0, 0.0067428814272002108797106, 6785.496, -634.3328, -1.584829, 0.01663505, 0.1455349, 169.6759, 1.732827, 1.360018, 6.958117
 
23.98045, -0.003030709, -0.02674802, 9.823577, 0, 0.00675516641274348249818, 6775.489, -634.3328, -1.584829, 0.01663505, 0.1455349, 169.5662, 1.732827, 1.360018, 6.958117
 
23.99045, -0.003033589, -0.02677832, 9.815437, 0, 0.0067675177408575291760174, 6765.5, -634.3328, -1.584829, 0.01663505, 0.1455349, 169.4567, 1.732827, 1.360018, 6.958117
 
24.00045, -0.003036823, -0.02680866, 9.807303, 0, 0.0067799511679029182826440469, 6755.524, -634.3328, -1.584829, 0.01663505, 0.1455349, 169.3471, 1.732827, 1.360018, 6.958117
 
24.01045, -0.003041554, -0.02683903, 9.799175, 0, 0.0067926574287706032352789, 6745.56, -634.3328, -1.584829, 0.01663505, 0.1455349, 169.2376, 1.732827, 1.360018, 6.958117
 
24.02045, -0.003040643, -0.02686944, 9.791056, 0, 0.0068044506500079964333616531, 6735.612, -634.3328, -1.584829, 0.01663505, 0.1455349, 169.1282, 1.732827, 1.360018, 6.958117
 
24.03045, -0.003049928, -0.02689985, 9.78294, 0, 0.0068179555095714027487815, 6725.675, -634.3328, -1.584829, 0.01663505, 0.1455349, 169.0188, 1.732827, 1.360018, 6.958117
 
24.04045, -0.003053539, -0.02693035, 9.774834, 0, 0.0068305547930437212110068, 6715.753, -634.3328, -1.584829, 0.01663505, 0.1455349, 168.9094, 1.732827, 1.360018, 6.958117
 
24.05046, -0.003058771, -0.02696088, 9.766732, 0, 0.0068434484716738622919989469, 6705.844, -634.3328, -1.584829, 0.01663505, 0.1455349, 168.8, 1.732827, 1.360018, 6.958117
 
24.06046, -0.003059659, -0.02699147, 9.758635, 0, 0.0068556430654644528920794469, 6695.947, -634.3328, -1.584829, 0.01663505, 0.1455349, 168.6908, 1.732827, 1.360018, 6.958117
 
24.07046, -0.003069543, -0.02702207, 9.750547, 0, 0.0068693643676649962530447, 6686.066, -634.3328, -1.584829, 0.01663505, 0.1455349, 168.5815, 1.732827, 1.360018, 6.958117
 
24.08046, -0.00307505, -0.02705276, 9.742465, 0, 0.0068823923900009568292570469, 6676.196, -634.3328, -1.584829, 0.01663505, 0.1455349, 168.4723, 1.732827, 1.360018, 6.958117
 
24.09046, -0.003076348, -0.02708351, 9.734391, 0, 0.0068947420595507175449675531, 6666.341, -634.3328, -1.584829, 0.01663505, 0.1455349, 168.3632, 1.732827, 1.360018, 6.958117
 
24.10046, -0.003085345, -0.02711428, 9.726318, 0, 0.0069084077998482450865334531, 6656.497, -634.3328, -1.584829, 0.01663505, 0.1455349, 168.2541, 1.732827, 1.360018, 6.958117
 
24.11046, -0.003090122, -0.02714513, 9.718259, 0, 0.0069214009923345404637562531, 6646.669, -634.3328, -1.584829, 0.01663505, 0.1455349, 168.145, 1.732827, 1.360018, 6.958117
 
24.12046, -0.003097822, -0.02717603, 9.710202, 0, 0.0069349158032835630380813, 6636.854, -634.3328, -1.584829, 0.01663505, 0.1455349, 168.036, 1.732827, 1.360018, 6.958117
 
24.13046, -0.003100169, -0.02720701, 9.702153, 0, 0.0069475615265554240418642, 6627.051, -634.3328, -1.584829, 0.01663505, 0.1455349, 167.927, 1.732827, 1.360018, 6.958117
 
24.14046, -0.003105613, -0.02723801, 9.694108, 0, 0.006960753746754044597191, 6617.26, -634.3328, -1.584829, 0.01663505, 0.1455349, 167.8181, 1.732827, 1.360018, 6.958117
 
24.15046, -0.003112824, -0.02726907, 9.686073, 0, 0.0069742751919601363846315, 6607.486, -634.3328, -1.584829, 0.01663505, 0.1455349, 167.7092, 1.732827, 1.360018, 6.958117
 
24.16046, -0.003112185, -0.02730019, 9.678041, 0, 0.0069864963227790287156378531, 6597.723, -634.3328, -1.584829, 0.01663505, 0.1455349, 167.6004, 1.732827, 1.360018, 6.958117
 
24.17046, -0.003123135, -0.02733131, 9.67002, 0, 0.0070007035843105076792950531, 6587.977, -634.3328, -1.584829, 0.01663505, 0.1455349, 167.4916, 1.732827, 1.360018, 6.958117
 
24.18046, -0.003127418, -0.02736255, 9.662004, 0, 0.0070138203398348798974121, 6578.242, -634.3328, -1.584829, 0.01663505, 0.1455349, 167.3829, 1.732827, 1.360018, 6.958117
 
24.19046, -0.003126562, -0.02739382, 9.653996, 0, 0.0070260862518890536863132, 6568.521, -634.3328, -1.584829, 0.01663505, 0.1455349, 167.2742, 1.732827, 1.360018, 6.958117
 
24.20046, -0.003127648, -0.02742509, 9.645988, 0, 0.0070386971453112577839279, 6558.81, -634.3328, -1.584829, 0.01663505, 0.1455349, 167.1655, 1.732827, 1.360018, 6.958117
 
24.21046, -0.003124827, -0.02745636, 9.637995, 0, 0.0070506545644113192539464531, 6549.117, -634.3328, -1.584829, 0.01663505, 0.1455349, 167.0569, 1.732827, 1.360018, 6.958117
 
24.22046, -0.003125375, -0.02748761, 9.629999, 0, 0.0070631991152627565850145, 6539.431, -634.3328, -1.584829, 0.01663505, 0.1455349, 166.9483, 1.732827, 1.360018, 6.958117
 
24.23046, -0.003131679, -0.02751886, 9.622016, 0, 0.0070767470974971583962022, 6529.763, -634.3328, -1.584829, 0.01663505, 0.1455349, 166.8398, 1.732827, 1.360018, 6.958117
 
24.24046, -0.003136224, -0.02755018, 9.614038, 0, 0.0070900255630377948215287469, 6520.107, -634.3328, -1.584829, 0.01663505, 0.1455349, 166.7314, 1.732827, 1.360018, 6.958117
 
24.25046, -0.003143891, -0.02758154, 9.606068, 0, 0.0071038704282763984377455531, 6510.465, -634.3328, -1.584829, 0.01663505, 0.1455349, 166.6229, 1.732827, 1.360018, 6.958117
 
24.26046, -0.00314655, -0.02761298, 9.598101, 0, 0.0071168884992267427550527, 6500.834, -634.3328, -1.584829, 0.01663505, 0.1455349, 166.5145, 1.732827, 1.360018, 6.958117
 
24.27046, -0.003145418, -0.02764445, 9.590141, 0, 0.0071292729986261769625741, 6491.217, -634.3328, -1.584829, 0.01663505, 0.1455349, 166.4062, 1.732827, 1.360018, 6.958117
 
24.28046, -0.003154717, -0.0276759, 9.582189, 0, 0.0071434744551827131085366, 6481.613, -634.3328, -1.584829, 0.01663505, 0.1455349, 166.2979, 1.732827, 1.360018, 6.958117
 
24.29046, -0.003158989, -0.02770745, 9.574241, 0, 0.0071568466296045610123991, 6472.022, -634.3328, -1.584829, 0.01663505, 0.1455349, 166.1897, 1.732827, 1.360018, 6.958117
 
24.30046, -0.00315833, -0.02773904, 9.566302, 0, 0.0071693903511738553624037, 6462.445, -634.3328, -1.584829, 0.01663505, 0.1455349, 166.0815, 1.732827, 1.360018, 6.958117
 
24.31046, -0.003161052, -0.02777062, 9.558369, 0, 0.0071825344730086557068673531, 6452.88, -634.3328, -1.584829, 0.01663505, 0.1455349, 165.9733, 1.732827, 1.360018, 6.958117
 
24.32046, -0.003167165, -0.02780223, 9.55044, 0, 0.0071962930929052766243698, 6443.327, -634.3328, -1.584829, 0.01663505, 0.1455349, 165.8652, 1.732827, 1.360018, 6.958117
 
24.33046, -0.003168481, -0.02783391, 9.54252, 0, 0.0072092473091312416542139, 6433.789, -634.3328, -1.584829, 0.01663505, 0.1455349, 165.7571, 1.732827, 1.360018, 6.958117
 
24.34046, -0.003171859, -0.02786559, 9.534605, 0, 0.0072225805072927592106977, 6424.263, -634.3328, -1.584829, 0.01663505, 0.1455349, 165.6491, 1.732827, 1.360018, 6.958117
 
24.35046, -0.003178747, -0.02789731, 9.526695, 0, 0.0072365530819801214018406, 6414.749, -634.3328, -1.584829, 0.01663505, 0.1455349, 165.5411, 1.732827, 1.360018, 6.958117
 
24.36046, -0.003182071, -0.0279291, 9.518793, 0, 0.0072499368663518549410925, 6405.249, -634.3328, -1.584829, 0.01663505, 0.1455349, 165.4331, 1.732827, 1.360018, 6.958117
 
24.37046, -0.003188732, -0.02796092, 9.5109, 0, 0.0072639293438104496500458, 6395.763, -634.3328, -1.584829, 0.01663505, 0.1455349, 165.3252, 1.732827, 1.360018, 6.958117
 
24.38046, -0.003190713, -0.02799281, 9.503008, 0, 0.0072771348325232252172462, 6386.287, -634.3328, -1.584829, 0.01663505, 0.1455349, 165.2174, 1.732827, 1.360018, 6.958117
 
24.39046, -0.003196216, -0.02802471, 9.495125, 0, 0.007290982185608249483832, 6376.825, -634.3328, -1.584829, 0.01663505, 0.1455349, 165.1096, 1.732827, 1.360018, 6.958117
 
24.40046, -0.003202723, -0.02805668, 9.48725, 0, 0.0073050368592269375181214531, 6367.378, -634.3328, -1.584829, 0.01663505, 0.1455349, 165.0018, 1.732827, 1.360018, 6.958117
 
24.41046, -0.003205711, -0.0280887, 9.47938, 0, 0.0073185052303764092580675531, 6357.941, -634.3328, -1.584829, 0.01663505, 0.1455349, 164.8941, 1.732827, 1.360018, 6.958117
 
24.42046, -0.0032066, -0.02812076, 9.471516, 0, 0.0073316269615935896056372, 6348.519, -634.3328, -1.584829, 0.01663505, 0.1455349, 164.7864, 1.732827, 1.360018, 6.958117
 
24.43046, -0.003215522, -0.02815283, 9.463655, 0, 0.0073461874973144540532503469, 6339.106, -634.3328, -1.584829, 0.01663505, 0.1455349, 164.6787, 1.732827, 1.360018, 6.958117
 
24.44046, -0.003221047, -0.02818498, 9.455803, 0, 0.0073601882675943873518033, 6329.709, -634.3328, -1.584829, 0.01663505, 0.1455349, 164.5712, 1.732827, 1.360018, 6.958117
 
24.45046, -0.003223164, -0.02821719, 9.447961, 0, 0.0073736151746371246796444, 6320.326, -634.3328, -1.584829, 0.01663505, 0.1455349, 164.4636, 1.732827, 1.360018, 6.958117
 
24.46046, -0.003233414, -0.02824942, 9.440123, 0, 0.0073885099110582601960025, 6310.955, -634.3328, -1.584829, 0.01663505, 0.1455349, 164.3561, 1.732827, 1.360018, 6.958117
 
24.47046, -0.003241473, -0.02828176, 9.432289, 0, 0.0074030604953935000918891, 6301.595, -634.3328, -1.584829, 0.01663505, 0.1455349, 164.2486, 1.732827, 1.360018, 6.958117
 
24.48046, -0.003246245, -0.02831417, 9.42446, 0, 0.0074170645828019804362318, 6292.247, -634.3328, -1.584829, 0.01663505, 0.1455349, 164.1412, 1.732827, 1.360018, 6.958117
 
24.49047, -0.003247812, -0.02834663, 9.416641, 0, 0.007430525490412239981999, 6282.914, -634.3328, -1.584829, 0.01663505, 0.1455349, 164.0338, 1.732827, 1.360018, 6.958117
 
24.50047, -0.003257467, -0.02837911, 9.40883, 0, 0.0074454533981187630280411, 6273.595, -634.3328, -1.584829, 0.01663505, 0.1455349, 163.9265, 1.732827, 1.360018, 6.958117
 
24.51047, -0.00326504, -0.02841169, 9.401022, 0, 0.0074600512515356801537274, 6264.287, -634.3328, -1.584829, 0.01663505, 0.1455349, 163.8192, 1.732827, 1.360018, 6.958117
 
24.52047, -0.003267027, -0.02844434, 9.393222, 0, 0.0074736871376763506257563531, 6254.991, -634.3328, -1.584829, 0.01663505, 0.1455349, 163.712, 1.732827, 1.360018, 6.958117
 
24.53047, -0.003279524, -0.02847701, 9.385426, 0, 0.0074892328605732247049843, 6245.708, -634.3328, -1.584829, 0.01663505, 0.1455349, 163.6048, 1.732827, 1.360018, 6.958117
 
24.54047, -0.003288811, -0.0285098, 9.377636, 0, 0.0075042528185967064387208469, 6236.437, -634.3328, -1.584829, 0.01663505, 0.1455349, 163.4977, 1.732827, 1.360018, 6.958117
 
24.55047, -0.003294956, -0.02854269, 9.369853, 0, 0.0075187503288753097014703531, 6227.179, -634.3328, -1.584829, 0.01663505, 0.1455349, 163.3905, 1.732827, 1.360018, 6.958117
 
24.56047, -0.003298042, -0.02857564, 9.362075, 0, 0.0075327303671018923796135, 6217.933, -634.3328, -1.584829, 0.01663505, 0.1455349, 163.2835, 1.732827, 1.360018, 6.958117
 
24.57047, -0.003310413, -0.02860862, 9.354304, 0, 0.0075484120922688470377245, 6208.7, -634.3328, -1.584829, 0.01663505, 0.1455349, 163.1765, 1.732827, 1.360018, 6.958117
 
24.58047, -0.003318517, -0.02864173, 9.346542, 0, 0.0075633756591071616781769, 6199.481, -634.3328, -1.584829, 0.01663505, 0.1455349, 163.0695, 1.732827, 1.360018, 6.958117
 
24.59047, -0.003323499, -0.02867491, 9.338781, 0, 0.0075778134610720839731379, 6190.271, -634.3328, -1.584829, 0.01663505, 0.1455349, 162.9626, 1.732827, 1.360018, 6.958117
 
24.60047, -0.003325633, -0.02870815, 9.331031, 0, 0.0075917653037060789582283, 6181.077, -634.3328, -1.584829, 0.01663505, 0.1455349, 162.8557, 1.732827, 1.360018, 6.958117
 
24.61047, -0.003331654, -0.0287414, 9.323288, 0, 0.0076064469146185995963667, 6171.896, -634.3328, -1.584829, 0.01663505, 0.1455349, 162.7488, 1.732827, 1.360018, 6.958117
 
24.62047, -0.003340194, -0.02877472, 9.315548, 0, 0.0076216194605548556738283, 6162.726, -634.3328, -1.584829, 0.01663505, 0.1455349, 162.642, 1.732827, 1.360018, 6.958117
 
24.63047, -0.003344552, -0.02880812, 9.307816, 0, 0.0076360721895982023571471, 6153.569, -634.3328, -1.584829, 0.01663505, 0.1455349, 162.5353, 1.732827, 1.360018, 6.958117
 
24.64047, -0.003355303, -0.02884157, 9.300089, 0, 0.0076517207434797694855741, 6144.425, -634.3328, -1.584829, 0.01663505, 0.1455349, 162.4286, 1.732827, 1.360018, 6.958117
 
24.65047, -0.003361879, -0.02887512, 9.292367, 0, 0.0076666569440076394140372, 6135.29, -634.3328, -1.584829, 0.01663505, 0.1455349, 162.3219, 1.732827, 1.360018, 6.958117
 
24.66047, -0.003368213, -0.02890874, 9.28465, 0, 0.0076815848517141624600793, 6126.167, -634.3328, -1.584829, 0.01663505, 0.1455349, 162.2153, 1.732827, 1.360018, 6.958117
 
24.67047, -0.003377055, -0.02894242, 9.276942, 0, 0.0076970053530086903219288, 6117.061, -634.3328, -1.584829, 0.01663505, 0.1455349, 162.1087, 1.732827, 1.360018, 6.958117
 
24.68047, -0.00338617, -0.02897619, 9.26924, 0, 0.0077125203924665726433777, 6107.965, -634.3328, -1.584829, 0.01663505, 0.1455349, 162.0022, 1.732827, 1.360018, 6.958117
 
24.69047, -0.003392489, -0.02901005, 9.261545, 0, 0.0077275635703898256478930469, 6098.883, -634.3328, -1.584829, 0.01663505, 0.1455349, 161.8957, 1.732827, 1.360018, 6.958117
 
24.70047, -0.003396065, -0.02904398, 9.253855, 0, 0.0077421398624712325864634, 6089.811, -634.3328, -1.584829, 0.01663505, 0.1455349, 161.7892, 1.732827, 1.360018, 6.958117
 
24.71047, -0.0034007, -0.02907794, 9.246169, 0, 0.0077569375728826012856744531, 6080.751, -634.3328, -1.584829, 0.01663505, 0.1455349, 161.6828, 1.732827, 1.360018, 6.958117
 
24.72047, -0.003409369, -0.02911194, 9.238491, 0, 0.0077725114913720547651338, 6071.704, -634.3328, -1.584829, 0.01663505, 0.1455349, 161.5764, 1.732827, 1.360018, 6.958117
 
24.73047, -0.003415344, -0.02914604, 9.230819, 0, 0.0077876301339695561068589, 6062.669, -634.3328, -1.584829, 0.01663505, 0.1455349, 161.4701, 1.732827, 1.360018, 6.958117
 
24.74047, -0.003424036, -0.02918019, 9.223154, 0, 0.0078032861513903437222861469, 6053.648, -634.3328, -1.584829, 0.01663505, 0.1455349, 161.3638, 1.732827, 1.360018, 6.958117
 
24.75047, -0.00343561, -0.02921443, 9.215491, 0, 0.0078195218370232701261199469, 6044.636, -634.3328, -1.584829, 0.01663505, 0.1455349, 161.2575, 1.732827, 1.360018, 6.958117
 
24.76047, -0.003444517, -0.02924879, 9.207836, 0, 0.0078353130274319953393668, 6035.637, -634.3328, -1.584829, 0.01663505, 0.1455349, 161.1513, 1.732827, 1.360018, 6.958117
 
24.77047, -0.003450827, -0.02928323, 9.20019, 0, 0.0078506638690272010960585531, 6026.652, -634.3328, -1.584829, 0.01663505, 0.1455349, 161.0452, 1.732827, 1.360018, 6.958117
 
24.78047, -0.00345573, -0.02931774, 9.192548, 0, 0.0078657874873175271528789469, 6017.679, -634.3328, -1.584829, 0.01663505, 0.1455349, 160.9391, 1.732827, 1.360018, 6.958117
 
24.79047, -0.003463645, -0.0293523, 9.184911, 0, 0.0078815065301805344890631, 6008.717, -634.3328, -1.584829, 0.01663505, 0.1455349, 160.833, 1.732827, 1.360018, 6.958117
 
24.80047, -0.003469158, -0.02938694, 9.177282, 0, 0.0078968175662332835029554, 5999.769, -634.3328, -1.584829, 0.01663505, 0.1455349, 160.727, 1.732827, 1.360018, 6.958117
 
24.81047, -0.003470873, -0.02942163, 9.169658, 0, 0.0079114502494998492419885531, 5990.832, -634.3328, -1.584829, 0.01663505, 0.1455349, 160.621, 1.732827, 1.360018, 6.958117
 
24.82047, -0.003471448, -0.02945634, 9.162039, 0, 0.0079258921978754532709814, 5981.906, -634.3328, -1.584829, 0.01663505, 0.1455349, 160.5151, 1.732827, 1.360018, 6.958117
 
24.83047, -0.00348044, -0.02949105, 9.154428, 0, 0.0079419338314888626261638, 5972.995, -634.3328, -1.584829, 0.01663505, 0.1455349, 160.4092, 1.732827, 1.360018, 6.958117
 
24.84047, -0.003488113, -0.02952585, 9.146826, 0, 0.0079577714616971469666109469, 5964.096, -634.3328, -1.584829, 0.01663505, 0.1455349, 160.3034, 1.732827, 1.360018, 6.958117
 
24.85047, -0.003492268, -0.02956074, 9.139224, 0, 0.0079729879595865332280825, 5955.207, -634.3328, -1.584829, 0.01663505, 0.1455349, 160.1976, 1.732827, 1.360018, 6.958117
 
24.86047, -0.003493989, -0.02959566, 9.131631, 0, 0.0079877740600480162919041531, 5946.331, -634.3328, -1.584829, 0.01663505, 0.1455349, 160.0918, 1.732827, 1.360018, 6.958117
 
24.87047, -0.003501376, -0.0296306, 9.124047, 0, 0.0080036539836451614398770531, 5937.469, -634.3328, -1.584829, 0.01663505, 0.1455349, 159.9861, 1.732827, 1.360018, 6.958117
 
24.88047, -0.003504085, -0.02966561, 9.116463, 0, 0.0080186905273113369384556, 5928.614, -634.3328, -1.584829, 0.01663505, 0.1455349, 159.8804, 1.732827, 1.360018, 6.958117
 
24.89047, -0.003508162, -0.02970065, 9.10889, 0, 0.0080340090269032898537054531, 5919.776, -634.3328, -1.584829, 0.01663505, 0.1455349, 159.7748, 1.732827, 1.360018, 6.958117
 
24.90047, -0.003507546, -0.02973573, 9.101317, 0, 0.0080484683902037140429610531, 5910.946, -634.3328, -1.584829, 0.01663505, 0.1455349, 159.6692, 1.732827, 1.360018, 6.958117
 
24.91047, -0.003515045, -0.02977081, 9.093756, 0, 0.0080644851453530910437018, 5902.131, -634.3328, -1.584829, 0.01663505, 0.1455349, 159.5637, 1.732827, 1.360018, 6.958117
 
24.92048, -0.003515511, -0.02980596, 9.086203, 0, 0.0080792040739616726527347, 5893.33, -634.3328, -1.584829, 0.01663505, 0.1455349, 159.4582, 1.732827, 1.360018, 6.958117
 
24.93048, -0.003513762, -0.02984111, 9.07865, 0, 0.0080935183128885263996228, 5884.538, -634.3328, -1.584829, 0.01663505, 0.1455349, 159.3527, 1.732827, 1.360018, 6.958117
 
24.94048, -0.00351784, -0.02987625, 9.071104, 0, 0.0081089587169542867792827, 5875.758, -634.3328, -1.584829, 0.01663505, 0.1455349, 159.2473, 1.732827, 1.360018, 6.958117
 
24.95048, -0.003522268, -0.02991143, 9.063567, 0, 0.0081244978055940667669311531, 5866.991, -634.3328, -1.584829, 0.01663505, 0.1455349, 159.1419, 1.732827, 1.360018, 6.958117
 
24.96048, -0.003524611, -0.02994665, 9.05603, 0, 0.0081396678636839270724878, 5858.232, -634.3328, -1.584829, 0.01663505, 0.1455349, 159.0366, 1.732827, 1.360018, 6.958117
 
24.97048, -0.003524925, -0.0299819, 9.048502, 0, 0.0081544730376345162586991, 5849.487, -634.3328, -1.584829, 0.01663505, 0.1455349, 158.9313, 1.732827, 1.360018, 6.958117
 
24.98048, -0.00352976, -0.03001715, 9.040983, 0, 0.0081701663727513565521995, 5840.756, -634.3328, -1.584829, 0.01663505, 0.1455349, 158.8261, 1.732827, 1.360018, 6.958117
 
24.99048, -0.00353147, -0.03005244, 9.033467, 0, 0.0081852899910416660233772, 5832.036, -634.3328, -1.584829, 0.01663505, 0.1455349, 158.7209, 1.732827, 1.360018, 6.958117
 
25.00048, -0.003537456, -0.03008776, 9.025956, 0, 0.0082012611356736268779811, 5823.326, -634.3328, -1.584829, 0.01663505, 0.1455349, 158.6157, 1.732827, 1.360018, 6.958117
 
25.01048, -0.003540345, -0.03012313, 9.018455, 0, 0.0082166708563003954998619531, 5814.631, -634.3328, -1.584829, 0.01663505, 0.1455349, 158.5106, 1.732827, 1.360018, 6.958117
 
25.02048, -0.003548869, -0.03015854, 9.010957, 0, 0.0082331959613983446858313469, 5805.946, -634.3328, -1.584829, 0.01663505, 0.1455349, 158.4056, 1.732827, 1.360018, 6.958117
 
25.03048, -0.003554299, -0.03019403, 9.003469, 0, 0.0082491679353124402286773469, 5797.275, -634.3328, -1.584829, 0.01663505, 0.1455349, 158.3006, 1.732827, 1.360018, 6.958117
 
25.04048, -0.0035578, -0.03022957, 8.995978, 0, 0.0082648015621155746759252, 5788.61, -634.3328, -1.584829, 0.01663505, 0.1455349, 158.1956, 1.732827, 1.360018, 6.958117
 
25.05048, -0.003561897, -0.03026515, 8.988503, 0, 0.0082805778254458837936356, 5779.963, -634.3328, -1.584829, 0.01663505, 0.1455349, 158.0906, 1.732827, 1.360018, 6.958117
 
25.06048, -0.00356934, -0.03030077, 8.981025, 0, 0.008297034100126637269868, 5771.323, -634.3328, -1.584829, 0.01663505, 0.1455349, 157.9857, 1.732827, 1.360018, 6.958117
 
25.07048, -0.003576255, -0.03033646, 8.973557, 0, 0.008313437300750770698606, 5762.696, -634.3328, -1.584829, 0.01663505, 0.1455349, 157.8809, 1.732827, 1.360018, 6.958117
 
25.08048, -0.003582421, -0.03037222, 8.966096, 0, 0.00832972440187604777345, 5754.082, -634.3328, -1.584829, 0.01663505, 0.1455349, 157.776, 1.732827, 1.360018, 6.958117
 
25.09048, -0.003585544, -0.03040805, 8.958637, 0, 0.008345455883971083726087, 5745.478, -634.3328, -1.584829, 0.01663505, 0.1455349, 157.6713, 1.732827, 1.360018, 6.958117
 
25.10048, -0.003594677, -0.0304439, 8.951187, 0, 0.00836239811798276451219, 5736.886, -634.3328, -1.584829, 0.01663505, 0.1455349, 157.5665, 1.732827, 1.360018, 6.958117
 
25.11048, -0.003600783, -0.03047985, 8.943744, 0, 0.008378784732964204176086, 5728.308, -634.3328, -1.584829, 0.01663505, 0.1455349, 157.4619, 1.732827, 1.360018, 6.958117
 
25.12048, -0.003606225, -0.03051586, 8.936303, 0, 0.008395080126910828133351, 5719.739, -634.3328, -1.584829, 0.01663505, 0.1455349, 157.3572, 1.732827, 1.360018, 6.958117
 
25.13048, -0.003614159, -0.03055192, 8.928873, 0, 0.00841190626142365256556, 5711.185, -634.3328, -1.584829, 0.01663505, 0.1455349, 157.2527, 1.732827, 1.360018, 6.958117
 
25.14048, -0.003621452, -0.03058806, 8.921445, 0, 0.008428649467723008173559, 5702.64, -634.3328, -1.584829, 0.01663505, 0.1455349, 157.1481, 1.732827, 1.360018, 6.958117
 
25.15048, -0.003627039, -0.03062428, 8.914024, 0, 0.008445094132453876014402, 5694.108, -634.3328, -1.584829, 0.01663505, 0.1455349, 157.0436, 1.732827, 1.360018, 6.958117
 
25.16048, -0.00363098, -0.03066055, 8.906612, 0, 0.00846124854843760297051, 5685.589, -634.3328, -1.584829, 0.01663505, 0.1455349, 156.9392, 1.732827, 1.360018, 6.958117
 
25.17048, -0.003634803, -0.03069686, 8.899201, 0, 0.008477411257242676809039, 5677.08, -634.3328, -1.584829, 0.01663505, 0.1455349, 156.8348, 1.732827, 1.360018, 6.958117
 
25.18048, -0.003636911, -0.03073321, 8.891802, 0, 0.00849325883883656911557, 5668.584, -634.3328, -1.584829, 0.01663505, 0.1455349, 156.7304, 1.732827, 1.360018, 6.958117
 
25.19048, -0.003636397, -0.03076958, 8.884402, 0, 0.008508625436792342241683, 5660.096, -634.3328, -1.584829, 0.01663505, 0.1455349, 156.626, 1.732827, 1.360018, 6.958117
 
25.20048, -0.003636863, -0.03080594, 8.877011, 0, 0.008524199355281787428321, 5651.622, -634.3328, -1.584829, 0.01663505, 0.1455349, 156.5217, 1.732827, 1.360018, 6.958117
 
25.21048, -0.003644638, -0.03084231, 8.869625, 0, 0.008541241103149630803476, 5643.158, -634.3328, -1.584829, 0.01663505, 0.1455349, 156.4175, 1.732827, 1.360018, 6.958117
 
25.22048, -0.003649656, -0.03087876, 8.862245, 0, 0.008557785281736661233371, 5634.706, -634.3328, -1.584829, 0.01663505, 0.1455349, 156.3133, 1.732827, 1.360018, 6.958117
 
25.23048, -0.003653182, -0.03091525, 8.854872, 0, 0.008574064090040591425794, 5626.266, -634.3328, -1.584829, 0.01663505, 0.1455349, 156.2091, 1.732827, 1.360018, 6.958117
 
25.24048, -0.003655279, -0.03095178, 8.847501, 0, 0.008590077528061421380745, 5617.836, -634.3328, -1.584829, 0.01663505, 0.1455349, 156.105, 1.732827, 1.360018, 6.958117
 
25.25048, -0.00366242, -0.03098834, 8.84014, 0, 0.008607135861571958520742, 5609.42, -634.3328, -1.584829, 0.01663505, 0.1455349, 156.0009, 1.732827, 1.360018, 6.958117
 
25.26048, -0.003667965, -0.03102496, 8.832784, 0, 0.008623912239156701658425, 5601.015, -634.3328, -1.584829, 0.01663505, 0.1455349, 155.8969, 1.732827, 1.360018, 6.958117
 
25.27048, -0.003671045, -0.03106164, 8.825431, 0, 0.008640232511567366262953, 5592.62, -634.3328, -1.584829, 0.01663505, 0.1455349, 155.7929, 1.732827, 1.360018, 6.958117
 
25.28048, -0.003672622, -0.03109835, 8.818088, 0, 0.008656279120873583747588, 5584.239, -634.3328, -1.584829, 0.01663505, 0.1455349, 155.689, 1.732827, 1.360018, 6.958117
 
25.29048, -0.003680528, -0.03113508, 8.81075, 0, 0.00867362770313126177232, 5575.868, -634.3328, -1.584829, 0.01663505, 0.1455349, 155.5851, 1.732827, 1.360018, 6.958117
 
25.30048, -0.003689487, -0.03117188, 8.803414, 0, 0.008691225070029346269682, 5567.506, -634.3328, -1.584829, 0.01663505, 0.1455349, 155.4812, 1.732827, 1.360018, 6.958117
 
25.31048, -0.003697092, -0.03120878, 8.796085, 0, 0.008708598530751064941677, 5559.156, -634.3328, -1.584829, 0.01663505, 0.1455349, 155.3774, 1.732827, 1.360018, 6.958117
 
25.32048, -0.003698488, -0.03124575, 8.788766, 0, 0.008724761239556138780206, 5550.821, -634.3328, -1.584829, 0.01663505, 0.1455349, 155.2736, 1.732827, 1.360018, 6.958117
 
25.33048, -0.003706133, -0.03128273, 8.781447, 0, 0.008742217628491326276411, 5542.493, -634.3328, -1.584829, 0.01663505, 0.1455349, 155.1699, 1.732827, 1.360018, 6.958117
 
25.34048, -0.003710218, -0.0313198, 8.77414, 0, 0.008758994006076069414094, 5534.181, -634.3328, -1.584829, 0.01663505, 0.1455349, 155.0662, 1.732827, 1.360018, 6.958117
 
25.35048, -0.003714165, -0.0313569, 8.766833, 0, 0.008775770383660812551777, 5525.876, -634.3328, -1.584829, 0.01663505, 0.1455349, 154.9626, 1.732827, 1.360018, 6.958117
 
25.36049, -0.003715859, -0.03139404, 8.759534, 0, 0.008792123827356864685989, 5517.583, -634.3328, -1.584829, 0.01663505, 0.1455349, 154.8589, 1.732827, 1.360018, 6.958117
 
25.37049, -0.003719933, -0.0314312, 8.752241, 0, 0.008808983133155076647882, 5509.302, -634.3328, -1.584829, 0.01663505, 0.1455349, 154.7554, 1.732827, 1.360018, 6.958117
 
25.38049, -0.003726788, -0.0314684, 8.744954, 0, 0.008826447814911611026508, 5501.033, -634.3328, -1.584829, 0.01663505, 0.1455349, 154.6518, 1.732827, 1.360018, 6.958117
 
25.39049, -0.003734922, -0.03150567, 8.73767, 0, 0.00884421103823663317229, 5492.773, -634.3328, -1.584829, 0.01663505, 0.1455349, 154.5484, 1.732827, 1.360018, 6.958117
 
25.40049, -0.003741901, -0.03154302, 8.730394, 0, 0.00886179181949202390481, 5484.526, -634.3328, -1.584829, 0.01663505, 0.1455349, 154.4449, 1.732827, 1.360018, 6.958117
 
25.41049, -0.003749121, -0.03158044, 8.723125, 0, 0.00887945552896088346154, 5476.291, -634.3328, -1.584829, 0.01663505, 0.1455349, 154.3415, 1.732827, 1.360018, 6.958117
 
25.42049, -0.00375646, -0.03161793, 8.715859, 0, 0.008897185581000518077638, 5468.065, -634.3328, -1.584829, 0.01663505, 0.1455349, 154.2382, 1.732827, 1.360018, 6.958117
 
25.43049, -0.003760461, -0.0316555, 8.708602, 0, 0.008914277085796442747319, 5459.853, -634.3328, -1.584829, 0.01663505, 0.1455349, 154.1349, 1.732827, 1.360018, 6.958117
 
25.44049, -0.0037645, -0.0316931, 8.701346, 0, 0.008931410054699101829105, 5451.648, -634.3328, -1.584829, 0.01663505, 0.1455349, 154.0316, 1.732827, 1.360018, 6.958117
 
25.45049, -0.003776311, -0.03173074, 8.694101, 0, 0.008950168416585749865407, 5443.46, -634.3328, -1.584829, 0.01663505, 0.1455349, 153.9284, 1.732827, 1.360018, 6.958117
 
25.46049, -0.003785655, -0.03176851, 8.686856, 0, 0.008968487258941013133396, 5435.277, -634.3328, -1.584829, 0.01663505, 0.1455349, 153.8252, 1.732827, 1.360018, 6.958117
 
25.47049, -0.003790574, -0.03180636, 8.679623, 0, 0.00898593535505485374718, 5427.11, -634.3328, -1.584829, 0.01663505, 0.1455349, 153.722, 1.732827, 1.360018, 6.958117
 
25.48049, -0.003794573, -0.03184427, 8.672391, 0, 0.009003225887563103594965, 5418.952, -634.3328, -1.584829, 0.01663505, 0.1455349, 153.619, 1.732827, 1.360018, 6.958117
 
25.49049, -0.003803795, -0.03188222, 8.665164, 0, 0.009021635950953182569585, 5410.804, -634.3328, -1.584829, 0.01663505, 0.1455349, 153.5159, 1.732827, 1.360018, 6.958117
 
25.50049, -0.003813277, -0.03192025, 8.657948, 0, 0.009040153821020771015678, 5402.67, -634.3328, -1.584829, 0.01663505, 0.1455349, 153.4129, 1.732827, 1.360018, 6.958117
 
25.51049, -0.003819572, -0.03195839, 8.650733, 0, 0.009058049729487343280196, 5394.544, -634.3328, -1.584829, 0.01663505, 0.1455349, 153.3099, 1.732827, 1.360018, 6.958117
 
25.52049, -0.003826041, -0.03199658, 8.643523, 0, 0.009076028566167384368924, 5386.43, -634.3328, -1.584829, 0.01663505, 0.1455349, 153.207, 1.732827, 1.360018, 6.958117
 
25.53049, -0.003830546, -0.03203484, 8.636321, 0, 0.009093642518708162631128, 5378.326, -634.3328, -1.584829, 0.01663505, 0.1455349, 153.1041, 1.732827, 1.360018, 6.958117
 
25.54049, -0.003839317, -0.03207315, 8.629125, 0, 0.009112176974418444842063, 5370.235, -634.3328, -1.584829, 0.01663505, 0.1455349, 153.0012, 1.732827, 1.360018, 6.958117
 
25.55049, -0.003848288, -0.03211154, 8.621933, 0, 0.00913081094398488964205, 5362.154, -634.3328, -1.584829, 0.01663505, 0.1455349, 152.8984, 1.732827, 1.360018, 6.958117
 
25.56049, -0.003856618, -0.03215002, 8.614747, 0, 0.009149353692516518735406, 5354.084, -634.3328, -1.584829, 0.01663505, 0.1455349, 152.7957, 1.732827, 1.360018, 6.958117
 
25.57049, -0.003864311, -0.03218859, 8.607568, 0, 0.009167805220013332122131, 5346.027, -634.3328, -1.584829, 0.01663505, 0.1455349, 152.693, 1.732827, 1.360018, 6.958117
 
25.58049, -0.003872449, -0.03222723, 8.600395, 0, 0.009186397725473042510013, 5337.98, -634.3328, -1.584829, 0.01663505, 0.1455349, 152.5903, 1.732827, 1.360018, 6.958117
 
25.59049, -0.003878646, -0.03226596, 8.593225, 0, 0.009204633639614836953792, 5329.943, -634.3328, -1.584829, 0.01663505, 0.1455349, 152.4877, 1.732827, 1.360018, 6.958117
 
25.60049, -0.003884148, -0.03230475, 8.586063, 0, 0.009222761747079121926098, 5321.919, -634.3328, -1.584829, 0.01663505, 0.1455349, 152.3851, 1.732827, 1.360018, 6.958117
 
25.61049, -0.003889305, -0.03234359, 8.578906, 0, 0.00924085668325801936872, 5313.904, -634.3328, -1.584829, 0.01663505, 0.1455349, 152.2826, 1.732827, 1.360018, 6.958117
 
25.62049, -0.003899695, -0.03238248, 8.571754, 0, 0.00926009602878278658544, 5305.901, -634.3328, -1.584829, 0.01663505, 0.1455349, 152.1801, 1.732827, 1.360018, 6.958117
 
25.63049, -0.003907154, -0.03242147, 8.564609, 0, 0.009278763169634618915111, 5297.908, -634.3328, -1.584829, 0.01663505, 0.1455349, 152.0776, 1.732827, 1.360018, 6.958117
 
25.64049, -0.003915199, -0.03246054, 8.557467, 0, 0.009297604459734735775623, 5289.925, -634.3328, -1.584829, 0.01663505, 0.1455349, 151.9752, 1.732827, 1.360018, 6.958117
 
25.65049, -0.003916594, -0.0324997, 8.550333, 0, 0.009315085727133963919091, 5281.955, -634.3328, -1.584829, 0.01663505, 0.1455349, 151.8728, 1.732827, 1.360018, 6.958117
 
25.66049, -0.003924873, -0.03253886, 8.543203, 0, 0.009334051409554284015918, 5273.994, -634.3328, -1.584829, 0.01663505, 0.1455349, 151.7705, 1.732827, 1.360018, 6.958117
 
25.67049, -0.003935, -0.03257811, 8.53608, 0, 0.009353464904327335763479, 5266.045, -634.3328, -1.584829, 0.01663505, 0.1455349, 151.6682, 1.732827, 1.360018, 6.958117
 
25.68049, -0.00394112, -0.03261746, 8.528959, 0, 0.009372073995429739916203, 5258.104, -634.3328, -1.584829, 0.01663505, 0.1455349, 151.5659, 1.732827, 1.360018, 6.958117
 
25.69049, -0.003945547, -0.03265687, 8.521849, 0, 0.009390359666499615654508, 5250.178, -634.3328, -1.584829, 0.01663505, 0.1455349, 151.4637, 1.732827, 1.360018, 6.958117
 
25.70049, -0.0039555, -0.03269633, 8.51474, 0, 0.0094098643823074831087, 5242.26, -634.3328, -1.584829, 0.01663505, 0.1455349, 151.3615, 1.732827, 1.360018, 6.958117
 
25.71049, -0.003965124, -0.03273588, 8.507639, 0, 0.00942935251247265679805, 5234.354, -634.3328, -1.584829, 0.01663505, 0.1455349, 151.2594, 1.732827, 1.360018, 6.958117
 
25.72049, -0.003969465, -0.03277554, 8.500543, 0, 0.00944776257586273577267, 5226.458, -634.3328, -1.584829, 0.01663505, 0.1455349, 151.1573, 1.732827, 1.360018, 6.958117
 
25.73049, -0.003972402, -0.03281523, 8.493451, 0, 0.009465907268969714509818, 5218.573, -634.3328, -1.584829, 0.01663505, 0.1455349, 151.0553, 1.732827, 1.360018, 6.958117
 
25.74049, -0.003979621, -0.03285495, 8.486366, 0, 0.009485005636531584725381, 5210.699, -634.3328, -1.584829, 0.01663505, 0.1455349, 150.9533, 1.732827, 1.360018, 6.958117
 
25.75049, -0.003986791, -0.03289475, 8.479288, 0, 0.009504128882557495588207, 5202.836, -634.3328, -1.584829, 0.01663505, 0.1455349, 150.8513, 1.732827, 1.360018, 6.958117
 
25.76049, -0.003993598, -0.03293462, 8.472212, 0, 0.00952322725011936580377, 5194.982, -634.3328, -1.584829, 0.01663505, 0.1455349, 150.7494, 1.732827, 1.360018, 6.958117
 
25.77049, -0.004001273, -0.03297455, 8.465147, 0, 0.009542557816678948727121, 5187.143, -634.3328, -1.584829, 0.01663505, 0.1455349, 150.6476, 1.732827, 1.360018, 6.958117
 
25.78049, -0.004008771, -0.03301457, 8.458083, 0, 0.009561896676059878532893, 5179.312, -634.3328, -1.584829, 0.01663505, 0.1455349, 150.5457, 1.732827, 1.360018, 6.958117
 
25.79049, -0.004016139, -0.03305465, 8.451025, 0, 0.009581252121083502103507, 5171.491, -634.3328, -1.584829, 0.01663505, 0.1455349, 150.444, 1.732827, 1.360018, 6.958117
 
25.8005, -0.004022089, -0.03309482, 8.443973, 0, 0.00960035048864537231907, 5163.68, -634.3328, -1.584829, 0.01663505, 0.1455349, 150.3422, 1.732827, 1.360018, 6.958117
 
25.8105, -0.004027815, -0.03313504, 8.436927, 0, 0.009619432270564548769791, 5155.882, -634.3328, -1.584829, 0.01663505, 0.1455349, 150.2405, 1.732827, 1.360018, 6.958117
 
25.8205, -0.004039393, -0.03317532, 8.429887, 0, 0.009639840903899226407872, 5148.094, -634.3328, -1.584829, 0.01663505, 0.1455349, 150.1389, 1.732827, 1.360018, 6.958117
 
25.8305, -0.004046174, -0.03321571, 8.42285, 0, 0.009659254398672278155433, 5140.315, -634.3328, -1.584829, 0.01663505, 0.1455349, 150.0372, 1.732827, 1.360018, 6.958117
 
25.8405, -0.004051559, -0.03325617, 8.415821, 0, 0.009678410815983576547943, 5132.549, -634.3328, -1.584829, 0.01663505, 0.1455349, 149.9357, 1.732827, 1.360018, 6.958117
 
25.8505, -0.004057799, -0.03329669, 8.408797, 0, 0.009697799432292587648241, 5124.793, -634.3328, -1.584829, 0.01663505, 0.1455349, 149.8342, 1.732827, 1.360018, 6.958117
 
25.8605, -0.004058379, -0.03333727, 8.40178, 0, 0.009715985589506300797494, 5117.048, -634.3328, -1.584829, 0.01663505, 0.1455349, 149.7327, 1.732827, 1.360018, 6.958117
 
25.8705, -0.004069564, -0.03337785, 8.394768, 0, 0.009736526907982528554311, 5109.313, -634.3328, -1.584829, 0.01663505, 0.1455349, 149.6312, 1.732827, 1.360018, 6.958117
 
25.8805, -0.004075089, -0.03341854, 8.387758, 0, 0.009755874060184805242504, 5101.587, -634.3328, -1.584829, 0.01663505, 0.1455349, 149.5298, 1.732827, 1.360018, 6.958117
 
25.8905, -0.00408035, -0.03345929, 8.380757, 0, 0.009775212919565735048276, 5093.874, -634.3328, -1.584829, 0.01663505, 0.1455349, 149.4285, 1.732827, 1.360018, 6.958117
 
25.9005, -0.004085573, -0.0335001, 8.373762, 0, 0.009794576657410705501311, 5086.171, -634.3328, -1.584829, 0.01663505, 0.1455349, 149.3271, 1.732827, 1.360018, 6.958117
 
25.9105, -0.004092305, -0.03354095, 8.366769, 0, 0.009814321865037632545712, 5078.477, -634.3328, -1.584829, 0.01663505, 0.1455349, 149.2259, 1.732827, 1.360018, 6.958117
 
25.9205, -0.004102416, -0.03358188, 8.359783, 0, 0.009834854890692513420108, 5070.794, -634.3328, -1.584829, 0.01663505, 0.1455349, 149.1246, 1.732827, 1.360018, 6.958117
 
25.9305, -0.004108218, -0.0336229, 8.352801, 0, 0.009854492291641930993036, 5063.121, -634.3328, -1.584829, 0.01663505, 0.1455349, 149.0234, 1.732827, 1.360018, 6.958117
 
25.9405, -0.00411285, -0.03366398, 8.345825, 0, 0.009873914079236329623018, 5055.459, -634.3328, -1.584829, 0.01663505, 0.1455349, 148.9223, 1.732827, 1.360018, 6.958117
 
25.9505, -0.004120106, -0.03370511, 8.338858, 0, 0.009893949535610397552154, 5047.809, -634.3328, -1.584829, 0.01663505, 0.1455349, 148.8212, 1.732827, 1.360018, 6.958117
 
25.9605, -0.004126216, -0.03374631, 8.331894, 0, 0.009913777671450793420765, 5040.169, -634.3328, -1.584829, 0.01663505, 0.1455349, 148.7201, 1.732827, 1.360018, 6.958117
 
25.9705, -0.004129169, -0.03378757, 8.324936, 0, 0.009932950674404785578117, 5032.539, -634.3328, -1.584829, 0.01663505, 0.1455349, 148.6191, 1.732827, 1.360018, 6.958117
 
25.9805, -0.004134669, -0.03382886, 8.317982, 0, 0.009952729053317100152202, 5024.918, -634.3328, -1.584829, 0.01663505, 0.1455349, 148.5181, 1.732827, 1.360018, 6.958117
 
25.9905, -0.004135891, -0.03387021, 8.311033, 0, 0.009971586929059910777556, 5017.308, -634.3328, -1.584829, 0.01663505, 0.1455349, 148.4172, 1.732827, 1.360018, 6.958117
 
26.0005, -0.004143306, -0.03391157, 8.304091, 0, 0.00999185458443169141448, 5009.71, -634.3328, -1.584829, 0.01663505, 0.1455349, 148.3163, 1.732827, 1.360018, 6.958117
 
26.0105, -0.004150666, -0.033953, 8.297155, 0, 0.010012163703910206463509, 5002.122, -634.3328, -1.584829, 0.01663505, 0.1455349, 148.2154, 1.732827, 1.360018, 6.958117
 
26.0205, -0.004153994, -0.03399451, 8.290221, 0, 0.010031618662789992623175, 4994.542, -634.3328, -1.584829, 0.01663505, 0.1455349, 148.1146, 1.732827, 1.360018, 6.958117
 
26.0305, -0.004160954, -0.03403605, 8.283297, 0, 0.010051919489447160789783, 4986.974, -634.3328, -1.584829, 0.01663505, 0.1455349, 148.0138, 1.732827, 1.360018, 6.958117
 
26.0405, -0.004169696, -0.03407766, 8.276375, 0, 0.010072668128457060607125, 4979.416, -634.3328, -1.584829, 0.01663505, 0.1455349, 147.9131, 1.732827, 1.360018, 6.958117
 
26.0505, -0.004177459, -0.03411935, 8.269462, 0, 0.010093250911040022776047, 4971.87, -634.3328, -1.584829, 0.01663505, 0.1455349, 147.8124, 1.732827, 1.360018, 6.958117
 
26.0605, -0.004182291, -0.03416113, 8.262551, 0, 0.010113220024843315645815, 4964.333, -634.3328, -1.584829, 0.01663505, 0.1455349, 147.7118, 1.732827, 1.360018, 6.958117
 
26.0705, -0.004185248, -0.03420295, 8.255646, 0, 0.010132807668864651924217, 4956.806, -634.3328, -1.584829, 0.01663505, 0.1455349, 147.6112, 1.732827, 1.360018, 6.958117
 
26.0805, -0.004195673, -0.03424481, 8.248748, 0, 0.010154111926904792863766, 4949.29, -634.3328, -1.584829, 0.01663505, 0.1455349, 147.5106, 1.732827, 1.360018, 6.958117
 
26.0905, -0.004206369, -0.03428676, 8.241854, 0, 0.010175548870086483922051, 4941.784, -634.3328, -1.584829, 0.01663505, 0.1455349, 147.4101, 1.732827, 1.360018, 6.958117
 
26.1005, -0.004212026, -0.03432883, 8.234964, 0, 0.010195891160850386500764, 4934.287, -634.3328, -1.584829, 0.01663505, 0.1455349, 147.3096, 1.732827, 1.360018, 6.958117
 
26.1105, -0.004217866, -0.03437095, 8.228083, 0, 0.010216324672649104786108, 4926.803, -634.3328, -1.584829, 0.01663505, 0.1455349, 147.2092, 1.732827, 1.360018, 6.958117
 
26.1205, -0.004225659, -0.03441313, 8.221206, 0, 0.01023723916808594225187, 4919.329, -634.3328, -1.584829, 0.01663505, 0.1455349, 147.1088, 1.732827, 1.360018, 6.958117
 
26.1305, -0.004229502, -0.03445538, 8.214333, 0, 0.01025730779574539771069, 4911.863, -634.3328, -1.584829, 0.01663505, 0.1455349, 147.0085, 1.732827, 1.360018, 6.958117
 
26.1405, -0.0042362, -0.03449767, 8.207465, 0, 0.010278064727576644410453, 4904.408, -634.3328, -1.584829, 0.01663505, 0.1455349, 146.9082, 1.732827, 1.360018, 6.958117
 
26.1505, -0.004240224, -0.03454003, 8.200603, 0, 0.010298257747556303105588, 4896.962, -634.3328, -1.584829, 0.01663505, 0.1455349, 146.8079, 1.732827, 1.360018, 6.958117
 
26.1605, -0.004243568, -0.03458244, 8.193748, 0, 0.010318326375215758564408, 4889.53, -634.3328, -1.584829, 0.01663505, 0.1455349, 146.7077, 1.732827, 1.360018, 6.958117
 
26.1705, -0.004249987, -0.03462487, 8.186898, 0, 0.010339141356796433441118, 4882.107, -634.3328, -1.584829, 0.01663505, 0.1455349, 146.6075, 1.732827, 1.360018, 6.958117
 
26.1805, -0.004254733, -0.03466737, 8.180051, 0, 0.010359624625523233020988, 4874.691, -634.3328, -1.584829, 0.01663505, 0.1455349, 146.5074, 1.732827, 1.360018, 6.958117
 
26.1905, -0.004261479, -0.03470992, 8.173212, 0, 0.010380597170709498663697, 4867.288, -634.3328, -1.584829, 0.01663505, 0.1455349, 146.4073, 1.732827, 1.360018, 6.958117
 
26.2005, -0.00426759, -0.03475253, 8.166377, 0, 0.010401478494860948599775, 4859.895, -634.3328, -1.584829, 0.01663505, 0.1455349, 146.3072, 1.732827, 1.360018, 6.958117
 
26.2105, -0.004275837, -0.03479521, 8.159547, 0, 0.010422890559578599010797, 4852.511, -634.3328, -1.584829, 0.01663505, 0.1455349, 146.2072, 1.732827, 1.360018, 6.958117
 
26.2205, -0.004280382, -0.03483796, 8.152724, 0, 0.010443506513446948709403, 4845.139, -634.3328, -1.584829, 0.01663505, 0.1455349, 146.1073, 1.732827, 1.360018, 6.958117
 
26.2305, -0.004285551, -0.03488077, 8.145905, 0, 0.010464304909384929821271, 4837.775, -634.3328, -1.584829, 0.01663505, 0.1455349, 146.0074, 1.732827, 1.360018, 6.958117
 
26.24051, -0.004290461, -0.03492362, 8.139092, 0, 0.010485086719680217168297, 4830.422, -634.3328, -1.584829, 0.01663505, 0.1455349, 145.9075, 1.732827, 1.360018, 6.958117
 
26.25051, -0.004296273, -0.03496653, 8.132284, 0, 0.010506117314615910987953, 4823.08, -634.3328, -1.584829, 0.01663505, 0.1455349, 145.8076, 1.732827, 1.360018, 6.958117
 
26.26051, -0.004304088, -0.03500949, 8.125481, 0, 0.010527662064475111517711, 4815.745, -634.3328, -1.584829, 0.01663505, 0.1455349, 145.7078, 1.732827, 1.360018, 6.958117
 
26.27051, -0.004309766, -0.03505253, 8.118684, 0, 0.010548759001981580396735, 4808.423, -634.3328, -1.584829, 0.01663505, 0.1455349, 145.6081, 1.732827, 1.360018, 6.958117
 
26.28051, -0.004314743, -0.03509563, 8.111892, 0, 0.010569731547167846039444, 4801.11, -634.3328, -1.584829, 0.01663505, 0.1455349, 145.5083, 1.732827, 1.360018, 6.958117
 
26.29051, -0.004318637, -0.03513878, 8.105103, 0, 0.010590496771820439621628, 4793.807, -634.3328, -1.584829, 0.01663505, 0.1455349, 145.4087, 1.732827, 1.360018, 6.958117
 
26.30051, -0.004329084, -0.03518197, 8.098323, 0, 0.010612837632528940863802, 4786.515, -634.3328, -1.584829, 0.01663505, 0.1455349, 145.3091, 1.732827, 1.360018, 6.958117
 
26.31051, -0.004336041, -0.03522526, 8.091547, 0, 0.010634415553673528923244, 4779.232, -634.3328, -1.584829, 0.01663505, 0.1455349, 145.2095, 1.732827, 1.360018, 6.958117
 
26.32051, -0.004340529, -0.03526862, 8.084774, 0, 0.010655462734251916507742, 4771.958, -634.3328, -1.584829, 0.01663505, 0.1455349, 145.1099, 1.732827, 1.360018, 6.958117
 
26.33051, -0.004347266, -0.03531202, 8.078008, 0, 0.010677082119503238979289, 4764.695, -634.3328, -1.584829, 0.01663505, 0.1455349, 145.0104, 1.732827, 1.360018, 6.958117
 
26.34051, -0.004358537, -0.0353555, 8.071248, 0, 0.010699821035636390577671, 4757.443, -634.3328, -1.584829, 0.01663505, 0.1455349, 144.911, 1.732827, 1.360018, 6.958117
 
26.35051, -0.004365227, -0.03539908, 8.064494, 0, 0.01072153993474387563827, 4750.201, -634.3328, -1.584829, 0.01663505, 0.1455349, 144.8116, 1.732827, 1.360018, 6.958117
 
26.36051, -0.004372767, -0.03544274, 8.057744, 0, 0.010743507618491767171499, 4742.967, -634.3328, -1.584829, 0.01663505, 0.1455349, 144.7122, 1.732827, 1.360018, 6.958117
 
26.37051, -0.00437938, -0.03548646, 8.050997, 0, 0.010765309445812721056308, 4735.743, -634.3328, -1.584829, 0.01663505, 0.1455349, 144.6128, 1.732827, 1.360018, 6.958117
 
26.38051, -0.00438297, -0.03553026, 8.044259, 0, 0.010786439554604577465016, 4728.531, -634.3328, -1.584829, 0.01663505, 0.1455349, 144.5135, 1.732827, 1.360018, 6.958117
 
26.39051, -0.00439398, -0.03557409, 8.037525, 0, 0.010809369205628707359081, 4721.328, -634.3328, -1.584829, 0.01663505, 0.1455349, 144.4143, 1.732827, 1.360018, 6.958117
 
26.40051, -0.004400766, -0.03561803, 8.030795, 0, 0.010831361767840639539573, 4714.134, -634.3328, -1.584829, 0.01663505, 0.1455349, 144.3151, 1.732827, 1.360018, 6.958117
 
26.41051, -0.004404128, -0.03566203, 8.024072, 0, 0.010852591390488658537333, 4706.951, -634.3328, -1.584829, 0.01663505, 0.1455349, 144.2159, 1.732827, 1.360018, 6.958117
 
26.42051, -0.004412295, -0.03570607, 8.017354, 0, 0.010874998593767934838875, 4699.777, -634.3328, -1.584829, 0.01663505, 0.1455349, 144.1168, 1.732827, 1.360018, 6.958117
 
26.43051, -0.00442279, -0.0357502, 8.010641, 0, 0.01089801117300553355715, 4692.615, -634.3328, -1.584829, 0.01663505, 0.1455349, 144.0177, 1.732827, 1.360018, 6.958117
 
26.44051, -0.004431305, -0.03579442, 8.003934, 0, 0.010920617403997135036796, 4685.461, -634.3328, -1.584829, 0.01663505, 0.1455349, 143.9187, 1.732827, 1.360018, 6.958117
 
26.45051, -0.00443434, -0.03583873, 7.99723, 0, 0.010941971418965357270871, 4678.316, -634.3328, -1.584829, 0.01663505, 0.1455349, 143.8197, 1.732827, 1.360018, 6.958117
 
26.46051, -0.004443209, -0.03588308, 7.99053, 0, 0.010964760092026590163779, 4671.18, -634.3328, -1.584829, 0.01663505, 0.1455349, 143.7207, 1.732827, 1.360018, 6.958117
 
26.47051, -0.004449033, -0.03592751, 7.983838, 0, 0.010986868753737378698165, 4664.057, -634.3328, -1.584829, 0.01663505, 0.1455349, 143.6218, 1.732827, 1.360018, 6.958117
 
26.48051, -0.004457298, -0.035972, 7.977153, 0, 0.011009615962691877178968, 4656.944, -634.3328, -1.584829, 0.01663505, 0.1455349, 143.523, 1.732827, 1.360018, 6.958117
 
26.49051, -0.004465716, -0.03601657, 7.970473, 0, 0.011032454392681191366402, 4649.84, -634.3328, -1.584829, 0.01663505, 0.1455349, 143.4242, 1.732827, 1.360018, 6.958117
 
26.50051, -0.004472086, -0.03606123, 7.963796, 0, 0.011054853303139120785523, 4642.745, -634.3328, -1.584829, 0.01663505, 0.1455349, 143.3254, 1.732827, 1.360018, 6.958117
 
26.51051, -0.004476951, -0.03610595, 7.957123, 0, 0.011076937086385868672646, 4635.659, -634.3328, -1.584829, 0.01663505, 0.1455349, 143.2266, 1.732827, 1.360018, 6.958117
 
26.52051, -0.004486719, -0.03615072, 7.950458, 0, 0.011100248207191955158077, 4628.584, -634.3328, -1.584829, 0.01663505, 0.1455349, 143.1279, 1.732827, 1.360018, 6.958117
 
26.53051, -0.004496457, -0.03619559, 7.943797, 0, 0.011123617377747469820455, 4621.519, -634.3328, -1.584829, 0.01663505, 0.1455349, 143.0293, 1.732827, 1.360018, 6.958117
 
26.54051, -0.00450329, -0.03624056, 7.93714, 0, 0.011146339708237927653995, 4614.462, -634.3328, -1.584829, 0.01663505, 0.1455349, 142.9307, 1.732827, 1.360018, 6.958117
 
26.55051, -0.004510836, -0.03628559, 7.930488, 0, 0.011169294237726098195323, 4607.415, -634.3328, -1.584829, 0.01663505, 0.1455349, 142.8321, 1.732827, 1.360018, 6.958117
 
26.56051, -0.004515328, -0.0363307, 7.923846, 0, 0.011191543877399783730866, 4600.38, -634.3328, -1.584829, 0.01663505, 0.1455349, 142.7336, 1.732827, 1.360018, 6.958117
 
26.57051, -0.004522932, -0.03637585, 7.917202, 0, 0.011214606213565463743667, 4593.352, -634.3328, -1.584829, 0.01663505, 0.1455349, 142.6351, 1.732827, 1.360018, 6.958117
 
26.58051, -0.004535103, -0.03642108, 7.910568, 0, 0.011238837837541054177829, 4586.334, -634.3328, -1.584829, 0.01663505, 0.1455349, 142.5366, 1.732827, 1.360018, 6.958117
 
26.59051, -0.004543546, -0.03646643, 7.903935, 0, 0.011262223593739262605049, 4579.325, -634.3328, -1.584829, 0.01663505, 0.1455349, 142.4382, 1.732827, 1.360018, 6.958117
 
26.60051, -0.004550213, -0.03651186, 7.897312, 0, 0.011285227880155514440903, 4572.329, -634.3328, -1.584829, 0.01663505, 0.1455349, 142.3399, 1.732827, 1.360018, 6.958117
 
26.61051, -0.004558616, -0.03655737, 7.890694, 0, 0.011308713150209885457175, 4565.341, -634.3328, -1.584829, 0.01663505, 0.1455349, 142.2415, 1.732827, 1.360018, 6.958117
 
26.62051, -0.004564353, -0.03660295, 7.884082, 0, 0.011331593044305934056714, 4558.365, -634.3328, -1.584829, 0.01663505, 0.1455349, 142.1433, 1.732827, 1.360018, 6.958117
 
26.63051, -0.004572401, -0.03664859, 7.877473, 0, 0.011355094900002998837828, 4551.396, -634.3328, -1.584829, 0.01663505, 0.1455349, 142.045, 1.732827, 1.360018, 6.958117
 
26.64051, -0.004580429, -0.03669432, 7.870868, 0, 0.011378646512628144913468, 4544.436, -634.3328, -1.584829, 0.01663505, 0.1455349, 141.9469, 1.732827, 1.360018, 6.958117
 
26.65051, -0.00458588, -0.03674012, 7.864268, 0, 0.011401617627759009219638, 4537.487, -634.3328, -1.584829, 0.01663505, 0.1455349, 141.8487, 1.732827, 1.360018, 6.958117
 
26.66051, -0.004594105, -0.03678598, 7.857675, 0, 0.011425318511168399178856, 4530.547, -634.3328, -1.584829, 0.01663505, 0.1455349, 141.7506, 1.732827, 1.360018, 6.958117
 
26.67052, -0.004598851, -0.03683192, 7.851085, 0, 0.011448223283728488425658, 4523.616, -634.3328, -1.584829, 0.01663505, 0.1455349, 141.6526, 1.732827, 1.360018, 6.958117
 
26.68052, -0.004606748, -0.03687791, 7.844503, 0, 0.011471949045601919032139, 4516.696, -634.3328, -1.584829, 0.01663505, 0.1455349, 141.5546, 1.732827, 1.360018, 6.958117
 
26.69052, -0.004613786, -0.03692397, 7.837926, 0, 0.011495517243869758872621, 4509.786, -634.3328, -1.584829, 0.01663505, 0.1455349, 141.4566, 1.732827, 1.360018, 6.958117
 
26.70052, -0.004625071, -0.03697011, 7.831351, 0, 0.011520196680198080957517, 4502.883, -634.3328, -1.584829, 0.01663505, 0.1455349, 141.3586, 1.732827, 1.360018, 6.958117
 
26.71052, -0.004638314, -0.03701636, 7.824784, 0, 0.01154543173555664416462, 4495.991, -634.3328, -1.584829, 0.01663505, 0.1455349, 141.2607, 1.732827, 1.360018, 6.958117
 
26.72052, -0.004646975, -0.03706275, 7.818221, 0, 0.011569597016961459539414, 4489.108, -634.3328, -1.584829, 0.01663505, 0.1455349, 141.1629, 1.732827, 1.360018, 6.958117
 
26.73052, -0.004653245, -0.03710921, 7.811665, 0, 0.011593223264978727556843, 4482.236, -634.3328, -1.584829, 0.01663505, 0.1455349, 141.0651, 1.732827, 1.360018, 6.958117
 
26.74052, -0.004657154, -0.03715575, 7.805109, 0, 0.011616310479608448216907, 4475.37, -634.3328, -1.584829, 0.01663505, 0.1455349, 140.9673, 1.732827, 1.360018, 6.958117
 
26.75052, -0.004662047, -0.03720232, 7.798564, 0, 0.011639679650163962879285, 4468.518, -634.3328, -1.584829, 0.01663505, 0.1455349, 140.8696, 1.732827, 1.360018, 6.958117
 
26.76052, -0.004671335, -0.03724894, 7.792019, 0, 0.011664201522886694198182, 4461.671, -634.3328, -1.584829, 0.01663505, 0.1455349, 140.7719, 1.732827, 1.360018, 6.958117
 
26.77052, -0.004676226, -0.03729565, 7.785481, 0, 0.011687686792941065214454, 4454.835, -634.3328, -1.584829, 0.01663505, 0.1455349, 140.6742, 1.732827, 1.360018, 6.958117
 
26.78052, -0.004683316, -0.03734242, 7.778948, 0, 0.011711769146132411765038, 4448.008, -634.3328, -1.584829, 0.01663505, 0.1455349, 140.5766, 1.732827, 1.360018, 6.958117
 
26.79052, -0.004692103, -0.03738925, 7.772422, 0, 0.011736324190140530613619, 4441.193, -634.3328, -1.584829, 0.01663505, 0.1455349, 140.4791, 1.732827, 1.360018, 6.958117
 
26.80052, -0.004705058, -0.03743617, 7.7659, 0, 0.011761998765030478589035, 4434.386, -634.3328, -1.584829, 0.01663505, 0.1455349, 140.3816, 1.732827, 1.360018, 6.958117
 
26.81052, -0.004713658, -0.03748322, 7.759381, 0, 0.011786653322894760026668, 4427.587, -634.3328, -1.584829, 0.01663505, 0.1455349, 140.2841, 1.732827, 1.360018, 6.958117
 
26.82052, -0.004723585, -0.03753036, 7.75287, 0, 0.011811697643362344938088, 4420.799, -634.3328, -1.584829, 0.01663505, 0.1455349, 140.1866, 1.732827, 1.360018, 6.958117
 
26.83052, -0.00473226, -0.0375776, 7.746361, 0, 0.011836493179189523376878, 4414.019, -634.3328, -1.584829, 0.01663505, 0.1455349, 140.0893, 1.732827, 1.360018, 6.958117
 
26.84052, -0.004737904, -0.03762492, 7.739862, 0, 0.011860567239559523045041, 4407.251, -634.3328, -1.584829, 0.01663505, 0.1455349, 139.9919, 1.732827, 1.360018, 6.958117
 
26.85052, -0.004747827, -0.0376723, 7.733363, 0, 0.011885785709275392487302, 4400.489, -634.3328, -1.584829, 0.01663505, 0.1455349, 139.8946, 1.732827, 1.360018, 6.958117
 
26.86052, -0.004757998, -0.03771977, 7.726873, 0, 0.011911136864132812048299, 4393.74, -634.3328, -1.584829, 0.01663505, 0.1455349, 139.7973, 1.732827, 1.360018, 6.958117
 
26.87052, -0.004766089, -0.03776735, 7.720384, 0, 0.011936015328173459311299, 4386.997, -634.3328, -1.584829, 0.01663505, 0.1455349, 139.7001, 1.732827, 1.360018, 6.958117
 
26.88052, -0.004772155, -0.03781502, 7.713903, 0, 0.011960437687040028041144, 4380.265, -634.3328, -1.584829, 0.01663505, 0.1455349, 139.603, 1.732827, 1.360018, 6.958117
 
26.89052, -0.00477625, -0.03786274, 7.707426, 0, 0.011984403940732518237834, 4373.542, -634.3328, -1.584829, 0.01663505, 0.1455349, 139.5058, 1.732827, 1.360018, 6.958117
 
26.90052, -0.004787351, -0.0379105, 7.700955, 0, 0.012010211200764016331986, 4366.829, -634.3328, -1.584829, 0.01663505, 0.1455349, 139.4087, 1.732827, 1.360018, 6.958117
 
26.91052, -0.004796191, -0.03795837, 7.694489, 0, 0.012035512598693354598457, 4360.125, -634.3328, -1.584829, 0.01663505, 0.1455349, 139.3117, 1.732827, 1.360018, 6.958117
 
26.92052, -0.004802183, -0.03800634, 7.688026, 0, 0.012060142278093595388827, 4353.429, -634.3328, -1.584829, 0.01663505, 0.1455349, 139.2147, 1.732827, 1.360018, 6.958117
 
26.93052, -0.004810711, -0.03805436, 7.68157, 0, 0.012085468554486974302561, 4346.744, -634.3328, -1.584829, 0.01663505, 0.1455349, 139.1177, 1.732827, 1.360018, 6.958117
 
26.94052, -0.004822748, -0.03810247, 7.675119, 0, 0.012111773383799285341973, 4340.067, -634.3328, -1.584829, 0.01663505, 0.1455349, 139.0208, 1.732827, 1.360018, 6.958117
 
26.95052, -0.004830969, -0.03815069, 7.668674, 0, 0.012137157709942092432654, 4333.4, -634.3328, -1.584829, 0.01663505, 0.1455349, 138.9239, 1.732827, 1.360018, 6.958117
 
26.96052, -0.004839694, -0.038199, 7.662229, 0, 0.012162732770975877819018, 4326.74, -634.3328, -1.584829, 0.01663505, 0.1455349, 138.827, 1.732827, 1.360018, 6.958117
 
26.97052, -0.004847776, -0.0382474, 7.655792, 0, 0.01218820831815350061633, 4320.091, -634.3328, -1.584829, 0.01663505, 0.1455349, 138.7302, 1.732827, 1.360018, 6.958117
 
26.98052, -0.004852922, -0.03829588, 7.649363, 0, 0.012212970682695291525436, 4313.453, -634.3328, -1.584829, 0.01663505, 0.1455349, 138.6335, 1.732827, 1.360018, 6.958117
 
26.99052, -0.004861445, -0.03834441, 7.642939, 0, 0.012238661843227933265694, 4306.824, -634.3328, -1.584829, 0.01663505, 0.1455349, 138.5368, 1.732827, 1.360018, 6.958117
 
27.00052, -0.004869386, -0.03839302, 7.636515, 0, 0.012264270075547106181742, 4300.202, -634.3328, -1.584829, 0.01663505, 0.1455349, 138.4401, 1.732827, 1.360018, 6.958117
 
27.01052, -0.004877051, -0.03844171, 7.630101, 0, 0.012289861722223585332948, 4293.591, -634.3328, -1.584829, 0.01663505, 0.1455349, 138.3435, 1.732827, 1.360018, 6.958117
 
27.02052, -0.004882048, -0.03849049, 7.62369, 0, 0.012314806528835007655316, 4286.989, -634.3328, -1.584829, 0.01663505, 0.1455349, 138.2469, 1.732827, 1.360018, 6.958117
 
27.03052, -0.004890762, -0.03853931, 7.617283, 0, 0.012340787938114790280309, 4280.395, -634.3328, -1.584829, 0.01663505, 0.1455349, 138.1504, 1.732827, 1.360018, 6.958117
 
27.04052, -0.00490132, -0.03858821, 7.610882, 0, 0.012367308380782120262667, 4273.811, -634.3328, -1.584829, 0.01663505, 0.1455349, 138.0539, 1.732827, 1.360018, 6.958117
 
27.05052, -0.004910239, -0.03863723, 7.604486, 0, 0.012393463939310187418501, 4267.236, -634.3328, -1.584829, 0.01663505, 0.1455349, 137.9575, 1.732827, 1.360018, 6.958117
 
27.06052, -0.00491638, -0.03868633, 7.598094, 0, 0.012418956072130503980655, 4260.668, -634.3328, -1.584829, 0.01663505, 0.1455349, 137.861, 1.732827, 1.360018, 6.958117
 
27.07052, -0.004924655, -0.03873549, 7.591707, 0, 0.012445061873730489841963, 4254.111, -634.3328, -1.584829, 0.01663505, 0.1455349, 137.7646, 1.732827, 1.360018, 6.958117
 
27.08052, -0.004929341, -0.03878474, 7.585325, 0, 0.012470280343446359284224, 4247.563, -634.3328, -1.584829, 0.01663505, 0.1455349, 137.6683, 1.732827, 1.360018, 6.958117
 
27.09052, -0.004937588, -0.03883404, 7.578952, 0, 0.012496493951723854617005, 4241.026, -634.3328, -1.584829, 0.01663505, 0.1455349, 137.5721, 1.732827, 1.360018, 6.958117
 
27.10052, -0.004944604, -0.03888341, 7.572578, 0, 0.012522442189718249712314, 4234.495, -634.3328, -1.584829, 0.01663505, 0.1455349, 137.4758, 1.732827, 1.360018, 6.958117
 
27.11053, -0.004951514, -0.03893286, 7.566214, 0, 0.012548415306176685454886, 4227.976, -634.3328, -1.584829, 0.01663505, 0.1455349, 137.3796, 1.732827, 1.360018, 6.958117
 
27.12053, -0.004958157, -0.03898237, 7.559851, 0, 0.012574371836992427432616, 4221.464, -634.3328, -1.584829, 0.01663505, 0.1455349, 137.2835, 1.732827, 1.360018, 6.958117
 
27.13053, -0.00496753, -0.03903195, 7.553496, 0, 0.01260110789301477635792, 4214.963, -634.3328, -1.584829, 0.01663505, 0.1455349, 137.1874, 1.732827, 1.360018, 6.958117
 
27.14053, -0.004972456, -0.03908163, 7.547147, 0, 0.01262673271097664303881, 4208.471, -634.3328, -1.584829, 0.01663505, 0.1455349, 137.0913, 1.732827, 1.360018, 6.958117
 
27.15053, -0.004981565, -0.03913135, 7.540799, 0, 0.01265351852392707325864, 4201.985, -634.3328, -1.584829, 0.01663505, 0.1455349, 136.9953, 1.732827, 1.360018, 6.958117
 
27.16053, -0.004987266, -0.03918117, 7.534458, 0, 0.012679458469100121471528, 4195.51, -634.3328, -1.584829, 0.01663505, 0.1455349, 136.8993, 1.732827, 1.360018, 6.958117
 
27.17053, -0.004990988, -0.03923104, 7.528123, 0, 0.012704925723456397386419, 4189.045, -634.3328, -1.584829, 0.01663505, 0.1455349, 136.8033, 1.732827, 1.360018, 6.958117
 
27.18053, -0.00500191, -0.03928095, 7.52179, 0, 0.012732366669293231317508, 4182.587, -634.3328, -1.584829, 0.01663505, 0.1455349, 136.7074, 1.732827, 1.360018, 6.958117
 
27.19053, -0.005011509, -0.03933097, 7.515462, 0, 0.012759525659204271246283, 4176.138, -634.3328, -1.584829, 0.01663505, 0.1455349, 136.6116, 1.732827, 1.360018, 6.958117
 
27.20053, -0.005021471, -0.03938109, 7.509142, 0, 0.012786850505542248823478, 4169.699, -634.3328, -1.584829, 0.01663505, 0.1455349, 136.5157, 1.732827, 1.360018, 6.958117
 
27.21053, -0.005028145, -0.0394313, 7.502825, 0, 0.012813354362566885040994, 4163.268, -634.3328, -1.584829, 0.01663505, 0.1455349, 136.42, 1.732827, 1.360018, 6.958117
 
27.22053, -0.005032677, -0.03948158, 7.496514, 0, 0.012839335771846667665987, 4156.848, -634.3328, -1.584829, 0.01663505, 0.1455349, 136.3242, 1.732827, 1.360018, 6.958117
 
27.23053, -0.005042158, -0.03953191, 7.490205, 0, 0.012866710375112726537708, 4150.434, -634.3328, -1.584829, 0.01663505, 0.1455349, 136.2286, 1.732827, 1.360018, 6.958117
 
27.24053, -0.005051233, -0.03958233, 7.483903, 0, 0.012894035221450704114903, 4144.03, -634.3328, -1.584829, 0.01663505, 0.1455349, 136.1329, 1.732827, 1.360018, 6.958117
 
27.25053, -0.005059157, -0.03963284, 7.477608, 0, 0.012921119575969622101889, 4137.637, -634.3328, -1.584829, 0.01663505, 0.1455349, 136.0373, 1.732827, 1.360018, 6.958117
 
27.26053, -0.005064998, -0.03968344, 7.471314, 0, 0.012947698068386380261194, 4131.25, -634.3328, -1.584829, 0.01663505, 0.1455349, 135.9417, 1.732827, 1.360018, 6.958117
 
27.27053, -0.005071233, -0.03973408, 7.465027, 0, 0.012974442417230076068919, 4124.873, -634.3328, -1.584829, 0.01663505, 0.1455349, 135.8462, 1.732827, 1.360018, 6.958117
 
27.28053, -0.005080676, -0.0397848, 7.458747, 0, 0.013002107269243275825375, 4118.507, -634.3328, -1.584829, 0.01663505, 0.1455349, 135.7508, 1.732827, 1.360018, 6.958117
 
27.29053, -0.005089049, -0.0398356, 7.452469, 0, 0.013029548215080109756464, 4112.147, -634.3328, -1.584829, 0.01663505, 0.1455349, 135.6553, 1.732827, 1.360018, 6.958117
 
27.30053, -0.005094575, -0.03988649, 7.446197, 0, 0.013056284271102458681768, 4105.797, -634.3328, -1.584829, 0.01663505, 0.1455349, 135.5599, 1.732827, 1.360018, 6.958117
 
27.31053, -0.005102607, -0.03993744, 7.43993, 0, 0.01308375009540333326012, 4099.457, -634.3328, -1.584829, 0.01663505, 0.1455349, 135.4646, 1.732827, 1.360018, 6.958117
 
27.32053, -0.005106702, -0.03998847, 7.433669, 0, 0.01311020419549988818311, 4093.125, -634.3328, -1.584829, 0.01663505, 0.1455349, 135.3693, 1.732827, 1.360018, 6.958117
 
27.33053, -0.005115055, -0.04003953, 7.427411, 0, 0.013137877340334434821987, 4086.802, -634.3328, -1.584829, 0.01663505, 0.1455349, 135.274, 1.732827, 1.360018, 6.958117
 
27.34053, -0.005124994, -0.04009068, 7.421156, 0, 0.013166048054449794406124, 4080.486, -634.3328, -1.584829, 0.01663505, 0.1455349, 135.1788, 1.732827, 1.360018, 6.958117
 
27.35053, -0.005133146, -0.04014193, 7.41491, 0, 0.01319379583467646298679, 4074.181, -634.3328, -1.584829, 0.01663505, 0.1455349, 135.0837, 1.732827, 1.360018, 6.958117
 
27.36053, -0.005139467, -0.04019326, 7.408667, 0, 0.013221104095371746799143, 4067.884, -634.3328, -1.584829, 0.01663505, 0.1455349, 134.9885, 1.732827, 1.360018, 6.958117
 
27.37053, -0.005150621, -0.04024466, 7.40243, 0, 0.013249805550053306858224, 4061.597, -634.3328, -1.584829, 0.01663505, 0.1455349, 134.8934, 1.732827, 1.360018, 6.958117
 
27.38053, -0.005160889, -0.04029616, 7.396198, 0, 0.013278332855486582386464, 4055.318, -634.3328, -1.584829, 0.01663505, 0.1455349, 134.7984, 1.732827, 1.360018, 6.958117
 
27.39053, -0.005168526, -0.04034777, 7.38997, 0, 0.013306205028033454203445, 4049.048, -634.3328, -1.584829, 0.01663505, 0.1455349, 134.7034, 1.732827, 1.360018, 6.958117
 
27.40053, -0.005173579, -0.04039946, 7.383748, 0, 0.013333422067693922309167, 4042.787, -634.3328, -1.584829, 0.01663505, 0.1455349, 134.6085, 1.732827, 1.360018, 6.958117
 
27.41053, -0.005181355, -0.0404512, 7.377529, 0, 0.013361451803846384892147, 4036.533, -634.3328, -1.584829, 0.01663505, 0.1455349, 134.5135, 1.732827, 1.360018, 6.958117
 
27.42053, -0.005185453, -0.04050301, 7.371315, 0, 0.013388519572722609114291, 4030.289, -634.3328, -1.584829, 0.01663505, 0.1455349, 134.4187, 1.732827, 1.360018, 6.958117
 
27.43053, -0.005197675, -0.04055487, 7.365107, 0, 0.013417901038754613531894, 4024.053, -634.3328, -1.584829, 0.01663505, 0.1455349, 134.3238, 1.732827, 1.360018, 6.958117
 
27.44053, -0.005207146, -0.04060684, 7.358902, 0, 0.013446594200614826708554, 4017.827, -634.3328, -1.584829, 0.01663505, 0.1455349, 134.2291, 1.732827, 1.360018, 6.958117
 
27.45053, -0.005214987, -0.04065891, 7.352704, 0, 0.013474897599871736411427, 4011.609, -634.3328, -1.584829, 0.01663505, 0.1455349, 134.1343, 1.732827, 1.360018, 6.958117
 
27.46053, -0.00522386, -0.04071106, 7.346509, 0, 0.013503557590446562058403, 4005.399, -634.3328, -1.584829, 0.01663505, 0.1455349, 134.0396, 1.732827, 1.360018, 6.958117
 
27.47053, -0.005234268, -0.0407633, 7.34032, 0, 0.013532715150302200650639, 3999.198, -634.3328, -1.584829, 0.01663505, 0.1455349, 133.945, 1.732827, 1.360018, 6.958117
 
27.48053, -0.005244034, -0.04081565, 7.334138, 0, 0.013561764903480329771402, 3993.008, -634.3328, -1.584829, 0.01663505, 0.1455349, 133.8504, 1.732827, 1.360018, 6.958117
 
27.49053, -0.005252569, -0.04086809, 7.327959, 0, 0.013590540993554011772272, 3986.825, -634.3328, -1.584829, 0.01663505, 0.1455349, 133.7558, 1.732827, 1.360018, 6.958117
 
27.50053, -0.005261072, -0.04092062, 7.321783, 0, 0.013619375133377121950089, 3980.65, -634.3328, -1.584829, 0.01663505, 0.1455349, 133.6613, 1.732827, 1.360018, 6.958117
 
27.51053, -0.005266117, -0.04097323, 7.315615, 0, 0.013647305355673421944017, 3974.485, -634.3328, -1.584829, 0.01663505, 0.1455349, 133.5668, 1.732827, 1.360018, 6.958117
 
27.52053, -0.005270079, -0.04102589, 7.309451, 0, 0.013674970207686621700473, 3968.328, -634.3328, -1.584829, 0.01663505, 0.1455349, 133.4723, 1.732827, 1.360018, 6.958117
 
27.53053, -0.005281786, -0.04107859, 7.30329, 0, 0.013704890707106173475441, 3962.18, -634.3328, -1.584829, 0.01663505, 0.1455349, 133.3779, 1.732827, 1.360018, 6.958117
 
27.54053, -0.005292373, -0.04113141, 7.297137, 0, 0.013734562421885318777779, 3956.042, -634.3328, -1.584829, 0.01663505, 0.1455349, 133.2836, 1.732827, 1.360018, 6.958117
 
27.55054, -0.005299569, -0.04118433, 7.290986, 0, 0.013763355097601694543491, 3949.91, -634.3328, -1.584829, 0.01663505, 0.1455349, 133.1893, 1.732827, 1.360018, 6.958117
 
27.56054, -0.00530606, -0.04123733, 7.284839, 0, 0.013791998502533826425625, 3943.786, -634.3328, -1.584829, 0.01663505, 0.1455349, 133.095, 1.732827, 1.360018, 6.958117
 
27.57054, -0.005312415, -0.04129039, 7.2787, 0, 0.013820675078751345837443, 3937.674, -634.3328, -1.584829, 0.01663505, 0.1455349, 133.0008, 1.732827, 1.360018, 6.958117
 
27.58054, -0.005321685, -0.04134351, 7.272564, 0, 0.013850230694031634785887, 3931.568, -634.3328, -1.584829, 0.01663505, 0.1455349, 132.9066, 1.732827, 1.360018, 6.958117
 
27.59054, -0.005331976, -0.04139673, 7.266435, 0, 0.013880159486272533443276, 3925.472, -634.3328, -1.584829, 0.01663505, 0.1455349, 132.8125, 1.732827, 1.360018, 6.958117
 
27.60054, -0.005339323, -0.04145005, 7.260307, 0, 0.013909317046128172035512, 3919.383, -634.3328, -1.584829, 0.01663505, 0.1455349, 132.7184, 1.732827, 1.360018, 6.958117
 
27.61054, -0.005344618, -0.04150344, 7.254188, 0, 0.013937952158238957035225, 3913.304, -634.3328, -1.584829, 0.01663505, 0.1455349, 132.6243, 1.732827, 1.360018, 6.958117
 
27.62054, -0.005351375, -0.04155689, 7.248071, 0, 0.013967051668345167450514, 3907.233, -634.3328, -1.584829, 0.01663505, 0.1455349, 132.5303, 1.732827, 1.360018, 6.958117
 
27.63054, -0.005360834, -0.0416104, 7.241961, 0, 0.013996997046228759872745, 3901.172, -634.3328, -1.584829, 0.01663505, 0.1455349, 132.4364, 1.732827, 1.360018, 6.958117
 
27.64054, -0.005369441, -0.04166401, 7.235852, 0, 0.014026768274864067764135, 3895.117, -634.3328, -1.584829, 0.01663505, 0.1455349, 132.3425, 1.732827, 1.360018, 6.958117
 
27.65054, -0.005378381, -0.0417177, 7.229752, 0, 0.014056713652747660186366, 3889.073, -634.3328, -1.584829, 0.01663505, 0.1455349, 132.2486, 1.732827, 1.360018, 6.958117
 
27.66054, -0.00538539, -0.04177148, 7.223656, 0, 0.014086153168529092780916, 3883.037, -634.3328, -1.584829, 0.01663505, 0.1455349, 132.1548, 1.732827, 1.360018, 6.958117
 
27.67054, -0.00539548, -0.04182534, 7.217563, 0, 0.014116562944408110618723, 3877.008, -634.3328, -1.584829, 0.01663505, 0.1455349, 132.061, 1.732827, 1.360018, 6.958117
 
27.68054, -0.005405951, -0.04187929, 7.211477, 0, 0.014147146869535412987371, 3870.99, -634.3328, -1.584829, 0.01663505, 0.1455349, 131.9672, 1.732827, 1.360018, 6.958117
 
27.69054, -0.005416508, -0.04193335, 7.205394, 0, 0.014177838601340224827492, 3864.977, -634.3328, -1.584829, 0.01663505, 0.1455349, 131.8735, 1.732827, 1.360018, 6.958117
 
27.70054, -0.005426664, -0.04198751, 7.199314, 0, 0.014208497161859649137929, 3858.973, -634.3328, -1.584829, 0.01663505, 0.1455349, 131.7799, 1.732827, 1.360018, 6.958117
 
27.71054, -0.005434999, -0.04204178, 7.193242, 0, 0.01423869132438364803279, 3852.979, -634.3328, -1.584829, 0.01663505, 0.1455349, 131.6862, 1.732827, 1.360018, 6.958117
 
27.72054, -0.00544238, -0.04209613, 7.187174, 0, 0.014268678166373974867126, 3846.995, -634.3328, -1.584829, 0.01663505, 0.1455349, 131.5927, 1.732827, 1.360018, 6.958117
 
27.73054, -0.005452946, -0.04215055, 7.181113, 0, 0.014299660146925927591982, 3841.018, -634.3328, -1.584829, 0.01663505, 0.1455349, 131.4992, 1.732827, 1.360018, 6.958117
 
27.74054, -0.005465176, -0.04220508, 7.175055, 0, 0.014331206039329468321466, 3835.05, -634.3328, -1.584829, 0.01663505, 0.1455349, 131.4057, 1.732827, 1.360018, 6.958117
 
27.75054, -0.005474498, -0.04225973, 7.169, 0, 0.014361988992169095868218, 3829.088, -634.3328, -1.584829, 0.01663505, 0.1455349, 131.3122, 1.732827, 1.360018, 6.958117
 
27.76054, -0.005483042, -0.04231447, 7.162949, 0, 0.014392614381403132648971, 3823.135, -634.3328, -1.584829, 0.01663505, 0.1455349, 131.2188, 1.732827, 1.360018, 6.958117
 
27.77054, -0.005490751, -0.0423693, 7.156907, 0, 0.014423057328567538016462, 3817.192, -634.3328, -1.584829, 0.01663505, 0.1455349, 131.1255, 1.732827, 1.360018, 6.958117
 
27.78054, -0.005502566, -0.04242421, 7.150867, 0, 0.014454777370219363276787, 3811.258, -634.3328, -1.584829, 0.01663505, 0.1455349, 131.0322, 1.732827, 1.360018, 6.958117
 
27.79054, -0.005511897, -0.04247924, 7.144834, 0, 0.0144858588646275615189084688, 3805.331, -634.3328, -1.584829, 0.01663505, 0.1455349, 130.9389, 1.732827, 1.360018, 6.958117
 
27.80054, -0.005522725, -0.04253436, 7.138803, 0, 0.014517446221137753732284, 3799.413, -634.3328, -1.584829, 0.01663505, 0.1455349, 130.8457, 1.732827, 1.360018, 6.958117
 
27.81054, -0.005529448, -0.04258958, 7.132777, 0, 0.0145479057539449357928304688, 3793.502, -634.3328, -1.584829, 0.01663505, 0.1455349, 130.7525, 1.732827, 1.360018, 6.958117
 
27.82054, -0.005540051, -0.04264488, 7.126758, 0, 0.014579576038668596830416, 3787.601, -634.3328, -1.584829, 0.01663505, 0.1455349, 130.6594, 1.732827, 1.360018, 6.958117
 
27.83054, -0.00555284, -0.04270028, 7.120742, 0, 0.014611967798849519566842, 3781.707, -634.3328, -1.584829, 0.01663505, 0.1455349, 130.5663, 1.732827, 1.360018, 6.958117
 
27.84054, -0.005565844, -0.0427558, 7.11473, 0, 0.0146445254154572970234745312, 3775.821, -634.3328, -1.584829, 0.01663505, 0.1455349, 130.4732, 1.732827, 1.360018, 6.958117
 
27.85054, -0.00557618, -0.04281146, 7.108725, 0, 0.014676361556608061565907, 3769.945, -634.3328, -1.584829, 0.01663505, 0.1455349, 130.3802, 1.732827, 1.360018, 6.958117
 
27.86054, -0.005586195, -0.04286722, 7.102724, 0, 0.0147081894049373133694915312, 3764.077, -634.3328, -1.584829, 0.01663505, 0.1455349, 130.2873, 1.732827, 1.360018, 6.958117
 
27.87054, -0.005591956, -0.04292309, 7.096728, 0, 0.0147388230869928628890924688, 3758.217, -634.3328, -1.584829, 0.01663505, 0.1455349, 130.1943, 1.732827, 1.360018, 6.958117
 
27.88054, -0.005599769, -0.04297901, 7.090735, 0, 0.014770136780398607982575, 3752.365, -634.3328, -1.584829, 0.01663505, 0.1455349, 130.1015, 1.732827, 1.360018, 6.958117
 
27.89054, -0.00561107, -0.043035, 7.084749, 0, 0.014802553419043571366264, 3746.522, -634.3328, -1.584829, 0.01663505, 0.1455349, 130.0086, 1.732827, 1.360018, 6.958117
 
27.90054, -0.005623556, -0.04309111, 7.078766, 0, 0.014835417870041266400687, 3740.686, -634.3328, -1.584829, 0.01663505, 0.1455349, 129.9158, 1.732827, 1.360018, 6.958117
 
27.91054, -0.005633528, -0.04314735, 7.072789, 0, 0.014867610602509863959009, 3734.859, -634.3328, -1.584829, 0.01663505, 0.1455349, 129.8231, 1.732827, 1.360018, 6.958117
 
27.92054, -0.005639734, -0.04320369, 7.066815, 0, 0.014898741853846060567443, 3729.041, -634.3328, -1.584829, 0.01663505, 0.1455349, 129.7304, 1.732827, 1.360018, 6.958117
 
27.93054, -0.005645485, -0.04326008, 7.060849, 0, 0.014929806762611482116509, 3723.231, -634.3328, -1.584829, 0.01663505, 0.1455349, 129.6378, 1.732827, 1.360018, 6.958117
 
27.94054, -0.005656611, -0.04331654, 7.054887, 0, 0.0149625468212890568428304688, 3717.43, -634.3328, -1.584829, 0.01663505, 0.1455349, 129.5452, 1.732827, 1.360018, 6.958117
 
27.95054, -0.005666461, -0.0433731, 7.048927, 0, 0.0149949966312192418997765312, 3711.635, -634.3328, -1.584829, 0.01663505, 0.1455349, 129.4526, 1.732827, 1.360018, 6.958117
 
27.96054, -0.005676867, -0.04342977, 7.042974, 0, 0.0150276786401473055209375312, 3705.85, -634.3328, -1.584829, 0.01663505, 0.1455349, 129.3601, 1.732827, 1.360018, 6.958117
 
27.97054, -0.005684924, -0.04348654, 7.037025, 0, 0.015059738687474435888737, 3700.073, -634.3328, -1.584829, 0.01663505, 0.1455349, 129.2676, 1.732827, 1.360018, 6.958117
 
27.98055, -0.005692136, -0.04354338, 7.031079, 0, 0.01509160799991050503264, 3694.304, -634.3328, -1.584829, 0.01663505, 0.1455349, 129.1752, 1.732827, 1.360018, 6.958117
 
27.99055, -0.00570449, -0.04360031, 7.025142, 0, 0.0151251109981519929416934688, 3688.544, -634.3328, -1.584829, 0.01663505, 0.1455349, 129.0828, 1.732827, 1.360018, 6.958117
 
28.00055, -0.005714858, -0.04365735, 7.019207, 0, 0.0151580998414698912124314688, 3682.792, -634.3328, -1.584829, 0.01663505, 0.1455349, 128.9904, 1.732827, 1.360018, 6.958117
 
28.01055, -0.005722962, -0.0437145, 7.013276, 0, 0.0151904750160081201840154688, 3677.047, -634.3328, -1.584829, 0.01663505, 0.1455349, 128.8981, 1.732827, 1.360018, 6.958117
 
28.02055, -0.005732133, -0.04377173, 7.007351, 0, 0.0152232482459708336553805312, 3671.311, -634.3328, -1.584829, 0.01663505, 0.1455349, 128.8059, 1.732827, 1.360018, 6.958117
 
28.03055, -0.005739916, -0.04382905, 7.001431, 0, 0.0152556731774373097779174688, 3665.584, -634.3328, -1.584829, 0.01663505, 0.1455349, 128.7137, 1.732827, 1.360018, 6.958117
 
28.04055, -0.005749833, -0.04388645, 6.995517, 0, 0.0152888195843606329582275312, 3659.865, -634.3328, -1.584829, 0.01663505, 0.1455349, 128.6215, 1.732827, 1.360018, 6.958117
 
28.05055, -0.005761654, -0.04394395, 6.989607, 0, 0.015322629416991955516858, 3654.154, -634.3328, -1.584829, 0.01663505, 0.1455349, 128.5294, 1.732827, 1.360018, 6.958117
 
28.06055, -0.005770978, -0.04400156, 6.983699, 0, 0.0153557675310940147429605312, 3648.45, -634.3328, -1.584829, 0.01663505, 0.1455349, 128.4373, 1.732827, 1.360018, 6.958117
 
28.07055, -0.005781475, -0.04405927, 6.977796, 0, 0.0153893368719061947831685312, 3642.753, -634.3328, -1.584829, 0.01663505, 0.1455349, 128.3453, 1.732827, 1.360018, 6.958117
 
28.08055, -0.005789408, -0.04411709, 6.971898, 0, 0.015422201322903972745805, 3637.065, -634.3328, -1.584829, 0.01663505, 0.1455349, 128.2533, 1.732827, 1.360018, 6.958117
 
28.09055, -0.00579872, -0.04417498, 6.966007, 0, 0.015455563343182480725488, 3631.387, -634.3328, -1.584829, 0.01663505, 0.1455349, 128.1613, 1.732827, 1.360018, 6.958117
 
28.10055, -0.005812199, -0.04423297, 6.960119, 0, 0.0154902936789833072328494688, 3625.715, -634.3328, -1.584829, 0.01663505, 0.1455349, 128.0694, 1.732827, 1.360018, 6.958117
 
28.11055, -0.005820887, -0.04429109, 6.954236, 0, 0.015523630820797691637056, 3620.052, -634.3328, -1.584829, 0.01663505, 0.1455349, 127.9775, 1.732827, 1.360018, 6.958117
 
28.12055, -0.005831685, -0.0443493, 6.948359, 0, 0.015557697730890684622524, 3614.398, -634.3328, -1.584829, 0.01663505, 0.1455349, 127.8857, 1.732827, 1.360018, 6.958117
 
28.13055, -0.005841643, -0.04440762, 6.942485, 0, 0.0155915821989139632665165312, 3608.751, -634.3328, -1.584829, 0.01663505, 0.1455349, 127.794, 1.732827, 1.360018, 6.958117
 
28.14055, -0.005853906, -0.04446603, 6.936616, 0, 0.015626279363429402244194, 3603.113, -634.3328, -1.584829, 0.01663505, 0.1455349, 127.7023, 1.732827, 1.360018, 6.958117
 
28.15055, -0.005866038, -0.04452457, 6.930753, 0, 0.015661009699230145823342, 3597.483, -634.3328, -1.584829, 0.01663505, 0.1455349, 127.6106, 1.732827, 1.360018, 6.958117
 
28.16055, -0.005876573, -0.04458323, 6.924893, 0, 0.015695341979606239046282, 3591.86, -634.3328, -1.584829, 0.01663505, 0.1455349, 127.519, 1.732827, 1.360018, 6.958117
 
28.17055, -0.005883993, -0.044642, 6.919041, 0, 0.0157287869280981329219615312, 3586.247, -634.3328, -1.584829, 0.01663505, 0.1455349, 127.4274, 1.732827, 1.360018, 6.958117
 
28.18055, -0.005892542, -0.04470084, 6.913189, 0, 0.0157626465176574538469045312, 3580.639, -634.3328, -1.584829, 0.01663505, 0.1455349, 127.3358, 1.732827, 1.360018, 6.958117
 
28.19055, -0.005901194, -0.04475977, 6.907344, 0, 0.0157966222067156311257415312, 3575.041, -634.3328, -1.584829, 0.01663505, 0.1455349, 127.2443, 1.732827, 1.360018, 6.958117
 
28.20055, -0.005914559, -0.04481878, 6.901503, 0, 0.0158321486533656754173055312, 3569.451, -634.3328, -1.584829, 0.01663505, 0.1455349, 127.1529, 1.732827, 1.360018, 6.958117
 
28.21055, -0.005925662, -0.04487793, 6.895667, 0, 0.0158670614312362162661424688, 3563.868, -634.3328, -1.584829, 0.01663505, 0.1455349, 127.0614, 1.732827, 1.360018, 6.958117
 
28.22055, -0.005933764, -0.04493719, 6.889835, 0, 0.015901111755686432558555, 3558.294, -634.3328, -1.584829, 0.01663505, 0.1455349, 126.9701, 1.732827, 1.360018, 6.958117
 
28.23055, -0.005945029, -0.04499652, 6.884011, 0, 0.0159362401469119094221244688, 3552.729, -634.3328, -1.584829, 0.01663505, 0.1455349, 126.8787, 1.732827, 1.360018, 6.958117
 
28.24055, -0.005951867, -0.04505597, 6.878187, 0, 0.015970058272364413006749, 3547.17, -634.3328, -1.584829, 0.01663505, 0.1455349, 126.7875, 1.732827, 1.360018, 6.958117
 
28.25055, -0.00595775, -0.04511549, 6.872371, 0, 0.0160036359059980228575914688, 3541.62, -634.3328, -1.584829, 0.01663505, 0.1455349, 126.6962, 1.732827, 1.360018, 6.958117
 
28.26055, -0.005969265, -0.04517507, 6.866558, 0, 0.016039071131613168514311, 3536.077, -634.3328, -1.584829, 0.01663505, 0.1455349, 126.6051, 1.732827, 1.360018, 6.958117
 
28.27055, -0.005977923, -0.04523477, 6.860752, 0, 0.0160736853679151386677784688, 3530.545, -634.3328, -1.584829, 0.01663505, 0.1455349, 126.5139, 1.732827, 1.360018, 6.958117
 
28.28055, -0.005985307, -0.04529455, 6.854948, 0, 0.0161079678913631505961924688, 3525.018, -634.3328, -1.584829, 0.01663505, 0.1455349, 126.4228, 1.732827, 1.360018, 6.958117
 
28.29055, -0.005993313, -0.0453544, 6.849149, 0, 0.016142532370736873598707, 3519.499, -634.3328, -1.584829, 0.01663505, 0.1455349, 126.3318, 1.732827, 1.360018, 6.958117
 
28.30055, -0.005999345, -0.04541433, 6.843355, 0, 0.016176532938259091524807, 3513.988, -634.3328, -1.584829, 0.01663505, 0.1455349, 126.2408, 1.732827, 1.360018, 6.958117
 
28.31055, -0.006007619, -0.04547432, 6.837566, 0, 0.0162113130309879993266944688, 3508.486, -634.3328, -1.584829, 0.01663505, 0.1455349, 126.1498, 1.732827, 1.360018, 6.958117
 
28.32055, -0.00601744, -0.0455344, 6.831783, 0, 0.0162466736212109401134115312, 3502.992, -634.3328, -1.584829, 0.01663505, 0.1455349, 126.0589, 1.732827, 1.360018, 6.958117
 
28.33055, -0.00602872, -0.04559458, 6.826002, 0, 0.0162825898304644537351894688, 3497.504, -634.3328, -1.584829, 0.01663505, 0.1455349, 125.968, 1.732827, 1.360018, 6.958117
 
28.34055, -0.006037674, -0.04565486, 6.820227, 0, 0.0163178426140100509068604688, 3492.025, -634.3328, -1.584829, 0.01663505, 0.1455349, 125.8771, 1.732827, 1.360018, 6.958117
 
28.35055, -0.006047035, -0.04571524, 6.814455, 0, 0.0163533027180893201390564688, 3486.553, -634.3328, -1.584829, 0.01663505, 0.1455349, 125.7863, 1.732827, 1.360018, 6.958117
 
28.36055, -0.006053432, -0.04577571, 6.80869, 0, 0.0163878920759271667170474688, 3481.09, -634.3328, -1.584829, 0.01663505, 0.1455349, 125.6956, 1.732827, 1.360018, 6.958117
 
28.37055, -0.006063755, -0.04583624, 6.802928, 0, 0.0164238165780016955083925312, 3475.635, -634.3328, -1.584829, 0.01663505, 0.1455349, 125.6049, 1.732827, 1.360018, 6.958117
 
28.38055, -0.006076427, -0.04589688, 6.79717, 0, 0.0164605869478537721631065312, 3470.187, -634.3328, -1.584829, 0.01663505, 0.1455349, 125.5143, 1.732827, 1.360018, 6.958117
 
28.39055, -0.006086165, -0.04595764, 6.791419, 0, 0.0164965031571072857848844688, 3464.747, -634.3328, -1.584829, 0.01663505, 0.1455349, 125.4237, 1.732827, 1.360018, 6.958117
 
28.40055, -0.006091859, -0.0460185, 6.785669, 0, 0.016531183735979865141293, 3459.315, -634.3328, -1.584829, 0.01663505, 0.1455349, 125.3331, 1.732827, 1.360018, 6.958117
 
28.41055, -0.006100029, -0.04607942, 6.779928, 0, 0.0165667433539152140343275312, 3453.892, -634.3328, -1.584829, 0.01663505, 0.1455349, 125.2426, 1.732827, 1.360018, 6.958117
 
28.42056, -0.006111072, -0.04614042, 6.77419, 0, 0.016603314696055048439151, 3448.476, -634.3328, -1.584829, 0.01663505, 0.1455349, 125.1521, 1.732827, 1.360018, 6.958117
 
28.43056, -0.006122675, -0.04620153, 6.768456, 0, 0.0166401597012993299638674688, 3443.068, -634.3328, -1.584829, 0.01663505, 0.1455349, 125.0617, 1.732827, 1.360018, 6.958117
 
28.44056, -0.006133728, -0.04626276, 6.762728, 0, 0.0166769134855087128537394688, 3437.667, -634.3328, -1.584829, 0.01663505, 0.1455349, 124.9713, 1.732827, 1.360018, 6.958117
 
28.45056, -0.006143881, -0.0463241, 6.757003, 0, 0.016713468242005687637294, 3432.274, -634.3328, -1.584829, 0.01663505, 0.1455349, 124.8809, 1.732827, 1.360018, 6.958117
 
28.46056, -0.006152427, -0.04638553, 6.751282, 0, 0.016749575186150013698328, 3426.888, -634.3328, -1.584829, 0.01663505, 0.1455349, 124.7906, 1.732827, 1.360018, 6.958117
 
28.47056, -0.006159414, -0.04644706, 6.745568, 0, 0.016785259196405648755891, 3421.511, -634.3328, -1.584829, 0.01663505, 0.1455349, 124.7004, 1.732827, 1.360018, 6.958117
 
28.48056, -0.006172033, -0.04650865, 6.739858, 0, 0.0168228588483923307244915312, 3416.142, -634.3328, -1.584829, 0.01663505, 0.1455349, 124.6102, 1.732827, 1.360018, 6.958117
 
28.49056, -0.006183081, -0.04657037, 6.734152, 0, 0.016860043859311834428469, 3410.781, -634.3328, -1.584829, 0.01663505, 0.1455349, 124.52, 1.732827, 1.360018, 6.958117
 
28.50056, -0.006194105, -0.0466322, 6.728449, 0, 0.0168973035056232942178085312, 3405.426, -634.3328, -1.584829, 0.01663505, 0.1455349, 124.4299, 1.732827, 1.360018, 6.958117
 
28.51056, -0.006204016, -0.04669414, 6.722753, 0, 0.016934297781651819626103, 3400.08, -634.3328, -1.584829, 0.01663505, 0.1455349, 124.3399, 1.732827, 1.360018, 6.958117
 
28.52056, -0.006211342, -0.04675619, 6.717062, 0, 0.01697051253247365515861, 3394.742, -634.3328, -1.584829, 0.01663505, 0.1455349, 124.2498, 1.732827, 1.360018, 6.958117
 
28.53056, -0.006223651, -0.0468183, 6.711376, 0, 0.0170084604829570720453194688, 3389.413, -634.3328, -1.584829, 0.01663505, 0.1455349, 124.1599, 1.732827, 1.360018, 6.958117
 
28.54056, -0.006234504, -0.04688053, 6.705692, 0, 0.0170460186708369366736015312, 3384.089, -634.3328, -1.584829, 0.01663505, 0.1455349, 124.0699, 1.732827, 1.360018, 6.958117
 
28.55056, -0.006246962, -0.04694288, 6.700015, 0, 0.0170841988203181491963124688, 3378.775, -634.3328, -1.584829, 0.01663505, 0.1455349, 123.9801, 1.732827, 1.360018, 6.958117
 
28.56056, -0.006256911, -0.04700535, 6.69434, 0, 0.0171216492015206702095484688, 3373.467, -634.3328, -1.584829, 0.01663505, 0.1455349, 123.8902, 1.732827, 1.360018, 6.958117
 
28.57056, -0.006264389, -0.04706792, 6.688672, 0, 0.017158361521623235759102, 3368.167, -634.3328, -1.584829, 0.01663505, 0.1455349, 123.8004, 1.732827, 1.360018, 6.958117
 
28.58056, -0.006272476, -0.04713056, 6.683007, 0, 0.0171953475048302484285485312, 3362.875, -634.3328, -1.584829, 0.01663505, 0.1455349, 123.7107, 1.732827, 1.360018, 6.958117
 
28.59056, -0.006284503, -0.04719329, 6.677349, 0, 0.01723372668202370320115, 3357.592, -634.3328, -1.584829, 0.01663505, 0.1455349, 123.621, 1.732827, 1.360018, 6.958117
 
28.60056, -0.006293753, -0.04725613, 6.671693, 0, 0.017271284869903733685859, 3352.315, -634.3328, -1.584829, 0.01663505, 0.1455349, 123.5313, 1.732827, 1.360018, 6.958117
 
28.61056, -0.006303642, -0.04731907, 6.666042, 0, 0.0173091333065308221270895312, 3347.046, -634.3328, -1.584829, 0.01663505, 0.1455349, 123.4417, 1.732827, 1.360018, 6.958117
 
28.62056, -0.00631382, -0.04738211, 6.660396, 0, 0.01734717247804905472043, 3341.784, -634.3328, -1.584829, 0.01663505, 0.1455349, 123.3521, 1.732827, 1.360018, 6.958117
 
28.63056, -0.006323187, -0.04744525, 6.654755, 0, 0.017385029207497572972295, 3336.53, -634.3328, -1.584829, 0.01663505, 0.1455349, 123.2626, 1.732827, 1.360018, 6.958117
 
28.64056, -0.00633027, -0.04750848, 6.649118, 0, 0.017422197632774299983217, 3331.284, -634.3328, -1.584829, 0.01663505, 0.1455349, 123.1731, 1.732827, 1.360018, 6.958117
 
28.65056, -0.006342568, -0.04757179, 6.643486, 0, 0.01746119877156868800918, 3326.046, -634.3328, -1.584829, 0.01663505, 0.1455349, 123.0837, 1.732827, 1.360018, 6.958117
 
28.66056, -0.006352984, -0.04763521, 6.63786, 0, 0.017499669169796875560199, 3320.816, -634.3328, -1.584829, 0.01663505, 0.1455349, 122.9943, 1.732827, 1.360018, 6.958117
 
28.67056, -0.006364906, -0.04769874, 6.632235, 0, 0.01753873665116203864553, 3315.592, -634.3328, -1.584829, 0.01663505, 0.1455349, 122.905, 1.732827, 1.360018, 6.958117
 
28.68056, -0.006373156, -0.04776239, 6.626617, 0, 0.017576651430359985074342, 3310.376, -634.3328, -1.584829, 0.01663505, 0.1455349, 122.8157, 1.732827, 1.360018, 6.958117
 
28.69056, -0.006379654, -0.04782613, 6.621006, 0, 0.017614052054634424793052, 3305.17, -634.3328, -1.584829, 0.01663505, 0.1455349, 122.7265, 1.732827, 1.360018, 6.958117
 
28.70056, -0.006388824, -0.04788992, 6.615398, 0, 0.017652439524649143519861, 3299.971, -634.3328, -1.584829, 0.01663505, 0.1455349, 122.6373, 1.732827, 1.360018, 6.958117
 
28.71056, -0.006399619, -0.04795381, 6.609792, 0, 0.017691473834728919075508, 3294.778, -634.3328, -1.584829, 0.01663505, 0.1455349, 122.5481, 1.732827, 1.360018, 6.958117
 
28.72056, -0.006412444, -0.04801781, 6.604191, 0, 0.0177312876700152186505155312, 3289.593, -634.3328, -1.584829, 0.01663505, 0.1455349, 122.459, 1.732827, 1.360018, 6.958117
 
28.73056, -0.006422036, -0.04808193, 6.598597, 0, 0.017770089781097364426588, 3284.416, -634.3328, -1.584829, 0.01663505, 0.1455349, 122.37, 1.732827, 1.360018, 6.958117
 
28.74056, -0.006430354, -0.04814615, 6.593005, 0, 0.0178085601793254690493935312, 3279.245, -634.3328, -1.584829, 0.01663505, 0.1455349, 122.281, 1.732827, 1.360018, 6.958117
 
28.75056, -0.006438579, -0.04821045, 6.58742, 0, 0.0178470637488392099865234688, 3274.084, -634.3328, -1.584829, 0.01663505, 0.1455349, 122.192, 1.732827, 1.360018, 6.958117
 
28.76056, -0.006448855, -0.04827484, 6.58184, 0, 0.017886363429202002851429, 3268.929, -634.3328, -1.584829, 0.01663505, 0.1455349, 122.1031, 1.732827, 1.360018, 6.958117
 
28.77056, -0.006462015, -0.04833933, 6.576262, 0, 0.017926749469161320241699, 3263.782, -634.3328, -1.584829, 0.01663505, 0.1455349, 122.0142, 1.732827, 1.360018, 6.958117
 
28.78056, -0.006471331, -0.04840394, 6.570689, 0, 0.0179659081715613819618744688, 3258.642, -634.3328, -1.584829, 0.01663505, 0.1455349, 121.9254, 1.732827, 1.360018, 6.958117
 
28.79056, -0.006480222, -0.04846866, 6.565121, 0, 0.018005017117033196531097, 3253.51, -634.3328, -1.584829, 0.01663505, 0.1455349, 121.8366, 1.732827, 1.360018, 6.958117
 
28.80056, -0.006489523, -0.04853346, 6.559559, 0, 0.0180443499686814598539, 3248.386, -634.3328, -1.584829, 0.01663505, 0.1455349, 121.7479, 1.732827, 1.360018, 6.958117
 
28.81056, -0.00650392, -0.04859835, 6.553999, 0, 0.018085532119490077956586, 3243.268, -634.3328, -1.584829, 0.01663505, 0.1455349, 121.6592, 1.732827, 1.360018, 6.958117
 
28.82056, -0.006517213, -0.04866339, 6.548445, 0, 0.018126440607194248939379, 3238.159, -634.3328, -1.584829, 0.01663505, 0.1455349, 121.5706, 1.732827, 1.360018, 6.958117
 
28.83056, -0.006527174, -0.04872857, 6.542897, 0, 0.018166304199408712737126, 3233.058, -634.3328, -1.584829, 0.01663505, 0.1455349, 121.482, 1.732827, 1.360018, 6.958117
 
28.84056, -0.006538348, -0.04879384, 6.537351, 0, 0.018206673653725336362554, 3227.962, -634.3328, -1.584829, 0.01663505, 0.1455349, 121.3934, 1.732827, 1.360018, 6.958117
 
28.85056, -0.006547393, -0.04885922, 6.531809, 0, 0.018246404560798250041565, 3222.874, -634.3328, -1.584829, 0.01663505, 0.1455349, 121.3049, 1.732827, 1.360018, 6.958117
 
28.86057, -0.00655661, -0.0489247, 6.526275, 0, 0.018286276445834060721733, 3217.796, -634.3328, -1.584829, 0.01663505, 0.1455349, 121.2164, 1.732827, 1.360018, 6.958117
 
28.87057, -0.006569915, -0.04899026, 6.520742, 0, 0.018327674209997697767365, 3212.723, -634.3328, -1.584829, 0.01663505, 0.1455349, 121.128, 1.732827, 1.360018, 6.958117
 
28.88057, -0.006582668, -0.04905596, 6.515217, 0, 0.018368980753126519106366, 3207.659, -634.3328, -1.584829, 0.01663505, 0.1455349, 121.0397, 1.732827, 1.360018, 6.958117
 
28.89057, -0.006595215, -0.04912179, 6.509694, 0, 0.01841031217471938109263, 3202.602, -634.3328, -1.584829, 0.01663505, 0.1455349, 120.9513, 1.732827, 1.360018, 6.958117
 
28.90057, -0.006603899, -0.04918774, 6.504177, 0, 0.0184503996731101277875305312, 3197.552, -634.3328, -1.584829, 0.01663505, 0.1455349, 120.8631, 1.732827, 1.360018, 6.958117
 
28.91057, -0.006614702, -0.04925378, 6.498663, 0, 0.0184913247464569925351655312, 3192.509, -634.3328, -1.584829, 0.01663505, 0.1455349, 120.7748, 1.732827, 1.360018, 6.958117
 
28.92057, -0.006621734, -0.04931992, 6.493154, 0, 0.0185310058966019907760774688, 3187.474, -634.3328, -1.584829, 0.01663505, 0.1455349, 120.6867, 1.732827, 1.360018, 6.958117
 
28.93057, -0.006632994, -0.04938614, 6.487651, 0, 0.018572262682802647892339, 3182.448, -634.3328, -1.584829, 0.01663505, 0.1455349, 120.5986, 1.732827, 1.360018, 6.958117
 
28.94057, -0.006644574, -0.04945247, 6.482153, 0, 0.0186137267895371429255524688, 3177.428, -634.3328, -1.584829, 0.01663505, 0.1455349, 120.5105, 1.732827, 1.360018, 6.958117
 
28.95057, -0.006659432, -0.04951891, 6.476657, 0, 0.0186564596979374621845385312, 3172.415, -634.3328, -1.584829, 0.01663505, 0.1455349, 120.4224, 1.732827, 1.360018, 6.958117
 
28.96057, -0.006670583, -0.04958551, 6.471167, 0, 0.0186979818544213024664855312, 3167.409, -634.3328, -1.584829, 0.01663505, 0.1455349, 120.3344, 1.732827, 1.360018, 6.958117
 
28.97057, -0.006678496, -0.04965221, 6.46568, 0, 0.0187384674082367824458075312, 3162.411, -634.3328, -1.584829, 0.01663505, 0.1455349, 120.2465, 1.732827, 1.360018, 6.958117
 
28.98057, -0.006686877, -0.04971899, 6.460201, 0, 0.018779193453871404943552, 3157.421, -634.3328, -1.584829, 0.01663505, 0.1455349, 120.1586, 1.732827, 1.360018, 6.958117
 
28.99057, -0.006699591, -0.04978586, 6.454725, 0, 0.01882155318531128035002, 3152.439, -634.3328, -1.584829, 0.01663505, 0.1455349, 120.0708, 1.732827, 1.360018, 6.958117
 
29.00057, -0.006708696, -0.04985286, 6.449254, 0, 0.0188627270432984686420715312, 3147.464, -634.3328, -1.584829, 0.01663505, 0.1455349, 119.983, 1.732827, 1.360018, 6.958117
 
29.01057, -0.006719853, -0.04991995, 6.443786, 0, 0.01890473018342051103265, 3142.495, -634.3328, -1.584829, 0.01663505, 0.1455349, 119.8952, 1.732827, 1.360018, 6.958117
 
29.02057, -0.00673154, -0.04998714, 6.438323, 0, 0.01894702357228961137975, 3137.534, -634.3328, -1.584829, 0.01663505, 0.1455349, 119.8075, 1.732827, 1.360018, 6.958117
 
29.03057, -0.006740823, -0.05005446, 6.432863, 0, 0.0189885540215947156159045312, 3132.58, -634.3328, -1.584829, 0.01663505, 0.1455349, 119.7199, 1.732827, 1.360018, 6.958117
 
29.04057, -0.006749182, -0.05012187, 6.42741, 0, 0.019029843979080926118277, 3127.634, -634.3328, -1.584829, 0.01663505, 0.1455349, 119.6322, 1.732827, 1.360018, 6.958117
 
29.05057, -0.006762117, -0.05018936, 6.421962, 0, 0.019072867136228552118425, 3122.696, -634.3328, -1.584829, 0.01663505, 0.1455349, 119.5447, 1.732827, 1.360018, 6.958117
 
29.06057, -0.006772295, -0.05025698, 6.416516, 0, 0.0191150112543133256537335312, 3117.763, -634.3328, -1.584829, 0.01663505, 0.1455349, 119.4572, 1.732827, 1.360018, 6.958117
 
29.07057, -0.00678424, -0.0503247, 6.411076, 0, 0.0191578768478553608878825312, 3112.839, -634.3328, -1.584829, 0.01663505, 0.1455349, 119.3697, 1.732827, 1.360018, 6.958117
 
29.08057, -0.006795045, -0.05039255, 6.405639, 0, 0.019200443899828991283089, 3107.921, -634.3328, -1.584829, 0.01663505, 0.1455349, 119.2823, 1.732827, 1.360018, 6.958117
 
29.09057, -0.006805846, -0.0504605, 6.400208, 0, 0.0192431021728372715284995312, 3103.012, -634.3328, -1.584829, 0.01663505, 0.1455349, 119.1949, 1.732827, 1.360018, 6.958117
 
29.10057, -0.006818671, -0.05052855, 6.394783, 0, 0.0192865980208018356830714688, 3098.111, -634.3328, -1.584829, 0.01663505, 0.1455349, 119.1076, 1.732827, 1.360018, 6.958117
 
29.11057, -0.006828162, -0.05059674, 6.389361, 0, 0.0193289909235269327627965312, 3093.215, -634.3328, -1.584829, 0.01663505, 0.1455349, 119.0203, 1.732827, 1.360018, 6.958117
 
29.12057, -0.006841352, -0.05066502, 6.383945, 0, 0.019372818484345289285995, 3088.329, -634.3328, -1.584829, 0.01663505, 0.1455349, 118.9331, 1.732827, 1.360018, 6.958117
 
29.13057, -0.006850579, -0.05073344, 6.37853, 0, 0.0194153191937481446218334688, 3083.447, -634.3328, -1.584829, 0.01663505, 0.1455349, 118.8459, 1.732827, 1.360018, 6.958117
 
29.14057, -0.006862854, -0.05080194, 6.373124, 0, 0.0194590223622462149805034688, 3078.574, -634.3328, -1.584829, 0.01663505, 0.1455349, 118.7588, 1.732827, 1.360018, 6.958117
 
29.15057, -0.006870551, -0.05087057, 6.367718, 0, 0.019501166480330988515812, 3073.707, -634.3328, -1.584829, 0.01663505, 0.1455349, 118.6717, 1.732827, 1.360018, 6.958117
 
29.16057, -0.006880953, -0.05093927, 6.362319, 0, 0.019544380372369592811643, 3068.849, -634.3328, -1.584829, 0.01663505, 0.1455349, 118.5846, 1.732827, 1.360018, 6.958117
 
29.17057, -0.006892807, -0.05100808, 6.356924, 0, 0.0195882245188304772432565312, 3063.997, -634.3328, -1.584829, 0.01663505, 0.1455349, 118.4977, 1.732827, 1.360018, 6.958117
 
29.18057, -0.006906008, -0.05107701, 6.351534, 0, 0.019632665748428503065609, 3059.153, -634.3328, -1.584829, 0.01663505, 0.1455349, 118.4107, 1.732827, 1.360018, 6.958117
 
29.19057, -0.006916077, -0.05114607, 6.346149, 0, 0.0196760703753580027289095312, 3054.317, -634.3328, -1.584829, 0.01663505, 0.1455349, 118.3238, 1.732827, 1.360018, 6.958117
 
29.20057, -0.006923527, -0.05121523, 6.340767, 0, 0.0197186125488676754050664688, 3049.486, -634.3328, -1.584829, 0.01663505, 0.1455349, 118.237, 1.732827, 1.360018, 6.958117
 
29.21057, -0.006934885, -0.05128447, 6.335392, 0, 0.0197626723086836617078394688, 3044.664, -634.3328, -1.584829, 0.01663505, 0.1455349, 118.1502, 1.732827, 1.360018, 6.958117
 
29.22057, -0.00695002, -0.05135382, 6.33002, 0, 0.019808241361984697683021, 3039.849, -634.3328, -1.584829, 0.01663505, 0.1455349, 118.0634, 1.732827, 1.360018, 6.958117
 
29.23057, -0.006961884, -0.05142331, 6.324652, 0, 0.0198527157628681110350574688, 3035.041, -634.3328, -1.584829, 0.01663505, 0.1455349, 117.9767, 1.732827, 1.360018, 6.958117
 
29.24057, -0.006973225, -0.05149293, 6.319286, 0, 0.0198970989427166257522494688, 3030.239, -634.3328, -1.584829, 0.01663505, 0.1455349, 117.8901, 1.732827, 1.360018, 6.958117
 
29.25057, -0.006984283, -0.05156267, 6.313929, 0, 0.019941490415386404423649, 3025.445, -634.3328, -1.584829, 0.01663505, 0.1455349, 117.8034, 1.732827, 1.360018, 6.958117
 
29.26057, -0.006993975, -0.05163251, 6.308575, 0, 0.0199854755398103517128464688, 3020.658, -634.3328, -1.584829, 0.01663505, 0.1455349, 117.7169, 1.732827, 1.360018, 6.958117
 
29.27057, -0.007004772, -0.05170245, 6.303224, 0, 0.020029966526336292973298, 3015.878, -634.3328, -1.584829, 0.01663505, 0.1455349, 117.6304, 1.732827, 1.360018, 6.958117
 
29.28057, -0.007013157, -0.05177249, 6.297879, 0, 0.0200736614020130993777604688, 3011.105, -634.3328, -1.584829, 0.01663505, 0.1455349, 117.5439, 1.732827, 1.360018, 6.958117
 
29.29058, -0.007027713, -0.05184263, 6.29254, 0, 0.0201197529030589060172515312, 3006.341, -634.3328, -1.584829, 0.01663505, 0.1455349, 117.4575, 1.732827, 1.360018, 6.958117
 
29.30058, -0.007038317, -0.0519129, 6.287204, 0, 0.020164484381404072724339, 3001.583, -634.3328, -1.584829, 0.01663505, 0.1455349, 117.3711, 1.732827, 1.360018, 6.958117
 
29.31058, -0.00705165, -0.05198329, 6.281871, 0, 0.0202103436834522495842555312, 2996.832, -634.3328, -1.584829, 0.01663505, 0.1455349, 117.2848, 1.732827, 1.360018, 6.958117
 
29.32058, -0.0070633, -0.0520538, 6.276543, 0, 0.020255688830577085590497, 2992.086, -634.3328, -1.584829, 0.01663505, 0.1455349, 117.1985, 1.732827, 1.360018, 6.958117
 
29.33058, -0.00707531, -0.05212443, 6.271221, 0, 0.020301266176699551376313, 2987.35, -634.3328, -1.584829, 0.01663505, 0.1455349, 117.1123, 1.732827, 1.360018, 6.958117
 
29.34058, -0.007088666, -0.05219519, 6.265903, 0, 0.020347465484423033343704, 2982.62, -634.3328, -1.584829, 0.01663505, 0.1455349, 117.0261, 1.732827, 1.360018, 6.958117
 
29.35058, -0.007103082, -0.05226607, 6.260591, 0, 0.020394178947070022021197, 2977.898, -634.3328, -1.584829, 0.01663505, 0.1455349, 116.94, 1.732827, 1.360018, 6.958117
 
29.36058, -0.007115244, -0.0523371, 6.25528, 0, 0.020440154348617138163221, 2973.183, -634.3328, -1.584829, 0.01663505, 0.1455349, 116.8539, 1.732827, 1.360018, 6.958117
 
29.37058, -0.007125183, -0.05240826, 6.249975, 0, 0.020485408274707075534618, 2968.474, -634.3328, -1.584829, 0.01663505, 0.1455349, 116.7679, 1.732827, 1.360018, 6.958117
 
29.38058, -0.007136267, -0.05247951, 6.244675, 0, 0.02053120123418456026338, 2963.772, -634.3328, -1.584829, 0.01663505, 0.1455349, 116.6819, 1.732827, 1.360018, 6.958117
 
29.39058, -0.007148527, -0.05255087, 6.239379, 0, 0.020577541519870939231928, 2959.077, -634.3328, -1.584829, 0.01663505, 0.1455349, 116.5959, 1.732827, 1.360018, 6.958117
 
29.40058, -0.007157567, -0.05262236, 6.234088, 0, 0.020622762274675489073641, 2954.391, -634.3328, -1.584829, 0.01663505, 0.1455349, 116.51, 1.732827, 1.360018, 6.958117
 
29.41058, -0.007168561, -0.05269393, 6.228803, 0, 0.020668828897257420922296, 2949.711, -634.3328, -1.584829, 0.01663505, 0.1455349, 116.4242, 1.732827, 1.360018, 6.958117
 
29.42058, -0.007182572, -0.05276562, 6.223521, 0, 0.020716156028684078898943, 2945.038, -634.3328, -1.584829, 0.01663505, 0.1455349, 116.3384, 1.732827, 1.360018, 6.958117
 
29.43058, -0.007191614, -0.05283744, 6.218243, 0, 0.020761700203521157155075, 2940.372, -634.3328, -1.584829, 0.01663505, 0.1455349, 116.2527, 1.732827, 1.360018, 6.958117
 
29.44058, -0.007203737, -0.05290936, 6.21297, 0, 0.020808521472845655304041, 2935.713, -634.3328, -1.584829, 0.01663505, 0.1455349, 116.167, 1.732827, 1.360018, 6.958117
 
29.45058, -0.007213181, -0.0529814, 6.207699, 0, 0.0208544305318219134584835312, 2931.059, -634.3328, -1.584829, 0.01663505, 0.1455349, 116.0813, 1.732827, 1.360018, 6.958117
 
29.46058, -0.007224657, -0.05305353, 6.202436, 0, 0.0209012103370398430517714688, 2926.416, -634.3328, -1.584829, 0.01663505, 0.1455349, 115.9957, 1.732827, 1.360018, 6.958117
 
29.47058, -0.007237064, -0.05312578, 6.197176, 0, 0.020948471125895643040837, 2921.777, -634.3328, -1.584829, 0.01663505, 0.1455349, 115.9102, 1.732827, 1.360018, 6.958117
 
29.48058, -0.007251957, -0.05319815, 6.191921, 0, 0.020996785103062580025583, 2917.146, -634.3328, -1.584829, 0.01663505, 0.1455349, 115.8247, 1.732827, 1.360018, 6.958117
 
29.49058, -0.007263791, -0.05327067, 6.186671, 0, 0.0210440541847397268970695312, 2912.522, -634.3328, -1.584829, 0.01663505, 0.1455349, 115.7392, 1.732827, 1.360018, 6.958117
 
29.50058, -0.007277044, -0.05334331, 6.181423, 0, 0.021091986692124790218663, 2907.905, -634.3328, -1.584829, 0.01663505, 0.1455349, 115.6538, 1.732827, 1.360018, 6.958117
 
29.51058, -0.007287138, -0.05341608, 6.17618, 0, 0.021138807961449288367629, 2903.294, -634.3328, -1.584829, 0.01663505, 0.1455349, 115.5685, 1.732827, 1.360018, 6.958117
 
29.52058, -0.007297636, -0.05348895, 6.170945, 0, 0.021185894601056886754067, 2898.692, -634.3328, -1.584829, 0.01663505, 0.1455349, 115.4832, 1.732827, 1.360018, 6.958117
 
29.53058, -0.007312065, -0.05356192, 6.165713, 0, 0.021234606633648474095021, 2894.096, -634.3328, -1.584829, 0.01663505, 0.1455349, 115.3979, 1.732827, 1.360018, 6.958117
 
29.54058, -0.00732798, -0.05363504, 6.160485, 0, 0.021284015263233199559339, 2889.507, -634.3328, -1.584829, 0.01663505, 0.1455349, 115.3127, 1.732827, 1.360018, 6.958117
 
29.55058, -0.007339036, -0.05370832, 6.15526, 0, 0.021331682400335079715247, 2884.924, -634.3328, -1.584829, 0.01663505, 0.1455349, 115.2276, 1.732827, 1.360018, 6.958117
 
29.56058, -0.007352338, -0.05378171, 6.150041, 0, 0.0213803197975344621861985312, 2880.349, -634.3328, -1.584829, 0.01663505, 0.1455349, 115.1425, 1.732827, 1.360018, 6.958117
 
29.57058, -0.007363917, -0.05385524, 6.144827, 0, 0.0214284015757036864631565312, 2875.782, -634.3328, -1.584829, 0.01663505, 0.1455349, 115.0574, 1.732827, 1.360018, 6.958117
 
29.58058, -0.007376481, -0.05392887, 6.139616, 0, 0.021476980923153806613588, 2871.22, -634.3328, -1.584829, 0.01663505, 0.1455349, 114.9724, 1.732827, 1.360018, 6.958117
 
29.59058, -0.007390655, -0.05400264, 6.134411, 0, 0.021526314917346410136117, 2866.666, -634.3328, -1.584829, 0.01663505, 0.1455349, 114.8875, 1.732827, 1.360018, 6.958117
 
29.60058, -0.007405354, -0.05407654, 6.12921, 0, 0.0215759723315716250012784688, 2862.119, -634.3328, -1.584829, 0.01663505, 0.1455349, 114.8026, 1.732827, 1.360018, 6.958117
 
29.61058, -0.007418256, -0.0541506, 6.124014, 0, 0.021625049248302392240543, 2857.579, -634.3328, -1.584829, 0.01663505, 0.1455349, 114.7177, 1.732827, 1.360018, 6.958117
 
29.62058, -0.007429088, -0.05422478, 6.11882, 0, 0.021673437860861451167078, 2853.045, -634.3328, -1.584829, 0.01663505, 0.1455349, 114.6329, 1.732827, 1.360018, 6.958117
 
29.63058, -0.007439747, -0.05429907, 6.113634, 0, 0.021721859644705897623297, 2848.519, -634.3328, -1.584829, 0.01663505, 0.1455349, 114.5481, 1.732827, 1.360018, 6.958117
 
29.64058, -0.007448867, -0.05437347, 6.10845, 0, 0.0217697921520907950884635312, 2843.999, -634.3328, -1.584829, 0.01663505, 0.1455349, 114.4634, 1.732827, 1.360018, 6.958117
 
29.65058, -0.007463103, -0.05444796, 6.103272, 0, 0.021819839328919313427412, 2839.487, -634.3328, -1.584829, 0.01663505, 0.1455349, 114.3788, 1.732827, 1.360018, 6.958117
 
29.66058, -0.007474049, -0.05452259, 6.098097, 0, 0.0218687089251164086061515312, 2834.981, -634.3328, -1.584829, 0.01663505, 0.1455349, 114.2942, 1.732827, 1.360018, 6.958117
 
29.67058, -0.00748732, -0.05459733, 6.092929, 0, 0.021918615123982029943943, 2830.483, -634.3328, -1.584829, 0.01663505, 0.1455349, 114.2096, 1.732827, 1.360018, 6.958117
 
29.68058, -0.007498016, -0.0546722, 6.087764, 0, 0.021967617405320758169632, 2825.99, -634.3328, -1.584829, 0.01663505, 0.1455349, 114.1251, 1.732827, 1.360018, 6.958117
 
29.69058, -0.007510435, -0.05474718, 6.082603, 0, 0.022017415797508787107737, 2821.505, -634.3328, -1.584829, 0.01663505, 0.1455349, 114.0407, 1.732827, 1.360018, 6.958117
 
29.70058, -0.007519683, -0.05482229, 6.077446, 0, 0.022066078073172293154165, 2817.026, -634.3328, -1.584829, 0.01663505, 0.1455349, 113.9563, 1.732827, 1.360018, 6.958117
 
29.71058, -0.007530292, -0.05489748, 6.072293, 0, 0.0221153706032582451928024688, 2812.554, -634.3328, -1.584829, 0.01663505, 0.1455349, 113.8719, 1.732827, 1.360018, 6.958117
 
29.72058, -0.007542179, -0.05497279, 6.067147, 0, 0.0221652933877663115107955312, 2808.09, -634.3328, -1.584829, 0.01663505, 0.1455349, 113.7876, 1.732827, 1.360018, 6.958117
 
29.73059, -0.007556661, -0.05504821, 6.062003, 0, 0.0222163688744417603417345312, 2803.632, -634.3328, -1.584829, 0.01663505, 0.1455349, 113.7034, 1.732827, 1.360018, 6.958117
 
29.74059, -0.00756681, -0.05512378, 6.056864, 0, 0.022265835553775996911213, 2799.181, -634.3328, -1.584829, 0.01663505, 0.1455349, 113.6191, 1.732827, 1.360018, 6.958117
 
29.75059, -0.007578847, -0.05519944, 6.051732, 0, 0.022316164686530226324262, 2794.737, -634.3328, -1.584829, 0.01663505, 0.1455349, 113.535, 1.732827, 1.360018, 6.958117
 
29.76059, -0.00758915, -0.05527523, 6.046601, 0, 0.022365913321790173967841, 2790.3, -634.3328, -1.584829, 0.01663505, 0.1455349, 113.4509, 1.732827, 1.360018, 6.958117
 
29.77059, -0.007604138, -0.05535112, 6.041477, 0, 0.0224176605269946373466675312, 2785.869, -634.3328, -1.584829, 0.01663505, 0.1455349, 113.3668, 1.732827, 1.360018, 6.958117
 
29.78059, -0.007615997, -0.05542716, 6.036358, 0, 0.0224682799084960076444515312, 2781.447, -634.3328, -1.584829, 0.01663505, 0.1455349, 113.2828, 1.732827, 1.360018, 6.958117
 
29.79059, -0.007629349, -0.05550332, 6.03124, 0, 0.022519612472633292758655, 2777.029, -634.3328, -1.584829, 0.01663505, 0.1455349, 113.1989, 1.732827, 1.360018, 6.958117
 
29.80059, -0.007641502, -0.05557962, 6.026129, 0, 0.022570588445452579000542, 2772.619, -634.3328, -1.584829, 0.01663505, 0.1455349, 113.115, 1.732827, 1.360018, 6.958117
 
29.81059, -0.00765347, -0.05565603, 6.021023, 0, 0.0226216058823786825827474688, 2768.216, -634.3328, -1.584829, 0.01663505, 0.1455349, 113.0311, 1.732827, 1.360018, 6.958117
 
29.82059, -0.007664171, -0.05573257, 6.015919, 0, 0.022672233556701316834739, 2763.819, -634.3328, -1.584829, 0.01663505, 0.1455349, 112.9473, 1.732827, 1.360018, 6.958117
 
29.83059, -0.007678579, -0.05580921, 6.010824, 0, 0.022724470038365329204618, 2759.431, -634.3328, -1.584829, 0.01663505, 0.1455349, 112.8636, 1.732827, 1.360018, 6.958117
 
29.84059, -0.007691274, -0.05588599, 6.00573, 0, 0.0227761509009990175240765312, 2755.047, -634.3328, -1.584829, 0.01663505, 0.1455349, 112.7799, 1.732827, 1.360018, 6.958117
 
29.85059, -0.007704336, -0.05596291, 6.000641, 0, 0.022828088841094625055013, 2750.671, -634.3328, -1.584829, 0.01663505, 0.1455349, 112.6962, 1.732827, 1.360018, 6.958117
 
29.86059, -0.007716333, -0.05603995, 5.995556, 0, 0.02287972823962166189058, 2746.302, -634.3328, -1.584829, 0.01663505, 0.1455349, 112.6126, 1.732827, 1.360018, 6.958117
 
29.87059, -0.007730016, -0.05611711, 5.990475, 0, 0.0229321720418194292491974688, 2741.938, -634.3328, -1.584829, 0.01663505, 0.1455349, 112.5291, 1.732827, 1.360018, 6.958117
 
29.88059, -0.007740828, -0.05619441, 5.985399, 0, 0.022983570948527323566342, 2737.582, -634.3328, -1.584829, 0.01663505, 0.1455349, 112.4456, 1.732827, 1.360018, 6.958117
 
29.89059, -0.007752307, -0.05627182, 5.980328, 0, 0.0230353513250171744748525312, 2733.233, -634.3328, -1.584829, 0.01663505, 0.1455349, 112.3622, 1.732827, 1.360018, 6.958117
 
29.90059, -0.007766501, -0.05634934, 5.975263, 0, 0.0230883673318879596487324688, 2728.891, -634.3328, -1.584829, 0.01663505, 0.1455349, 112.2788, 1.732827, 1.360018, 6.958117
 
29.91059, -0.007780723, -0.05642701, 5.970201, 0, 0.0231415243167213101109155312, 2724.556, -634.3328, -1.584829, 0.01663505, 0.1455349, 112.1954, 1.732827, 1.360018, 6.958117
 
29.92059, -0.007792175, -0.05650481, 5.965142, 0, 0.0231936695773506726305904688, 2720.226, -634.3328, -1.584829, 0.01663505, 0.1455349, 112.1121, 1.732827, 1.360018, 6.958117
 
29.93059, -0.007805448, -0.05658273, 5.960089, 0, 0.023246693877042555902251, 2715.904, -634.3328, -1.584829, 0.01663505, 0.1455349, 112.0289, 1.732827, 1.360018, 6.958117
 
29.94059, -0.007815446, -0.05666079, 5.955039, 0, 0.0232984825463537536931825312, 2711.587, -634.3328, -1.584829, 0.01663505, 0.1455349, 111.9457, 1.732827, 1.360018, 6.958117
 
29.95059, -0.007825614, -0.05673894, 5.949995, 0, 0.023350453657734748753803, 2707.278, -634.3328, -1.584829, 0.01663505, 0.1455349, 111.8625, 1.732827, 1.360018, 6.958117
 
29.96059, -0.007834887, -0.0568172, 5.944956, 0, 0.023402159398832560648738, 2702.976, -634.3328, -1.584829, 0.01663505, 0.1455349, 111.7794, 1.732827, 1.360018, 6.958117
 
29.97059, -0.007848756, -0.05689555, 5.939921, 0, 0.023455888588339011854397, 2698.681, -634.3328, -1.584829, 0.01663505, 0.1455349, 111.6964, 1.732827, 1.360018, 6.958117
 
29.98059, -0.007860024, -0.05697404, 5.934891, 0, 0.0235086641033906545098544688, 2694.393, -634.3328, -1.584829, 0.01663505, 0.1455349, 111.6135, 1.732827, 1.360018, 6.958117
 
29.99059, -0.007869964, -0.05705264, 5.929866, 0, 0.0235610000989108294687854688, 2690.111, -634.3328, -1.584829, 0.01663505, 0.1455349, 111.5305, 1.732827, 1.360018, 6.958117
 
30.00059, -0.007880638, -0.05713134, 5.924843, 0, 0.023613759028319612502974, 2685.835, -634.3328, -1.584829, 0.01663505, 0.1455349, 111.4476, 1.732827, 1.360018, 6.958117
 
30.01059, -0.007892154, -0.05721014, 5.919826, 0, 0.0236669906485451678351595312, 2681.566, -634.3328, -1.584829, 0.01663505, 0.1455349, 111.3648, 1.732827, 1.360018, 6.958117
 
30.02059, -0.007901178, -0.05728906, 5.914813, 0, 0.0237192934727799552644065312, 2677.303, -634.3328, -1.584829, 0.01663505, 0.1455349, 111.282, 1.732827, 1.360018, 6.958117
 
30.03059, -0.007912287, -0.05736808, 5.909805, 0, 0.023772574849933757747545, 2673.048, -634.3328, -1.584829, 0.01663505, 0.1455349, 111.1993, 1.732827, 1.360018, 6.958117
 
30.04059, -0.007924199, -0.0574472, 5.9048, 0, 0.0238263123322616387638384688, 2668.799, -634.3328, -1.584829, 0.01663505, 0.1455349, 111.1166, 1.732827, 1.360018, 6.958117
 
30.05059, -0.007936405, -0.05752644, 5.8998, 0, 0.023880298599229760396335, 2664.556, -634.3328, -1.584829, 0.01663505, 0.1455349, 111.034, 1.732827, 1.360018, 6.958117
 
30.06059, -0.007946826, -0.0576058, 5.894804, 0, 0.023933654611775601893049, 2660.32, -634.3328, -1.584829, 0.01663505, 0.1455349, 110.9514, 1.732827, 1.360018, 6.958117
 
30.07059, -0.007958784, -0.05768527, 5.889815, 0, 0.0239877735638852736442815312, 2656.092, -634.3328, -1.584829, 0.01663505, 0.1455349, 110.8689, 1.732827, 1.360018, 6.958117
 
30.08059, -0.007967825, -0.05776486, 5.884827, 0, 0.0240407895707560588181614688, 2651.868, -634.3328, -1.584829, 0.01663505, 0.1455349, 110.7864, 1.732827, 1.360018, 6.958117
 
30.09059, -0.007978477, -0.05784453, 5.879847, 0, 0.024094585102833202154975, 2647.653, -634.3328, -1.584829, 0.01663505, 0.1455349, 110.704, 1.732827, 1.360018, 6.958117
 
30.10059, -0.007991754, -0.05792432, 5.87487, 0, 0.0241496162652911968289444688, 2643.444, -634.3328, -1.584829, 0.01663505, 0.1455349, 110.6217, 1.732827, 1.360018, 6.958117
 
30.11059, -0.008004364, -0.05800424, 5.869897, 0, 0.024204498156964781762909, 2639.241, -634.3328, -1.584829, 0.01663505, 0.1455349, 110.5394, 1.732827, 1.360018, 6.958117
 
30.12059, -0.00801471, -0.05808428, 5.864931, 0, 0.0242585341808609846899315312, 2635.046, -634.3328, -1.584829, 0.01663505, 0.1455349, 110.4571, 1.732827, 1.360018, 6.958117
 
30.13059, -0.008027264, -0.05816443, 5.859967, 0, 0.02431363997871110130569, 2630.856, -634.3328, -1.584829, 0.01663505, 0.1455349, 110.3749, 1.732827, 1.360018, 6.958117
 
30.14059, -0.008036519, -0.0582447, 5.855007, 0, 0.024367452096431021335559, 2626.673, -634.3328, -1.584829, 0.01663505, 0.1455349, 110.2928, 1.732827, 1.360018, 6.958117
 
30.15059, -0.008046948, -0.05832507, 5.850052, 0, 0.024421886175751957547003, 2622.497, -634.3328, -1.584829, 0.01663505, 0.1455349, 110.2107, 1.732827, 1.360018, 6.958117
 
30.16059, -0.008062768, -0.05840554, 5.845102, 0, 0.024478741758906183425379, 2618.327, -634.3328, -1.584829, 0.01663505, 0.1455349, 110.1286, 1.732827, 1.360018, 6.958117
 
30.1706, -0.008074796, -0.05848616, 5.840157, 0, 0.024534112927039317350396, 2614.165, -634.3328, -1.584829, 0.01663505, 0.1455349, 110.0466, 1.732827, 1.360018, 6.958117
 
30.1806, -0.008087001, -0.05856691, 5.835216, 0, 0.0245896914157060404077245312, 2610.008, -634.3328, -1.584829, 0.01663505, 0.1455349, 109.9647, 1.732827, 1.360018, 6.958117
 
30.1906, -0.00809814, -0.05864778, 5.830279, 0, 0.024644929898697707142219, 2605.857, -634.3328, -1.584829, 0.01663505, 0.1455349, 109.8828, 1.732827, 1.360018, 6.958117
 
30.2006, -0.008112185, -0.05872876, 5.825345, 0, 0.0247015532828541373845935312, 2601.713, -634.3328, -1.584829, 0.01663505, 0.1455349, 109.8009, 1.732827, 1.360018, 6.958117
 
30.2106, -0.008122534, -0.05880988, 5.820418, 0, 0.024756708837632335294878, 2597.576, -634.3328, -1.584829, 0.01663505, 0.1455349, 109.7191, 1.732827, 1.360018, 6.958117
 
30.2206, -0.008134766, -0.05889111, 5.815494, 0, 0.0248128014812225650623085312, 2593.445, -634.3328, -1.584829, 0.01663505, 0.1455349, 109.6374, 1.732827, 1.360018, 6.958117
 
30.2306, -0.008148684, -0.05897246, 5.810575, 0, 0.024869748285411689575529, 2589.321, -634.3328, -1.584829, 0.01663505, 0.1455349, 109.5557, 1.732827, 1.360018, 6.958117
 
30.2406, -0.008163339, -0.05905395, 5.805661, 0, 0.024927151194774809693691, 2585.204, -634.3328, -1.584829, 0.01663505, 0.1455349, 109.4741, 1.732827, 1.360018, 6.958117
 
30.2506, -0.008174942, -0.05913558, 5.800753, 0, 0.024983359937863978743229, 2581.094, -634.3328, -1.584829, 0.01663505, 0.1455349, 109.3926, 1.732827, 1.360018, 6.958117
 
30.2606, -0.008184683, -0.05921733, 5.795848, 0, 0.0250388886696027863624584688, 2576.99, -634.3328, -1.584829, 0.01663505, 0.1455349, 109.311, 1.732827, 1.360018, 6.958117
 
30.2706, -0.008196345, -0.05929917, 5.790946, 0, 0.025095371075796319603676, 2572.891, -634.3328, -1.584829, 0.01663505, 0.1455349, 109.2296, 1.732827, 1.360018, 6.958117
 
30.2806, -0.008207783, -0.05938114, 5.786049, 0, 0.02515187836045397642037, 2568.799, -634.3328, -1.584829, 0.01663505, 0.1455349, 109.1482, 1.732827, 1.360018, 6.958117
 
30.2906, -0.008221561, -0.05946322, 5.781157, 0, 0.025209538347278849893583, 2564.714, -634.3328, -1.584829, 0.01663505, 0.1455349, 109.0668, 1.732827, 1.360018, 6.958117
 
30.3006, -0.008236214, -0.05954544, 5.77627, 0, 0.025267712489027230076898, 2560.636, -634.3328, -1.584829, 0.01663505, 0.1455349, 108.9855, 1.732827, 1.360018, 6.958117
 
30.3106, -0.008248493, -0.0596278, 5.771389, 0, 0.025324991006070146958745, 2556.564, -634.3328, -1.584829, 0.01663505, 0.1455349, 108.9043, 1.732827, 1.360018, 6.958117
 
30.3206, -0.008262302, -0.05971028, 5.766509, 0, 0.0253830739267836285072155312, 2552.498, -634.3328, -1.584829, 0.01663505, 0.1455349, 108.823, 1.732827, 1.360018, 6.958117
 
30.3306, -0.008275382, -0.05979291, 5.761634, 0, 0.025440974405427644498851, 2548.438, -634.3328, -1.584829, 0.01663505, 0.1455349, 108.7419, 1.732827, 1.360018, 6.958117
 
30.3406, -0.008287278, -0.05987566, 5.756765, 0, 0.0254984768286470101342784688, 2544.386, -634.3328, -1.584829, 0.01663505, 0.1455349, 108.6608, 1.732827, 1.360018, 6.958117
 
30.3506, -0.008297566, -0.05995853, 5.751901, 0, 0.0255553987543718452155955312, 2540.34, -634.3328, -1.584829, 0.01663505, 0.1455349, 108.5798, 1.732827, 1.360018, 6.958117
 
30.3606, -0.008311868, -0.06004151, 5.74704, 0, 0.0256142197361854480841754688, 2536.301, -634.3328, -1.584829, 0.01663505, 0.1455349, 108.4988, 1.732827, 1.360018, 6.958117
 
30.3706, -0.008324532, -0.06012463, 5.742185, 0, 0.0256724519276832564444374688, 2532.268, -634.3328, -1.584829, 0.01663505, 0.1455349, 108.4179, 1.732827, 1.360018, 6.958117
 
30.3806, -0.008338272, -0.06020787, 5.737334, 0, 0.025731289495139304293219, 2528.241, -634.3328, -1.584829, 0.01663505, 0.1455349, 108.337, 1.732827, 1.360018, 6.958117
 
30.3906, -0.008349841, -0.06029126, 5.732486, 0, 0.025789314366103440592956, 2524.22, -634.3328, -1.584829, 0.01663505, 0.1455349, 108.2562, 1.732827, 1.360018, 6.958117
 
30.4006, -0.008362517, -0.06037476, 5.727642, 0, 0.025847952905847246191847, 2520.205, -634.3328, -1.584829, 0.01663505, 0.1455349, 108.1754, 1.732827, 1.360018, 6.958117
 
30.4106, -0.008375282, -0.06045838, 5.722806, 0, 0.025906757302017989439158, 2516.199, -634.3328, -1.584829, 0.01663505, 0.1455349, 108.0947, 1.732827, 1.360018, 6.958117
 
30.4206, -0.008390557, -0.06054213, 5.717971, 0, 0.025966830499854805696882, 2512.197, -634.3328, -1.584829, 0.01663505, 0.1455349, 108.014, 1.732827, 1.360018, 6.958117
 
30.4306, -0.008405909, -0.06062604, 5.713142, 0, 0.026027069554118559603026, 2508.202, -634.3328, -1.584829, 0.01663505, 0.1455349, 107.9334, 1.732827, 1.360018, 6.958117
 
30.4406, -0.008419773, -0.06071009, 5.708317, 0, 0.0260868027462802366097024688, 2504.214, -634.3328, -1.584829, 0.01663505, 0.1455349, 107.8529, 1.732827, 1.360018, 6.958117
 
30.4506, -0.008433176, -0.06079429, 5.703498, 0, 0.026146461303049625818163, 2500.232, -634.3328, -1.584829, 0.01663505, 0.1455349, 107.7724, 1.732827, 1.360018, 6.958117
 
30.4606, -0.00844457, -0.06087863, 5.698683, 0, 0.026205356920255184772105, 2496.257, -634.3328, -1.584829, 0.01663505, 0.1455349, 107.6919, 1.732827, 1.360018, 6.958117
 
30.4706, -0.008457829, -0.06096307, 5.69387, 0, 0.0262652227975584118975174688, 2492.286, -634.3328, -1.584829, 0.01663505, 0.1455349, 107.6115, 1.732827, 1.360018, 6.958117
 
30.4806, -0.008471818, -0.06104765, 5.689063, 0, 0.0263255530728568156538655312, 2488.323, -634.3328, -1.584829, 0.01663505, 0.1455349, 107.5312, 1.732827, 1.360018, 6.958117
 
30.4906, -0.008486865, -0.06113237, 5.684263, 0, 0.026386497016935137494008, 2484.368, -634.3328, -1.584829, 0.01663505, 0.1455349, 107.4509, 1.732827, 1.360018, 6.958117
 
30.5006, -0.008499982, -0.06121724, 5.679465, 0, 0.02644671948555619763531, 2480.417, -634.3328, -1.584829, 0.01663505, 0.1455349, 107.3707, 1.732827, 1.360018, 6.958117
 
30.5106, -0.008514432, -0.06130224, 5.67467, 0, 0.026507688308098477194502, 2476.473, -634.3328, -1.584829, 0.01663505, 0.1455349, 107.2905, 1.732827, 1.360018, 6.958117
 
30.5206, -0.00852918, -0.06138738, 5.669881, 0, 0.026568930793745203873587, 2472.535, -634.3328, -1.584829, 0.01663505, 0.1455349, 107.2104, 1.732827, 1.360018, 6.958117
 
30.5306, -0.008542071, -0.06147267, 5.665096, 0, 0.026629484975220139311729, 2468.603, -634.3328, -1.584829, 0.01663505, 0.1455349, 107.1303, 1.732827, 1.360018, 6.958117
 
30.5406, -0.008555303, -0.06155809, 5.660316, 0, 0.026690329405442215634606, 2464.678, -634.3328, -1.584829, 0.01663505, 0.1455349, 107.0503, 1.732827, 1.360018, 6.958117
 
30.5506, -0.008566747, -0.06164365, 5.65554, 0, 0.0267504938243139305271744688, 2460.759, -634.3328, -1.584829, 0.01663505, 0.1455349, 106.9703, 1.732827, 1.360018, 6.958117
 
30.5606, -0.008579154, -0.06172931, 5.650769, 0, 0.026811222155037067567944, 2456.847, -634.3328, -1.584829, 0.01663505, 0.1455349, 106.8904, 1.732827, 1.360018, 6.958117
 
30.5706, -0.008592189, -0.0618151, 5.646004, 0, 0.0268723734196488956121845312, 2452.941, -634.3328, -1.584829, 0.01663505, 0.1455349, 106.8106, 1.732827, 1.360018, 6.958117
 
30.5806, -0.008607314, -0.06190102, 5.641243, 0, 0.026934627629500024874845, 2449.042, -634.3328, -1.584829, 0.01663505, 0.1455349, 106.7308, 1.732827, 1.360018, 6.958117
 
30.5906, -0.008619593, -0.06198709, 5.636486, 0, 0.026995720844362507670352, 2445.149, -634.3328, -1.584829, 0.01663505, 0.1455349, 106.6511, 1.732827, 1.360018, 6.958117
 
30.60061, -0.008632941, -0.06207329, 5.631732, 0, 0.027057444313647353529855, 2441.261, -634.3328, -1.584829, 0.01663505, 0.1455349, 106.5714, 1.732827, 1.360018, 6.958117
 
30.61061, -0.008644047, -0.06215962, 5.626983, 0, 0.0271182721582266531596765312, 2437.38, -634.3328, -1.584829, 0.01663505, 0.1455349, 106.4918, 1.732827, 1.360018, 6.958117
 
30.62061, -0.008656291, -0.06224606, 5.62224, 0, 0.0271797551356924394289705312, 2433.507, -634.3328, -1.584829, 0.01663505, 0.1455349, 106.4122, 1.732827, 1.360018, 6.958117
 
30.63061, -0.008669807, -0.06233263, 5.617502, 0, 0.027241959588615487397105, 2429.639, -634.3328, -1.584829, 0.01663505, 0.1455349, 106.3327, 1.732827, 1.360018, 6.958117
 
30.64061, -0.008683893, -0.06241933, 5.612769, 0, 0.027304570389784449675655, 2425.778, -634.3328, -1.584829, 0.01663505, 0.1455349, 106.2533, 1.732827, 1.360018, 6.958117
 
30.65061, -0.008695325, -0.06250616, 5.608038, 0, 0.0273660948313568874288405312, 2421.923, -634.3328, -1.584829, 0.01663505, 0.1455349, 106.1739, 1.732827, 1.360018, 6.958117
 
30.66061, -0.008708447, -0.06259312, 5.60331, 0, 0.027428539776098994987184, 2418.072, -634.3328, -1.584829, 0.01663505, 0.1455349, 106.0945, 1.732827, 1.360018, 6.958117
 
30.67061, -0.008721683, -0.0626802, 5.598589, 0, 0.0274911837485534277236314688, 2414.229, -634.3328, -1.584829, 0.01663505, 0.1455349, 106.0152, 1.732827, 1.360018, 6.958117
 
30.68061, -0.008733411, -0.06276742, 5.593871, 0, 0.0275532638091561895272374688, 2410.392, -634.3328, -1.584829, 0.01663505, 0.1455349, 105.936, 1.732827, 1.360018, 6.958117
 
30.69061, -0.008746401, -0.06285475, 5.58916, 0, 0.0276160570523947832190494688, 2406.562, -634.3328, -1.584829, 0.01663505, 0.1455349, 105.8568, 1.732827, 1.360018, 6.958117
 
30.70061, -0.008759737, -0.06294221, 5.584453, 0, 0.027679165422844475514646, 2402.738, -634.3328, -1.584829, 0.01663505, 0.1455349, 105.7777, 1.732827, 1.360018, 6.958117
 
30.71061, -0.008774846, -0.06302981, 5.57975, 0, 0.027743235760570489099292, 2398.92, -634.3328, -1.584829, 0.01663505, 0.1455349, 105.6987, 1.732827, 1.360018, 6.958117
 
30.72061, -0.008787478, -0.06311756, 5.575052, 0, 0.027806294374092183028576, 2395.109, -634.3328, -1.584829, 0.01663505, 0.1455349, 105.6196, 1.732827, 1.360018, 6.958117
 
30.73061, -0.008800325, -0.06320543, 5.570357, 0, 0.027869610065075630312911, 2391.303, -634.3328, -1.584829, 0.01663505, 0.1455349, 105.5407, 1.732827, 1.360018, 6.958117
 
30.74061, -0.008815588, -0.06329343, 5.565667, 0, 0.027934194557725150607659, 2387.503, -634.3328, -1.584829, 0.01663505, 0.1455349, 105.4618, 1.732827, 1.360018, 6.958117
 
30.75061, -0.008827895, -0.06338159, 5.560979, 0, 0.0279975434199939024934645312, 2383.708, -634.3328, -1.584829, 0.01663505, 0.1455349, 105.3829, 1.732827, 1.360018, 6.958117
 
30.76061, -0.008841041, -0.06346987, 5.556298, 0, 0.028061431315650367593062, 2379.921, -634.3328, -1.584829, 0.01663505, 0.1455349, 105.3041, 1.732827, 1.360018, 6.958117
 
30.77061, -0.008851321, -0.06355828, 5.551624, 0, 0.0281241001665688409767724688, 2376.141, -634.3328, -1.584829, 0.01663505, 0.1455349, 105.2254, 1.732827, 1.360018, 6.958117
 
30.78061, -0.00886641, -0.06364679, 5.546951, 0, 0.028189165642856397523725, 2372.366, -634.3328, -1.584829, 0.01663505, 0.1455349, 105.1467, 1.732827, 1.360018, 6.958117
 
30.79061, -0.008879167, -0.06373546, 5.542284, 0, 0.028253294030331839285318, 2368.598, -634.3328, -1.584829, 0.01663505, 0.1455349, 105.0681, 1.732827, 1.360018, 6.958117
 
30.80061, -0.008893383, -0.06382424, 5.537623, 0, 0.0283182434071205394783765312, 2364.837, -634.3328, -1.584829, 0.01663505, 0.1455349, 104.9896, 1.732827, 1.360018, 6.958117
 
30.81061, -0.008905861, -0.06391317, 5.532963, 0, 0.028382521065380308051761, 2361.08, -634.3328, -1.584829, 0.01663505, 0.1455349, 104.9111, 1.732827, 1.360018, 6.958117
 
30.82061, -0.008918774, -0.06400223, 5.52831, 0, 0.028447147022136562758614, 2357.33, -634.3328, -1.584829, 0.01663505, 0.1455349, 104.8326, 1.732827, 1.360018, 6.958117
 
30.83061, -0.008928939, -0.06409142, 5.52366, 0, 0.028510603691082907044106, 2353.586, -634.3328, -1.584829, 0.01663505, 0.1455349, 104.7542, 1.732827, 1.360018, 6.958117
 
30.84061, -0.008944039, -0.06418071, 5.519017, 0, 0.028576548206433316055898, 2349.85, -634.3328, -1.584829, 0.01663505, 0.1455349, 104.6759, 1.732827, 1.360018, 6.958117
 
30.85061, -0.008956381, -0.06427015, 5.514378, 0, 0.0286413234339738975745424688, 2346.119, -634.3328, -1.584829, 0.01663505, 0.1455349, 104.5977, 1.732827, 1.360018, 6.958117
 
30.86061, -0.008970337, -0.06435971, 5.509741, 0, 0.028707019164683817185491, 2342.394, -634.3328, -1.584829, 0.01663505, 0.1455349, 104.5194, 1.732827, 1.360018, 6.958117
 
30.87061, -0.008984847, -0.06444941, 5.505111, 0, 0.0287731295364612467739164688, 2338.675, -634.3328, -1.584829, 0.01663505, 0.1455349, 104.4413, 1.732827, 1.360018, 6.958117
 
30.88061, -0.008996683, -0.06453926, 5.500483, 0, 0.0288381037917139046860245312, 2334.961, -634.3328, -1.584829, 0.01663505, 0.1455349, 104.3632, 1.732827, 1.360018, 6.958117
 
30.89061, -0.009010212, -0.06462923, 5.495861, 0, 0.028904040014243049743609, 2331.254, -634.3328, -1.584829, 0.01663505, 0.1455349, 104.2851, 1.732827, 1.360018, 6.958117
 
30.90061, -0.009020663, -0.06471933, 5.491244, 0, 0.0289686327997138339925645312, 2327.554, -634.3328, -1.584829, 0.01663505, 0.1455349, 104.2071, 1.732827, 1.360018, 6.958117
 
30.91061, -0.009035592, -0.06480953, 5.48663, 0, 0.0290355144038764407179295312, 2323.86, -634.3328, -1.584829, 0.01663505, 0.1455349, 104.1292, 1.732827, 1.360018, 6.958117
 
30.92061, -0.009051181, -0.06489988, 5.482024, 0, 0.029102876991677249551926, 2320.172, -634.3328, -1.584829, 0.01663505, 0.1455349, 104.0513, 1.732827, 1.360018, 6.958117
 
30.93061, -0.009065269, -0.06499039, 5.477418, 0, 0.029169675667626387453081, 2316.489, -634.3328, -1.584829, 0.01663505, 0.1455349, 103.9735, 1.732827, 1.360018, 6.958117
 
30.94061, -0.009080063, -0.06508105, 5.472819, 0, 0.029236963620034991417075, 2312.813, -634.3328, -1.584829, 0.01663505, 0.1455349, 103.8958, 1.732827, 1.360018, 6.958117
 
30.95061, -0.009092881, -0.06517185, 5.468225, 0, 0.029303455461594294668653, 2309.143, -634.3328, -1.584829, 0.01663505, 0.1455349, 103.818, 1.732827, 1.360018, 6.958117
 
30.96061, -0.009105444, -0.06526277, 5.463633, 0, 0.0293699555959748618744385312, 2305.479, -634.3328, -1.584829, 0.01663505, 0.1455349, 103.7404, 1.732827, 1.360018, 6.958117
 
30.97061, -0.009116641, -0.06535383, 5.459048, 0, 0.029435941575432088226549, 2301.821, -634.3328, -1.584829, 0.01663505, 0.1455349, 103.6628, 1.732827, 1.360018, 6.958117
 
30.98061, -0.009131914, -0.06544499, 5.454468, 0, 0.0295040422243327695960144688, 2298.17, -634.3328, -1.584829, 0.01663505, 0.1455349, 103.5853, 1.732827, 1.360018, 6.958117
 
30.99061, -0.009144275, -0.06553631, 5.449892, 0, 0.0295708906572098229352685312, 2294.525, -634.3328, -1.584829, 0.01663505, 0.1455349, 103.5079, 1.732827, 1.360018, 6.958117
 
31.00061, -0.009158533, -0.06562775, 5.44532, 0, 0.029638817156862219773893, 2290.885, -634.3328, -1.584829, 0.01663505, 0.1455349, 103.4304, 1.732827, 1.360018, 6.958117
 
31.01061, -0.00917366, -0.06571934, 5.440751, 0, 0.0297073075683662046171454688, 2287.251, -634.3328, -1.584829, 0.01663505, 0.1455349, 103.3531, 1.732827, 1.360018, 6.958117
 
31.02061, -0.009185937, -0.06581108, 5.436188, 0, 0.029774578935132031888084, 2283.624, -634.3328, -1.584829, 0.01663505, 0.1455349, 103.2758, 1.732827, 1.360018, 6.958117
 
31.03061, -0.009199665, -0.06590293, 5.431629, 0, 0.029842696169675324094178, 2280.002, -634.3328, -1.584829, 0.01663505, 0.1455349, 103.1985, 1.732827, 1.360018, 6.958117
 
31.04062, -0.009210549, -0.06599493, 5.427073, 0, 0.029909561188195237054701, 2276.386, -634.3328, -1.584829, 0.01663505, 0.1455349, 103.1213, 1.732827, 1.360018, 6.958117
 
31.05062, -0.009222491, -0.06608704, 5.422525, 0, 0.029977081339601553726483, 2272.778, -634.3328, -1.584829, 0.01663505, 0.1455349, 103.0442, 1.732827, 1.360018, 6.958117
 
31.06062, -0.009236461, -0.06617926, 5.41798, 0, 0.0300457541931751699829974688, 2269.174, -634.3328, -1.584829, 0.01663505, 0.1455349, 102.9672, 1.732827, 1.360018, 6.958117
 
31.07062, -0.009250399, -0.06627163, 5.41344, 0, 0.030114568024711517384242, 2265.577, -634.3328, -1.584829, 0.01663505, 0.1455349, 102.8902, 1.732827, 1.360018, 6.958117
 
31.08062, -0.009265335, -0.06636413, 5.408905, 0, 0.030184020403491657660117, 2261.986, -634.3328, -1.584829, 0.01663505, 0.1455349, 102.8132, 1.732827, 1.360018, 6.958117
 
31.09062, -0.009278665, -0.06645679, 5.404373, 0, 0.0302528425278493519437825312, 2258.401, -634.3328, -1.584829, 0.01663505, 0.1455349, 102.7363, 1.732827, 1.360018, 6.958117
 
31.10062, -0.009292505, -0.06654958, 5.399845, 0, 0.0303220710004532922507174688, 2254.821, -634.3328, -1.584829, 0.01663505, 0.1455349, 102.6595, 1.732827, 1.360018, 6.958117
 
31.11062, -0.009303212, -0.0666425, 5.395322, 0, 0.0303898896934280966896554688, 2251.248, -634.3328, -1.584829, 0.01663505, 0.1455349, 102.5827, 1.732827, 1.360018, 6.958117
 
31.12062, -0.009315643, -0.06673554, 5.390805, 0, 0.0304586952321431801366924688, 2247.681, -634.3328, -1.584829, 0.01663505, 0.1455349, 102.506, 1.732827, 1.360018, 6.958117
 
31.13062, -0.009329147, -0.06682869, 5.386293, 0, 0.030528189075029971896459, 2244.121, -634.3328, -1.584829, 0.01663505, 0.1455349, 102.4294, 1.732827, 1.360018, 6.958117
 
31.14062, -0.00934331, -0.06692198, 5.381785, 0, 0.030598172194376312647278, 2240.566, -634.3328, -1.584829, 0.01663505, 0.1455349, 102.3528, 1.732827, 1.360018, 6.958117
 
31.15062, -0.009359149, -0.06701541, 5.377281, 0, 0.0306691504522843622168304688, 2237.017, -634.3328, -1.584829, 0.01663505, 0.1455349, 102.2763, 1.732827, 1.360018, 6.958117
 
31.16062, -0.0093714, -0.067109, 5.372779, 0, 0.0307384867315654802823845312, 2233.473, -634.3328, -1.584829, 0.01663505, 0.1455349, 102.1998, 1.732827, 1.360018, 6.958117
 
31.17062, -0.009385457, -0.06720272, 5.368285, 0, 0.030808884491979248082467, 2229.936, -634.3328, -1.584829, 0.01663505, 0.1455349, 102.1234, 1.732827, 1.360018, 6.958117
 
31.18062, -0.009396523, -0.06729657, 5.363794, 0, 0.030877930522513391119713, 2226.404, -634.3328, -1.584829, 0.01663505, 0.1455349, 102.047, 1.732827, 1.360018, 6.958117
 
31.19062, -0.009409395, -0.06739054, 5.35931, 0, 0.0309480214485373242702184688, 2222.88, -634.3328, -1.584829, 0.01663505, 0.1455349, 101.9707, 1.732827, 1.360018, 6.958117
 
31.20062, -0.009422978, -0.06748463, 5.354829, 0, 0.031018626529484598274399, 2219.361, -634.3328, -1.584829, 0.01663505, 0.1455349, 101.8945, 1.732827, 1.360018, 6.958117
 
31.21062, -0.009437391, -0.06757886, 5.350352, 0, 0.0310898038151049730220554688, 2215.848, -634.3328, -1.584829, 0.01663505, 0.1455349, 101.8183, 1.732827, 1.360018, 6.958117
 
31.22062, -0.009452617, -0.06767324, 5.345879, 0, 0.0311615615982193807545415312, 2212.341, -634.3328, -1.584829, 0.01663505, 0.1455349, 101.7422, 1.732827, 1.360018, 6.958117
 
31.23062, -0.009464959, -0.06776776, 5.341412, 0, 0.03123200911556122984915, 2208.839, -634.3328, -1.584829, 0.01663505, 0.1455349, 101.6662, 1.732827, 1.360018, 6.958117
 
31.24062, -0.009479697, -0.06786241, 5.336948, 0, 0.031303833241246578497431, 2205.344, -634.3328, -1.584829, 0.01663505, 0.1455349, 101.5902, 1.732827, 1.360018, 6.958117
 
31.25062, -0.009491062, -0.06795721, 5.33249, 0, 0.031374098316518713250564, 2201.854, -634.3328, -1.584829, 0.01663505, 0.1455349, 101.5142, 1.732827, 1.360018, 6.958117
 
31.26062, -0.009503907, -0.06805212, 5.328038, 0, 0.0314452507236748814945305312, 2198.372, -634.3328, -1.584829, 0.01663505, 0.1455349, 101.4384, 1.732827, 1.360018, 6.958117
 
31.27062, -0.009517607, -0.06814716, 5.323589, 0, 0.031516991921146844246815, 2194.895, -634.3328, -1.584829, 0.01663505, 0.1455349, 101.3626, 1.732827, 1.360018, 6.958117
 
31.28062, -0.009532263, -0.06824233, 5.319144, 0, 0.031589388251505127782145, 2191.423, -634.3328, -1.584829, 0.01663505, 0.1455349, 101.2868, 1.732827, 1.360018, 6.958117
 
31.29062, -0.009547357, -0.06833766, 5.314705, 0, 0.031662166051645367908841, 2187.958, -634.3328, -1.584829, 0.01663505, 0.1455349, 101.2111, 1.732827, 1.360018, 6.958117
 
31.30062, -0.009560776, -0.06843313, 5.310269, 0, 0.0317342555476137338663805312, 2184.498, -634.3328, -1.584829, 0.01663505, 0.1455349, 101.1355, 1.732827, 1.360018, 6.958117
 
31.31062, -0.009574702, -0.06852873, 5.305837, 0, 0.0318067513918283458471894688, 2181.044, -634.3328, -1.584829, 0.01663505, 0.1455349, 101.0599, 1.732827, 1.360018, 6.958117
 
31.32062, -0.00958592, -0.06862448, 5.30141, 0, 0.03187801989848337044505, 2177.596, -634.3328, -1.584829, 0.01663505, 0.1455349, 100.9844, 1.732827, 1.360018, 6.958117
 
31.33062, -0.009598759, -0.06872034, 5.296989, 0, 0.0319502752508788399074364688, 2174.154, -634.3328, -1.584829, 0.01663505, 0.1455349, 100.9089, 1.732827, 1.360018, 6.958117
 
31.34062, -0.009612715, -0.06881633, 5.292571, 0, 0.032023243785909975401602, 2170.718, -634.3328, -1.584829, 0.01663505, 0.1455349, 100.8335, 1.732827, 1.360018, 6.958117
 
31.35062, -0.009626161, -0.06891245, 5.288159, 0, 0.0320961128070851141631424688, 2167.288, -634.3328, -1.584829, 0.01663505, 0.1455349, 100.7582, 1.732827, 1.360018, 6.958117
 
31.36062, -0.009641253, -0.06900872, 5.283751, 0, 0.032169993552464406723618, 2163.864, -634.3328, -1.584829, 0.01663505, 0.1455349, 100.683, 1.732827, 1.360018, 6.958117
 
31.37062, -0.009653739, -0.06910513, 5.279348, 0, 0.0322426884243910950978905312, 2160.446, -634.3328, -1.584829, 0.01663505, 0.1455349, 100.6077, 1.732827, 1.360018, 6.958117
 
31.38062, -0.009667425, -0.06920166, 5.274949, 0, 0.032316162821524556276164, 2157.033, -634.3328, -1.584829, 0.01663505, 0.1455349, 100.5326, 1.732827, 1.360018, 6.958117
 
31.39062, -0.009682278, -0.06929833, 5.270554, 0, 0.0323904001582217647807425312, 2153.626, -634.3328, -1.584829, 0.01663505, 0.1455349, 100.4575, 1.732827, 1.360018, 6.958117
 
31.40062, -0.009694637, -0.06939515, 5.266164, 0, 0.032463501378394616250071, 2150.225, -634.3328, -1.584829, 0.01663505, 0.1455349, 100.3825, 1.732827, 1.360018, 6.958117
 
31.41062, -0.009707798, -0.0694921, 5.26178, 0, 0.0325371748032402367500215312, 2146.83, -634.3328, -1.584829, 0.01663505, 0.1455349, 100.3075, 1.732827, 1.360018, 6.958117
 
31.42062, -0.009721534, -0.06958918, 5.257399, 0, 0.032611304333260101639554, 2143.441, -634.3328, -1.584829, 0.01663505, 0.1455349, 100.2326, 1.732827, 1.360018, 6.958117
 
31.43062, -0.009737071, -0.0696864, 5.253024, 0, 0.032686528515697672080445, 2140.059, -634.3328, -1.584829, 0.01663505, 0.1455349, 100.1578, 1.732827, 1.360018, 6.958117
 
31.44062, -0.009749202, -0.06978377, 5.248653, 0, 0.0327601438907940302598754688, 2136.682, -634.3328, -1.584829, 0.01663505, 0.1455349, 100.083, 1.732827, 1.360018, 6.958117
 
31.45062, -0.009762652, -0.06988126, 5.244286, 0, 0.0328346051336676875180344688, 2133.31, -634.3328, -1.584829, 0.01663505, 0.1455349, 100.0083, 1.732827, 1.360018, 6.958117
 
31.46062, -0.009777401, -0.06997889, 5.239924, 0, 0.0329099039514972140442875312, 2129.945, -634.3328, -1.584829, 0.01663505, 0.1455349, 99.93363, 1.732827, 1.360018, 6.958117
 
31.47062, -0.00978939, -0.07007666, 5.235567, 0, 0.032983925674839569462347, 2126.584, -634.3328, -1.584829, 0.01663505, 0.1455349, 99.85902, 1.732827, 1.360018, 6.958117
 
31.48063, -0.009802252, -0.07017455, 5.231215, 0, 0.033058544481318817486505, 2123.231, -634.3328, -1.584829, 0.01663505, 0.1455349, 99.78452, 1.732827, 1.360018, 6.958117
 
31.49063, -0.009815884, -0.07027257, 5.226867, 0, 0.0331337271996497364435044688, 2119.884, -634.3328, -1.584829, 0.01663505, 0.1455349, 99.71005, 1.732827, 1.360018, 6.958117
 
31.50063, -0.009829876, -0.07037073, 5.222523, 0, 0.03320926650929840548818, 2116.541, -634.3328, -1.584829, 0.01663505, 0.1455349, 99.63564, 1.732827, 1.360018, 6.958117
 
31.51063, -0.009846327, -0.07046903, 5.218184, 0, 0.0332862736483256385777994688, 2113.205, -634.3328, -1.584829, 0.01663505, 0.1455349, 99.56131, 1.732827, 1.360018, 6.958117
 
31.52063, -0.009859545, -0.0705675, 5.21385, 0, 0.033361738322582185680686, 2109.874, -634.3328, -1.584829, 0.01663505, 0.1455349, 99.48702, 1.732827, 1.360018, 6.958117
 
31.53063, -0.009873339, -0.07066609, 5.209521, 0, 0.0334376673948341581991485312, 2106.55, -634.3328, -1.584829, 0.01663505, 0.1455349, 99.4128, 1.732827, 1.360018, 6.958117
 
31.54063, -0.00988485, -0.07076482, 5.205195, 0, 0.0335125515715966723172054688, 2103.23, -634.3328, -1.584829, 0.01663505, 0.1455349, 99.33864, 1.732827, 1.360018, 6.958117
 
31.55063, -0.009897505, -0.07086367, 5.200875, 0, 0.033588182102280157068512, 2099.917, -634.3328, -1.584829, 0.01663505, 0.1455349, 99.26455, 1.732827, 1.360018, 6.958117
 
31.56063, -0.009914671, -0.07096265, 5.19656, 0, 0.0336663834075811753703285312, 2096.611, -634.3328, -1.584829, 0.01663505, 0.1455349, 99.19053, 1.732827, 1.360018, 6.958117
 
31.57063, -0.009928685, -0.07106179, 5.192248, 0, 0.033743083712218573810371, 2093.309, -634.3328, -1.584829, 0.01663505, 0.1455349, 99.11656, 1.732827, 1.360018, 6.958117
 
31.58063, -0.009943347, -0.07116108, 5.187943, 0, 0.0338202898789581320780944688, 2090.014, -634.3328, -1.584829, 0.01663505, 0.1455349, 99.04266, 1.732827, 1.360018, 6.958117
 
31.59063, -0.009956344, -0.07126051, 5.183641, 0, 0.033896774570240345718764, 2086.724, -634.3328, -1.584829, 0.01663505, 0.1455349, 98.96883, 1.732827, 1.360018, 6.958117
 
31.60063, -0.009970052, -0.07136007, 5.179342, 0, 0.033973806587731536527433, 2083.438, -634.3328, -1.584829, 0.01663505, 0.1455349, 98.89503, 1.732827, 1.360018, 6.958117
 
31.61063, -0.009983944, -0.07145978, 5.17505, 0, 0.034051087389863133808732, 2080.16, -634.3328, -1.584829, 0.01663505, 0.1455349, 98.82131, 1.732827, 1.360018, 6.958117
 
31.62063, -0.009996268, -0.07155962, 5.170762, 0, 0.0341277047662870634245644688, 2076.887, -634.3328, -1.584829, 0.01663505, 0.1455349, 98.74764, 1.732827, 1.360018, 6.958117
 
31.63063, -0.01000986, -0.07165958, 5.166478, 0, 0.034205143132024168543649, 2073.62, -634.3328, -1.584829, 0.01663505, 0.1455349, 98.67407, 1.732827, 1.360018, 6.958117
 
31.64063, -0.01002347, -0.07175968, 5.1622, 0, 0.034282755647009641121788, 2070.36, -634.3328, -1.584829, 0.01663505, 0.1455349, 98.60055, 1.732827, 1.360018, 6.958117
 
31.65063, -0.01003782, -0.07185991, 5.157927, 0, 0.0343609320738467846327684688, 2067.105, -634.3328, -1.584829, 0.01663505, 0.1455349, 98.5271, 1.732827, 1.360018, 6.958117
 
31.66063, -0.01004976, -0.07196029, 5.153657, 0, 0.034437972384159239395645, 2063.855, -634.3328, -1.584829, 0.01663505, 0.1455349, 98.4537, 1.732827, 1.360018, 6.958117
 
31.67063, -0.01006344, -0.07206079, 5.149393, 0, 0.0345161239325321764029355312, 2060.611, -634.3328, -1.584829, 0.01663505, 0.1455349, 98.38036, 1.732827, 1.360018, 6.958117
 
31.68063, -0.01007795, -0.07216143, 5.145133, 0, 0.0345948891496850314940204688, 2057.373, -634.3328, -1.584829, 0.01663505, 0.1455349, 98.30709, 1.732827, 1.360018, 6.958117
 
31.69063, -0.01008913, -0.07226221, 5.140878, 0, 0.034671995802568261316265, 2054.141, -634.3328, -1.584829, 0.01663505, 0.1455349, 98.23388, 1.732827, 1.360018, 6.958117
 
31.70063, -0.01010169, -0.07236309, 5.136626, 0, 0.034750006372978384250612, 2050.914, -634.3328, -1.584829, 0.01663505, 0.1455349, 98.16074, 1.732827, 1.360018, 6.958117
 
31.71063, -0.01011198, -0.07246411, 5.13238, 0, 0.0348269388766134953984424688, 2047.693, -634.3328, -1.584829, 0.01663505, 0.1455349, 98.08767, 1.732827, 1.360018, 6.958117
 
31.72063, -0.01012612, -0.07256523, 5.12814, 0, 0.0349061187348335287541504688, 2044.478, -634.3328, -1.584829, 0.01663505, 0.1455349, 98.01466, 1.732827, 1.360018, 6.958117
 
31.73063, -0.01014114, -0.07266649, 5.123904, 0, 0.034985953725939882892904, 2041.269, -634.3328, -1.584829, 0.01663505, 0.1455349, 97.94171, 1.732827, 1.360018, 6.958117
 
31.74063, -0.01015395, -0.0727679, 5.119672, 0, 0.0350647521143778767290325312, 2038.065, -634.3328, -1.584829, 0.01663505, 0.1455349, 97.86882, 1.732827, 1.360018, 6.958117
 
31.75063, -0.01016721, -0.07286943, 5.115443, 0, 0.035143956851062033660217, 2034.866, -634.3328, -1.584829, 0.01663505, 0.1455349, 97.79599, 1.732827, 1.360018, 6.958117
 
31.76063, -0.01018195, -0.07297111, 5.111221, 0, 0.035224140140665039788866, 2031.674, -634.3328, -1.584829, 0.01663505, 0.1455349, 97.72323, 1.732827, 1.360018, 6.958117
 
31.77063, -0.01019403, -0.07307293, 5.107001, 0, 0.03530303804295927914226, 2028.487, -634.3328, -1.584829, 0.01663505, 0.1455349, 97.65052, 1.732827, 1.360018, 6.958117
 
31.78063, -0.01020663, -0.07317486, 5.102787, 0, 0.0353823671719634734533325312, 2025.305, -634.3328, -1.584829, 0.01663505, 0.1455349, 97.57789, 1.732827, 1.360018, 6.958117
 
31.79063, -0.01021814, -0.07327693, 5.098579, 0, 0.035461248488615101970098, 2022.13, -634.3328, -1.584829, 0.01663505, 0.1455349, 97.50533, 1.732827, 1.360018, 6.958117
 
31.80063, -0.01023304, -0.07337911, 5.094376, 0, 0.035542178132139327516637, 2018.961, -634.3328, -1.584829, 0.01663505, 0.1455349, 97.43282, 1.732827, 1.360018, 6.958117
 
31.81063, -0.01024814, -0.07348145, 5.090178, 0, 0.035623381438768000183069, 2015.797, -634.3328, -1.584829, 0.01663505, 0.1455349, 97.3604, 1.732827, 1.360018, 6.958117
 
31.82063, -0.01026061, -0.07358393, 5.085981, 0, 0.035703307650909252956667, 2012.638, -634.3328, -1.584829, 0.01663505, 0.1455349, 97.28802, 1.732827, 1.360018, 6.958117
 
31.83063, -0.01027429, -0.07368654, 5.081791, 0, 0.035784054852363847089944, 2009.486, -634.3328, -1.584829, 0.01663505, 0.1455349, 97.21572, 1.732827, 1.360018, 6.958117
 
31.84063, -0.01028587, -0.07378928, 5.077606, 0, 0.03586379862243546845028, 2006.339, -634.3328, -1.584829, 0.01663505, 0.1455349, 97.14348, 1.732827, 1.360018, 6.958117
 
31.85063, -0.01029863, -0.07389214, 5.073425, 0, 0.0359443633818203482420815312, 2003.197, -634.3328, -1.584829, 0.01663505, 0.1455349, 97.07128, 1.732827, 1.360018, 6.958117
 
31.86063, -0.01031168, -0.07399513, 5.069249, 0, 0.0360252598540593521153634688, 2000.061, -634.3328, -1.584829, 0.01663505, 0.1455349, 96.99917, 1.732827, 1.360018, 6.958117
 
31.87063, -0.01032226, -0.07409824, 5.065077, 0, 0.036104920695917421723276, 1996.931, -634.3328, -1.584829, 0.01663505, 0.1455349, 96.92713, 1.732827, 1.360018, 6.958117
 
31.88063, -0.0103379, -0.07420146, 5.060911, 0, 0.036187575246281798813383, 1993.807, -634.3328, -1.584829, 0.01663505, 0.1455349, 96.85515, 1.732827, 1.360018, 6.958117
 
31.89063, -0.01035287, -0.07430484, 5.056749, 0, 0.036270039061755197607807, 1990.688, -634.3328, -1.584829, 0.01663505, 0.1455349, 96.78323, 1.732827, 1.360018, 6.958117
 
31.90063, -0.01036591, -0.07440837, 5.052593, 0, 0.036351590666880439335921, 1987.575, -634.3328, -1.584829, 0.01663505, 0.1455349, 96.71138, 1.732827, 1.360018, 6.958117
 
31.91063, -0.0103807, -0.07451203, 5.048439, 0, 0.036434286681351550838133, 1984.467, -634.3328, -1.584829, 0.01663505, 0.1455349, 96.6396, 1.732827, 1.360018, 6.958117
 
31.92064, -0.01039171, -0.07461584, 5.044291, 0, 0.036515025589984798088989, 1981.365, -634.3328, -1.584829, 0.01663505, 0.1455349, 96.56788, 1.732827, 1.360018, 6.958117
 
31.93064, -0.01040453, -0.07471976, 5.040149, 0, 0.036596942079249302643627, 1978.269, -634.3328, -1.584829, 0.01663505, 0.1455349, 96.49623, 1.732827, 1.360018, 6.958117
 
31.94064, -0.01041417, -0.0748238, 5.03601, 0, 0.0366772165898872074071204688, 1975.178, -634.3328, -1.584829, 0.01663505, 0.1455349, 96.42464, 1.732827, 1.360018, 6.958117
 
31.95064, -0.01042566, -0.07492795, 5.031877, 0, 0.036758685266798897382811, 1972.093, -634.3328, -1.584829, 0.01663505, 0.1455349, 96.35313, 1.732827, 1.360018, 6.958117
 
31.96064, -0.01044044, -0.0750322, 5.027748, 0, 0.03684218568494065647986, 1969.014, -634.3328, -1.584829, 0.01663505, 0.1455349, 96.28169, 1.732827, 1.360018, 6.958117
 
31.97064, -0.01045289, -0.07513661, 5.023624, 0, 0.0369245251080939349661824688, 1965.94, -634.3328, -1.584829, 0.01663505, 0.1455349, 96.2103, 1.732827, 1.360018, 6.958117
 
31.98064, -0.01046586, -0.07524114, 5.019504, 0, 0.037007345514885166776496, 1962.872, -634.3328, -1.584829, 0.01663505, 0.1455349, 96.13898, 1.732827, 1.360018, 6.958117
 
31.99064, -0.01048027, -0.0753458, 5.01539, 0, 0.0370911278889528028040724688, 1959.81, -634.3328, -1.584829, 0.01663505, 0.1455349, 96.06773, 1.732827, 1.360018, 6.958117
 
32.00064, -0.01049205, -0.0754506, 5.011278, 0, 0.037173599997247465552704, 1956.751, -634.3328, -1.584829, 0.01663505, 0.1455349, 95.99654, 1.732827, 1.360018, 6.958117
 
32.01064, -0.0105053, -0.07555552, 5.007174, 0, 0.037257067244103837120069, 1953.701, -634.3328, -1.584829, 0.01663505, 0.1455349, 95.92542, 1.732827, 1.360018, 6.958117
 
32.02063, -0.01051548, -0.07566057, 5.003073, 0, 0.03733892568361891349776, 1950.655, -634.3328, -1.584829, 0.01663505, 0.1455349, 95.85438, 1.732827, 1.360018, 6.958117
 
32.03063, -0.01051793, -0.07576573, 5, 0, 0.037422890499756098010385, 1947.615, -634.3328, -1.584829, 0.01663505, 0.1455349, 95.78339, 1.732827, 1.360018, 6.958117
 
32.04063, -0.01048891, -0.07587091, 5, 0, 0.0375081572888446601348935312, 1944.581, -634.3328, -1.584829, 0.01663505, 0.1455349, 95.71249, 1.732827, 1.360018, 6.958117
 
32.05063, -0.01045762, -0.0759758, 5, 0, 0.0375921386906245384123605312, 1941.552, -634.3328, -1.584829, 0.01663505, 0.1455349, 95.64164, 1.732827, 1.360018, 6.958117
 
32.06063, -0.01042708, -0.07608037, 5, 0, 0.0376766093688640486090934688, 1938.527, -634.3328, -1.584829, 0.01663505, 0.1455349, 95.57085, 1.732827, 1.360018, 6.958117
 
32.07063, -0.01039849, -0.07618465, 5, 0, 0.037762224456449179795284, 1935.509, -634.3328, -1.584829, 0.01663505, 0.1455349, 95.50014, 1.732827, 1.360018, 6.958117
 
32.08062, -0.01036755, -0.07628863, 5, 0, 0.037846504399797545839907, 1932.497, -634.3328, -1.584829, 0.01663505, 0.1455349, 95.42948, 1.732827, 1.360018, 6.958117
 
32.09062, -0.01033809, -0.07639231, 5, 0, 0.0379316550893872516105215312, 1929.491, -634.3328, -1.584829, 0.01663505, 0.1455349, 95.35892, 1.732827, 1.360018, 6.958117
 
32.10062, -0.01030945, -0.07649569, 5, 0, 0.038017328226721976830086, 1926.49, -634.3328, -1.584829, 0.01663505, 0.1455349, 95.28842, 1.732827, 1.360018, 6.958117
 
32.11062, -0.01028316, -0.07659879, 5, 0, 0.038104427729328282897849, 1923.494, -634.3328, -1.584829, 0.01663505, 0.1455349, 95.21798, 1.732827, 1.360018, 6.958117
 
32.12062, -0.01025735, -0.07670162, 5, 0, 0.038191834066324423615189, 1920.504, -634.3328, -1.584829, 0.01663505, 0.1455349, 95.14761, 1.732827, 1.360018, 6.958117
 
32.13062, -0.01023022, -0.07680419, 5, 0, 0.038278535513506079326744, 1917.519, -634.3328, -1.584829, 0.01663505, 0.1455349, 95.0773, 1.732827, 1.360018, 6.958117
 
32.14061, -0.01020496, -0.07690649, 5, 0, 0.038366373077212257929976, 1914.54, -634.3328, -1.584829, 0.01663505, 0.1455349, 95.00706, 1.732827, 1.360018, 6.958117
 
32.15061, -0.01018202, -0.07700855, 5, 0, 0.0384556370061901832378334688, 1911.567, -634.3328, -1.584829, 0.01663505, 0.1455349, 94.93688, 1.732827, 1.360018, 6.958117
 
32.16061, -0.01015681, -0.07711037, 5, 0, 0.0385436404263231336330585312, 1908.598, -634.3328, -1.584829, 0.01663505, 0.1455349, 94.86677, 1.732827, 1.360018, 6.958117
 
32.17061, -0.01013403, -0.07721193, 5, 0, 0.038633128261477424766283, 1905.635, -634.3328, -1.584829, 0.01663505, 0.1455349, 94.79673, 1.732827, 1.360018, 6.958117
 
32.18061, -0.01010813, -0.07731327, 5, 0, 0.0387208331400419703225655312, 1902.678, -634.3328, -1.584829, 0.01663505, 0.1455349, 94.72678, 1.732827, 1.360018, 6.958117
 
32.19061, -0.01008863, -0.07741436, 5, 0, 0.0388123775948902053679845312, 1899.727, -634.3328, -1.584829, 0.01663505, 0.1455349, 94.65688, 1.732827, 1.360018, 6.958117
 
32.2006, -0.01007061, -0.07751524, 5, 0, 0.038904867431372067937611, 1896.781, -634.3328, -1.584829, 0.01663505, 0.1455349, 94.58706, 1.732827, 1.360018, 6.958117
 
32.2106, -0.01005124, -0.07761595, 5, 0, 0.0389966689636821392662944688, 1893.841, -634.3328, -1.584829, 0.01663505, 0.1455349, 94.5173, 1.732827, 1.360018, 6.958117
 
32.2206, -0.01003379, -0.07771647, 5, 0, 0.03908970612637273021928, 1890.906, -634.3328, -1.584829, 0.01663505, 0.1455349, 94.44762, 1.732827, 1.360018, 6.958117
 
32.2306, -0.01001465, -0.07781681, 5, 0, 0.03918183937153659391659, 1887.976, -634.3328, -1.584829, 0.01663505, 0.1455349, 94.378, 1.732827, 1.360018, 6.958117
 
32.2406, -0.009997923, -0.07791695, 5, 0, 0.039275498495828283979364, 1885.052, -634.3328, -1.584829, 0.01663505, 0.1455349, 94.30843, 1.732827, 1.360018, 6.958117
 
32.2506, -0.009982635, -0.07801693, 5, 0, 0.0393700947089322546839244688, 1882.134, -634.3328, -1.584829, 0.01663505, 0.1455349, 94.23898, 1.732827, 1.360018, 6.958117
 
32.26059, -0.009970151, -0.07811675, 5, 0, 0.039466482171446986134994, 1879.222, -634.3328, -1.584829, 0.01663505, 0.1455349, 94.16957, 1.732827, 1.360018, 6.958117
 
32.27059, -0.009959039, -0.07821646, 5, 0, 0.039563839894059385757534, 1876.314, -634.3328, -1.584829, 0.01663505, 0.1455349, 94.10023, 1.732827, 1.360018, 6.958117
 
32.28059, -0.009949878, -0.07831605, 5, 0, 0.0396624912968018161095365312, 1873.412, -634.3328, -1.584829, 0.01663505, 0.1455349, 94.03096, 1.732827, 1.360018, 6.958117
 
32.29059, -0.00993939, -0.07841554, 5, 0, 0.0397605207379434790646044688, 1870.515, -634.3328, -1.584829, 0.01663505, 0.1455349, 93.96176, 1.732827, 1.360018, 6.958117
 
32.30059, -0.009931806, -0.07851493, 5, 0, 0.039860407771066594897336, 1867.625, -634.3328, -1.584829, 0.01663505, 0.1455349, 93.89263, 1.732827, 1.360018, 6.958117
 
32.31059, -0.009922457, -0.07861425, 5, 0, 0.0399594157651269411934415312, 1864.739, -634.3328, -1.584829, 0.01663505, 0.1455349, 93.82357, 1.732827, 1.360018, 6.958117
 
32.32058, -0.009915092, -0.07871348, 5, 0, 0.0400597589034243843439684688, 1861.858, -634.3328, -1.584829, 0.01663505, 0.1455349, 93.75456, 1.732827, 1.360018, 6.958117
 
32.33058, -0.00991053, -0.07881263, 5, 0, 0.0401619513408818505615245312, 1858.984, -634.3328, -1.584829, 0.01663505, 0.1455349, 93.68564, 1.732827, 1.360018, 6.958117
 
32.34058, -0.009905209, -0.07891174, 5, 0, 0.040263870115235118443828, 1856.114, -634.3328, -1.584829, 0.01663505, 0.1455349, 93.61679, 1.732827, 1.360018, 6.958117
 
32.35058, -0.009903494, -0.07901079, 5, 0, 0.040368152343672164887903, 1853.25, -634.3328, -1.584829, 0.01663505, 0.1455349, 93.54801, 1.732827, 1.360018, 6.958117
 
32.36058, -0.009905553, -0.07910983, 5, 0, 0.0404748975400493183392284688, 1850.392, -634.3328, -1.584829, 0.01663505, 0.1455349, 93.47931, 1.732827, 1.360018, 6.958117
 
32.37057, -0.009905352, -0.07920888, 5, 0, 0.040580490034259089277608, 1847.54, -634.3328, -1.584829, 0.01663505, 0.1455349, 93.41067, 1.732827, 1.360018, 6.958117
 
32.38057, -0.00990841, -0.07930794, 5, 0, 0.040688305004589907633029, 1844.692, -634.3328, -1.584829, 0.01663505, 0.1455349, 93.34209, 1.732827, 1.360018, 6.958117
 
32.39057, -0.009913442, -0.07940702, 5, 0, 0.04079752975454969600002, 1841.849, -634.3328, -1.584829, 0.01663505, 0.1455349, 93.27358, 1.732827, 1.360018, 6.958117
 
32.40057, -0.009916831, -0.07950616, 5, 0, 0.0409059998577669180667, 1839.012, -634.3328, -1.584829, 0.01663505, 0.1455349, 93.20515, 1.732827, 1.360018, 6.958117
 
32.41057, -0.009922953, -0.07960533, 5, 0, 0.041016352431429882442947, 1836.181, -634.3328, -1.584829, 0.01663505, 0.1455349, 93.13679, 1.732827, 1.360018, 6.958117
 
32.42057, -0.009927879, -0.07970455, 5, 0, 0.0411262240214548105669894688, 1833.355, -634.3328, -1.584829, 0.01663505, 0.1455349, 93.06851, 1.732827, 1.360018, 6.958117
 
32.43056, -0.009937347, -0.07980383, 5, 0, 0.041239130784092531800691, 1830.534, -634.3328, -1.584829, 0.01663505, 0.1455349, 93.00027, 1.732827, 1.360018, 6.958117
 
32.44056, -0.009946512, -0.07990321, 5, 0, 0.041352103889301111021974, 1827.719, -634.3328, -1.584829, 0.01663505, 0.1455349, 92.93214, 1.732827, 1.360018, 6.958117
 
32.45056, -0.009957593, -0.08000267, 5, 0, 0.041466519945424047784511, 1824.91, -634.3328, -1.584829, 0.01663505, 0.1455349, 92.86407, 1.732827, 1.360018, 6.958117
 
32.46056, -0.009970512, -0.08010225, 5, 0, 0.041582370659639995205881, 1822.105, -634.3328, -1.584829, 0.01663505, 0.1455349, 92.79607, 1.732827, 1.360018, 6.958117
 
32.47056, -0.009985804, -0.08020195, 5, 0, 0.041699946280696094170819, 1819.306, -634.3328, -1.584829, 0.01663505, 0.1455349, 92.72813, 1.732827, 1.360018, 6.958117
 
32.48056, -0.009999895, -0.08030181, 5, 0, 0.0418170989678634192040725312, 1816.513, -634.3328, -1.584829, 0.01663505, 0.1455349, 92.66027, 1.732827, 1.360018, 6.958117
 
32.49055, -0.01001638, -0.08040182, 5, 0, 0.041936034611620489814268, 1813.725, -634.3328, -1.584829, 0.01663505, 0.1455349, 92.59248, 1.732827, 1.360018, 6.958117
 
32.50055, -0.01003072, -0.08050198, 5, 0, 0.04205397511681585160573, 1810.941, -634.3328, -1.584829, 0.01663505, 0.1455349, 92.52476, 1.732827, 1.360018, 6.958117
 
32.51055, -0.01004788, -0.08060229, 5, 0, 0.0421739556560624635445445312, 1808.163, -634.3328, -1.584829, 0.01663505, 0.1455349, 92.4571, 1.732827, 1.360018, 6.958117
 
32.52055, -0.01006747, -0.08070277, 5, 0, 0.0422957440303629446357774688, 1805.392, -634.3328, -1.584829, 0.01663505, 0.1455349, 92.38955, 1.732827, 1.360018, 6.958117
 
32.53055, -0.01008842, -0.08080344, 5, 0, 0.0424187099852945171743654688, 1802.625, -634.3328, -1.584829, 0.01663505, 0.1455349, 92.32205, 1.732827, 1.360018, 6.958117
 
32.54055, -0.01011038, -0.08090432, 5, 0, 0.0425426627859663687210524688, 1799.864, -634.3328, -1.584829, 0.01663505, 0.1455349, 92.25462, 1.732827, 1.360018, 6.958117
 
32.55054, -0.01013525, -0.08100542, 5, 0, 0.042668788305831020533828, 1797.108, -634.3328, -1.584829, 0.01663505, 0.1455349, 92.18727, 1.732827, 1.360018, 6.958117
 
32.56054, -0.0101584, -0.08110677, 5, 0, 0.042794225521523964033874, 1794.357, -634.3328, -1.584829, 0.01663505, 0.1455349, 92.11999, 1.732827, 1.360018, 6.958117
 
32.57054, -0.01018354, -0.08120836, 5, 0, 0.042921263251736855841173, 1791.612, -634.3328, -1.584829, 0.01663505, 0.1455349, 92.05276, 1.732827, 1.360018, 6.958117
 
32.58054, -0.01021067, -0.08131019, 5, 0, 0.0430499097892909599099325312, 1788.872, -634.3328, -1.584829, 0.01663505, 0.1455349, 91.98563, 1.732827, 1.360018, 6.958117
 
32.59054, -0.01023611, -0.0814123, 5, 0, 0.043177892901137479241439, 1786.137, -634.3328, -1.584829, 0.01663505, 0.1455349, 91.91855, 1.732827, 1.360018, 6.958117
 
32.60054, -0.01026411, -0.08151466, 5, 0, 0.0433078414116432097067224688, 1783.408, -634.3328, -1.584829, 0.01663505, 0.1455349, 91.85158, 1.732827, 1.360018, 6.958117
 
32.61053, -0.01029207, -0.0816173, 5, 0, 0.0434382045632160355084155312, 1780.684, -634.3328, -1.584829, 0.01663505, 0.1455349, 91.78465, 1.732827, 1.360018, 6.958117
 
32.62053, -0.01031958, -0.08172023, 5, 0, 0.043568650643002578918959, 1777.965, -634.3328, -1.584829, 0.01663505, 0.1455349, 91.7178, 1.732827, 1.360018, 6.958117
 
32.63053, -0.01035201, -0.08182342, 5, 0, 0.0437025962933973408547375312, 1775.252, -634.3328, -1.584829, 0.01663505, 0.1455349, 91.65105, 1.732827, 1.360018, 6.958117
 
32.64053, -0.01038233, -0.08192694, 5, 0, 0.043835638026265458463054, 1772.544, -634.3328, -1.584829, 0.01663505, 0.1455349, 91.58434, 1.732827, 1.360018, 6.958117
 
32.65053, -0.0104139, -0.08203077, 5, 0, 0.0439698656325861802575734688, 1769.843, -634.3328, -1.584829, 0.01663505, 0.1455349, 91.51773, 1.732827, 1.360018, 6.958117
 
32.66053, -0.01044474, -0.0821349, 5, 0, 0.044104068360442695548403, 1767.145, -634.3328, -1.584829, 0.01663505, 0.1455349, 91.45118, 1.732827, 1.360018, 6.958117
 
32.67052, -0.0104764, -0.08223935, 5, 0, 0.0442392164699327554352265312, 1764.453, -634.3328, -1.584829, 0.01663505, 0.1455349, 91.3847, 1.732827, 1.360018, 6.958117
 
32.68052, -0.01051048, -0.08234411, 5, 0, 0.044376338270903539194675, 1761.766, -634.3328, -1.584829, 0.01663505, 0.1455349, 91.3183, 1.732827, 1.360018, 6.958117
 
32.69052, -0.01054176, -0.08244922, 5, 0, 0.0445121083419946152630735312, 1759.085, -634.3328, -1.584829, 0.01663505, 0.1455349, 91.25196, 1.732827, 1.360018, 6.958117
 
32.70052, -0.01057521, -0.08255464, 5, 0, 0.04464971112660351820294, 1756.408, -634.3328, -1.584829, 0.01663505, 0.1455349, 91.18568, 1.732827, 1.360018, 6.958117
 
32.71052, -0.01060986, -0.08266039, 5, 0, 0.0447884583205581250604775312, 1753.738, -634.3328, -1.584829, 0.01663505, 0.1455349, 91.11952, 1.732827, 1.360018, 6.958117
 
32.72052, -0.01064546, -0.08276649, 5, 0, 0.044928291874109339371593, 1751.073, -634.3328, -1.584829, 0.01663505, 0.1455349, 91.05342, 1.732827, 1.360018, 6.958117
 
32.73051, -0.01068178, -0.08287294, 5, 0, 0.0450690459308300576314394688, 1748.412, -634.3328, -1.584829, 0.01663505, 0.1455349, 90.98739, 1.732827, 1.360018, 6.958117
 
32.74051, -0.01071994, -0.08297976, 5, 0, 0.0452114253805346819175884688, 1745.758, -634.3328, -1.584829, 0.01663505, 0.1455349, 90.92144, 1.732827, 1.360018, 6.958117
 
32.75051, -0.01075567, -0.08308696, 5, 0, 0.0453527516419282521362704688, 1743.108, -634.3328, -1.584829, 0.01663505, 0.1455349, 90.85555, 1.732827, 1.360018, 6.958117
 
32.76051, -0.01079277, -0.08319452, 5, 0, 0.0454953715834519360126284688, 1740.464, -634.3328, -1.584829, 0.01663505, 0.1455349, 90.78975, 1.732827, 1.360018, 6.958117
 
32.77051, -0.01082798, -0.08330245, 5, 0, 0.0456372783423397880007804688, 1737.825, -634.3328, -1.584829, 0.01663505, 0.1455349, 90.72401, 1.732827, 1.360018, 6.958117
 
32.78051, -0.01086454, -0.08341072, 5, 0, 0.0457805119526429753198655312, 1735.191, -634.3328, -1.584829, 0.01663505, 0.1455349, 90.65834, 1.732827, 1.360018, 6.958117
 
32.7905, -0.01090192, -0.08351937, 5, 0, 0.0459247324086867733599034688, 1732.562, -634.3328, -1.584829, 0.01663505, 0.1455349, 90.59276, 1.732827, 1.360018, 6.958117
 
32.8005, -0.01093751, -0.08362839, 5, 0, 0.046068264560558531374358, 1729.938, -634.3328, -1.584829, 0.01663505, 0.1455349, 90.52724, 1.732827, 1.360018, 6.958117
 
32.8105, -0.01097372, -0.08373776, 5, 0, 0.046212650873029101206389, 1727.321, -634.3328, -1.584829, 0.01663505, 0.1455349, 90.46183, 1.732827, 1.360018, 6.958117
 
32.8205, -0.01101098, -0.0838475, 5, 0, 0.046358173302024193930097, 1724.709, -634.3328, -1.584829, 0.01663505, 0.1455349, 90.39648, 1.732827, 1.360018, 6.958117
 
32.8305, -0.01104789, -0.08395761, 5, 0, 0.046503961101302386891277, 1722.101, -634.3328, -1.584829, 0.01663505, 0.1455349, 90.33121, 1.732827, 1.360018, 6.958117
 
32.8405, -0.01108709, -0.08406809, 5, 0, 0.0466517308848824018228625312, 1719.499, -634.3328, -1.584829, 0.01663505, 0.1455349, 90.26599, 1.732827, 1.360018, 6.958117
 
32.85049, -0.01112601, -0.08417896, 5, 0, 0.04679979091720972349561, 1716.902, -634.3328, -1.584829, 0.01663505, 0.1455349, 90.20087, 1.732827, 1.360018, 6.958117
 
32.86049, -0.01116359, -0.08429022, 5, 0, 0.0469474611869335758381435312, 1714.31, -634.3328, -1.584829, 0.01663505, 0.1455349, 90.1358, 1.732827, 1.360018, 6.958117
 
32.87049, -0.01120141, -0.08440186, 5, 0, 0.047095786589543997748363, 1711.723, -634.3328, -1.584829, 0.01663505, 0.1455349, 90.07083, 1.732827, 1.360018, 6.958117
 
32.88049, -0.01123717, -0.08451387, 5, 0, 0.047243232953091567193743, 1709.141, -634.3328, -1.584829, 0.01663505, 0.1455349, 90.00593, 1.732827, 1.360018, 6.958117
 
32.89049, -0.01127272, -0.08462624, 5, 0, 0.0473910193223144417465974688, 1706.565, -634.3328, -1.584829, 0.01663505, 0.1455349, 89.94109, 1.732827, 1.360018, 6.958117
 
32.90049, -0.01131018, -0.08473897, 5, 0, 0.0475404891342704846462745312, 1703.995, -634.3328, -1.584829, 0.01663505, 0.1455349, 89.87636, 1.732827, 1.360018, 6.958117
 
32.91048, -0.01134753, -0.08485207, 5, 0, 0.0476903984657580781706915312, 1701.43, -634.3328, -1.584829, 0.01663505, 0.1455349, 89.81169, 1.732827, 1.360018, 6.958117
 
32.92048, -0.01138558, -0.08496554, 5, 0, 0.0478412614717005631735235312, 1698.869, -634.3328, -1.584829, 0.01663505, 0.1455349, 89.7471, 1.732827, 1.360018, 6.958117
 
32.93048, -0.01142438, -0.08507939, 5, 0, 0.047993086444919369465405, 1696.314, -634.3328, -1.584829, 0.01663505, 0.1455349, 89.68259, 1.732827, 1.360018, 6.958117
 
32.94048, -0.01145952, -0.08519364, 5, 0, 0.0481429874835855331791875312, 1693.765, -634.3328, -1.584829, 0.01663505, 0.1455349, 89.61815, 1.732827, 1.360018, 6.958117
 
32.95048, -0.01149542, -0.08530824, 5, 0, 0.0482938670751707119468615312, 1691.22, -634.3328, -1.584829, 0.01663505, 0.1455349, 89.55379, 1.732827, 1.360018, 6.958117
 
32.96048, -0.01152936, -0.08542319, 5, 0, 0.0484439256774427152112834688, 1688.681, -634.3328, -1.584829, 0.01663505, 0.1455349, 89.48951, 1.732827, 1.360018, 6.958117
 
32.97047, -0.0115637, -0.08553848, 5, 0, 0.048594730633635689108955, 1686.146, -634.3328, -1.584829, 0.01663505, 0.1455349, 89.42529, 1.732827, 1.360018, 6.958117
 
32.98047, -0.01159812, -0.08565412, 5, 0, 0.048746049744752252644942, 1683.616, -634.3328, -1.584829, 0.01663505, 0.1455349, 89.36116, 1.732827, 1.360018, 6.958117
 
32.99047, -0.01162973, -0.08577011, 5, 0, 0.048895959076239846169359, 1681.092, -634.3328, -1.584829, 0.01663505, 0.1455349, 89.2971, 1.732827, 1.360018, 6.958117
 
33.00047, -0.01166143, -0.0858864, 5, 0, 0.0490464074411150699793544688, 1678.573, -634.3328, -1.584829, 0.01663505, 0.1455349, 89.2331, 1.732827, 1.360018, 6.958117
 
33.01047, -0.01169409, -0.08600302, 5, 0, 0.049197892408658488235548, 1676.06, -634.3328, -1.584829, 0.01663505, 0.1455349, 89.16922, 1.732827, 1.360018, 6.958117
 
33.02047, -0.01172643, -0.08611996, 5, 0, 0.0493496344536636598467925312, 1673.552, -634.3328, -1.584829, 0.01663505, 0.1455349, 89.1054, 1.732827, 1.360018, 6.958117
 
33.03046, -0.01175923, -0.08623723, 5, 0, 0.04950217260951829802688, 1671.048, -634.3328, -1.584829, 0.01663505, 0.1455349, 89.04166, 1.732827, 1.360018, 6.958117
 
33.04046, -0.01179208, -0.08635482, 5, 0, 0.0496551917490108895309585312, 1668.55, -634.3328, -1.584829, 0.01663505, 0.1455349, 88.978, 1.732827, 1.360018, 6.958117
 
33.05046, -0.01182198, -0.08647274, 5, 0, 0.049806693302197167408421, 1666.057, -634.3328, -1.584829, 0.01663505, 0.1455349, 88.91441, 1.732827, 1.360018, 6.958117
 
33.06046, -0.01185173, -0.08659096, 5, 0, 0.0499585182754159737003024688, 1663.57, -634.3328, -1.584829, 0.01663505, 0.1455349, 88.85091, 1.732827, 1.360018, 6.958117
 
33.07046, -0.0118797, -0.08670948, 5, 0, 0.050109596894713394717867, 1661.088, -634.3328, -1.584829, 0.01663505, 0.1455349, 88.78748, 1.732827, 1.360018, 6.958117
 
33.08046, -0.01190735, -0.08682828, 5, 0, 0.050260916005829958253854, 1658.609, -634.3328, -1.584829, 0.01663505, 0.1455349, 88.72412, 1.732827, 1.360018, 6.958117
 
33.09045, -0.01193544, -0.08694735, 5, 0, 0.0504129482995822707498335312, 1656.137, -634.3328, -1.584829, 0.01663505, 0.1455349, 88.66085, 1.732827, 1.360018, 6.958117
 
33.10045, -0.0119606, -0.0870667, 5, 0, 0.0505633966644575774880424688, 1653.671, -634.3328, -1.584829, 0.01663505, 0.1455349, 88.59767, 1.732827, 1.360018, 6.958117
 
33.11045, -0.01198826, -0.08718631, 5, 0, 0.05071599287006147798865, 1651.208, -634.3328, -1.584829, 0.01663505, 0.1455349, 88.53454, 1.732827, 1.360018, 6.958117
 
33.12045, -0.01201403, -0.08730619, 5, 0, 0.050867710036602691880845, 1648.752, -634.3328, -1.584829, 0.01663505, 0.1455349, 88.47151, 1.732827, 1.360018, 6.958117
 
33.13045, -0.01203799, -0.08742633, 5, 0, 0.0510186310922945221324105312, 1646.3, -634.3328, -1.584829, 0.01663505, 0.1455349, 88.40856, 1.732827, 1.360018, 6.958117
 
33.14045, -0.01206284, -0.08754671, 5, 0, 0.051170555579369491013344, 1643.854, -634.3328, -1.584829, 0.01663505, 0.1455349, 88.34569, 1.732827, 1.360018, 6.958117
 
33.15044, -0.01208791, -0.08766733, 5, 0, 0.0513230439782960478989054688, 1641.412, -634.3328, -1.584829, 0.01663505, 0.1455349, 88.2829, 1.732827, 1.360018, 6.958117
 
33.16044, -0.01210987, -0.08778821, 5, 0, 0.0514738240560248982211005312, 1638.976, -634.3328, -1.584829, 0.01663505, 0.1455349, 88.22018, 1.732827, 1.360018, 6.958117
 
33.17044, -0.01213147, -0.08790931, 5, 0, 0.0516247865758237116694114688, 1636.544, -634.3328, -1.584829, 0.01663505, 0.1455349, 88.15752, 1.732827, 1.360018, 6.958117
 
33.18044, -0.01215354, -0.08803063, 5, 0, 0.051776445692615414456446, 1634.118, -634.3328, -1.584829, 0.01663505, 0.1455349, 88.09496, 1.732827, 1.360018, 6.958117
 
33.19044, -0.01217243, -0.08815216, 5, 0, 0.051926296974353579803916, 1631.697, -634.3328, -1.584829, 0.01663505, 0.1455349, 88.03248, 1.732827, 1.360018, 6.958117
 
33.20044, -0.01219144, -0.08827389, 5, 0, 0.0520766126540870876387485312, 1629.282, -634.3328, -1.584829, 0.01663505, 0.1455349, 87.97008, 1.732827, 1.360018, 6.958117
 
33.21043, -0.01220749, -0.0883958, 5, 0, 0.052225253183908691080966, 1626.871, -634.3328, -1.584829, 0.01663505, 0.1455349, 87.90778, 1.732827, 1.360018, 6.958117
 
33.22043, -0.01222587, -0.08851788, 5, 0, 0.0523758839908533804477965312, 1624.466, -634.3328, -1.584829, 0.01663505, 0.1455349, 87.84554, 1.732827, 1.360018, 6.958117
 
33.23043, -0.01224391, -0.08864014, 5, 0, 0.052526630897297092024948, 1622.065, -634.3328, -1.584829, 0.01663505, 0.1455349, 87.78339, 1.732827, 1.360018, 6.958117
 
33.24043, -0.01226264, -0.08876257, 5, 0, 0.052678231964339449563249, 1619.67, -634.3328, -1.584829, 0.01663505, 0.1455349, 87.72131, 1.732827, 1.360018, 6.958117
 
33.25043, -0.01227827, -0.0888852, 5, 0, 0.052828058367613574263456, 1617.28, -634.3328, -1.584829, 0.01663505, 0.1455349, 87.65932, 1.732827, 1.360018, 6.958117
 
33.26043, -0.01229425, -0.08900799, 5, 0, 0.052978506732488715145238, 1614.894, -634.3328, -1.584829, 0.01663505, 0.1455349, 87.59739, 1.732827, 1.360018, 6.958117
 
33.27042, -0.01230996, -0.08913093, 5, 0, 0.053129112660969446793019, 1612.514, -634.3328, -1.584829, 0.01663505, 0.1455349, 87.53555, 1.732827, 1.360018, 6.958117
 
33.28042, -0.0123223, -0.08925403, 5, 0, 0.053277711726684232894918, 1610.139, -634.3328, -1.584829, 0.01663505, 0.1455349, 87.47379, 1.732827, 1.360018, 6.958117
 
33.29042, -0.01233506, -0.08937725, 5, 0, 0.053426957632464075825655, 1607.769, -634.3328, -1.584829, 0.01663505, 0.1455349, 87.41212, 1.732827, 1.360018, 6.958117
 
33.30042, -0.01234491, -0.08950061, 5, 0, 0.053574453752939726565561, 1605.405, -634.3328, -1.584829, 0.01663505, 0.1455349, 87.35055, 1.732827, 1.360018, 6.958117
 
33.31042, -0.01235684, -0.08962405, 5, 0, 0.0537237577084689147450315312, 1603.045, -634.3328, -1.584829, 0.01663505, 0.1455349, 87.28904, 1.732827, 1.360018, 6.958117
 
33.32042, -0.01236878, -0.08974762, 5, 0, 0.0538733602055666736198715312, 1600.691, -634.3328, -1.584829, 0.01663505, 0.1455349, 87.22763, 1.732827, 1.360018, 6.958117
 
33.33041, -0.01237791, -0.08987131, 5, 0, 0.05402134560250187335083, 1598.342, -634.3328, -1.584829, 0.01663505, 0.1455349, 87.1663, 1.732827, 1.360018, 6.958117
 
33.34041, -0.01238737, -0.08999509, 5, 0, 0.054169894911288578158203, 1595.997, -634.3328, -1.584829, 0.01663505, 0.1455349, 87.10503, 1.732827, 1.360018, 6.958117
 
33.35041, -0.01239637, -0.09011896, 5, 0, 0.0543184027559684656252575312, 1593.658, -634.3328, -1.584829, 0.01663505, 0.1455349, 87.04385, 1.732827, 1.360018, 6.958117
 
33.36041, -0.01240263, -0.09024292, 5, 0, 0.0544653100861286535696994688, 1591.323, -634.3328, -1.584829, 0.01663505, 0.1455349, 86.98276, 1.732827, 1.360018, 6.958117
 
33.37041, -0.01240858, -0.09036695, 5, 0, 0.0546123086373234913643454688, 1588.993, -634.3328, -1.584829, 0.01663505, 0.1455349, 86.92173, 1.732827, 1.360018, 6.958117
 
33.38041, -0.01241535, -0.09049104, 5, 0, 0.054760144763474281355299, 1586.669, -634.3328, -1.584829, 0.01663505, 0.1455349, 86.86079, 1.732827, 1.360018, 6.958117
 
33.3904, -0.01241858, -0.0906152, 5, 0, 0.0549057749991469664786934688, 1584.35, -634.3328, -1.584829, 0.01663505, 0.1455349, 86.79993, 1.732827, 1.360018, 6.958117
 
33.4004, -0.01242277, -0.09073938, 5, 0, 0.05505239208055976475376, 1582.034, -634.3328, -1.584829, 0.01663505, 0.1455349, 86.73914, 1.732827, 1.360018, 6.958117
 
33.4104, -0.01242631, -0.09086362, 5, 0, 0.055198752084510892601989, 1579.726, -634.3328, -1.584829, 0.01663505, 0.1455349, 86.67847, 1.732827, 1.360018, 6.958117
 
33.4204, -0.01242934, -0.09098788, 5, 0, 0.055345037453069898508429, 1577.422, -634.3328, -1.584829, 0.01663505, 0.1455349, 86.61788, 1.732827, 1.360018, 6.958117
 
33.4304, -0.01243255, -0.09111217, 5, 0, 0.0554917042914107780780215312, 1575.124, -634.3328, -1.584829, 0.01663505, 0.1455349, 86.55737, 1.732827, 1.360018, 6.958117
 
33.4404, -0.0124359, -0.09123649, 5, 0, 0.0556387691851763909320355312, 1572.829, -634.3328, -1.584829, 0.01663505, 0.1455349, 86.49693, 1.732827, 1.360018, 6.958117
 
33.45039, -0.01243651, -0.09136085, 5, 0, 0.0557841423433874056285924688, 1570.54, -634.3328, -1.584829, 0.01663505, 0.1455349, 86.43658, 1.732827, 1.360018, 6.958117
 
33.46039, -0.01243751, -0.09148522, 5, 0, 0.055930029656521678250611, 1568.256, -634.3328, -1.584829, 0.01663505, 0.1455349, 86.3763, 1.732827, 1.360018, 6.958117
 
33.47039, -0.01243854, -0.09160959, 5, 0, 0.056076207218403174685578, 1565.977, -634.3328, -1.584829, 0.01663505, 0.1455349, 86.31612, 1.732827, 1.360018, 6.958117
 
33.48039, -0.01243671, -0.09173398, 5, 0, 0.056220593530873744517609, 1563.703, -634.3328, -1.584829, 0.01663505, 0.1455349, 86.256, 1.732827, 1.360018, 6.958117
 
33.49039, -0.01243466, -0.09185834, 5, 0, 0.056365021307451048761745, 1561.434, -634.3328, -1.584829, 0.01663505, 0.1455349, 86.19597, 1.732827, 1.360018, 6.958117
 
33.50039, -0.01243336, -0.09198269, 5, 0, 0.0565102534876990835289314688, 1559.169, -634.3328, -1.584829, 0.01663505, 0.1455349, 86.13602, 1.732827, 1.360018, 6.958117
 
33.51038, -0.01242879, -0.09210703, 5, 0, 0.056653329534396763010231, 1556.911, -634.3328, -1.584829, 0.01663505, 0.1455349, 86.07619, 1.732827, 1.360018, 6.958117
 
33.52038, -0.01242782, -0.09223132, 5, 0, 0.056799200261888424795621, 1554.657, -634.3328, -1.584829, 0.01663505, 0.1455349, 86.01642, 1.732827, 1.360018, 6.958117
 
33.53038, -0.01242695, -0.09235559, 5, 0, 0.05694539440941261499543, 1552.408, -634.3328, -1.584829, 0.01663505, 0.1455349, 85.95675, 1.732827, 1.360018, 6.958117
 
33.54038, -0.01242296, -0.09247986, 5, 0, 0.057089565108528165884515, 1550.164, -634.3328, -1.584829, 0.01663505, 0.1455349, 85.89716, 1.732827, 1.360018, 6.958117
 
33.55038, -0.01241914, -0.09260409, 5, 0, 0.0572340675204976749986534688, 1547.926, -634.3328, -1.584829, 0.01663505, 0.1455349, 85.83763, 1.732827, 1.360018, 6.958117
 
33.56038, -0.01241581, -0.09272829, 5, 0, 0.057379167015603993790677, 1545.691, -634.3328, -1.584829, 0.01663505, 0.1455349, 85.77821, 1.732827, 1.360018, 6.958117
 
33.57037, -0.01240925, -0.09285244, 5, 0, 0.0575221186699814700356615312, 1543.462, -634.3328, -1.584829, 0.01663505, 0.1455349, 85.71886, 1.732827, 1.360018, 6.958117
 
33.58037, -0.01240408, -0.09297653, 5, 0, 0.0576662893690970209247465312, 1541.238, -634.3328, -1.584829, 0.01663505, 0.1455349, 85.65958, 1.732827, 1.360018, 6.958117
 
33.59037, -0.01239901, -0.09310057, 5, 0, 0.057810700560031714332254, 1539.019, -634.3328, -1.584829, 0.01663505, 0.1455349, 85.60041, 1.732827, 1.360018, 6.958117
 
33.60037, -0.01239159, -0.09322456, 5, 0, 0.0579536024574812751391394688, 1536.806, -634.3328, -1.584829, 0.01663505, 0.1455349, 85.54133, 1.732827, 1.360018, 6.958117
 
33.61037, -0.01238609, -0.09334848, 5, 0, 0.058098104869450618396851, 1534.597, -634.3328, -1.584829, 0.01663505, 0.1455349, 85.48233, 1.732827, 1.360018, 6.958117
 
33.62037, -0.01238156, -0.09347234, 5, 0, 0.0582434946133040780736095312, 1532.393, -634.3328, -1.584829, 0.01663505, 0.1455349, 85.42343, 1.732827, 1.360018, 6.958117
 
33.63036, -0.01237449, -0.09359615, 5, 0, 0.058387242378531020887437, 1530.194, -634.3328, -1.584829, 0.01663505, 0.1455349, 85.3646, 1.732827, 1.360018, 6.958117
 
33.64036, -0.01236785, -0.0937199, 5, 0, 0.058531504298681387483153, 1528, -634.3328, -1.584829, 0.01663505, 0.1455349, 85.30585, 1.732827, 1.360018, 6.958117
 
33.65036, -0.01236169, -0.09384358, 5, 0, 0.0586762886665766905996054688, 1525.811, -634.3328, -1.584829, 0.01663505, 0.1455349, 85.2472, 1.732827, 1.360018, 6.958117
 
33.66036, -0.01235236, -0.0939672, 5, 0, 0.058818950072207025959855, 1523.627, -634.3328, -1.584829, 0.01663505, 0.1455349, 85.18862, 1.732827, 1.360018, 6.958117
 
33.67036, -0.01234436, -0.09409072, 5, 0, 0.058962764180004660904837, 1521.447, -634.3328, -1.584829, 0.01663505, 0.1455349, 85.13012, 1.732827, 1.360018, 6.958117
 
33.68036, -0.0123367, -0.09421416, 5, 0, 0.0591069929288697228990824688, 1519.273, -634.3328, -1.584829, 0.01663505, 0.1455349, 85.07172, 1.732827, 1.360018, 6.958117
 
33.69035, -0.01232642, -0.09433753, 5, 0, 0.059249488478073120610912, 1517.104, -634.3328, -1.584829, 0.01663505, 0.1455349, 85.01339, 1.732827, 1.360018, 6.958117
 
33.70035, -0.01231671, -0.09446079, 5, 0, 0.0593925230606640656801065312, 1514.94, -634.3328, -1.584829, 0.01663505, 0.1455349, 84.95518, 1.732827, 1.360018, 6.958117
 
33.71035, -0.0123105, -0.09458396, 5, 0, 0.059538335738406382216763, 1512.78, -634.3328, -1.584829, 0.01663505, 0.1455349, 84.89705, 1.732827, 1.360018, 6.958117
 
33.72035, -0.01230087, -0.09470706, 5, 0, 0.0596817766692434074528, 1510.626, -634.3328, -1.584829, 0.01663505, 0.1455349, 84.839, 1.732827, 1.360018, 6.958117
 
33.73035, -0.01229263, -0.09483007, 5, 0, 0.059826420059175730639882, 1508.477, -634.3328, -1.584829, 0.01663505, 0.1455349, 84.78104, 1.732827, 1.360018, 6.958117
 
33.74035, -0.01228504, -0.094953, 5, 0, 0.059971735167637151303065, 1506.333, -634.3328, -1.584829, 0.01663505, 0.1455349, 84.72317, 1.732827, 1.360018, 6.958117
 
33.75034, -0.01227459, -0.09507585, 5, 0, 0.0601150931702606247866785312, 1504.193, -634.3328, -1.584829, 0.01663505, 0.1455349, 84.66537, 1.732827, 1.360018, 6.958117
 
33.76034, -0.01226566, -0.0951986, 5, 0, 0.060259761438657071549237, 1502.058, -634.3328, -1.584829, 0.01663505, 0.1455349, 84.60766, 1.732827, 1.360018, 6.958117
 
33.77034, -0.01225647, -0.09532126, 5, 0, 0.060404388242946700971477, 1499.928, -634.3328, -1.584829, 0.01663505, 0.1455349, 84.55003, 1.732827, 1.360018, 6.958117
 
33.78034, -0.0122487, -0.09544382, 5, 0, 0.0605502423847955860638115312, 1497.803, -634.3328, -1.584829, 0.01663505, 0.1455349, 84.49249, 1.732827, 1.360018, 6.958117
 
33.79034, -0.01223821, -0.09556631, 5, 0, 0.0606942389346630182784824688, 1495.683, -634.3328, -1.584829, 0.01663505, 0.1455349, 84.43504, 1.732827, 1.360018, 6.958117
 
33.80033, -0.01222922, -0.09568869, 5, 0, 0.060839471114910887189242, 1493.568, -634.3328, -1.584829, 0.01663505, 0.1455349, 84.37769, 1.732827, 1.360018, 6.958117
 
33.81033, -0.01222289, -0.09581099, 5, 0, 0.060986884307173069104938, 1491.458, -634.3328, -1.584829, 0.01663505, 0.1455349, 84.32043, 1.732827, 1.360018, 6.958117
 
33.82033, -0.01221404, -0.09593321, 5, 0, 0.061132580885416446359487, 1489.353, -634.3328, -1.584829, 0.01663505, 0.1455349, 84.26325, 1.732827, 1.360018, 6.958117
 
33.83033, -0.0122059, -0.09605535, 5, 0, 0.0612789906462957384304554688, 1487.253, -634.3328, -1.584829, 0.01663505, 0.1455349, 84.20616, 1.732827, 1.360018, 6.958117
 
33.84033, -0.01219892, -0.09617741, 5, 0, 0.06142642042420053118278, 1485.158, -634.3328, -1.584829, 0.01663505, 0.1455349, 84.14916, 1.732827, 1.360018, 6.958117
 
33.85033, -0.01218955, -0.09629939, 5, 0, 0.061572249687585458556065, 1483.067, -634.3328, -1.584829, 0.01663505, 0.1455349, 84.09225, 1.732827, 1.360018, 6.958117
 
33.86032, -0.01218081, -0.09642129, 5, 0, 0.0617187009125714850391384688, 1480.981, -634.3328, -1.584829, 0.01663505, 0.1455349, 84.03542, 1.732827, 1.360018, 6.958117
 
33.87032, -0.01217336, -0.0965431, 5, 0, 0.0618662799612606046032544688, 1478.901, -634.3328, -1.584829, 0.01663505, 0.1455349, 83.97868, 1.732827, 1.360018, 6.958117
 
33.88032, -0.01216407, -0.09666484, 5, 0, 0.062012656550854343288112, 1476.824, -634.3328, -1.584829, 0.01663505, 0.1455349, 83.92202, 1.732827, 1.360018, 6.958117
 
33.89032, -0.01215494, -0.09678648, 5, 0, 0.062159281925088571373813, 1474.754, -634.3328, -1.584829, 0.01663505, 0.1455349, 83.86548, 1.732827, 1.360018, 6.958117
 
33.90032, -0.01214986, -0.09690803, 5, 0, 0.0623091249140054727670754688, 1472.688, -634.3328, -1.584829, 0.01663505, 0.1455349, 83.80903, 1.732827, 1.360018, 6.958117
 
33.91032, -0.01214176, -0.09702952, 5, 0, 0.062456878111942793933819, 1470.627, -634.3328, -1.584829, 0.01663505, 0.1455349, 83.75266, 1.732827, 1.360018, 6.958117
 
33.92031, -0.01213465, -0.09715094, 5, 0, 0.062605535227407008212665, 1468.571, -634.3328, -1.584829, 0.01663505, 0.1455349, 83.69637, 1.732827, 1.360018, 6.958117
 
33.93031, -0.01212911, -0.09727228, 5, 0, 0.0627555855368574158100255312, 1466.52, -634.3328, -1.584829, 0.01663505, 0.1455349, 83.64017, 1.732827, 1.360018, 6.958117
 
33.94031, -0.01212421, -0.09739357, 5, 0, 0.062906299272015739857493, 1464.474, -634.3328, -1.584829, 0.01663505, 0.1455349, 83.58406, 1.732827, 1.360018, 6.958117
 
33.95031, -0.01211717, -0.09751482, 5, 0, 0.063055561763438276553072, 1462.432, -634.3328, -1.584829, 0.01663505, 0.1455349, 83.52804, 1.732827, 1.360018, 6.958117
 
33.96031, -0.01211125, -0.09763598, 5, 0, 0.063205844271886479786434, 1460.395, -634.3328, -1.584829, 0.01663505, 0.1455349, 83.47211, 1.732827, 1.360018, 6.958117
 
33.97031, -0.01210287, -0.09775709, 5, 0, 0.063354426751958572123491, 1458.363, -634.3328, -1.584829, 0.01663505, 0.1455349, 83.41627, 1.732827, 1.360018, 6.958117
 
33.9803, -0.01209551, -0.09787812, 5, 0, 0.0635039380280214323634865312, 1456.336, -634.3328, -1.584829, 0.01663505, 0.1455349, 83.36051, 1.732827, 1.360018, 6.958117
 
33.9903, -0.01208979, -0.09799907, 5, 0, 0.0636548673765348582821134688, 1454.314, -634.3328, -1.584829, 0.01663505, 0.1455349, 83.30486, 1.732827, 1.360018, 6.958117
 
34.0003, -0.01208659, -0.09811997, 5, 0, 0.0638079113944915733616684688, 1452.297, -634.3328, -1.584829, 0.01663505, 0.1455349, 83.24931, 1.732827, 1.360018, 6.958117
 
34.0103, -0.01208105, -0.09824084, 5, 0, 0.063959363190749604088178, 1450.285, -634.3328, -1.584829, 0.01663505, 0.1455349, 83.19384, 1.732827, 1.360018, 6.958117
 
34.0203, -0.01207683, -0.09836165, 5, 0, 0.064111984274817628164262, 1448.277, -634.3328, -1.584829, 0.01663505, 0.1455349, 83.13846, 1.732827, 1.360018, 6.958117
 
34.0303, -0.01207471, -0.09848242, 5, 0, 0.064266438072403313255387, 1446.275, -634.3328, -1.584829, 0.01663505, 0.1455349, 83.08318, 1.732827, 1.360018, 6.958117
 
34.04029, -0.01206932, -0.09860316, 5, 0, 0.064418561587190524386211, 1444.277, -634.3328, -1.584829, 0.01663505, 0.1455349, 83.02797, 1.732827, 1.360018, 6.958117
 
34.05029, -0.01206471, -0.09872385, 5, 0, 0.064571464627184342464609, 1442.283, -634.3328, -1.584829, 0.01663505, 0.1455349, 82.97285, 1.732827, 1.360018, 6.958117
 
34.06029, -0.01206194, -0.0988445, 5, 0, 0.064725976474519455732681, 1440.295, -634.3328, -1.584829, 0.01663505, 0.1455349, 82.91783, 1.732827, 1.360018, 6.958117
 
34.07029, -0.01205688, -0.09896512, 5, 0, 0.0648788878073347036217134688, 1438.312, -634.3328, -1.584829, 0.01663505, 0.1455349, 82.86291, 1.732827, 1.360018, 6.958117
 
34.08029, -0.01205325, -0.09908568, 5, 0, 0.0650331342843866337241, 1436.333, -634.3328, -1.584829, 0.01663505, 0.1455349, 82.80805, 1.732827, 1.360018, 6.958117
 
34.09029, -0.01205018, -0.09920622, 5, 0, 0.06518796125893292852417, 1434.359, -634.3328, -1.584829, 0.01663505, 0.1455349, 82.75332, 1.732827, 1.360018, 6.958117
 
34.10028, -0.01205054, -0.09932671, 5, 0, 0.065345640964022550877064, 1432.391, -634.3328, -1.584829, 0.01663505, 0.1455349, 82.69868, 1.732827, 1.360018, 6.958117
 
34.11028, -0.01204875, -0.09944722, 5, 0, 0.065501886011019162571125, 1430.427, -634.3328, -1.584829, 0.01663505, 0.1455349, 82.64413, 1.732827, 1.360018, 6.958117
 
34.12028, -0.01204792, -0.09956771, 5, 0, 0.065659084732470665743601, 1428.468, -634.3328, -1.584829, 0.01663505, 0.1455349, 82.58966, 1.732827, 1.360018, 6.958117
 
34.13028, -0.01204792, -0.09968819, 5, 0, 0.065817096150414163393335, 1426.514, -634.3328, -1.584829, 0.01663505, 0.1455349, 82.53529, 1.732827, 1.360018, 6.958117
 
34.14028, -0.01204658, -0.09980866, 5, 0, 0.0659743031646870963764454688, 1424.564, -634.3328, -1.584829, 0.01663505, 0.1455349, 82.48101, 1.732827, 1.360018, 6.958117
 
34.15028, -0.01204571, -0.09992913, 5, 0, 0.066132090676454145272599, 1422.619, -634.3328, -1.584829, 0.01663505, 0.1455349, 82.42681, 1.732827, 1.360018, 6.958117
 
34.16027, -0.01204643, -0.1000496, 5, 0, 0.066291329431956981520641, 1420.679, -634.3328, -1.584829, 0.01663505, 0.1455349, 82.37272, 1.732827, 1.360018, 6.958117
 
34.17027, -0.01204423, -0.10017, 5, 0, 0.0664484701036591394443834688, 1418.744, -634.3328, -1.584829, 0.01663505, 0.1455349, 82.31871, 1.732827, 1.360018, 6.958117
 
34.18027, -0.01204388, -0.1002905, 5, 0, 0.0666072361683452033944284688, 1416.814, -634.3328, -1.584829, 0.01663505, 0.1455349, 82.26481, 1.732827, 1.360018, 6.958117
 
34.19027, -0.01204654, -0.1004109, 5, 0, 0.066768631057398146143717, 1414.888, -634.3328, -1.584829, 0.01663505, 0.1455349, 82.211, 1.732827, 1.360018, 6.958117
 
34.20027, -0.01205, -0.1005314, 5, 0, 0.0669308469357645961091114688, 1412.968, -634.3328, -1.584829, 0.01663505, 0.1455349, 82.15729, 1.732827, 1.360018, 6.958117
 
34.21027, -0.01205162, -0.1006519, 5, 0, 0.0670918603550356651952474688, 1411.052, -634.3328, -1.584829, 0.01663505, 0.1455349, 82.10367, 1.732827, 1.360018, 6.958117
 
34.22026, -0.01205419, -0.1007724, 5, 0, 0.067253835741582889714006, 1409.141, -634.3328, -1.584829, 0.01663505, 0.1455349, 82.05015, 1.732827, 1.360018, 6.958117
 
34.23026, -0.01205465, -0.1008929, 5, 0, 0.067414359884394492737303, 1407.235, -634.3328, -1.584829, 0.01663505, 0.1455349, 81.99671, 1.732827, 1.360018, 6.958117
 
34.24026, -0.01205588, -0.1010135, 5, 0, 0.0675757050165193541920655312, 1405.334, -634.3328, -1.584829, 0.01663505, 0.1455349, 81.94337, 1.732827, 1.360018, 6.958117
 
34.25026, -0.01205914, -0.101134, 5, 0, 0.0677389326190900408846085312, 1403.437, -634.3328, -1.584829, 0.01663505, 0.1455349, 81.89011, 1.732827, 1.360018, 6.958117
 
34.26026, -0.01206229, -0.1012546, 5, 0, 0.067902251442695626211996, 1401.545, -634.3328, -1.584829, 0.01663505, 0.1455349, 81.83694, 1.732827, 1.360018, 6.958117
 
34.27026, -0.01206362, -0.1013753, 5, 0, 0.0680643678072057477319115312, 1399.657, -634.3328, -1.584829, 0.01663505, 0.1455349, 81.78387, 1.732827, 1.360018, 6.958117
 
34.28025, -0.01206647, -0.1014959, 5, 0, 0.0682279354154516566037155312, 1397.774, -634.3328, -1.584829, 0.01663505, 0.1455349, 81.7309, 1.732827, 1.360018, 6.958117
 
34.29025, -0.0120704, -0.1016166, 5, 0, 0.0683925230407232320133025312, 1395.897, -634.3328, -1.584829, 0.01663505, 0.1455349, 81.67804, 1.732827, 1.360018, 6.958117
 
34.30025, -0.01207337, -0.1017373, 5, 0, 0.06855658821825003675858, 1394.025, -634.3328, -1.584829, 0.01663505, 0.1455349, 81.62527, 1.732827, 1.360018, 6.958117
 
34.31025, -0.01207808, -0.101858, 5, 0, 0.068722303667224788177423, 1392.157, -634.3328, -1.584829, 0.01663505, 0.1455349, 81.57259, 1.732827, 1.360018, 6.958117
 
34.32025, -0.01208328, -0.1019788, 5, 0, 0.068888616199336515130578, 1390.294, -634.3328, -1.584829, 0.01663505, 0.1455349, 81.52002, 1.732827, 1.360018, 6.958117
 
34.33025, -0.0120869, -0.1020996, 5, 0, 0.069053925300065269310792, 1388.435, -634.3328, -1.584829, 0.01663505, 0.1455349, 81.46753, 1.732827, 1.360018, 6.958117
 
34.34024, -0.01209118, -0.1022205, 5, 0, 0.0692199890475365068631035312, 1386.582, -634.3328, -1.584829, 0.01663505, 0.1455349, 81.41514, 1.732827, 1.360018, 6.958117
 
34.35024, -0.01209669, -0.1023414, 5, 0, 0.0693872801325673317983634688, 1384.733, -634.3328, -1.584829, 0.01663505, 0.1455349, 81.36284, 1.732827, 1.360018, 6.958117
 
34.36024, -0.01209985, -0.1024624, 5, 0, 0.0695529126533286143929964688, 1382.888, -634.3328, -1.584829, 0.01663505, 0.1455349, 81.31064, 1.732827, 1.360018, 6.958117
 
34.37024, -0.01210425, -0.1025834, 5, 0, 0.069719789097291846422566, 1381.048, -634.3328, -1.584829, 0.01663505, 0.1455349, 81.25851, 1.732827, 1.360018, 6.958117
 
34.38024, -0.01210905, -0.1027044, 5, 0, 0.069887196281821361855293, 1379.214, -634.3328, -1.584829, 0.01663505, 0.1455349, 81.2065, 1.732827, 1.360018, 6.958117
 
34.39024, -0.01211229, -0.1028255, 5, 0, 0.0700535668636824340571815312, 1377.383, -634.3328, -1.584829, 0.01663505, 0.1455349, 81.15458, 1.732827, 1.360018, 6.958117
 
34.40023, -0.0121168, -0.1029466, 5, 0, 0.070221181368745704478647, 1375.558, -634.3328, -1.584829, 0.01663505, 0.1455349, 81.10278, 1.732827, 1.360018, 6.958117
 
34.41023, -0.01212365, -0.1030678, 5, 0, 0.070390927128895040754096, 1373.738, -634.3328, -1.584829, 0.01663505, 0.1455349, 81.05106, 1.732827, 1.360018, 6.958117
 
34.42023, -0.01213166, -0.103189, 5, 0, 0.070561908519425062510274, 1371.922, -634.3328, -1.584829, 0.01663505, 0.1455349, 80.99944, 1.732827, 1.360018, 6.958117
 
34.43023, -0.01213736, -0.1033104, 5, 0, 0.070731198174400320252568, 1370.112, -634.3328, -1.584829, 0.01663505, 0.1455349, 80.94791, 1.732827, 1.360018, 6.958117
 
34.44023, -0.01214388, -0.1034317, 5, 0, 0.070901458089473163238119, 1368.305, -634.3328, -1.584829, 0.01663505, 0.1455349, 80.89648, 1.732827, 1.360018, 6.958117
 
34.45023, -0.01215166, -0.1035532, 5, 0, 0.071072945342105344821978, 1366.504, -634.3328, -1.584829, 0.01663505, 0.1455349, 80.84515, 1.732827, 1.360018, 6.958117
 
34.46022, -0.01215669, -0.1036747, 5, 0, 0.071242458903256968389639, 1364.707, -634.3328, -1.584829, 0.01663505, 0.1455349, 80.79391, 1.732827, 1.360018, 6.958117
 
34.47022, -0.01216268, -0.1037962, 5, 0, 0.071412992481434258495083, 1362.914, -634.3328, -1.584829, 0.01663505, 0.1455349, 80.74277, 1.732827, 1.360018, 6.958117
 
34.48022, -0.01216986, -0.1039179, 5, 0, 0.071584769982813580963677, 1361.126, -634.3328, -1.584829, 0.01663505, 0.1455349, 80.69171, 1.732827, 1.360018, 6.958117
 
34.49022, -0.01217832, -0.1040396, 5, 0, 0.071757758236109548265737, 1359.344, -634.3328, -1.584829, 0.01663505, 0.1455349, 80.64079, 1.732827, 1.360018, 6.958117
 
34.50022, -0.01218619, -0.1041613, 5, 0, 0.0719305640473358012263215312, 1357.567, -634.3328, -1.584829, 0.01663505, 0.1455349, 80.58995, 1.732827, 1.360018, 6.958117
 
34.51022, -0.01219471, -0.1042832, 5, 0, 0.072104132798126133226065, 1355.794, -634.3328, -1.584829, 0.01663505, 0.1455349, 80.53921, 1.732827, 1.360018, 6.958117
 
34.52021, -0.01220412, -0.1044051, 5, 0, 0.072278704980299355070536, 1354.026, -634.3328, -1.584829, 0.01663505, 0.1455349, 80.48857, 1.732827, 1.360018, 6.958117
 
34.53021, -0.01221105, -0.1045272, 5, 0, 0.0724514942058830801227054688, 1352.262, -634.3328, -1.584829, 0.01663505, 0.1455349, 80.43803, 1.732827, 1.360018, 6.958117
 
34.54021, -0.01221889, -0.1046493, 5, 0, 0.072625278570028265208968, 1350.502, -634.3328, -1.584829, 0.01663505, 0.1455349, 80.38757, 1.732827, 1.360018, 6.958117
 
34.55021, -0.01222762, -0.1047715, 5, 0, 0.0728000414870925482773354688, 1348.748, -634.3328, -1.584829, 0.01663505, 0.1455349, 80.33723, 1.732827, 1.360018, 6.958117
 
34.56021, -0.01223392, -0.1048938, 5, 0, 0.0729730297403883497229685312, 1346.999, -634.3328, -1.584829, 0.01663505, 0.1455349, 80.28696, 1.732827, 1.360018, 6.958117
 
34.57021, -0.01224104, -0.1050161, 5, 0, 0.0731469882537819022682855312, 1345.253, -634.3328, -1.584829, 0.01663505, 0.1455349, 80.2368, 1.732827, 1.360018, 6.958117
 
34.5802, -0.01224884, -0.1051385, 5, 0, 0.0733217097067393679963345312, 1343.513, -634.3328, -1.584829, 0.01663505, 0.1455349, 80.18673, 1.732827, 1.360018, 6.958117
 
34.5902, -0.01225749, -0.105261, 5, 0, 0.073497418005437195660696, 1341.776, -634.3328, -1.584829, 0.01663505, 0.1455349, 80.13676, 1.732827, 1.360018, 6.958117
 
34.6002, -0.01226396, -0.1053836, 5, 0, 0.073671525789614992089591, 1340.045, -634.3328, -1.584829, 0.01663505, 0.1455349, 80.08689, 1.732827, 1.360018, 6.958117
 
34.6102, -0.01227135, -0.1055062, 5, 0, 0.0738466287123544973372194688, 1338.319, -634.3328, -1.584829, 0.01663505, 0.1455349, 80.03714, 1.732827, 1.360018, 6.958117
 
34.6202, -0.01228117, -0.1056289, 5, 0, 0.074023987282500188746933, 1336.598, -634.3328, -1.584829, 0.01663505, 0.1455349, 79.98749, 1.732827, 1.360018, 6.958117
 
34.6302, -0.01228828, -0.1057517, 5, 0, 0.074199322404237323774136, 1334.881, -634.3328, -1.584829, 0.01663505, 0.1455349, 79.93794, 1.732827, 1.360018, 6.958117
 
34.64019, -0.01229621, -0.1058746, 5, 0, 0.0743756194932507800903884688, 1333.169, -634.3328, -1.584829, 0.01663505, 0.1455349, 79.88848, 1.732827, 1.360018, 6.958117
 
34.65019, -0.01230505, -0.1059976, 5, 0, 0.074552861963897615146208, 1331.462, -634.3328, -1.584829, 0.01663505, 0.1455349, 79.83913, 1.732827, 1.360018, 6.958117
 
34.66019, -0.01231107, -0.1061206, 5, 0, 0.0747280478148505892180464688, 1329.759, -634.3328, -1.584829, 0.01663505, 0.1455349, 79.78986, 1.732827, 1.360018, 6.958117
 
34.67019, -0.01231796, -0.1062438, 5, 0, 0.0749041707546155122188175312, 1328.061, -634.3328, -1.584829, 0.01663505, 0.1455349, 79.74071, 1.732827, 1.360018, 6.958117
 
34.68019, -0.01232597, -0.1063669, 5, 0, 0.0750814629821906773538034688, 1326.367, -634.3328, -1.584829, 0.01663505, 0.1455349, 79.69163, 1.732827, 1.360018, 6.958117
 
34.69019, -0.01233399, -0.1064902, 5, 0, 0.075259028872870040824042, 1324.678, -634.3328, -1.584829, 0.01663505, 0.1455349, 79.64267, 1.732827, 1.360018, 6.958117
 
34.70018, -0.01234014, -0.1066135, 5, 0, 0.075435176691099170328503, 1322.994, -634.3328, -1.584829, 0.01663505, 0.1455349, 79.59383, 1.732827, 1.360018, 6.958117
 
34.71018, -0.01234842, -0.1067369, 5, 0, 0.075613356250558286026109, 1321.315, -634.3328, -1.584829, 0.01663505, 0.1455349, 79.54508, 1.732827, 1.360018, 6.958117
 
34.72018, -0.01235747, -0.1068604, 5, 0, 0.075792456313186905672446, 1319.64, -634.3328, -1.584829, 0.01663505, 0.1455349, 79.49644, 1.732827, 1.360018, 6.958117
 
34.73018, -0.01236377, -0.106984, 5, 0, 0.0759694417063719873732145312, 1317.97, -634.3328, -1.584829, 0.01663505, 0.1455349, 79.44789, 1.732827, 1.360018, 6.958117
 
34.74018, -0.01237064, -0.1071076, 5, 0, 0.076147123696550373053774, 1316.305, -634.3328, -1.584829, 0.01663505, 0.1455349, 79.39944, 1.732827, 1.360018, 6.958117
 
34.75018, -0.01237852, -0.1072313, 5, 0, 0.0763259418032531157695835312, 1314.644, -634.3328, -1.584829, 0.01663505, 0.1455349, 79.35109, 1.732827, 1.360018, 6.958117
 
34.76017, -0.01238672, -0.1073551, 5, 0, 0.076505232600772796639817, 1312.988, -634.3328, -1.584829, 0.01663505, 0.1455349, 79.30284, 1.732827, 1.360018, 6.958117
 
34.77017, -0.01239243, -0.107479, 5, 0, 0.0766826077565613476707994688, 1311.337, -634.3328, -1.584829, 0.01663505, 0.1455349, 79.25469, 1.732827, 1.360018, 6.958117
 
34.78017, -0.01239912, -0.1076029, 5, 0, 0.0768610941504102980179824688, 1309.689, -634.3328, -1.584829, 0.01663505, 0.1455349, 79.20664, 1.732827, 1.360018, 6.958117
 
34.79017, -0.01240615, -0.1077269, 5, 0, 0.07704006152789728461737, 1308.047, -634.3328, -1.584829, 0.01663505, 0.1455349, 79.15869, 1.732827, 1.360018, 6.958117
 
34.80017, -0.01241048, -0.107851, 5, 0, 0.077216847893370124068248, 1306.41, -634.3328, -1.584829, 0.01663505, 0.1455349, 79.11087, 1.732827, 1.360018, 6.958117
 
34.81017, -0.01241677, -0.1079751, 5, 0, 0.077395583071859480888061, 1304.777, -634.3328, -1.584829, 0.01663505, 0.1455349, 79.06314, 1.732827, 1.360018, 6.958117
 
34.82016, -0.01242416, -0.1080993, 5, 0, 0.0775754377812305839064955312, 1303.149, -634.3328, -1.584829, 0.01663505, 0.1455349, 79.01553, 1.732827, 1.360018, 6.958117
 
34.83016, -0.01242874, -0.1082235, 5, 0, 0.077753086600123582057371, 1301.526, -634.3328, -1.584829, 0.01663505, 0.1455349, 78.968, 1.732827, 1.360018, 6.958117
 
34.84016, -0.01243354, -0.1083478, 5, 0, 0.0779311666457266180941384688, 1299.907, -634.3328, -1.584829, 0.01663505, 0.1455349, 78.92058, 1.732827, 1.360018, 6.958117
 
34.85016, -0.01243938, -0.1084721, 5, 0, 0.0781103413437471938258375312, 1298.293, -634.3328, -1.584829, 0.01663505, 0.1455349, 78.87325, 1.732827, 1.360018, 6.958117
 
34.86016, -0.01244548, -0.1085965, 5, 0, 0.0782899306828354453914404688, 1296.683, -634.3328, -1.584829, 0.01663505, 0.1455349, 78.82603, 1.732827, 1.360018, 6.958117
 
34.87016, -0.01244904, -0.108721, 5, 0, 0.0784675131591575855547344688, 1295.078, -634.3328, -1.584829, 0.01663505, 0.1455349, 78.77891, 1.732827, 1.360018, 6.958117
 
34.88015, -0.01245306, -0.1088455, 5, 0, 0.0786457175970805760431765312, 1293.477, -634.3328, -1.584829, 0.01663505, 0.1455349, 78.73188, 1.732827, 1.360018, 6.958117
 
34.89015, -0.01245764, -0.10897, 5, 0, 0.078824568875068872145097, 1291.881, -634.3328, -1.584829, 0.01663505, 0.1455349, 78.68497, 1.732827, 1.360018, 6.958117
 
34.90015, -0.01245962, -0.1090946, 5, 0, 0.0790013801190058351714514688, 1290.289, -634.3328, -1.584829, 0.01663505, 0.1455349, 78.63815, 1.732827, 1.360018, 6.958117
 
34.91015, -0.01246188, -0.1092192, 5, 0, 0.0791785894183671997693735312, 1288.702, -634.3328, -1.584829, 0.01663505, 0.1455349, 78.59143, 1.732827, 1.360018, 6.958117
 
34.92015, -0.01246489, -0.1093438, 5, 0, 0.079356611414220807629194, 1287.12, -634.3328, -1.584829, 0.01663505, 0.1455349, 78.54482, 1.732827, 1.360018, 6.958117
 
34.93015, -0.01246842, -0.1094684, 5, 0, 0.0795352387860327379057474688, 1285.542, -634.3328, -1.584829, 0.01663505, 0.1455349, 78.49833, 1.732827, 1.360018, 6.958117
 
34.94014, -0.01247061, -0.1095931, 5, 0, 0.0797128627264614466247195312, 1283.969, -634.3328, -1.584829, 0.01663505, 0.1455349, 78.45194, 1.732827, 1.360018, 6.958117
 
34.95014, -0.01247351, -0.1097178, 5, 0, 0.079891291070561051723169, 1282.401, -634.3328, -1.584829, 0.01663505, 0.1455349, 78.40565, 1.732827, 1.360018, 6.958117
 
34.96014, -0.01247692, -0.1098426, 5, 0, 0.080070291619333508780454, 1280.838, -634.3328, -1.584829, 0.01663505, 0.1455349, 78.35948, 1.732827, 1.360018, 6.958117
 
34.97014, -0.01247718, -0.1099673, 5, 0, 0.080246762857595166699334, 1279.279, -634.3328, -1.584829, 0.01663505, 0.1455349, 78.31341, 1.732827, 1.360018, 6.958117
 
34.98014, -0.01247844, -0.1100921, 5, 0, 0.080424212648775756743892, 1277.724, -634.3328, -1.584829, 0.01663505, 0.1455349, 78.26743, 1.732827, 1.360018, 6.958117
 
34.99014, -0.01247988, -0.1102169, 5, 0, 0.0806020273240956925431874688, 1276.174, -634.3328, -1.584829, 0.01663505, 0.1455349, 78.22155, 1.732827, 1.360018, 6.958117
 
35.00013, -0.01248157, -0.1103417, 5, 0, 0.0807801737122694207111094688, 1274.628, -634.3328, -1.584829, 0.01663505, 0.1455349, 78.17578, 1.732827, 1.360018, 6.958117
 
35.01013, -0.01248091, -0.1104665, 5, 0, 0.080956421044354629876409, 1273.087, -634.3328, -1.584829, 0.01663505, 0.1455349, 78.13011, 1.732827, 1.360018, 6.958117
 
35.02013, -0.0124805, -0.1105913, 5, 0, 0.081132991796472450384341, 1271.551, -634.3328, -1.584829, 0.01663505, 0.1455349, 78.08457, 1.732827, 1.360018, 6.958117
 
35.03013, -0.01248251, -0.1107161, 5, 0, 0.08131177673188988849868, 1270.021, -634.3328, -1.584829, 0.01663505, 0.1455349, 78.03914, 1.732827, 1.360018, 6.958117
 
35.04013, -0.01248133, -0.1108409, 5, 0, 0.0814879411357617946961964688, 1268.494, -634.3328, -1.584829, 0.01663505, 0.1455349, 77.9938, 1.732827, 1.360018, 6.958117
 
35.05013, -0.01248064, -0.1109657, 5, 0, 0.0816646445730209994664375312, 1266.972, -634.3328, -1.584829, 0.01663505, 0.1455349, 77.94858, 1.732827, 1.360018, 6.958117
 
35.06012, -0.0124803, -0.1110905, 5, 0, 0.081841828993918572201737, 1265.454, -634.3328, -1.584829, 0.01663505, 0.1455349, 77.90345, 1.732827, 1.360018, 6.958117
 
35.07012, -0.01248046, -0.1112154, 5, 0, 0.082019519276918221836504, 1263.941, -634.3328, -1.584829, 0.01663505, 0.1455349, 77.85844, 1.732827, 1.360018, 6.958117
 
35.08012, -0.01247793, -0.1113402, 5, 0, 0.0821950119622610305579194688, 1262.432, -634.3328, -1.584829, 0.01663505, 0.1455349, 77.81351, 1.732827, 1.360018, 6.958117
 
35.09012, -0.01247564, -0.1114649, 5, 0, 0.082370803189172161190064, 1260.928, -634.3328, -1.584829, 0.01663505, 0.1455349, 77.7687, 1.732827, 1.360018, 6.958117
 
35.10012, -0.01247399, -0.1115897, 5, 0, 0.082547282720255165991365, 1259.428, -634.3328, -1.584829, 0.01663505, 0.1455349, 77.724, 1.732827, 1.360018, 6.958117
 
35.11012, -0.01246944, -0.1117144, 5, 0, 0.0827212992833980637854155312, 1257.933, -634.3328, -1.584829, 0.01663505, 0.1455349, 77.6794, 1.732827, 1.360018, 6.958117
 
35.12011, -0.01246564, -0.1118391, 5, 0, 0.0828960041507128357486225312, 1256.443, -634.3328, -1.584829, 0.01663505, 0.1455349, 77.63492, 1.732827, 1.360018, 6.958117
 
35.13011, -0.01246334, -0.1119638, 5, 0, 0.08307217684740608882856, 1254.958, -634.3328, -1.584829, 0.01663505, 0.1455349, 77.59055, 1.732827, 1.360018, 6.958117
 
35.14011, -0.01246143, -0.1120884, 5, 0, 0.08324873101388121557165, 1253.477, -634.3328, -1.584829, 0.01663505, 0.1455349, 77.54628, 1.732827, 1.360018, 6.958117
 
35.15011, -0.01245663, -0.112213, 5, 0, 0.08342288026216574641265, 1252, -634.3328, -1.584829, 0.01663505, 0.1455349, 77.50213, 1.732827, 1.360018, 6.958117
 
35.16011, -0.01245268, -0.1123376, 5, 0, 0.08359785879258496549575, 1250.528, -634.3328, -1.584829, 0.01663505, 0.1455349, 77.45807, 1.732827, 1.360018, 6.958117
 
35.1701, -0.01244886, -0.1124621, 5, 0, 0.08377300317943112222727, 1249.061, -634.3328, -1.584829, 0.01663505, 0.1455349, 77.41412, 1.732827, 1.360018, 6.958117
 
35.1801, -0.01244545, -0.1125866, 5, 0, 0.08394864513555809190405, 1247.598, -634.3328, -1.584829, 0.01663505, 0.1455349, 77.37028, 1.732827, 1.360018, 6.958117
 
35.1901, -0.01243931, -0.1127111, 5, 0, 0.08412188217349446567874, 1246.139, -634.3328, -1.584829, 0.01663505, 0.1455349, 77.32654, 1.732827, 1.360018, 6.958117
 
35.2001, -0.01243356, -0.1128355, 5, 0, 0.08429553385249818357448, 1244.685, -634.3328, -1.584829, 0.01663505, 0.1455349, 77.2829, 1.732827, 1.360018, 6.958117
 
35.2101, -0.01242823, -0.1129598, 5, 0, 0.08446968310078271441548, 1243.235, -634.3328, -1.584829, 0.01663505, 0.1455349, 77.23937, 1.732827, 1.360018, 6.958117
 
35.2201, -0.01241992, -0.1130841, 5, 0, 0.08464117864623624288176, 1241.79, -634.3328, -1.584829, 0.01663505, 0.1455349, 77.19595, 1.732827, 1.360018, 6.958117
 
35.23009, -0.01241226, -0.1132083, 5, 0, 0.0848131717609705842933, 1240.35, -634.3328, -1.584829, 0.01663505, 0.1455349, 77.15266, 1.732827, 1.360018, 6.958117
 
35.24009, -0.0124065, -0.1133324, 5, 0, 0.08498707222461470866167, 1238.914, -634.3328, -1.584829, 0.01663505, 0.1455349, 77.10947, 1.732827, 1.360018, 6.958117
 
35.25009, -0.01240088, -0.1134565, 5, 0, 0.08516105561647230185425, 1237.483, -634.3328, -1.584829, 0.01663505, 0.1455349, 77.0664, 1.732827, 1.360018, 6.958117
 
35.26009, -0.01239352, -0.1135805, 5, 0, 0.08533354630048745621105, 1236.057, -634.3328, -1.584829, 0.01663505, 0.1455349, 77.02344, 1.732827, 1.360018, 6.958117
 
35.27009, -0.01238574, -0.1137044, 5, 0, 0.08550570527164873527101, 1234.635, -634.3328, -1.584829, 0.01663505, 0.1455349, 76.98058, 1.732827, 1.360018, 6.958117
 
35.28009, -0.01237726, -0.1138283, 5, 0, 0.08567720081710226373729, 1233.218, -634.3328, -1.584829, 0.01663505, 0.1455349, 76.93782, 1.732827, 1.360018, 6.958117
 
35.29008, -0.01236857, -0.113952, 5, 0, 0.08584861343434232337936, 1231.804, -634.3328, -1.584829, 0.01663505, 0.1455349, 76.89517, 1.732827, 1.360018, 6.958117
 
35.30008, -0.01235915, -0.1140757, 5, 0, 0.08601944555408810125196, 1230.395, -634.3328, -1.584829, 0.01663505, 0.1455349, 76.85262, 1.732827, 1.360018, 6.958117
 
35.31008, -0.01234936, -0.1141993, 5, 0, 0.08618986303276653500351, 1228.991, -634.3328, -1.584829, 0.01663505, 0.1455349, 76.81019, 1.732827, 1.360018, 6.958117
 
35.32008, -0.01233905, -0.1143228, 5, 0, 0.0863597829421641558098, 1227.591, -634.3328, -1.584829, 0.01663505, 0.1455349, 76.76786, 1.732827, 1.360018, 6.958117
 
35.33008, -0.01232857, -0.1144462, 5, 0, 0.08652961992334830779188, 1226.196, -634.3328, -1.584829, 0.01663505, 0.1455349, 76.72565, 1.732827, 1.360018, 6.958117
 
35.34008, -0.01231767, -0.1145695, 5, 0, 0.0866989593352516468287, 1224.806, -634.3328, -1.584829, 0.01663505, 0.1455349, 76.68356, 1.732827, 1.360018, 6.958117
 
35.35007, -0.0123073, -0.1146927, 5, 0, 0.08686879631643579881078, 1223.42, -634.3328, -1.584829, 0.01663505, 0.1455349, 76.64159, 1.732827, 1.360018, 6.958117
 
35.36007, -0.01229689, -0.1148157, 5, 0, 0.08703863329761995079286, 1222.039, -634.3328, -1.584829, 0.01663505, 0.1455349, 76.59972, 1.732827, 1.360018, 6.958117
 
35.37007, -0.01228552, -0.1149387, 5, 0, 0.08720764099666941453284, 1220.662, -634.3328, -1.584829, 0.01663505, 0.1455349, 76.55795, 1.732827, 1.360018, 6.958117
 
35.38007, -0.0122739, -0.1150616, 5, 0, 0.08737631698286500297598, 1219.289, -634.3328, -1.584829, 0.01663505, 0.1455349, 76.5163, 1.732827, 1.360018, 6.958117
 
35.39007, -0.01226224, -0.1151843, 5, 0, 0.08754499296906059141912, 1217.922, -634.3328, -1.584829, 0.01663505, 0.1455349, 76.47475, 1.732827, 1.360018, 6.958117
 
35.40007, -0.01224981, -0.1153069, 5, 0, 0.08771292260133496044437, 1216.558, -634.3328, -1.584829, 0.01663505, 0.1455349, 76.43332, 1.732827, 1.360018, 6.958117
 
35.41006, -0.01223684, -0.1154294, 5, 0, 0.08788027173611504770015, 1215.198, -634.3328, -1.584829, 0.01663505, 0.1455349, 76.39199, 1.732827, 1.360018, 6.958117
 
35.42006, -0.0122234, -0.1155518, 5, 0, 0.08804720622982779083488, 1213.844, -634.3328, -1.584829, 0.01663505, 0.1455349, 76.35077, 1.732827, 1.360018, 6.958117
 
35.43006, -0.01220964, -0.115674, 5, 0, 0.08821380901068665867277, 1212.493, -634.3328, -1.584829, 0.01663505, 0.1455349, 76.30966, 1.732827, 1.360018, 6.958117
 
35.44006, -0.01219592, -0.1157961, 5, 0, 0.08838032886333205768645, 1211.149, -634.3328, -1.584829, 0.01663505, 0.1455349, 76.26869, 1.732827, 1.360018, 6.958117
 
35.45006, -0.01218281, -0.1159181, 5, 0, 0.0885474292134717384696, 1209.808, -634.3328, -1.584829, 0.01663505, 0.1455349, 76.22783, 1.732827, 1.360018, 6.958117
 
35.46006, -0.01216942, -0.1160399, 5, 0, 0.0887141149225440751317, 1208.472, -634.3328, -1.584829, 0.01663505, 0.1455349, 76.18707, 1.732827, 1.360018, 6.958117
 
35.47005, -0.0121554, -0.1161616, 5, 0, 0.08888030306233559884854, 1207.14, -634.3328, -1.584829, 0.01663505, 0.1455349, 76.14643, 1.732827, 1.360018, 6.958117
 
35.48005, -0.01214105, -0.1162831, 5, 0, 0.08904607656105977844433, 1205.812, -634.3328, -1.584829, 0.01663505, 0.1455349, 76.10589, 1.732827, 1.360018, 6.958117
 
35.49005, -0.01212617, -0.1164046, 5, 0, 0.08921126956228967627065, 1204.49, -634.3328, -1.584829, 0.01663505, 0.1455349, 76.06546, 1.732827, 1.360018, 6.958117
 
35.50005, -0.01211113, -0.1165258, 5, 0, 0.08937629670709263644855, 1203.171, -634.3328, -1.584829, 0.01663505, 0.1455349, 76.02515, 1.732827, 1.360018, 6.958117
 
35.51005, -0.01209573, -0.1166469, 5, 0, 0.0895409092108282525054, 1201.856, -634.3328, -1.584829, 0.01663505, 0.1455349, 75.98494, 1.732827, 1.360018, 6.958117
 
35.52005, -0.0120797, -0.1167679, 5, 0, 0.08970485828885611796857, 1200.547, -634.3328, -1.584829, 0.01663505, 0.1455349, 75.94484, 1.732827, 1.360018, 6.958117
 
35.53004, -0.01206358, -0.1168887, 5, 0, 0.08986855858224357695911, 1199.241, -634.3328, -1.584829, 0.01663505, 0.1455349, 75.90485, 1.732827, 1.360018, 6.958117
 
35.54004, -0.01204678, -0.1170093, 5, 0, 0.09003167837813675418018, 1197.94, -634.3328, -1.584829, 0.01663505, 0.1455349, 75.86498, 1.732827, 1.360018, 6.958117
 
35.55004, -0.01202995, -0.1171298, 5, 0, 0.09019454938938952492862, 1196.645, -634.3328, -1.584829, 0.01663505, 0.1455349, 75.82525, 1.732827, 1.360018, 6.958117
 
35.56004, -0.01201407, -0.1172501, 5, 0, 0.09035816675456351509495, 1195.353, -634.3328, -1.584829, 0.01663505, 0.1455349, 75.78561, 1.732827, 1.360018, 6.958117
 
35.57004, -0.01199756, -0.1173702, 5, 0, 0.09052120362224322349181, 1194.066, -634.3328, -1.584829, 0.01663505, 0.1455349, 75.7461, 1.732827, 1.360018, 6.958117
 
35.58004, -0.01198079, -0.1174902, 5, 0, 0.09068390877706905659183, 1192.783, -634.3328, -1.584829, 0.01663505, 0.1455349, 75.7067, 1.732827, 1.360018, 6.958117
 
35.59003, -0.01196366, -0.11761, 5, 0, 0.09084611636261407674659, 1191.505, -634.3328, -1.584829, 0.01663505, 0.1455349, 75.6674, 1.732827, 1.360018, 6.958117
 
35.60003, -0.0119463, -0.1177296, 5, 0, 0.09100799223530522160451, 1190.231, -634.3328, -1.584829, 0.01663505, 0.1455349, 75.62822, 1.732827, 1.360018, 6.958117
 
35.61003, -0.01192823, -0.1178491, 5, 0, 0.09116912175407514704454, 1188.962, -634.3328, -1.584829, 0.01663505, 0.1455349, 75.58915, 1.732827, 1.360018, 6.958117
 
35.62003, -0.01191015, -0.1179684, 5, 0, 0.09133008541641813483615, 1187.696, -634.3328, -1.584829, 0.01663505, 0.1455349, 75.55019, 1.732827, 1.360018, 6.958117
 
35.63003, -0.01189137, -0.1180875, 5, 0, 0.09149038565305337203408, 1186.436, -634.3328, -1.584829, 0.01663505, 0.1455349, 75.51134, 1.732827, 1.360018, 6.958117
 
35.64003, -0.01187266, -0.1182064, 5, 0, 0.09165043710504820275938, 1185.18, -634.3328, -1.584829, 0.01663505, 0.1455349, 75.47264, 1.732827, 1.360018, 6.958117
 
35.65002, -0.01185482, -0.1183251, 5, 0, 0.09181123491096425290257, 1183.929, -634.3328, -1.584829, 0.01663505, 0.1455349, 75.43404, 1.732827, 1.360018, 6.958117
 
35.66002, -0.01183669, -0.1184437, 5, 0, 0.09197161807581295892471, 1182.682, -634.3328, -1.584829, 0.01663505, 0.1455349, 75.39556, 1.732827, 1.360018, 6.958117
 
35.67002, -0.01181825, -0.118562, 5, 0, 0.09213166952780778965001, 1181.44, -634.3328, -1.584829, 0.01663505, 0.1455349, 75.35719, 1.732827, 1.360018, 6.958117
 
35.68002, -0.01179927, -0.1186802, 5, 0, 0.09229097462588140095742, 1180.202, -634.3328, -1.584829, 0.01663505, 0.1455349, 75.31893, 1.732827, 1.360018, 6.958117
 
35.69002, -0.01178023, -0.1187982, 5, 0, 0.09245011386752807461641, 1178.968, -634.3328, -1.584829, 0.01663505, 0.1455349, 75.28078, 1.732827, 1.360018, 6.958117
 
35.70002, -0.0117609, -0.118916, 5, 0, 0.09260883846810740415435, 1177.739, -634.3328, -1.584829, 0.01663505, 0.1455349, 75.24274, 1.732827, 1.360018, 6.958117
 
35.71001, -0.01174121, -0.1190336, 5, 0, 0.09276706549940592074703, 1176.514, -634.3328, -1.584829, 0.01663505, 0.1455349, 75.20483, 1.732827, 1.360018, 6.958117
 
35.72001, -0.01172117, -0.119151, 5, 0, 0.09292487788963709321866, 1175.293, -634.3328, -1.584829, 0.01663505, 0.1455349, 75.16702, 1.732827, 1.360018, 6.958117
 
35.73001, -0.01170101, -0.1192682, 5, 0, 0.09308235856701439039345, 1174.076, -634.3328, -1.584829, 0.01663505, 0.1455349, 75.12932, 1.732827, 1.360018, 6.958117
 
35.74001, -0.01168051, -0.1193853, 5, 0, 0.09323934167511087462298, 1172.865, -634.3328, -1.584829, 0.01663505, 0.1455349, 75.09174, 1.732827, 1.360018, 6.958117
 
35.75001, -0.01165986, -0.1195021, 5, 0, 0.09339607599856695237988, 1171.657, -634.3328, -1.584829, 0.01663505, 0.1455349, 75.05427, 1.732827, 1.360018, 6.958117
 
35.76001, -0.01163914, -0.1196187, 5, 0, 0.09355247860916915483994, 1170.454, -634.3328, -1.584829, 0.01663505, 0.1455349, 75.01694, 1.732827, 1.360018, 6.958117
 
35.77, -0.01161878, -0.1197351, 5, 0, 0.09370904707619829494842, 1169.256, -634.3328, -1.584829, 0.01663505, 0.1455349, 74.97973, 1.732827, 1.360018, 6.958117
 
35.78, -0.01159833, -0.1198512, 5, 0, 0.09386536675858702858427, 1168.063, -634.3328, -1.584829, 0.01663505, 0.1455349, 74.94263, 1.732827, 1.360018, 6.958117
 
35.79, -0.01157787, -0.1199672, 5, 0, 0.09402143765633535574749, 1166.874, -634.3328, -1.584829, 0.01663505, 0.1455349, 74.90565, 1.732827, 1.360018, 6.958117
 
35.8, -0.01155689, -0.120083, 5, 0, 0.09417701098480286996545, 1165.688, -634.3328, -1.584829, 0.01663505, 0.1455349, 74.86877, 1.732827, 1.360018, 6.958117
 
35.81, -0.01153555, -0.1201986, 5, 0, 0.09433192088756263358973, 1164.508, -634.3328, -1.584829, 0.01663505, 0.1455349, 74.83202, 1.732827, 1.360018, 6.958117
 
35.82, -0.01151442, -0.1203139, 5, 0, 0.09448683079032239721401, 1163.331, -634.3328, -1.584829, 0.01663505, 0.1455349, 74.79537, 1.732827, 1.360018, 6.958117
 
35.82999, -0.01149258, -0.1204291, 5, 0, 0.09464091141094747259619, 1162.159, -634.3328, -1.584829, 0.01663505, 0.1455349, 74.75884, 1.732827, 1.360018, 6.958117
 
35.83999, -0.01147066, -0.120544, 5, 0, 0.09479474324693214150574, 1160.991, -634.3328, -1.584829, 0.01663505, 0.1455349, 74.72243, 1.732827, 1.360018, 6.958117
 
35.84999, -0.01144883, -0.1206587, 5, 0, 0.09494832629827640394266, 1159.829, -634.3328, -1.584829, 0.01663505, 0.1455349, 74.68616, 1.732827, 1.360018, 6.958117
 
35.85999, -0.01142769, -0.1207732, 5, 0, 0.09510248984711494814905, 1158.671, -634.3328, -1.584829, 0.01663505, 0.1455349, 74.65, 1.732827, 1.360018, 6.958117
 
35.86999, -0.01140627, -0.1208875, 5, 0, 0.09525615582667267941018, 1157.517, -634.3328, -1.584829, 0.01663505, 0.1455349, 74.61396, 1.732827, 1.360018, 6.958117
 
35.87999, -0.01138478, -0.1210015, 5, 0, 0.09540949009337653537447, 1156.368, -634.3328, -1.584829, 0.01663505, 0.1455349, 74.57803, 1.732827, 1.360018, 6.958117
 
35.88998, -0.01136316, -0.1211154, 5, 0, 0.09556249264722651604192, 1155.222, -634.3328, -1.584829, 0.01663505, 0.1455349, 74.54222, 1.732827, 1.360018, 6.958117
 
35.89998, -0.01134094, -0.121229, 5, 0, 0.09571474884715527729148, 1154.082, -634.3328, -1.584829, 0.01663505, 0.1455349, 74.50653, 1.732827, 1.360018, 6.958117
 
35.90998, -0.01131877, -0.1213424, 5, 0, 0.09586683919065710089262, 1152.945, -634.3328, -1.584829, 0.01663505, 0.1455349, 74.47095, 1.732827, 1.360018, 6.958117
 
35.91998, -0.01129651, -0.1214556, 5, 0, 0.09601859782130504919692, 1151.813, -634.3328, -1.584829, 0.01663505, 0.1455349, 74.43549, 1.732827, 1.360018, 6.958117
 
35.92998, -0.01127385, -0.1215686, 5, 0, 0.09616977595445871573175, 1150.685, -634.3328, -1.584829, 0.01663505, 0.1455349, 74.40014, 1.732827, 1.360018, 6.958117
 
35.93998, -0.01125075, -0.1216813, 5, 0, 0.09632037359011810049711, 1149.561, -634.3328, -1.584829, 0.01663505, 0.1455349, 74.3649, 1.732827, 1.360018, 6.958117
 
35.94997, -0.01122799, -0.1217938, 5, 0, 0.09647097122577748526247, 1148.442, -634.3328, -1.584829, 0.01663505, 0.1455349, 74.32978, 1.732827, 1.360018, 6.958117
 
35.95997, -0.0112048, -0.1219061, 5, 0, 0.09662090543572911943415, 1147.327, -634.3328, -1.584829, 0.01663505, 0.1455349, 74.29482, 1.732827, 1.360018, 6.958117
 
35.96997, -0.01118263, -0.1220182, 5, 0, 0.09677150307138850419951, 1146.218, -634.3328, -1.584829, 0.01663505, 0.1455349, 74.25996, 1.732827, 1.360018, 6.958117
 
35.97997, -0.01116015, -0.12213, 5, 0, 0.09692168606598054484382, 1145.112, -634.3328, -1.584829, 0.01663505, 0.1455349, 74.22522, 1.732827, 1.360018, 6.958117
 
35.98997, -0.01113726, -0.1222416, 5, 0, 0.09707120563486483489445, 1144.011, -634.3328, -1.584829, 0.01663505, 0.1455349, 74.1906, 1.732827, 1.360018, 6.958117
 
35.99997, -0.01111475, -0.122353, 5, 0, 0.09722080813196259376929, 1142.914, -634.3328, -1.584829, 0.01663505, 0.1455349, 74.15609, 1.732827, 1.360018, 6.958117
 
36.00996, -0.01109195, -0.1224641, 5, 0, 0.09736991305977953969887, 1141.822, -634.3328, -1.584829, 0.01663505, 0.1455349, 74.1217, 1.732827, 1.360018, 6.958117
 
36.01996, -0.01106852, -0.122575, 5, 0, 0.09751818870546179738635, 1140.733, -634.3328, -1.584829, 0.01663505, 0.1455349, 74.08743, 1.732827, 1.360018, 6.958117
 
36.02996, -0.01104492, -0.1226857, 5, 0, 0.09766596678186324212857, 1139.649, -634.3328, -1.584829, 0.01663505, 0.1455349, 74.05328, 1.732827, 1.360018, 6.958117
 
36.03996, -0.01102133, -0.1227961, 5, 0, 0.09781357900183774922237, 1138.569, -634.3328, -1.584829, 0.01663505, 0.1455349, 74.01924, 1.732827, 1.360018, 6.958117
 
36.04996, -0.01099764, -0.1229064, 5, 0, 0.09796077658074491219512, 1137.494, -634.3328, -1.584829, 0.01663505, 0.1455349, 73.98531, 1.732827, 1.360018, 6.958117
 
36.05996, -0.01097363, -0.1230163, 5, 0, 0.09810747659037126222261, 1136.423, -634.3328, -1.584829, 0.01663505, 0.1455349, 73.95152, 1.732827, 1.360018, 6.958117
 
36.06995, -0.01094995, -0.1231261, 5, 0, 0.09825409367178414342589, 1135.356, -634.3328, -1.584829, 0.01663505, 0.1455349, 73.91785, 1.732827, 1.360018, 6.958117
 
36.07995, -0.01092633, -0.1232356, 5, 0, 0.09840054489677008698075, 1134.295, -634.3328, -1.584829, 0.01663505, 0.1455349, 73.88432, 1.732827, 1.360018, 6.958117
 
36.08995, -0.0109034, -0.1233448, 5, 0, 0.09854741076282337465666, 1133.237, -634.3328, -1.584829, 0.01663505, 0.1455349, 73.8509, 1.732827, 1.360018, 6.958117
 
36.09995, -0.01087985, -0.1234539, 5, 0, 0.09869336441852850526626, 1132.185, -634.3328, -1.584829, 0.01663505, 0.1455349, 73.8176, 1.732827, 1.360018, 6.958117
 
36.10995, -0.01085601, -0.1235627, 5, 0, 0.0988388205049528229306, 1131.135, -634.3328, -1.584829, 0.01663505, 0.1455349, 73.78441, 1.732827, 1.360018, 6.958117
 
36.11995, -0.01083219, -0.1236712, 5, 0, 0.0989839448785232652981, 1130.091, -634.3328, -1.584829, 0.01663505, 0.1455349, 73.75134, 1.732827, 1.360018, 6.958117
 
36.12994, -0.01080852, -0.1237796, 5, 0, 0.09912898632388023884139, 1129.051, -634.3328, -1.584829, 0.01663505, 0.1455349, 73.7184, 1.732827, 1.360018, 6.958117
 
36.13994, -0.01078385, -0.1238877, 5, 0, 0.09927278384603518002153, 1128.014, -634.3328, -1.584829, 0.01663505, 0.1455349, 73.68557, 1.732827, 1.360018, 6.958117
 
36.14994, -0.01075939, -0.1239955, 5, 0, 0.09941641551176318355325, 1126.983, -634.3328, -1.584829, 0.01663505, 0.1455349, 73.65286, 1.732827, 1.360018, 6.958117
 
36.15994, -0.01073498, -0.1241031, 5, 0, 0.09955988132106424943655, 1125.955, -634.3328, -1.584829, 0.01663505, 0.1455349, 73.62026, 1.732827, 1.360018, 6.958117
 
36.16994, -0.01071044, -0.1242104, 5, 0, 0.09970276663287103355038, 1124.933, -634.3328, -1.584829, 0.01663505, 0.1455349, 73.58782, 1.732827, 1.360018, 6.958117
 
36.17994, -0.01068654, -0.1243175, 5, 0, 0.09984606658574516178526, 1123.915, -634.3328, -1.584829, 0.01663505, 0.1455349, 73.5555, 1.732827, 1.360018, 6.958117
 
36.18993, -0.0106626, -0.1244244, 5, 0, 0.0999890348257654147233, 1122.901, -634.3328, -1.584829, 0.01663505, 0.1455349, 73.52329, 1.732827, 1.360018, 6.958117
 
36.19993, -0.0106384, -0.124531, 5, 0, 0.10013142256829138589187, 1121.891, -634.3328, -1.584829, 0.01663505, 0.1455349, 73.4912, 1.732827, 1.360018, 6.958117
 
36.20993, -0.01061398, -0.1246374, 5, 0, 0.10027331274153654411518, 1120.886, -634.3328, -1.584829, 0.01663505, 0.1455349, 73.45924, 1.732827, 1.360018, 6.958117
 
36.21993, -0.01058933, -0.1247436, 5, 0, 0.10041470534550088939323, 1119.885, -634.3328, -1.584829, 0.01663505, 0.1455349, 73.42739, 1.732827, 1.360018, 6.958117
 
36.22993, -0.01056473, -0.1248494, 5, 0, 0.10055576623661135937444, 1118.888, -634.3328, -1.584829, 0.01663505, 0.1455349, 73.39567, 1.732827, 1.360018, 6.958117
 
36.23993, -0.0105401, -0.1249551, 5, 0, 0.10069649541486795405881, 1117.896, -634.3328, -1.584829, 0.01663505, 0.1455349, 73.36405, 1.732827, 1.360018, 6.958117
 
36.24992, -0.01051503, -0.1250605, 5, 0, 0.10083647823920332932529, 1116.908, -634.3328, -1.584829, 0.01663505, 0.1455349, 73.33257, 1.732827, 1.360018, 6.958117
 
36.25992, -0.01049004, -0.1251657, 5, 0, 0.10097629520711176694335, 1115.923, -634.3328, -1.584829, 0.01663505, 0.1455349, 73.3012, 1.732827, 1.360018, 6.958117
 
36.26992, -0.01046503, -0.1252706, 5, 0, 0.10111569753395286044036, 1114.944, -634.3328, -1.584829, 0.01663505, 0.1455349, 73.26995, 1.732827, 1.360018, 6.958117
 
36.27992, -0.01043998, -0.1253752, 5, 0, 0.10125468521972660981632, 1113.969, -634.3328, -1.584829, 0.01663505, 0.1455349, 73.23885, 1.732827, 1.360018, 6.958117
 
36.28992, -0.01041547, -0.1254796, 5, 0, 0.1013938387619272968407, 1112.999, -634.3328, -1.584829, 0.01663505, 0.1455349, 73.20788, 1.732827, 1.360018, 6.958117
 
36.29992, -0.01039093, -0.1255838, 5, 0, 0.10153274351948757739245, 1112.033, -634.3328, -1.584829, 0.01663505, 0.1455349, 73.17702, 1.732827, 1.360018, 6.958117
 
36.30991, -0.01036581, -0.1256877, 5, 0, 0.10167065313848623205368, 1111.071, -634.3328, -1.584829, 0.01663505, 0.1455349, 73.14628, 1.732827, 1.360018, 6.958117
 
36.31991, -0.01034078, -0.1257913, 5, 0, 0.10180831397284448024228, 1110.113, -634.3328, -1.584829, 0.01663505, 0.1455349, 73.11566, 1.732827, 1.360018, 6.958117
 
36.32991, -0.01031567, -0.1258947, 5, 0, 0.10194564309434885313404, 1109.16, -634.3328, -1.584829, 0.01663505, 0.1455349, 73.08517, 1.732827, 1.360018, 6.958117
 
36.33991, -0.01029017, -0.1259979, 5, 0, 0.1020821429337185377837, 1108.21, -634.3328, -1.584829, 0.01663505, 0.1455349, 73.05479, 1.732827, 1.360018, 6.958117
 
36.34991, -0.01026471, -0.1261008, 5, 0, 0.10221839398844781596073, 1107.266, -634.3328, -1.584829, 0.01663505, 0.1455349, 73.02454, 1.732827, 1.360018, 6.958117
 
36.35991, -0.0102388, -0.1262035, 5, 0, 0.10235389868925587471987, 1106.325, -634.3328, -1.584829, 0.01663505, 0.1455349, 72.99441, 1.732827, 1.360018, 6.958117
 
36.3699, -0.010213, -0.1263058, 5, 0, 0.10248907167721005818217, 1105.388, -634.3328, -1.584829, 0.01663505, 0.1455349, 72.96439, 1.732827, 1.360018, 6.958117
 
36.3799, -0.01018702, -0.126408, 5, 0, 0.10262374709588342869921, 1104.456, -634.3328, -1.584829, 0.01663505, 0.1455349, 72.93451, 1.732827, 1.360018, 6.958117
 
36.3899, -0.01016079, -0.1265098, 5, 0, 0.10275767616063557979836, 1103.53, -634.3328, -1.584829, 0.01663505, 0.1455349, 72.90477, 1.732827, 1.360018, 6.958117
 
36.3999, -0.01013525, -0.1266115, 5, 0, 0.10289201986645507501856, 1102.607, -634.3328, -1.584829, 0.01663505, 0.1455349, 72.87516, 1.732827, 1.360018, 6.958117
 
36.4099, -0.01010966, -0.1267128, 5, 0, 0.10302594893120722611771, 1101.688, -634.3328, -1.584829, 0.01663505, 0.1455349, 72.84566, 1.732827, 1.360018, 6.958117
 
36.4199, -0.01008408, -0.1268139, 5, 0, 0.10315946335489203309581, 1100.774, -634.3328, -1.584829, 0.01663505, 0.1455349, 72.81629, 1.732827, 1.360018, 6.958117
 
36.42989, -0.01005801, -0.1269147, 5, 0, 0.10329214849644215183181, 1099.863, -634.3328, -1.584829, 0.01663505, 0.1455349, 72.78703, 1.732827, 1.360018, 6.958117
 
36.43989, -0.01003195, -0.1270153, 5, 0, 0.10342450192513839527097, 1098.957, -634.3328, -1.584829, 0.01663505, 0.1455349, 72.75791, 1.732827, 1.360018, 6.958117
 
36.44989, -0.01000595, -0.1271156, 5, 0, 0.10355652364098076341329, 1098.056, -634.3328, -1.584829, 0.01663505, 0.1455349, 72.7289, 1.732827, 1.360018, 6.958117
 
36.45989, -0.009979652, -0.1272157, 5, 0, 0.10368788193111538096193, 1097.158, -634.3328, -1.584829, 0.01663505, 0.1455349, 72.70002, 1.732827, 1.360018, 6.958117
 
36.46989, -0.009953051, -0.1273155, 5, 0, 0.10381849386732877909268, 1096.265, -634.3328, -1.584829, 0.01663505, 0.1455349, 72.67126, 1.732827, 1.360018, 6.958117
 
36.47989, -0.009926443, -0.127415, 5, 0, 0.10394877409068830192659, 1095.376, -634.3328, -1.584829, 0.01663505, 0.1455349, 72.64262, 1.732827, 1.360018, 6.958117
 
36.48988, -0.009899796, -0.1275143, 5, 0, 0.10407855674476701181524, 1094.492, -634.3328, -1.584829, 0.01663505, 0.1455349, 72.61414, 1.732827, 1.360018, 6.958117
 
36.49988, -0.00987367, -0.1276133, 5, 0, 0.1042084223270591905281, 1093.612, -634.3328, -1.584829, 0.01663505, 0.1455349, 72.58577, 1.732827, 1.360018, 6.958117
 
36.50988, -0.0098474, -0.127712, 5, 0, 0.1043377903400705562957, 1092.736, -634.3328, -1.584829, 0.01663505, 0.1455349, 72.55753, 1.732827, 1.360018, 6.958117
 
36.51988, -0.00982086, -0.1278105, 5, 0, 0.10446649492737417146962, 1091.865, -634.3328, -1.584829, 0.01663505, 0.1455349, 72.52942, 1.732827, 1.360018, 6.958117
 
36.52988, -0.009793837, -0.1279087, 5, 0, 0.10459437023254309840144, 1090.998, -634.3328, -1.584829, 0.01663505, 0.1455349, 72.50142, 1.732827, 1.360018, 6.958117
 
36.53988, -0.00976701, -0.1280067, 5, 0, 0.10472199675307161886063, 1090.135, -634.3328, -1.584829, 0.01663505, 0.1455349, 72.47355, 1.732827, 1.360018, 6.958117
 
36.54987, -0.009740053, -0.1281043, 5, 0, 0.10484904277610585755035, 1089.276, -634.3328, -1.584829, 0.01663505, 0.1455349, 72.4458, 1.732827, 1.360018, 6.958117
 
36.55987, -0.009712826, -0.1282017, 5, 0, 0.10497542537343234564639, 1088.422, -634.3328, -1.584829, 0.01663505, 0.1455349, 72.41818, 1.732827, 1.360018, 6.958117
 
36.56987, -0.009685192, -0.1282988, 5, 0, 0.10510097868862414550033, 1087.572, -634.3328, -1.584829, 0.01663505, 0.1455349, 72.39068, 1.732827, 1.360018, 6.958117
 
36.57987, -0.009657447, -0.1283957, 5, 0, 0.10522603443453513240901, 1086.725, -634.3328, -1.584829, 0.01663505, 0.1455349, 72.3633, 1.732827, 1.360018, 6.958117
 
36.58987, -0.009629759, -0.1284923, 5, 0, 0.10535059261116530637243, 1085.885, -634.3328, -1.584829, 0.01663505, 0.1455349, 72.33608, 1.732827, 1.360018, 6.958117
 
36.59986, -0.009602645, -0.1285886, 5, 0, 0.10547539957243588680848, 1085.048, -634.3328, -1.584829, 0.01663505, 0.1455349, 72.30899, 1.732827, 1.360018, 6.958117
 
36.60986, -0.009575253, -0.1286846, 5, 0, 0.10559946017978524782664, 1084.215, -634.3328, -1.584829, 0.01663505, 0.1455349, 72.28201, 1.732827, 1.360018, 6.958117
 
36.61986, -0.009547683, -0.1287804, 5, 0, 0.10572285736142685825112, 1083.387, -634.3328, -1.584829, 0.01663505, 0.1455349, 72.25517, 1.732827, 1.360018, 6.958117
 
36.62986, -0.009519884, -0.1288758, 5, 0, 0.10584567404557418690613, 1082.562, -634.3328, -1.584829, 0.01663505, 0.1455349, 72.22844, 1.732827, 1.360018, 6.958117
 
36.63986, -0.009491642, -0.128971, 5, 0, 0.10596757851937335849483, 1081.743, -634.3328, -1.584829, 0.01663505, 0.1455349, 72.20184, 1.732827, 1.360018, 6.958117
 
36.64986, -0.009463237, -0.1290659, 5, 0, 0.10608890249567824831406, 1080.927, -634.3328, -1.584829, 0.01663505, 0.1455349, 72.17536, 1.732827, 1.360018, 6.958117
 
36.65985, -0.009434798, -0.1291606, 5, 0, 0.10620972890270232518803, 1080.115, -634.3328, -1.584829, 0.01663505, 0.1455349, 72.14901, 1.732827, 1.360018, 6.958117
 
36.66985, -0.009406076, -0.1292549, 5, 0, 0.10632980895580518264411, 1079.307, -634.3328, -1.584829, 0.01663505, 0.1455349, 72.12278, 1.732827, 1.360018, 6.958117
 
36.67985, -0.009377006, -0.129349, 5, 0, 0.10644905972677335185809, 1078.504, -634.3328, -1.584829, 0.01663505, 0.1455349, 72.09668, 1.732827, 1.360018, 6.958117
 
36.68985, -0.009347741, -0.1294428, 5, 0, 0.10656764707203377047839, 1077.705, -634.3328, -1.584829, 0.01663505, 0.1455349, 72.0707, 1.732827, 1.360018, 6.958117
 
36.69985, -0.009318486, -0.1295362, 5, 0, 0.10668573684801337615343, 1076.911, -634.3328, -1.584829, 0.01663505, 0.1455349, 72.04488, 1.732827, 1.360018, 6.958117
 
36.70985, -0.00928978, -0.1296294, 5, 0, 0.10680390955220645065268, 1076.121, -634.3328, -1.584829, 0.01663505, 0.1455349, 72.01919, 1.732827, 1.360018, 6.958117
 
36.71984, -0.009260785, -0.1297223, 5, 0, 0.10692133590247830573404, 1075.336, -634.3328, -1.584829, 0.01663505, 0.1455349, 71.99361, 1.732827, 1.360018, 6.958117
 
36.72984, -0.009231502, -0.1298149, 5, 0, 0.10703801589882894139751, 1074.554, -634.3328, -1.584829, 0.01663505, 0.1455349, 71.96817, 1.732827, 1.360018, 6.958117
 
36.73984, -0.009202102, -0.1299073, 5, 0, 0.10715411539768529529151, 1073.777, -634.3328, -1.584829, 0.01663505, 0.1455349, 71.94285, 1.732827, 1.360018, 6.958117
 
36.74984, -0.009172316, -0.1299993, 5, 0, 0.1072693026861934921192, 1073.004, -634.3328, -1.584829, 0.01663505, 0.1455349, 71.91766, 1.732827, 1.360018, 6.958117
 
36.75984, -0.009142464, -0.130091, 5, 0, 0.10738390947720740717742, 1072.235, -634.3328, -1.584829, 0.01663505, 0.1455349, 71.89259, 1.732827, 1.360018, 6.958117
 
36.76984, -0.009112416, -0.1301824, 5, 0, 0.10749793577072704046617, 1071.47, -634.3328, -1.584829, 0.01663505, 0.1455349, 71.86765, 1.732827, 1.360018, 6.958117
 
36.77983, -0.009081861, -0.1302735, 5, 0, 0.10761088399747157904019, 1070.71, -634.3328, -1.584829, 0.01663505, 0.1455349, 71.84283, 1.732827, 1.360018, 6.958117
 
36.78983, -0.009051042, -0.1303643, 5, 0, 0.10772300294208142937211, 1069.953, -634.3328, -1.584829, 0.01663505, 0.1455349, 71.81814, 1.732827, 1.360018, 6.958117
 
36.79983, -0.009020276, -0.1304549, 5, 0, 0.10783470724562393558298, 1069.202, -634.3328, -1.584829, 0.01663505, 0.1455349, 71.7936, 1.732827, 1.360018, 6.958117
 
36.80983, -0.008989944, -0.130545, 5, 0, 0.10794632862095297296964, 1068.455, -634.3328, -1.584829, 0.01663505, 0.1455349, 71.76919, 1.732827, 1.360018, 6.958117
 
36.81983, -0.008959501, -0.1306349, 5, 0, 0.10805736949878772858683, 1067.712, -634.3328, -1.584829, 0.01663505, 0.1455349, 71.74491, 1.732827, 1.360018, 6.958117
 
36.82983, -0.008928538, -0.1307245, 5, 0, 0.10816733230984738948929, 1066.973, -634.3328, -1.584829, 0.01663505, 0.1455349, 71.72076, 1.732827, 1.360018, 6.958117
 
36.83982, -0.008897284, -0.1308138, 5, 0, 0.10827646583877236214965, 1066.238, -634.3328, -1.584829, 0.01663505, 0.1455349, 71.69672, 1.732827, 1.360018, 6.958117
 
36.84982, -0.008865885, -0.1309028, 5, 0, 0.10838493594198958421633, 1065.508, -634.3328, -1.584829, 0.01663505, 0.1455349, 71.67282, 1.732827, 1.360018, 6.958117
 
36.85982, -0.008834228, -0.1309915, 5, 0, 0.10849265969128558686512, 1064.781, -634.3328, -1.584829, 0.01663505, 0.1455349, 71.64905, 1.732827, 1.360018, 6.958117
 
36.86982, -0.008802315, -0.1310798, 5, 0, 0.10859963708666037009602, 1064.059, -634.3328, -1.584829, 0.01663505, 0.1455349, 71.6254, 1.732827, 1.360018, 6.958117
 
36.87982, -0.008770245, -0.1311678, 5, 0, 0.10870586812811393390903, 1063.341, -634.3328, -1.584829, 0.01663505, 0.1455349, 71.60188, 1.732827, 1.360018, 6.958117
 
36.88982, -0.00873765, -0.1312556, 5, 0, 0.10881102110279240300731, 1062.627, -634.3328, -1.584829, 0.01663505, 0.1455349, 71.57848, 1.732827, 1.360018, 6.958117
 
36.89981, -0.008704947, -0.1313429, 5, 0, 0.10891551065176312151191, 1061.917, -634.3328, -1.584829, 0.01663505, 0.1455349, 71.55521, 1.732827, 1.360018, 6.958117
 
36.90981, -0.008672222, -0.13143, 5, 0, 0.10901933677502608942283, 1061.213, -634.3328, -1.584829, 0.01663505, 0.1455349, 71.5321, 1.732827, 1.360018, 6.958117
 
36.91981, -0.00863969, -0.1315167, 5, 0, 0.10912291411364865086112, 1060.512, -634.3328, -1.584829, 0.01663505, 0.1455349, 71.50912, 1.732827, 1.360018, 6.958117
 
36.92981, -0.008607092, -0.1316031, 5, 0, 0.10922582802656346170573, 1059.816, -634.3328, -1.584829, 0.01663505, 0.1455349, 71.48627, 1.732827, 1.360018, 6.958117
 
36.93981, -0.008574309, -0.1316892, 5, 0, 0.10932799558555705313245, 1059.124, -634.3328, -1.584829, 0.01663505, 0.1455349, 71.46353, 1.732827, 1.360018, 6.958117
 
36.94981, -0.008541008, -0.1317749, 5, 0, 0.10942908507777554984444, 1058.435, -634.3328, -1.584829, 0.01663505, 0.1455349, 71.44093, 1.732827, 1.360018, 6.958117
 
36.9598, -0.008507445, -0.1318603, 5, 0, 0.10952934528785935831433, 1057.752, -634.3328, -1.584829, 0.01663505, 0.1455349, 71.41846, 1.732827, 1.360018, 6.958117
 
36.9698, -0.00847359, -0.1319454, 5, 0, 0.10962869328759500971791, 1057.072, -634.3328, -1.584829, 0.01663505, 0.1455349, 71.39612, 1.732827, 1.360018, 6.958117
 
36.9798, -0.008439395, -0.1320301, 5, 0, 0.10972721200519597287939, 1056.396, -634.3328, -1.584829, 0.01663505, 0.1455349, 71.3739, 1.732827, 1.360018, 6.958117
 
36.9898, -0.008405085, -0.1321145, 5, 0, 0.10982498436887571662298, 1055.725, -634.3328, -1.584829, 0.01663505, 0.1455349, 71.35181, 1.732827, 1.360018, 6.958117
 
36.9998, -0.008370547, -0.1321986, 5, 0, 0.10992192745042077212447, 1055.058, -634.3328, -1.584829, 0.01663505, 0.1455349, 71.32985, 1.732827, 1.360018, 6.958117
 
37.0098, -0.00833574, -0.1322823, 5, 0, 0.11001795832161767055965, 1054.395, -634.3328, -1.584829, 0.01663505, 0.1455349, 71.30804, 1.732827, 1.360018, 6.958117
 
37.01979, -0.008301323, -0.1323657, 5, 0, 0.11011382333638763134641, 1053.737, -634.3328, -1.584829, 0.01663505, 0.1455349, 71.28637, 1.732827, 1.360018, 6.958117
 
37.02979, -0.0082664, -0.1324487, 5, 0, 0.11020861028438249741844, 1053.083, -634.3328, -1.584829, 0.01663505, 0.1455349, 71.26482, 1.732827, 1.360018, 6.958117
 
37.03979, -0.008231509, -0.1325313, 5, 0, 0.11030273380666961289679, 1052.433, -634.3328, -1.584829, 0.01663505, 0.1455349, 71.24341, 1.732827, 1.360018, 6.958117
 
37.04979, -0.008196384, -0.1326136, 5, 0, 0.11039602804682204013304, 1051.787, -634.3328, -1.584829, 0.01663505, 0.1455349, 71.22212, 1.732827, 1.360018, 6.958117
 
37.05979, -0.008160673, -0.1326956, 5, 0, 0.11048824422019937265456, 1051.146, -634.3328, -1.584829, 0.01663505, 0.1455349, 71.20096, 1.732827, 1.360018, 6.958117
 
37.06979, -0.008124631, -0.1327772, 5, 0, 0.11057938232680161046135, 1050.508, -634.3328, -1.584829, 0.01663505, 0.1455349, 71.17992, 1.732827, 1.360018, 6.958117
 
37.07978, -0.008088303, -0.1328585, 5, 0, 0.11066969115126916002604, 1049.875, -634.3328, -1.584829, 0.01663505, 0.1455349, 71.15903, 1.732827, 1.360018, 6.958117
 
37.08978, -0.008051917, -0.1329393, 5, 0, 0.11075925362181549017284, 1049.246, -634.3328, -1.584829, 0.01663505, 0.1455349, 71.13825, 1.732827, 1.360018, 6.958117
 
37.09978, -0.008015191, -0.1330199, 5, 0, 0.11084798681022713207754, 1048.62, -634.3328, -1.584829, 0.01663505, 0.1455349, 71.11761, 1.732827, 1.360018, 6.958117
 
37.10978, -0.007978136, -0.1331, 5, 0, 0.11093564193186367926751, 1047.999, -634.3328, -1.584829, 0.01663505, 0.1455349, 71.09709, 1.732827, 1.360018, 6.958117
 
37.11978, -0.007940943, -0.1331798, 5, 0, 0.11102255069957900703959, 1047.383, -634.3328, -1.584829, 0.01663505, 0.1455349, 71.07671, 1.732827, 1.360018, 6.958117
 
37.12978, -0.007903623, -0.1332592, 5, 0, 0.11110854725694617774536, 1046.771, -634.3328, -1.584829, 0.01663505, 0.1455349, 71.05647, 1.732827, 1.360018, 6.958117
 
37.13977, -0.007866358, -0.1333382, 5, 0, 0.11119404624503253550587, 1046.163, -634.3328, -1.584829, 0.01663505, 0.1455349, 71.03638, 1.732827, 1.360018, 6.958117
 
37.14977, -0.00782907, -0.1334169, 5, 0, 0.1112788818074111426727, 1045.559, -634.3328, -1.584829, 0.01663505, 0.1455349, 71.01641, 1.732827, 1.360018, 6.958117
 
37.15977, -0.007791409, -0.1334952, 5, 0, 0.11136272223122812394901, 1044.96, -634.3328, -1.584829, 0.01663505, 0.1455349, 70.99657, 1.732827, 1.360018, 6.958117
 
37.16977, -0.007753507, -0.1335731, 5, 0, 0.11144565044469694815901, 1044.364, -634.3328, -1.584829, 0.01663505, 0.1455349, 70.97686, 1.732827, 1.360018, 6.958117
 
37.17977, -0.007715437, -0.1336506, 5, 0, 0.1115276664478176153027, 1043.773, -634.3328, -1.584829, 0.01663505, 0.1455349, 70.95728, 1.732827, 1.360018, 6.958117
 
37.18977, -0.007676617, -0.1337278, 5, 0, 0.11160835559952278125903, 1043.186, -634.3328, -1.584829, 0.01663505, 0.1455349, 70.93783, 1.732827, 1.360018, 6.958117
 
37.19976, -0.007637857, -0.1338046, 5, 0, 0.11168838132552019662168, 1042.603, -634.3328, -1.584829, 0.01663505, 0.1455349, 70.91851, 1.732827, 1.360018, 6.958117
 
37.20976, -0.007598897, -0.133881, 5, 0, 0.11176757776938292374223, 1042.025, -634.3328, -1.584829, 0.01663505, 0.1455349, 70.89932, 1.732827, 1.360018, 6.958117
 
37.21976, -0.007559325, -0.133957, 5, 0, 0.11184544736183014967542, 1041.45, -634.3328, -1.584829, 0.01663505, 0.1455349, 70.88026, 1.732827, 1.360018, 6.958117
 
37.22976, -0.007519599, -0.1340325, 5, 0, 0.1119224047439292185423, 1040.88, -634.3328, -1.584829, 0.01663505, 0.1455349, 70.86136, 1.732827, 1.360018, 6.958117
 
37.23976, -0.007480048, -0.1341077, 5, 0, 0.11199886455674747446392, 1040.314, -634.3328, -1.584829, 0.01663505, 0.1455349, 70.84259, 1.732827, 1.360018, 6.958117
 
37.24976, -0.007440162, -0.1341825, 5, 0, 0.11207432923100410449502, 1039.753, -634.3328, -1.584829, 0.01663505, 0.1455349, 70.82395, 1.732827, 1.360018, 6.958117
 
37.25975, -0.007400239, -0.1342569, 5, 0, 0.11214904755133951510823, 1039.195, -634.3328, -1.584829, 0.01663505, 0.1455349, 70.80544, 1.732827, 1.360018, 6.958117
 
37.26975, -0.00736004, -0.1343309, 5, 0, 0.11222285366132676865513, 1038.642, -634.3328, -1.584829, 0.01663505, 0.1455349, 70.78706, 1.732827, 1.360018, 6.958117
 
37.27975, -0.007319366, -0.1344045, 5, 0, 0.11229541584811198983888, 1038.093, -634.3328, -1.584829, 0.01663505, 0.1455349, 70.76881, 1.732827, 1.360018, 6.958117
 
37.28975, -0.007278353, -0.1344777, 5, 0, 0.11236698289633558513211, 1037.547, -634.3328, -1.584829, 0.01663505, 0.1455349, 70.75069, 1.732827, 1.360018, 6.958117
 
37.29975, -0.007237039, -0.1345505, 5, 0, 0.11243747187778408571061, 1037.006, -634.3328, -1.584829, 0.01663505, 0.1455349, 70.7327, 1.732827, 1.360018, 6.958117
 
37.30975, -0.007195442, -0.1346229, 5, 0, 0.11250696572067096039859, 1036.47, -634.3328, -1.584829, 0.01663505, 0.1455349, 70.71485, 1.732827, 1.360018, 6.958117
 
37.31974, -0.007153745, -0.1346948, 5, 0, 0.11257571320963661566868, 1035.937, -634.3328, -1.584829, 0.01663505, 0.1455349, 70.69712, 1.732827, 1.360018, 6.958117
 
37.32974, -0.007111961, -0.1347664, 5, 0, 0.11264354848825411387246, 1035.408, -634.3328, -1.584829, 0.01663505, 0.1455349, 70.67953, 1.732827, 1.360018, 6.958117
 
37.33974, -0.007069664, -0.1348375, 5, 0, 0.1127102227718830485373, 1034.884, -634.3328, -1.584829, 0.01663505, 0.1455349, 70.66206, 1.732827, 1.360018, 6.958117
 
37.34974, -0.007027358, -0.1349082, 5, 0, 0.11277606777337729496004, 1034.364, -634.3328, -1.584829, 0.01663505, 0.1455349, 70.64476, 1.732827, 1.360018, 6.958117
 
37.35974, -0.006985041, -0.1349785, 5, 0, 0.11284116642095032196489, 1033.849, -634.3328, -1.584829, 0.01663505, 0.1455349, 70.62759, 1.732827, 1.360018, 6.958117
 
37.36974, -0.006942659, -0.1350483, 5, 0, 0.11290551871460212955185, 1033.337, -634.3328, -1.584829, 0.01663505, 0.1455349, 70.61054, 1.732827, 1.360018, 6.958117
 
37.37973, -0.006899678, -0.1351178, 5, 0, 0.11296846122862496712724, 1032.83, -634.3328, -1.584829, 0.01663505, 0.1455349, 70.59363, 1.732827, 1.360018, 6.958117
 
37.38973, -0.006856792, -0.1351867, 5, 0, 0.11303082324515352293316, 1032.327, -634.3328, -1.584829, 0.01663505, 0.1455349, 70.57685, 1.732827, 1.360018, 6.958117
 
37.39973, -0.006813647, -0.1352553, 5, 0, 0.11309210719490698402435, 1031.828, -634.3328, -1.584829, 0.01663505, 0.1455349, 70.5602, 1.732827, 1.360018, 6.958117
 
37.40973, -0.006770163, -0.1353235, 5, 0, 0.11315239600609881922502, 1031.333, -634.3328, -1.584829, 0.01663505, 0.1455349, 70.54369, 1.732827, 1.360018, 6.958117
 
37.41973, -0.006726406, -0.1353912, 5, 0, 0.11321160675051555971096, 1030.842, -634.3328, -1.584829, 0.01663505, 0.1455349, 70.52731, 1.732827, 1.360018, 6.958117
 
37.42973, -0.006682357, -0.1354584, 5, 0, 0.11326973942815720548217, 1030.355, -634.3328, -1.584829, 0.01663505, 0.1455349, 70.51105, 1.732827, 1.360018, 6.958117
 
37.43972, -0.006638044, -0.1355252, 5, 0, 0.11332687696723722536286, 1029.872, -634.3328, -1.584829, 0.01663505, 0.1455349, 70.49493, 1.732827, 1.360018, 6.958117
 
37.44972, -0.006593474, -0.1355916, 5, 0, 0.11338301936775561935303, 1029.393, -634.3328, -1.584829, 0.01663505, 0.1455349, 70.47894, 1.732827, 1.360018, 6.958117
 
37.45972, -0.006548701, -0.1356576, 5, 0, 0.11343808370149891862847, 1028.92, -634.3328, -1.584829, 0.01663505, 0.1455349, 70.46311, 1.732827, 1.360018, 6.958117
 
37.46972, -0.006504002, -0.1357231, 5, 0, 0.11349240168132099848602, 1028.45, -634.3328, -1.584829, 0.01663505, 0.1455349, 70.44742, 1.732827, 1.360018, 6.958117
 
37.47972, -0.006459118, -0.1357881, 5, 0, 0.11354580745079492127726, 1027.985, -634.3328, -1.584829, 0.01663505, 0.1455349, 70.43185, 1.732827, 1.360018, 6.958117
 
37.48972, -0.006413795, -0.1358527, 5, 0, 0.11359796929706681170535, 1027.523, -634.3328, -1.584829, 0.01663505, 0.1455349, 70.41642, 1.732827, 1.360018, 6.958117
 
37.49971, -0.006368273, -0.1359168, 5, 0, 0.11364921893299054506713, 1027.066, -634.3328, -1.584829, 0.01663505, 0.1455349, 70.40112, 1.732827, 1.360018, 6.958117
 
37.50971, -0.00632244, -0.1359805, 5, 0, 0.11369930757392571488997, 1026.613, -634.3328, -1.584829, 0.01663505, 0.1455349, 70.38595, 1.732827, 1.360018, 6.958117
 
37.51971, -0.006276391, -0.1360437, 5, 0, 0.11374840107629925882229, 1026.164, -634.3328, -1.584829, 0.01663505, 0.1455349, 70.37091, 1.732827, 1.360018, 6.958117
 
37.52971, -0.006230075, -0.1361065, 5, 0, 0.11379641651189770803988, 1025.718, -634.3328, -1.584829, 0.01663505, 0.1455349, 70.356, 1.732827, 1.360018, 6.958117
 
37.53971, -0.006183521, -0.1361688, 5, 0, 0.11384343680893453136695, 1025.277, -634.3328, -1.584829, 0.01663505, 0.1455349, 70.34124, 1.732827, 1.360018, 6.958117
 
37.54971, -0.006136936, -0.1362306, 5, 0, 0.11388962782383666645192, 1024.84, -634.3328, -1.584829, 0.01663505, 0.1455349, 70.32659, 1.732827, 1.360018, 6.958117
 
37.5597, -0.006090206, -0.136292, 5, 0, 0.11393482370017717564637, 1024.408, -634.3328, -1.584829, 0.01663505, 0.1455349, 70.31209, 1.732827, 1.360018, 6.958117
 
37.5697, -0.006043146, -0.1363529, 5, 0, 0.11397885858152912130188, 1023.98, -634.3328, -1.584829, 0.01663505, 0.1455349, 70.29774, 1.732827, 1.360018, 6.958117
 
37.5797, -0.005996282, -0.1364133, 5, 0, 0.11402231296538678518792, 1023.556, -634.3328, -1.584829, 0.01663505, 0.1455349, 70.28353, 1.732827, 1.360018, 6.958117
 
37.5897, -0.005949077, -0.1364733, 5, 0, 0.11406452342604241671081, 1023.136, -634.3328, -1.584829, 0.01663505, 0.1455349, 70.26945, 1.732827, 1.360018, 6.958117
 
37.5997, -0.005901567, -0.1365328, 5, 0, 0.11410573874813642234318, 1022.72, -634.3328, -1.584829, 0.01663505, 0.1455349, 70.2555, 1.732827, 1.360018, 6.958117
 
37.6097, -0.00585381, -0.1365918, 5, 0, 0.11414579307524186443661, 1022.309, -634.3328, -1.584829, 0.01663505, 0.1455349, 70.24169, 1.732827, 1.360018, 6.958117
 
37.61969, -0.005806045, -0.1366503, 5, 0, 0.11418501812021261828794, 1021.901, -634.3328, -1.584829, 0.01663505, 0.1455349, 70.228, 1.732827, 1.360018, 6.958117
 
37.62969, -0.005758137, -0.1367084, 5, 0, 0.11422333095483521507296, 1021.498, -634.3328, -1.584829, 0.01663505, 0.1455349, 70.21445, 1.732827, 1.360018, 6.958117
 
37.63969, -0.005709792, -0.136766, 5, 0, 0.11426039986625577949483, 1021.098, -634.3328, -1.584829, 0.01663505, 0.1455349, 70.20104, 1.732827, 1.360018, 6.958117
 
37.64969, -0.005661329, -0.1368231, 5, 0, 0.11429639071090124920197, 1020.703, -634.3328, -1.584829, 0.01663505, 0.1455349, 70.18775, 1.732827, 1.360018, 6.958117
 
37.65969, -0.005612544, -0.1368797, 5, 0, 0.11433130348877162419438, 1020.312, -634.3328, -1.584829, 0.01663505, 0.1455349, 70.17461, 1.732827, 1.360018, 6.958117
 
37.66969, -0.005563521, -0.1369358, 5, 0, 0.11436513819986690447206, 1019.925, -634.3328, -1.584829, 0.01663505, 0.1455349, 70.16158, 1.732827, 1.360018, 6.958117
 
37.67968, -0.005514251, -0.1369914, 5, 0, 0.11439797777240055885922, 1019.541, -634.3328, -1.584829, 0.01663505, 0.1455349, 70.1487, 1.732827, 1.360018, 6.958117
 
37.68968, -0.005465052, -0.1370466, 5, 0, 0.11442982220637258735586, 1019.163, -634.3328, -1.584829, 0.01663505, 0.1455349, 70.13598, 1.732827, 1.360018, 6.958117
 
37.69968, -0.005416011, -0.1371012, 5, 0, 0.11446108614285033408303, 1018.789, -634.3328, -1.584829, 0.01663505, 0.1455349, 70.12339, 1.732827, 1.360018, 6.958117
 
37.70968, -0.005366583, -0.1371554, 5, 0, 0.11449118908433951727126, 1018.419, -634.3328, -1.584829, 0.01663505, 0.1455349, 70.11093, 1.732827, 1.360018, 6.958117
 
37.71968, -0.005316992, -0.1372091, 5, 0, 0.11452013103084013692055, 1018.053, -634.3328, -1.584829, 0.01663505, 0.1455349, 70.09861, 1.732827, 1.360018, 6.958117
 
37.72968, -0.005267072, -0.1372622, 5, 0, 0.11454799491056566185511, 1017.691, -634.3328, -1.584829, 0.01663505, 0.1455349, 70.08643, 1.732827, 1.360018, 6.958117
 
37.73967, -0.00521691, -0.1373149, 5, 0, 0.11457469779530262325073, 1017.333, -634.3328, -1.584829, 0.01663505, 0.1455349, 70.07436, 1.732827, 1.360018, 6.958117
 
37.74967, -0.0051668, -0.1373671, 5, 0, 0.11460057139790489640425, 1016.979, -634.3328, -1.584829, 0.01663505, 0.1455349, 70.06244, 1.732827, 1.360018, 6.958117
 
37.75967, -0.005116492, -0.1374187, 5, 0, 0.11462553279015901249146, 1016.629, -634.3328, -1.584829, 0.01663505, 0.1455349, 70.05065, 1.732827, 1.360018, 6.958117
 
37.76967, -0.005065852, -0.1374699, 5, 0, 0.11464916733099762739131, 1016.284, -634.3328, -1.584829, 0.01663505, 0.1455349, 70.03899, 1.732827, 1.360018, 6.958117
 
37.77967, -0.005015029, -0.1375206, 5, 0, 0.11467180673327461640064, 1015.942, -634.3328, -1.584829, 0.01663505, 0.1455349, 70.02747, 1.732827, 1.360018, 6.958117
 
37.78967, -0.004963974, -0.1375707, 5, 0, 0.11469336806877651069524, 1015.605, -634.3328, -1.584829, 0.01663505, 0.1455349, 70.01608, 1.732827, 1.360018, 6.958117
 
37.79966, -0.004912915, -0.1376204, 5, 0, 0.11471401719393024792353, 1015.271, -634.3328, -1.584829, 0.01663505, 0.1455349, 70.00483, 1.732827, 1.360018, 6.958117
 
37.80966, -0.004861767, -0.1376695, 5, 0, 0.1147336711805223592613, 1014.942, -634.3328, -1.584829, 0.01663505, 0.1455349, 69.99374, 1.732827, 1.360018, 6.958117
 
37.81966, -0.004810595, -0.1377181, 5, 0, 0.11475241295676631353276, 1014.618, -634.3328, -1.584829, 0.01663505, 0.1455349, 69.98278, 1.732827, 1.360018, 6.958117
 
37.82966, -0.004759233, -0.1377662, 5, 0, 0.11477007666623517308949, 1014.297, -634.3328, -1.584829, 0.01663505, 0.1455349, 69.97195, 1.732827, 1.360018, 6.958117
 
37.83966, -0.004707597, -0.1378138, 5, 0, 0.11478657938071546910728, 1013.981, -634.3328, -1.584829, 0.01663505, 0.1455349, 69.96126, 1.732827, 1.360018, 6.958117
 
37.84966, -0.004656051, -0.1378609, 5, 0, 0.11480233574127454570718, 1013.669, -634.3328, -1.584829, 0.01663505, 0.1455349, 69.95071, 1.732827, 1.360018, 6.958117
 
37.85965, -0.004604277, -0.1379075, 5, 0, 0.11481701403505852759235, 1013.36, -634.3328, -1.584829, 0.01663505, 0.1455349, 69.94028, 1.732827, 1.360018, 6.958117
 
37.86965, -0.004552293, -0.1379535, 5, 0, 0.11483053133385394593858, 1013.056, -634.3328, -1.584829, 0.01663505, 0.1455349, 69.92999, 1.732827, 1.360018, 6.958117
 
37.87965, -0.004499988, -0.137999, 5, 0, 0.11484288763766080074587, 1012.756, -634.3328, -1.584829, 0.01663505, 0.1455349, 69.91984, 1.732827, 1.360018, 6.958117
 
37.88965, -0.004447869, -0.138044, 5, 0, 0.11485458051575990495948, 1012.46, -634.3328, -1.584829, 0.01663505, 0.1455349, 69.90981, 1.732827, 1.360018, 6.958117
 
37.89965, -0.004395465, -0.1380885, 5, 0, 0.11486511239887044563415, 1012.167, -634.3328, -1.584829, 0.01663505, 0.1455349, 69.89993, 1.732827, 1.360018, 6.958117
 
37.90965, -0.004342814, -0.1381325, 5, 0, 0.11487448328699242276988, 1011.879, -634.3328, -1.584829, 0.01663505, 0.1455349, 69.89017, 1.732827, 1.360018, 6.958117
 
37.91964, -0.004290079, -0.1381759, 5, 0, 0.11488269318012583636667, 1011.596, -634.3328, -1.584829, 0.01663505, 0.1455349, 69.88058, 1.732827, 1.360018, 6.958117
 
37.92964, -0.004237321, -0.1382188, 5, 0, 0.11489007379112456172136, 1011.317, -634.3328, -1.584829, 0.01663505, 0.1455349, 69.87112, 1.732827, 1.360018, 6.958117
 
37.93964, -0.004184574, -0.1382612, 5, 0, 0.11489662511998859883395, 1011.042, -634.3328, -1.584829, 0.01663505, 0.1455349, 69.8618, 1.732827, 1.360018, 6.958117
 
37.94964, -0.00413168, -0.138303, 5, 0, 0.11490209838207754123181, 1010.771, -634.3328, -1.584829, 0.01663505, 0.1455349, 69.85262, 1.732827, 1.360018, 6.958117
 
37.95964, -0.004078492, -0.1383443, 5, 0, 0.11490641064917792009073, 1010.503, -634.3328, -1.584829, 0.01663505, 0.1455349, 69.84357, 1.732827, 1.360018, 6.958117
 
37.96964, -0.004025488, -0.1383851, 5, 0, 0.11490997656235707953176, 1010.241, -634.3328, -1.584829, 0.01663505, 0.1455349, 69.83464, 1.732827, 1.360018, 6.958117
 
37.97963, -0.00397222, -0.1384254, 5, 0, 0.11491238148054767543385, 1009.981, -634.3328, -1.584829, 0.01663505, 0.1455349, 69.82586, 1.732827, 1.360018, 6.958117
 
37.98963, -0.003918721, -0.1384651, 5, 0, 0.11491370833196317662121, 1009.727, -634.3328, -1.584829, 0.01663505, 0.1455349, 69.81721, 1.732827, 1.360018, 6.958117
 
37.99963, -0.003865008, -0.1385043, 5, 0, 0.11491387418839011426963, 1009.476, -634.3328, -1.584829, 0.01663505, 0.1455349, 69.80869, 1.732827, 1.360018, 6.958117
 
38.00963, -0.003811422, -0.1385429, 5, 0, 0.11491321076268236367595, 1009.229, -634.3328, -1.584829, 0.01663505, 0.1455349, 69.80031, 1.732827, 1.360018, 6.958117
 
38.01963, -0.003757641, -0.1385811, 5, 0, 0.11491155219841298719175, 1008.986, -634.3328, -1.584829, 0.01663505, 0.1455349, 69.79206, 1.732827, 1.360018, 6.958117
 
38.02962, -0.003703694, -0.1386186, 5, 0, 0.1149086497109415783444, 1008.748, -634.3328, -1.584829, 0.01663505, 0.1455349, 69.78397, 1.732827, 1.360018, 6.958117
 
38.03962, -0.003649672, -0.1386557, 5, 0, 0.11490483501312201243074, 1008.514, -634.3328, -1.584829, 0.01663505, 0.1455349, 69.77602, 1.732827, 1.360018, 6.958117
 
38.04962, -0.003595799, -0.1386922, 5, 0, 0.11490027396138122709919, 1008.284, -634.3328, -1.584829, 0.01663505, 0.1455349, 69.7682, 1.732827, 1.360018, 6.958117
 
38.05962, -0.003541707, -0.1387281, 5, 0, 0.1148945519146518782287, 1008.058, -634.3328, -1.584829, 0.01663505, 0.1455349, 69.76053, 1.732827, 1.360018, 6.958117
 
38.06962, -0.003487529, -0.1387635, 5, 0, 0.11488783472936090346769, 1007.837, -634.3328, -1.584829, 0.01663505, 0.1455349, 69.75298, 1.732827, 1.360018, 6.958117
 
38.07962, -0.003433283, -0.1387984, 5, 0, 0.11488020533372177164037, 1007.619, -634.3328, -1.584829, 0.01663505, 0.1455349, 69.74557, 1.732827, 1.360018, 6.958117
 
38.08961, -0.003378863, -0.1388327, 5, 0, 0.11487141494309407627411, 1007.406, -634.3328, -1.584829, 0.01663505, 0.1455349, 69.73829, 1.732827, 1.360018, 6.958117
 
38.09961, -0.00332431, -0.1388665, 5, 0, 0.11486162941390475501733, 1007.196, -634.3328, -1.584829, 0.01663505, 0.1455349, 69.73115, 1.732827, 1.360018, 6.958117
 
38.10961, -0.003269691, -0.1388998, 5, 0, 0.11485084874615380787003, 1006.99, -634.3328, -1.584829, 0.01663505, 0.1455349, 69.72414, 1.732827, 1.360018, 6.958117
 
38.11961, -0.003214972, -0.1389325, 5, 0, 0.114838990011627766008, 1006.789, -634.3328, -1.584829, 0.01663505, 0.1455349, 69.71726, 1.732827, 1.360018, 6.958117
 
38.12961, -0.003160136, -0.1389646, 5, 0, 0.11482621906675356707966, 1006.591, -634.3328, -1.584829, 0.01663505, 0.1455349, 69.71053, 1.732827, 1.360018, 6.958117
 
38.13961, -0.003105249, -0.1389962, 5, 0, 0.1148124529833177422608, 1006.398, -634.3328, -1.584829, 0.01663505, 0.1455349, 69.70392, 1.732827, 1.360018, 6.958117
 
38.1496, -0.003050255, -0.1390273, 5, 0, 0.11479760883310682272721, 1006.208, -634.3328, -1.584829, 0.01663505, 0.1455349, 69.69745, 1.732827, 1.360018, 6.958117
 
38.1596, -0.00299517, -0.1390578, 5, 0, 0.1147817695443342773031, 1006.022, -634.3328, -1.584829, 0.01663505, 0.1455349, 69.69112, 1.732827, 1.360018, 6.958117
 
38.1696, -0.00294009, -0.1390878, 5, 0, 0.11476493511700010598847, 1005.842, -634.3328, -1.584829, 0.01663505, 0.1455349, 69.68494, 1.732827, 1.360018, 6.958117
 
38.1796, -0.002885035, -0.1391172, 5, 0, 0.11474727140753124643174, 1005.665, -634.3328, -1.584829, 0.01663505, 0.1455349, 69.6789, 1.732827, 1.360018, 6.958117
 
38.1896, -0.002829889, -0.139146, 5, 0, 0.11472861255950076098449, 1005.493, -634.3328, -1.584829, 0.01663505, 0.1455349, 69.673, 1.732827, 1.360018, 6.958117
 
38.1996, -0.002774658, -0.1391743, 5, 0, 0.11470887564469518082251, 1005.324, -634.3328, -1.584829, 0.01663505, 0.1455349, 69.66724, 1.732827, 1.360018, 6.958117
 
38.20959, -0.002719373, -0.139202, 5, 0, 0.11468822651954144359422, 1005.159, -634.3328, -1.584829, 0.01663505, 0.1455349, 69.66161, 1.732827, 1.360018, 6.958117
 
38.21959, -0.002664004, -0.1392292, 5, 0, 0.1146664993276126116512, 1004.999, -634.3328, -1.584829, 0.01663505, 0.1455349, 69.6561, 1.732827, 1.360018, 6.958117
 
38.22959, -0.002608575, -0.1392559, 5, 0, 0.11464385992533562264187, 1004.843, -634.3328, -1.584829, 0.01663505, 0.1455349, 69.65074, 1.732827, 1.360018, 6.958117
 
38.23959, -0.002553069, -0.139282, 5, 0, 0.11462022538449700774202, 1004.69, -634.3328, -1.584829, 0.01663505, 0.1455349, 69.64551, 1.732827, 1.360018, 6.958117
 
38.24959, -0.00249749, -0.1393075, 5, 0, 0.11459551277688329812744, 1004.542, -634.3328, -1.584829, 0.01663505, 0.1455349, 69.64042, 1.732827, 1.360018, 6.958117
 
38.25959, -0.002441848, -0.1393325, 5, 0, 0.11456988795892143144655, 1004.397, -634.3328, -1.584829, 0.01663505, 0.1455349, 69.63546, 1.732827, 1.360018, 6.958117
 
38.26958, -0.002386128, -0.1393569, 5, 0, 0.11454326800239793887514, 1004.257, -634.3328, -1.584829, 0.01663505, 0.1455349, 69.63063, 1.732827, 1.360018, 6.958117
 
38.27958, -0.002330361, -0.1393808, 5, 0, 0.11451573583552628923742, 1004.12, -634.3328, -1.584829, 0.01663505, 0.1455349, 69.62594, 1.732827, 1.360018, 6.958117
 
38.28958, -0.002274584, -0.1394041, 5, 0, 0.11448720853009301370918, 1003.988, -634.3328, -1.584829, 0.01663505, 0.1455349, 69.62138, 1.732827, 1.360018, 6.958117
 
38.29958, -0.002218815, -0.1394268, 5, 0, 0.11445760315788464346621, 1003.861, -634.3328, -1.584829, 0.01663505, 0.1455349, 69.617, 1.732827, 1.360018, 6.958117
 
38.30958, -0.00216303, -0.139449, 5, 0, 0.11442716850354158498114, 1003.737, -634.3328, -1.584829, 0.01663505, 0.1455349, 69.61274, 1.732827, 1.360018, 6.958117
 
38.31958, -0.002107164, -0.1394706, 5, 0, 0.11439573871063690060555, 1003.618, -634.3328, -1.584829, 0.01663505, 0.1455349, 69.60862, 1.732827, 1.360018, 6.958117
 
38.32957, -0.002051283, -0.1394917, 5, 0, 0.11436331377917059033944, 1003.502, -634.3328, -1.584829, 0.01663505, 0.1455349, 69.60463, 1.732827, 1.360018, 6.958117
 
38.33957, -0.001995339, -0.1395122, 5, 0, 0.11432997663735612300702, 1003.391, -634.3328, -1.584829, 0.01663505, 0.1455349, 69.60078, 1.732827, 1.360018, 6.958117
 
38.34957, -0.001939324, -0.1395322, 5, 0, 0.11429564435698002978408, 1003.283, -634.3328, -1.584829, 0.01663505, 0.1455349, 69.59706, 1.732827, 1.360018, 6.958117
 
38.35957, -0.001883301, -0.1395516, 5, 0, 0.11426031693804231067062, 1003.18, -634.3328, -1.584829, 0.01663505, 0.1455349, 69.59348, 1.732827, 1.360018, 6.958117
 
38.36957, -0.001827228, -0.1395704, 5, 0, 0.11422407730875643449085, 1003.081, -634.3328, -1.584829, 0.01663505, 0.1455349, 69.59003, 1.732827, 1.360018, 6.958117
 
